id,n_sents,n_words,n_tokens,token_matches,phrase_matches,score,class
isear_00000,1,23,23,1,0,0.542326,nonzero
isear_00001,1,8,8,0,0,0.000000,nomatch
isear_00002,1,34,34,0,0,0.000000,nomatch
isear_00003,1,11,11,1,0,-0.361158,nonzero
isear_00004,2,41,41,1,0,-0.243540,nonzero
isear_00005,1,7,7,0,0,0.000000,nomatch
isear_00006,1,20,20,0,0,0.000000,nomatch
isear_00007,1,15,15,0,0,0.000000,nomatch
isear_00008,1,33,33,3,0,-0.381819,nonzero
isear_00009,1,27,27,0,0,0.000000,nomatch
isear_00010,1,16,16,0,0,0.000000,nomatch
isear_00011,1,15,15,0,0,0.000000,nomatch
isear_00012,1,16,16,0,0,0.000000,nomatch
isear_00013,1,11,11,0,0,0.000000,nomatch
isear_00014,2,31,31,0,0,0.000000,nomatch
isear_00015,1,17,17,1,0,0.612372,nonzero
isear_00016,1,14,14,1,0,-0.177858,nonzero
isear_00017,1,30,30,0,0,0.000000,nomatch
isear_00018,1,22,22,0,0,0.000000,nomatch
isear_00019,1,34,34,1,0,0.128037,nonzero
isear_00020,2,24,24,2,0,0.000000,cancel
isear_00021,1,13,13,0,0,0.000000,nomatch
isear_00022,1,11,11,0,0,0.000000,nomatch
isear_00023,1,15,15,0,0,0.000000,nomatch
isear_00024,2,33,33,1,0,0.064019,nonzero
isear_00025,1,10,10,0,0,0.000000,nomatch
isear_00026,1,26,26,1,0,-0.295958,nonzero
isear_00027,2,27,27,0,0,0.000000,nomatch
isear_00028,1,13,13,0,0,0.000000,nomatch
isear_00029,1,30,30,0,0,0.000000,nomatch
isear_00030,1,11,11,0,0,0.000000,nomatch
isear_00031,1,8,8,0,0,0.000000,nomatch
isear_00032,1,27,27,0,0,0.000000,nomatch
isear_00033,1,9,9,0,0,0.000000,nomatch
isear_00034,1,11,11,0,0,0.000000,nomatch
isear_00035,1,9,9,0,0,0.000000,nomatch
isear_00036,3,34,34,0,0,0.000000,nomatch
isear_00037,1,4,4,0,0,0.000000,nomatch
isear_00038,1,4,4,1,0,-0.458831,nonzero
isear_00039,1,4,4,0,0,0.000000,nomatch
isear_00040,1,7,7,0,0,0.000000,nomatch
isear_00041,1,12,12,0,0,0.000000,nomatch
isear_00042,1,5,5,0,0,0.000000,nomatch
isear_00043,2,43,43,1,0,-0.180579,nonzero
isear_00044,1,9,9,1,0,-0.361158,nonzero
isear_00045,1,14,14,1,0,-0.684850,nonzero
isear_00046,1,13,13,0,0,0.000000,nomatch
isear_00047,3,43,43,1,0,-0.140488,nonzero
isear_00048,1,21,21,1,0,-0.421464,nonzero
isear_00049,1,5,5,0,0,0.000000,nomatch
isear_00050,3,47,47,1,0,0.042679,nonzero
isear_00051,1,15,15,0,0,0.000000,nomatch
isear_00052,1,3,3,0,0,0.000000,nomatch
isear_00053,2,14,14,2,0,-0.369565,nonzero
isear_00054,1,12,12,1,0,-0.458831,nonzero
isear_00055,1,21,21,0,0,0.000000,nomatch
isear_00056,1,13,13,0,0,0.000000,nomatch
isear_00057,1,12,12,0,0,0.000000,nomatch
isear_00058,2,35,35,0,0,0.000000,nomatch
isear_00059,2,32,32,1,0,-0.229415,nonzero
isear_00060,1,17,17,0,0,0.000000,nomatch
isear_00061,1,13,13,1,0,-0.458831,nonzero
isear_00062,1,5,5,0,0,0.000000,nomatch
isear_00063,1,11,11,0,0,0.000000,nomatch
isear_00064,2,37,37,0,0,0.000000,nomatch
isear_00065,1,19,19,0,0,0.000000,nomatch
isear_00066,1,12,12,0,0,0.000000,nomatch
isear_00067,3,37,37,1,0,-0.192982,nonzero
isear_00068,1,29,29,1,0,-0.493915,nonzero
isear_00069,1,29,29,0,0,0.000000,nomatch
isear_00070,1,5,5,0,0,0.000000,nomatch
isear_00071,1,16,16,1,0,-0.361158,nonzero
isear_00072,1,11,11,0,0,0.000000,nomatch
isear_00073,1,4,4,0,0,0.000000,nomatch
isear_00074,2,16,16,0,0,0.000000,nomatch
isear_00075,2,36,36,1,0,0.180579,nonzero
isear_00076,2,19,19,0,0,0.000000,nomatch
isear_00077,1,13,13,1,0,-0.361158,nonzero
isear_00078,1,35,35,1,0,-0.585882,nonzero
isear_00079,1,4,4,0,0,0.000000,nomatch
isear_00080,1,14,14,0,0,0.000000,nomatch
isear_00081,1,13,13,0,0,0.000000,nomatch
isear_00082,1,19,19,0,0,0.000000,nomatch
isear_00083,1,12,12,0,0,0.000000,nomatch
isear_00084,1,10,10,0,0,0.000000,nomatch
isear_00085,1,15,15,0,0,0.000000,nomatch
isear_00086,1,13,13,0,0,0.000000,nomatch
isear_00087,1,9,9,1,0,-0.261663,nonzero
isear_00088,1,9,9,0,0,0.000000,nomatch
isear_00089,1,20,20,0,0,0.000000,nomatch
isear_00090,1,27,27,0,0,0.000000,nomatch
isear_00091,2,29,29,1,0,0.229415,nonzero
isear_00092,2,25,25,1,0,-0.180579,nonzero
isear_00093,1,4,4,0,0,0.000000,nomatch
isear_00094,1,5,5,1,0,0.578947,nonzero
isear_00095,1,4,4,0,0,0.000000,nomatch
isear_00096,1,3,3,0,0,0.000000,nomatch
isear_00097,1,8,8,0,0,0.000000,nomatch
isear_00098,1,10,10,1,0,0.585882,nonzero
isear_00099,2,31,31,0,0,0.000000,nomatch
isear_00100,1,5,5,0,0,0.000000,nomatch
isear_00101,1,23,23,0,0,0.000000,nomatch
isear_00102,2,34,34,1,0,0.064019,nonzero
isear_00103,1,14,14,1,0,0.585882,nonzero
isear_00104,2,18,18,0,0,0.000000,nomatch
isear_00105,3,28,28,0,0,0.000000,nomatch
isear_00106,3,32,32,0,0,0.000000,nomatch
isear_00107,1,10,10,2,0,-0.318211,nonzero
isear_00108,2,3,3,0,0,0.000000,nomatch
isear_00109,1,9,9,0,0,0.000000,nomatch
isear_00110,1,9,9,0,0,0.000000,nomatch
isear_00111,1,12,12,1,0,-0.458831,nonzero
isear_00112,1,11,11,0,0,0.000000,nomatch
isear_00113,1,20,20,0,0,0.000000,nomatch
isear_00114,1,12,12,0,0,0.000000,nomatch
isear_00115,1,33,33,0,0,0.000000,nomatch
isear_00116,1,9,9,0,0,0.000000,nomatch
isear_00117,1,16,16,0,0,0.000000,nomatch
isear_00118,1,11,11,0,0,0.000000,nomatch
isear_00119,1,15,15,0,0,0.000000,nomatch
isear_00120,2,34,34,1,0,-0.229415,nonzero
isear_00121,2,47,47,4,0,-0.523425,nonzero
isear_00122,2,32,32,2,0,-0.165397,nonzero
isear_00123,3,56,56,2,0,-0.421266,nonzero
isear_00124,1,28,28,1,0,-0.493915,nonzero
isear_00125,2,46,46,1,0,-0.210732,nonzero
isear_00126,1,18,18,0,0,0.000000,nomatch
isear_00127,1,14,14,0,0,0.000000,nomatch
isear_00128,1,18,18,0,0,0.000000,nomatch
isear_00129,1,5,5,1,0,-0.361158,nonzero
isear_00130,1,16,16,1,0,-0.077228,nonzero
isear_00131,1,25,25,0,0,0.000000,nomatch
isear_00132,2,34,34,0,0,0.000000,nomatch
isear_00133,3,36,36,0,0,0.000000,nomatch
isear_00134,1,20,20,0,0,0.000000,nomatch
isear_00135,1,23,23,0,0,0.000000,nomatch
isear_00136,1,21,21,1,0,0.361158,nonzero
isear_00137,1,13,13,0,0,0.000000,nomatch
isear_00138,1,32,32,0,0,0.000000,nomatch
isear_00139,3,34,34,2,0,-0.003042,nonzero
isear_00140,2,24,24,0,0,0.000000,nomatch
isear_00141,3,48,48,1,0,-0.152944,nonzero
isear_00142,2,26,26,0,0,0.000000,nomatch
isear_00143,2,18,18,1,0,-0.306186,nonzero
isear_00144,2,38,38,0,0,0.000000,nomatch
isear_00145,3,30,30,2,0,-0.065986,nonzero
isear_00146,2,23,23,1,0,-0.180579,nonzero
isear_00147,1,8,8,0,0,0.000000,nomatch
isear_00148,1,14,14,0,0,0.000000,nomatch
isear_00149,2,23,23,0,0,0.000000,nomatch
isear_00150,1,13,13,0,0,0.000000,nomatch
isear_00151,1,2,2,0,0,0.000000,nomatch
isear_00152,1,9,9,0,0,0.000000,nomatch
isear_00153,1,11,11,1,0,-0.421464,nonzero
isear_00154,1,14,14,0,0,0.000000,nomatch
isear_00155,1,14,14,1,0,-0.493915,nonzero
isear_00156,1,8,8,1,0,-0.458831,nonzero
isear_00157,1,19,19,0,0,0.000000,nomatch
isear_00158,1,23,23,0,0,0.000000,nomatch
isear_00159,1,19,19,0,0,0.000000,nomatch
isear_00160,1,10,10,0,0,0.000000,nomatch
isear_00161,1,15,15,1,0,-0.648557,nonzero
isear_00162,1,4,4,0,0,0.000000,nomatch
isear_00163,2,31,31,0,0,0.000000,nomatch
isear_00164,1,14,14,0,0,0.000000,nomatch
isear_00165,1,16,16,1,0,0.361158,nonzero
isear_00166,1,3,3,0,0,0.000000,nomatch
isear_00167,1,5,5,0,0,0.000000,nomatch
isear_00168,1,1,1,0,0,0.000000,nomatch
isear_00169,1,1,1,0,0,0.000000,nomatch
isear_00170,1,8,8,0,0,0.000000,nomatch
isear_00171,1,15,15,0,0,0.000000,nomatch
isear_00172,1,23,23,0,0,0.000000,nomatch
isear_00173,1,14,14,1,0,-0.585882,nonzero
isear_00174,1,4,4,0,0,0.000000,nomatch
isear_00175,1,2,2,0,0,0.000000,nomatch
isear_00176,4,44,44,3,0,0.214766,nonzero
isear_00177,3,47,47,1,0,-0.120386,nonzero
isear_00178,2,25,25,0,0,0.000000,nomatch
isear_00179,2,43,43,1,0,-0.180579,nonzero
isear_00180,3,43,43,1,0,-0.204124,nonzero
isear_00181,2,41,41,1,0,-0.229415,nonzero
isear_00182,3,39,39,3,0,-0.336572,nonzero
isear_00183,1,17,17,0,0,0.000000,nomatch
isear_00184,1,18,18,1,0,-0.458831,nonzero
isear_00185,1,39,39,0,0,0.000000,nomatch
isear_00186,1,6,6,0,0,0.000000,nomatch
isear_00187,1,29,29,0,0,0.000000,nomatch
isear_00188,1,20,20,1,0,-0.295958,nonzero
isear_00189,1,28,28,0,0,0.000000,nomatch
isear_00190,2,40,40,2,0,0.125000,nonzero
isear_00191,3,62,62,0,0,0.000000,nomatch
isear_00192,3,37,37,2,0,-0.042679,nonzero
isear_00193,6,77,77,3,0,-0.174047,nonzero
isear_00194,3,38,38,1,0,0.120386,nonzero
isear_00195,3,69,69,5,0,-0.369216,nonzero
isear_00196,3,48,48,1,0,-0.030001,nonzero
isear_00197,2,35,35,0,0,0.000000,nomatch
isear_00198,1,22,22,1,0,0.361158,nonzero
isear_00199,3,32,32,2,0,-0.357068,nonzero
isear_00200,1,32,32,1,0,0.128037,nonzero
isear_00201,1,18,18,0,0,0.000000,nomatch
isear_00202,2,35,35,1,0,-0.210732,nonzero
isear_00203,2,41,41,1,0,0.180579,nonzero
isear_00204,3,42,42,1,0,-0.152944,nonzero
isear_00205,3,49,49,2,0,-0.210326,nonzero
isear_00206,3,41,41,3,0,-0.286927,nonzero
isear_00207,3,25,25,1,0,-0.245049,nonzero
isear_00208,1,16,16,0,0,0.000000,nomatch
isear_00209,1,3,3,0,0,0.000000,nomatch
isear_00210,1,6,6,0,0,0.000000,nomatch
isear_00211,1,6,6,0,0,0.000000,nomatch
isear_00212,1,10,10,0,0,0.000000,nomatch
isear_00213,1,14,14,0,0,0.000000,nomatch
isear_00214,1,2,2,0,0,0.000000,nomatch
isear_00215,1,2,2,0,0,0.000000,nomatch
isear_00216,1,2,2,0,0,0.000000,nomatch
isear_00217,1,2,2,0,0,0.000000,nomatch
isear_00218,1,19,19,0,0,0.000000,nomatch
isear_00219,1,10,10,1,0,-0.250000,nonzero
isear_00220,1,22,22,1,0,-0.655311,nonzero
isear_00221,1,6,6,1,0,-0.361158,nonzero
isear_00222,1,6,6,1,0,0.445087,nonzero
isear_00223,1,40,40,0,0,0.000000,nomatch
isear_00224,3,33,33,1,0,-0.152944,nonzero
isear_00225,1,14,14,1,0,0.542326,nonzero
isear_00226,1,26,26,1,0,0.000000,cancel
isear_00227,1,17,17,0,0,0.000000,nomatch
isear_00228,1,15,15,0,0,0.000000,nomatch
isear_00229,1,7,7,0,0,0.000000,nomatch
isear_00230,1,6,6,0,0,0.000000,nomatch
isear_00231,1,7,7,0,0,0.000000,nomatch
isear_00232,1,4,4,0,0,0.000000,nomatch
isear_00233,1,7,7,0,0,0.000000,nomatch
isear_00234,1,14,14,0,0,0.000000,nomatch
isear_00235,2,15,15,0,0,0.000000,nomatch
isear_00236,1,6,6,0,0,0.000000,nomatch
isear_00237,1,2,2,0,0,0.000000,nomatch
isear_00238,1,2,2,0,0,0.000000,nomatch
isear_00239,1,11,11,0,0,0.000000,nomatch
isear_00240,1,12,12,0,0,0.000000,nomatch
isear_00241,1,9,9,0,0,0.000000,nomatch
isear_00242,1,8,8,0,0,0.000000,nomatch
isear_00243,1,3,3,0,0,0.000000,nomatch
isear_00244,1,2,2,0,0,0.000000,nomatch
isear_00245,2,31,31,2,0,-0.263371,nonzero
isear_00246,2,22,22,0,0,0.000000,nomatch
isear_00247,1,22,22,0,0,0.000000,nomatch
isear_00248,1,13,13,0,0,0.000000,nomatch
isear_00249,1,2,2,0,0,0.000000,nomatch
isear_00250,1,2,2,0,0,0.000000,nomatch
isear_00251,1,2,2,0,0,0.000000,nomatch
isear_00252,1,2,2,0,0,0.000000,nomatch
isear_00253,1,5,5,0,0,0.000000,nomatch
isear_00254,1,7,7,0,0,0.000000,nomatch
isear_00255,1,14,14,0,0,0.000000,nomatch
isear_00256,1,10,10,0,0,0.000000,nomatch
isear_00257,1,2,2,0,0,0.000000,nomatch
isear_00258,1,2,2,0,0,0.000000,nomatch
isear_00259,1,11,11,0,0,0.000000,nomatch
isear_00260,1,2,2,0,0,0.000000,nomatch
isear_00261,1,2,2,0,0,0.000000,nomatch
isear_00262,1,2,2,0,0,0.000000,nomatch
isear_00263,1,2,2,0,0,0.000000,nomatch
isear_00264,1,5,5,0,0,0.000000,nomatch
isear_00265,2,22,22,0,0,0.000000,nomatch
isear_00266,1,10,10,0,0,0.000000,nomatch
isear_00267,1,8,8,0,0,0.000000,nomatch
isear_00268,1,10,10,0,0,0.000000,nomatch
isear_00269,1,5,5,0,0,0.000000,nomatch
isear_00270,1,12,12,0,0,0.000000,nomatch
isear_00271,1,17,17,0,0,0.000000,nomatch
isear_00272,1,23,23,0,0,0.000000,nomatch
isear_00273,1,14,14,1,0,-0.458831,nonzero
isear_00274,2,31,31,0,0,0.000000,nomatch
isear_00275,1,5,5,0,0,0.000000,nomatch
isear_00276,2,32,32,2,0,-0.558171,nonzero
isear_00277,2,29,29,1,0,-0.210732,nonzero
isear_00278,1,8,8,0,0,0.000000,nomatch
isear_00279,1,6,6,0,0,0.000000,nomatch
isear_00280,1,12,12,0,0,0.000000,nomatch
isear_00281,1,10,10,0,0,0.000000,nomatch
isear_00282,1,13,13,0,0,0.000000,nomatch
isear_00283,1,6,6,0,0,0.000000,nomatch
isear_00284,1,6,6,0,0,0.000000,nomatch
isear_00285,1,7,7,0,0,0.000000,nomatch
isear_00286,2,26,26,1,0,-0.147979,nonzero
isear_00287,1,4,4,0,0,0.000000,nomatch
isear_00288,1,15,15,2,0,-0.025811,nonzero
isear_00289,1,11,11,0,0,0.000000,nomatch
isear_00290,1,8,8,0,0,0.000000,nomatch
isear_00291,1,7,7,0,0,0.000000,nomatch
isear_00292,1,9,9,1,0,0.612372,nonzero
isear_00293,3,46,46,0,0,0.000000,nomatch
isear_00294,2,29,29,0,0,0.000000,nomatch
isear_00295,1,13,13,0,0,0.000000,nomatch
isear_00296,1,22,22,0,0,0.000000,nomatch
isear_00297,1,10,10,0,0,0.000000,nomatch
isear_00298,1,17,17,0,0,0.000000,nomatch
isear_00299,1,8,8,0,0,0.000000,nomatch
isear_00300,1,15,15,0,0,0.000000,nomatch
isear_00301,1,22,22,0,0,0.000000,nomatch
isear_00302,1,16,16,1,0,-0.612372,nonzero
isear_00303,1,14,14,0,0,0.000000,nomatch
isear_00304,2,35,35,1,0,0.064019,nonzero
isear_00305,3,41,41,0,0,0.000000,nomatch
isear_00306,3,34,34,1,0,0.192982,nonzero
isear_00307,2,30,30,0,0,0.000000,nomatch
isear_00308,1,15,15,0,0,0.000000,nomatch
isear_00309,2,34,34,2,0,-0.378968,nonzero
isear_00310,1,25,25,0,0,0.000000,nomatch
isear_00311,1,26,26,0,0,0.000000,nomatch
isear_00312,1,16,16,1,0,-0.612372,nonzero
isear_00313,1,9,9,0,0,0.000000,nomatch
isear_00314,1,10,10,0,0,0.000000,nomatch
isear_00315,2,32,32,1,0,-0.246957,nonzero
isear_00316,1,14,14,0,0,0.000000,nomatch
isear_00317,2,27,27,0,0,0.000000,nomatch
isear_00318,3,31,31,0,0,0.000000,nomatch
isear_00319,2,30,30,0,0,0.000000,nomatch
isear_00320,1,11,11,0,0,0.000000,nomatch
isear_00321,1,13,13,0,0,0.000000,nomatch
isear_00322,2,22,22,1,0,-0.229415,nonzero
isear_00323,1,10,10,1,0,-0.361158,nonzero
isear_00324,1,16,16,0,0,0.000000,nomatch
isear_00325,1,8,8,1,0,-0.458831,nonzero
isear_00326,2,34,34,1,0,-0.210732,nonzero
isear_00327,1,14,14,0,0,0.000000,nomatch
isear_00328,1,18,18,1,0,0.250000,nonzero
isear_00329,1,27,27,0,0,0.000000,nomatch
isear_00330,1,13,13,2,0,-0.757937,nonzero
isear_00331,1,21,21,0,0,0.000000,nomatch
isear_00332,1,16,16,0,0,0.000000,nomatch
isear_00333,1,14,14,0,0,0.000000,nomatch
isear_00334,1,9,9,0,0,0.000000,nomatch
isear_00335,1,13,13,1,0,-0.458831,nonzero
isear_00336,1,24,24,0,0,0.000000,nomatch
isear_00337,1,23,23,0,0,0.000000,nomatch
isear_00338,1,11,11,0,0,0.000000,nomatch
isear_00339,1,21,21,0,0,0.000000,nomatch
isear_00340,1,10,10,1,0,-0.361158,nonzero
isear_00341,1,5,5,0,0,0.000000,nomatch
isear_00342,2,16,16,0,0,0.000000,nomatch
isear_00343,1,21,21,0,0,0.000000,nomatch
isear_00344,1,11,11,0,0,0.000000,nomatch
isear_00345,1,17,17,0,0,0.000000,nomatch
isear_00346,1,9,9,0,0,0.000000,nomatch
isear_00347,1,24,24,0,0,0.000000,nomatch
isear_00348,1,10,10,0,0,0.000000,nomatch
isear_00349,1,15,15,0,0,0.000000,nomatch
isear_00350,2,24,24,0,0,0.000000,nomatch
isear_00351,1,17,17,1,0,-0.250000,nonzero
isear_00352,1,22,22,0,0,0.000000,nomatch
isear_00353,1,6,6,0,0,0.000000,nomatch
isear_00354,1,29,29,2,0,0.557370,nonzero
isear_00355,1,22,22,0,0,0.000000,nomatch
isear_00356,2,32,32,0,0,0.000000,nomatch
isear_00357,4,49,49,3,0,-0.281532,nonzero
isear_00358,2,43,43,1,1,0.229415,nonzero
isear_00359,1,9,9,0,0,0.000000,nomatch
isear_00360,1,21,21,0,0,0.000000,nomatch
isear_00361,3,59,59,1,0,0.083333,nonzero
isear_00362,1,11,11,0,0,0.000000,nomatch
isear_00363,1,23,23,0,0,0.000000,nomatch
isear_00364,1,14,14,0,0,0.000000,nomatch
isear_00365,1,14,14,0,0,0.000000,nomatch
isear_00366,1,9,9,0,0,0.000000,nomatch
isear_00367,1,25,25,0,0,0.000000,nomatch
isear_00368,1,13,13,0,0,0.000000,nomatch
isear_00369,1,9,9,0,0,0.000000,nomatch
isear_00370,1,12,12,0,0,0.000000,nomatch
isear_00371,1,7,7,0,0,0.000000,nomatch
isear_00372,1,13,13,1,0,-0.361158,nonzero
isear_00373,1,20,20,0,0,0.000000,nomatch
isear_00374,1,8,8,0,0,0.000000,nomatch
isear_00375,1,8,8,0,0,0.000000,nomatch
isear_00376,1,20,20,0,0,0.000000,nomatch
isear_00377,1,13,13,0,0,0.000000,nomatch
isear_00378,1,28,28,0,0,0.000000,nomatch
isear_00379,1,29,29,0,0,0.000000,nomatch
isear_00380,1,9,9,0,0,0.000000,nomatch
isear_00381,1,19,19,0,0,0.000000,nomatch
isear_00382,3,44,44,0,0,0.000000,nomatch
isear_00383,2,22,22,0,0,0.000000,nomatch
isear_00384,1,9,9,0,0,0.000000,nomatch
isear_00385,2,30,30,0,0,0.000000,nomatch
isear_00386,1,15,15,0,0,0.000000,nomatch
isear_00387,1,3,3,0,0,0.000000,nomatch
isear_00388,1,9,9,0,0,0.000000,nomatch
isear_00389,1,18,18,0,0,0.000000,nomatch
isear_00390,1,17,17,0,0,0.000000,nomatch
isear_00391,2,28,28,1,0,-0.229415,nonzero
isear_00392,2,16,16,0,0,0.000000,nomatch
isear_00393,2,18,18,0,0,0.000000,nomatch
isear_00394,1,16,16,0,0,0.000000,nomatch
isear_00395,1,11,11,0,0,0.000000,nomatch
isear_00396,2,17,17,3,0,-0.579590,nonzero
isear_00397,1,18,18,2,0,0.542326,nonzero
isear_00398,2,24,24,1,0,-0.180579,nonzero
isear_00399,1,28,28,1,0,-0.458831,nonzero
isear_00400,1,17,17,0,0,0.000000,nomatch
isear_00401,1,11,11,0,0,0.000000,nomatch
isear_00402,2,17,17,1,0,-0.246957,nonzero
isear_00403,1,14,14,0,0,0.000000,nomatch
isear_00404,2,21,21,0,0,0.000000,nomatch
isear_00405,2,22,22,0,0,0.000000,nomatch
isear_00406,1,12,12,0,0,0.000000,nomatch
isear_00407,1,12,12,0,0,0.000000,nomatch
isear_00408,2,23,23,0,0,0.000000,nomatch
isear_00409,2,27,27,1,0,0.180579,nonzero
isear_00410,2,27,27,0,0,0.000000,nomatch
isear_00411,1,13,13,1,0,0.458831,nonzero
isear_00412,3,55,55,1,0,0.083333,nonzero
isear_00413,4,47,47,2,0,-0.024578,nonzero
isear_00414,2,26,26,0,0,0.000000,nomatch
isear_00415,2,20,20,0,0,0.000000,nomatch
isear_00416,4,51,51,1,0,-0.123479,nonzero
isear_00417,2,20,20,0,0,0.000000,nomatch
isear_00418,3,22,22,3,0,0.411286,nonzero
isear_00419,1,30,30,2,0,-0.718421,nonzero
isear_00420,2,35,35,2,0,-0.389126,nonzero
isear_00421,1,12,12,0,0,0.000000,nomatch
isear_00422,1,28,28,1,0,-0.578947,nonzero
isear_00423,1,9,9,0,0,0.000000,nomatch
isear_00424,2,37,37,5,0,-0.390652,nonzero
isear_00425,1,32,32,1,0,0.361158,nonzero
isear_00426,2,37,37,1,0,0.064019,nonzero
isear_00427,3,49,49,0,0,0.000000,nomatch
isear_00428,1,13,13,0,0,0.000000,nomatch
isear_00429,2,33,33,0,0,0.000000,nomatch
isear_00430,2,35,35,0,0,0.000000,nomatch
isear_00431,2,27,27,0,0,0.000000,nomatch
isear_00432,2,33,33,2,0,0.335239,nonzero
isear_00433,2,33,33,0,0,0.000000,nomatch
isear_00434,1,27,27,0,0,0.000000,nomatch
isear_00435,2,25,25,2,0,-0.335239,nonzero
isear_00436,1,35,35,0,0,0.000000,nomatch
isear_00437,2,46,46,0,0,0.000000,nomatch
isear_00438,2,30,30,2,0,-0.391311,nonzero
isear_00439,1,8,8,1,0,0.542326,nonzero
isear_00440,1,21,21,1,0,-0.526742,nonzero
isear_00441,2,42,42,2,0,0.012906,nonzero
isear_00442,1,13,13,0,0,0.000000,nomatch
isear_00443,1,14,14,0,0,0.000000,nomatch
isear_00444,1,10,10,0,0,0.000000,nomatch
isear_00445,1,11,11,0,0,0.000000,nomatch
isear_00446,1,28,28,0,0,0.000000,nomatch
isear_00447,1,12,12,0,0,0.000000,nomatch
isear_00448,1,14,14,0,0,0.000000,nomatch
isear_00449,1,13,13,1,0,-0.177858,nonzero
isear_00450,1,22,22,0,0,0.000000,nomatch
isear_00451,1,20,20,0,0,0.000000,nomatch
isear_00452,1,21,21,0,0,0.000000,nomatch
isear_00453,1,23,23,0,0,0.000000,nomatch
isear_00454,1,32,32,0,0,0.000000,nomatch
isear_00455,2,48,48,0,0,0.000000,nomatch
isear_00456,1,13,13,0,0,0.000000,nomatch
isear_00457,1,16,16,0,0,0.000000,nomatch
isear_00458,1,24,24,2,0,0.756498,nonzero
isear_00459,1,12,12,0,0,0.000000,nomatch
isear_00460,1,9,9,1,0,0.526742,nonzero
isear_00461,2,23,23,0,0,0.000000,nomatch
isear_00462,1,8,8,0,0,0.000000,nomatch
isear_00463,1,11,11,1,0,-0.361158,nonzero
isear_00464,1,8,8,1,0,-0.250000,nonzero
isear_00465,1,4,4,0,0,0.000000,nomatch
isear_00466,1,6,6,0,0,0.000000,nomatch
isear_00467,1,8,8,0,0,0.000000,nomatch
isear_00468,2,52,52,1,0,-0.125000,nonzero
isear_00469,2,19,19,1,0,-0.210732,nonzero
isear_00470,2,24,24,1,1,-0.306186,nonzero
isear_00471,1,27,27,1,0,0.128037,nonzero
isear_00472,1,18,18,1,0,-0.458831,nonzero
isear_00473,1,25,25,0,0,0.000000,nomatch
isear_00474,1,17,17,1,0,0.128037,nonzero
isear_00475,1,15,15,0,0,0.000000,nomatch
isear_00476,1,12,12,0,0,0.000000,nomatch
isear_00477,1,8,8,0,0,0.000000,nomatch
isear_00478,2,24,24,0,0,0.000000,nomatch
isear_00479,2,33,33,0,0,0.000000,nomatch
isear_00480,1,12,12,0,0,0.000000,nomatch
isear_00481,1,20,20,0,0,0.000000,nomatch
isear_00482,1,18,18,0,0,0.000000,nomatch
isear_00483,3,55,55,1,0,-0.152944,nonzero
isear_00484,1,9,9,0,0,0.000000,nomatch
isear_00485,1,11,11,0,0,0.000000,nomatch
isear_00486,2,30,30,2,0,-0.083995,nonzero
isear_00487,1,17,17,1,0,-0.361158,nonzero
isear_00488,1,5,5,0,0,0.000000,nomatch
isear_00489,1,10,10,1,0,-0.458831,nonzero
isear_00490,1,14,14,0,0,0.000000,nomatch
isear_00491,1,5,5,0,0,0.000000,nomatch
isear_00492,1,20,20,1,0,-0.090003,nonzero
isear_00493,1,8,8,0,0,0.000000,nomatch
isear_00494,1,16,16,0,0,0.000000,nomatch
isear_00495,1,25,25,0,0,0.000000,nomatch
isear_00496,1,16,16,1,0,-0.458831,nonzero
isear_00497,2,26,26,0,0,0.000000,nomatch
isear_00498,2,26,26,0,0,0.000000,nomatch
isear_00499,1,20,20,1,0,-0.526742,nonzero
isear_00500,2,11,11,0,0,0.000000,nomatch
isear_00501,1,15,15,1,0,-0.578947,nonzero
isear_00502,1,17,17,0,0,0.000000,nomatch
isear_00503,1,25,25,0,0,0.000000,nomatch
isear_00504,1,17,17,0,0,0.000000,nomatch
isear_00505,1,11,11,0,0,0.000000,nomatch
isear_00506,1,15,15,0,0,0.000000,nomatch
isear_00507,1,10,10,0,0,0.000000,nomatch
isear_00508,1,15,15,0,0,0.000000,nomatch
isear_00509,1,13,13,0,0,0.000000,nomatch
isear_00510,1,22,22,0,0,0.000000,nomatch
isear_00511,1,2,2,0,0,0.000000,nomatch
isear_00512,1,2,2,0,0,0.000000,nomatch
isear_00513,1,2,2,0,0,0.000000,nomatch
isear_00514,1,2,2,0,0,0.000000,nomatch
isear_00515,1,2,2,0,0,0.000000,nomatch
isear_00516,1,12,12,0,0,0.000000,nomatch
isear_00517,1,10,10,0,0,0.000000,nomatch
isear_00518,1,2,2,0,0,0.000000,nomatch
isear_00519,1,2,2,0,0,0.000000,nomatch
isear_00520,1,2,2,0,0,0.000000,nomatch
isear_00521,1,2,2,0,0,0.000000,nomatch
isear_00522,1,2,2,0,0,0.000000,nomatch
isear_00523,1,2,2,0,0,0.000000,nomatch
isear_00524,1,2,2,0,0,0.000000,nomatch
isear_00525,1,7,7,0,0,0.000000,nomatch
isear_00526,1,2,2,0,0,0.000000,nomatch
isear_00527,1,2,2,0,0,0.000000,nomatch
isear_00528,1,2,2,0,0,0.000000,nomatch
isear_00529,1,2,2,0,0,0.000000,nomatch
isear_00530,1,2,2,0,0,0.000000,nomatch
isear_00531,1,17,17,1,0,0.458831,nonzero
isear_00532,1,10,10,1,0,-0.458831,nonzero
isear_00533,1,15,15,0,0,0.000000,nomatch
isear_00534,3,31,31,2,0,-0.324510,nonzero
isear_00535,1,2,2,0,0,0.000000,nomatch
isear_00536,1,2,2,0,0,0.000000,nomatch
isear_00537,3,29,29,2,0,-0.140488,nonzero
isear_00538,1,11,11,1,0,0.585882,nonzero
isear_00539,1,5,5,0,0,0.000000,nomatch
isear_00540,1,22,22,1,0,-0.458831,nonzero
isear_00541,1,17,17,0,0,0.000000,nomatch
isear_00542,1,10,10,0,0,0.000000,nomatch
isear_00543,1,8,8,0,0,0.000000,nomatch
isear_00544,2,19,19,0,0,0.000000,nomatch
isear_00545,3,29,29,1,0,-0.140488,nonzero
isear_00546,1,19,19,0,0,0.000000,nomatch
isear_00547,1,27,27,0,0,0.000000,nomatch
isear_00548,1,14,14,0,0,0.000000,nomatch
isear_00549,1,12,12,0,0,0.000000,nomatch
isear_00550,1,12,12,0,0,0.000000,nomatch
isear_00551,2,27,27,1,0,-0.246957,nonzero
isear_00552,2,13,13,0,0,0.000000,nomatch
isear_00553,3,42,42,0,0,0.000000,nomatch
isear_00554,1,15,15,1,0,-0.458831,nonzero
isear_00555,1,27,27,0,0,0.000000,nomatch
isear_00556,1,11,11,0,0,0.000000,nomatch
isear_00557,1,19,19,0,0,0.000000,nomatch
isear_00558,1,19,19,0,0,0.000000,nomatch
isear_00559,1,16,16,0,0,0.000000,nomatch
isear_00560,1,27,27,0,0,0.000000,nomatch
isear_00561,2,23,23,1,0,-0.180579,nonzero
isear_00562,2,28,28,0,0,0.000000,nomatch
isear_00563,2,12,12,0,0,0.000000,nomatch
isear_00564,1,14,14,0,0,0.000000,nomatch
isear_00565,1,20,20,1,0,-0.458831,nonzero
isear_00566,2,23,23,0,0,0.000000,nomatch
isear_00567,2,17,17,0,0,0.000000,nomatch
isear_00568,1,20,20,0,0,0.000000,nomatch
isear_00569,3,35,35,0,0,0.000000,nomatch
isear_00570,1,9,9,0,0,0.000000,nomatch
isear_00571,1,18,18,0,0,0.000000,nomatch
isear_00572,3,34,34,3,0,-0.122943,nonzero
isear_00573,2,19,19,1,0,-0.367573,nonzero
isear_00574,2,36,36,2,0,0.509492,nonzero
isear_00575,2,46,46,0,0,0.000000,nomatch
isear_00576,3,29,29,1,0,-0.195294,nonzero
isear_00577,3,35,35,1,0,-0.158886,nonzero
isear_00578,2,21,21,0,0,0.000000,nomatch
isear_00579,3,53,53,1,0,-0.164638,nonzero
isear_00580,2,22,22,0,0,0.000000,nomatch
isear_00581,1,13,13,1,0,0.542326,nonzero
isear_00582,2,27,27,0,0,0.000000,nomatch
isear_00583,1,12,12,1,0,-0.578947,nonzero
isear_00584,1,16,16,1,0,0.458831,nonzero
isear_00585,1,29,29,0,0,0.000000,nomatch
isear_00586,3,52,52,0,0,0.000000,nomatch
isear_00587,1,25,25,0,0,0.000000,nomatch
isear_00588,1,26,26,0,0,0.000000,nomatch
isear_00589,1,25,25,0,0,0.000000,nomatch
isear_00590,2,35,35,0,0,0.000000,nomatch
isear_00591,1,7,7,0,0,0.000000,nomatch
isear_00592,1,11,11,0,0,0.000000,nomatch
isear_00593,1,7,7,0,0,0.000000,nomatch
isear_00594,1,4,4,0,0,0.000000,nomatch
isear_00595,1,14,14,0,0,0.000000,nomatch
isear_00596,1,11,11,0,0,0.000000,nomatch
isear_00597,1,17,17,1,0,-0.361158,nonzero
isear_00598,1,51,51,1,0,0.542326,nonzero
isear_00599,1,23,23,1,0,-0.458831,nonzero
isear_00600,1,18,18,1,0,-0.309370,nonzero
isear_00601,1,45,45,4,0,0.307148,nonzero
isear_00602,1,35,35,1,0,0.493915,nonzero
isear_00603,2,27,27,1,0,-0.210732,nonzero
isear_00604,1,41,41,4,0,-0.872022,nonzero
isear_00605,1,39,39,1,0,-0.458831,nonzero
isear_00606,2,53,53,0,0,0.000000,nomatch
isear_00607,1,28,28,0,0,0.000000,nomatch
isear_00608,1,37,37,0,0,0.000000,nomatch
isear_00609,2,33,33,1,0,-0.292941,nonzero
isear_00610,1,11,11,0,0,0.000000,nomatch
isear_00611,1,36,36,0,0,0.000000,nomatch
isear_00612,1,22,22,0,0,0.000000,nomatch
isear_00613,1,25,25,1,0,0.128037,nonzero
isear_00614,1,35,35,1,0,-0.128037,nonzero
isear_00615,1,17,17,0,0,0.000000,nomatch
isear_00616,1,15,15,0,0,0.000000,nomatch
isear_00617,1,7,7,0,0,0.000000,nomatch
isear_00618,1,5,5,0,0,0.000000,nomatch
isear_00619,2,19,19,1,0,-0.229415,nonzero
isear_00620,1,2,2,0,0,0.000000,nomatch
isear_00621,2,16,16,0,0,0.000000,nomatch
isear_00622,1,14,14,0,0,0.000000,nomatch
isear_00623,1,23,23,0,0,0.000000,nomatch
isear_00624,3,35,35,2,0,-0.266260,nonzero
isear_00625,2,39,39,2,0,-0.018311,nonzero
isear_00626,1,2,2,0,0,0.000000,nomatch
isear_00627,1,2,2,0,0,0.000000,nomatch
isear_00628,1,2,2,0,0,0.000000,nomatch
isear_00629,1,8,8,1,0,0.542326,nonzero
isear_00630,1,16,16,0,0,0.000000,nomatch
isear_00631,3,31,31,0,0,0.000000,nomatch
isear_00632,1,2,2,0,0,0.000000,nomatch
isear_00633,1,22,22,0,0,0.000000,nomatch
isear_00634,1,2,2,0,0,0.000000,nomatch
isear_00635,4,70,70,1,0,-0.050572,nonzero
isear_00636,3,55,55,0,0,0.000000,nomatch
isear_00637,1,6,6,0,0,0.000000,nomatch
isear_00638,4,69,69,0,0,0.000000,nomatch
isear_00639,1,7,7,0,0,0.000000,nomatch
isear_00640,2,33,33,1,0,-0.229415,nonzero
isear_00641,1,8,8,0,0,0.000000,nomatch
isear_00642,2,38,38,1,0,-0.258564,nonzero
isear_00643,1,5,5,1,0,0.542326,nonzero
isear_00644,1,13,13,1,0,-0.458831,nonzero
isear_00645,1,10,10,0,0,0.000000,nomatch
isear_00646,1,3,3,0,0,0.000000,nomatch
isear_00647,1,15,15,0,0,0.000000,nomatch
isear_00648,1,12,12,0,0,0.000000,nomatch
isear_00649,1,5,5,0,0,0.000000,nomatch
isear_00650,1,12,12,0,0,0.000000,nomatch
isear_00651,3,41,41,2,0,-0.269110,nonzero
isear_00652,1,2,2,0,0,0.000000,nomatch
isear_00653,1,2,2,0,0,0.000000,nomatch
isear_00654,2,39,39,0,0,0.000000,nomatch
isear_00655,1,2,2,0,0,0.000000,nomatch
isear_00656,2,34,34,1,0,-0.210732,nonzero
isear_00657,1,12,12,0,0,0.000000,nomatch
isear_00658,1,9,9,0,0,0.000000,nomatch
isear_00659,1,15,15,0,0,0.000000,nomatch
isear_00660,1,2,2,0,0,0.000000,nomatch
isear_00661,1,20,20,1,0,-0.578947,nonzero
isear_00662,1,3,3,0,0,0.000000,nomatch
isear_00663,1,12,12,1,0,0.261663,nonzero
isear_00664,1,2,2,0,0,0.000000,nomatch
isear_00665,1,4,4,0,0,0.000000,nomatch
isear_00666,1,5,5,0,0,0.000000,nomatch
isear_00667,1,7,7,0,0,0.000000,nomatch
isear_00668,1,6,6,0,0,0.000000,nomatch
isear_00669,1,5,5,0,0,0.000000,nomatch
isear_00670,1,6,6,0,0,0.000000,nomatch
isear_00671,1,13,13,0,0,0.000000,nomatch
isear_00672,3,45,45,1,0,-0.152944,nonzero
isear_00673,1,21,21,0,0,0.000000,nomatch
isear_00674,1,10,10,1,0,0.421464,nonzero
isear_00675,2,23,23,0,0,0.000000,nomatch
isear_00676,2,19,19,2,0,-0.062214,nonzero
isear_00677,1,18,18,0,0,0.000000,nomatch
isear_00678,1,20,20,0,0,0.000000,nomatch
isear_00679,2,27,27,1,0,-0.180579,nonzero
isear_00680,1,2,2,0,0,0.000000,nomatch
isear_00681,2,32,32,1,0,-0.180579,nonzero
isear_00682,1,18,18,0,0,0.000000,nomatch
isear_00683,1,2,2,0,0,0.000000,nomatch
isear_00684,1,2,2,0,0,0.000000,nomatch
isear_00685,2,21,21,1,0,0.180579,nonzero
isear_00686,1,14,14,0,0,0.000000,nomatch
isear_00687,1,12,12,0,0,0.000000,nomatch
isear_00688,1,4,4,0,0,0.000000,nomatch
isear_00689,2,35,35,0,0,0.000000,nomatch
isear_00690,1,2,2,0,0,0.000000,nomatch
isear_00691,1,7,7,0,0,0.000000,nomatch
isear_00692,2,15,15,0,0,0.000000,nomatch
isear_00693,3,55,55,2,0,-0.180775,nonzero
isear_00694,3,57,57,0,0,0.000000,nomatch
isear_00695,2,23,23,0,0,0.000000,nomatch
isear_00696,1,2,2,0,0,0.000000,nomatch
isear_00697,1,2,2,0,0,0.000000,nomatch
isear_00698,1,2,2,0,0,0.000000,nomatch
isear_00699,1,25,25,0,0,0.000000,nomatch
isear_00700,1,10,10,1,1,-0.801996,nonzero
isear_00701,1,14,14,0,0,0.000000,nomatch
isear_00702,1,16,16,1,0,0.361158,nonzero
isear_00703,1,13,13,0,0,0.000000,nomatch
isear_00704,1,8,8,0,0,0.000000,nomatch
isear_00705,1,23,23,1,0,-0.361158,nonzero
isear_00706,1,13,13,0,0,0.000000,nomatch
isear_00707,1,13,13,0,0,0.000000,nomatch
isear_00708,1,19,19,0,0,0.000000,nomatch
isear_00709,1,4,4,0,0,0.000000,nomatch
isear_00710,1,2,2,0,0,0.000000,nomatch
isear_00711,1,9,9,0,0,0.000000,nomatch
isear_00712,2,27,27,1,0,-0.272689,nonzero
isear_00713,1,11,11,0,0,0.000000,nomatch
isear_00714,2,18,18,0,0,0.000000,nomatch
isear_00715,1,14,14,0,0,0.000000,nomatch
isear_00716,1,14,14,0,0,0.000000,nomatch
isear_00717,1,19,19,1,0,-0.361158,nonzero
isear_00718,1,10,10,0,0,0.000000,nomatch
isear_00719,1,15,15,0,0,0.000000,nomatch
isear_00720,1,12,12,0,0,0.000000,nomatch
isear_00721,1,13,13,0,0,0.000000,nomatch
isear_00722,1,26,26,0,0,0.000000,nomatch
isear_00723,1,12,12,0,0,0.000000,nomatch
isear_00724,1,13,13,0,0,0.000000,nomatch
isear_00725,1,11,11,0,0,0.000000,nomatch
isear_00726,1,2,2,0,0,0.000000,nomatch
isear_00727,1,12,12,0,0,0.000000,nomatch
isear_00728,1,12,12,1,0,-0.361158,nonzero
isear_00729,1,7,7,0,0,0.000000,nomatch
isear_00730,1,5,5,0,0,0.000000,nomatch
isear_00731,1,3,3,0,0,0.000000,nomatch
isear_00732,1,15,15,0,0,0.000000,nomatch
isear_00733,1,9,9,1,0,-0.361158,nonzero
isear_00734,1,19,19,0,0,0.000000,nomatch
isear_00735,1,15,15,1,0,-0.361158,nonzero
isear_00736,1,7,7,0,0,0.000000,nomatch
isear_00737,1,18,18,0,0,0.000000,nomatch
isear_00738,1,5,5,1,0,0.445087,nonzero
isear_00739,1,12,12,0,0,0.000000,nomatch
isear_00740,1,20,20,0,0,0.000000,nomatch
isear_00741,1,5,5,0,0,0.000000,nomatch
isear_00742,1,16,16,0,0,0.000000,nomatch
isear_00743,1,25,25,0,0,0.000000,nomatch
isear_00744,1,11,11,0,0,0.000000,nomatch
isear_00745,1,12,12,0,0,0.000000,nomatch
isear_00746,1,17,17,0,0,0.000000,nomatch
isear_00747,1,17,17,0,0,0.000000,nomatch
isear_00748,1,12,12,1,0,0.542326,nonzero
isear_00749,3,36,36,0,0,0.000000,nomatch
isear_00750,1,6,6,0,0,0.000000,nomatch
isear_00751,1,10,10,0,0,0.000000,nomatch
isear_00752,2,16,16,1,0,-0.289473,nonzero
isear_00753,1,12,12,1,0,-0.655311,nonzero
isear_00754,2,35,35,0,0,0.000000,nomatch
isear_00755,1,6,6,0,0,0.000000,nomatch
isear_00756,2,38,38,2,0,-0.414926,nonzero
isear_00757,1,12,12,2,0,-0.128037,nonzero
isear_00758,1,4,4,0,0,0.000000,nomatch
isear_00759,1,9,9,1,0,-0.493915,nonzero
isear_00760,2,29,29,1,0,-0.147979,nonzero
isear_00761,1,10,10,0,0,0.000000,nomatch
isear_00762,1,10,10,1,0,-0.361158,nonzero
isear_00763,2,21,21,0,0,0.000000,nomatch
isear_00764,1,6,6,0,0,0.000000,nomatch
isear_00765,1,23,23,0,0,0.000000,nomatch
isear_00766,1,15,15,0,0,0.000000,nomatch
isear_00767,1,11,11,1,0,-0.361158,nonzero
isear_00768,1,13,13,0,0,0.000000,nomatch
isear_00769,1,22,22,1,0,-0.361158,nonzero
isear_00770,2,29,29,2,0,-0.350174,nonzero
isear_00771,1,23,23,0,0,0.000000,nomatch
isear_00772,1,25,25,1,0,-0.622427,nonzero
isear_00773,2,33,33,3,0,-0.735475,nonzero
isear_00774,2,30,30,0,0,0.000000,nomatch
isear_00775,1,13,13,0,0,0.000000,nomatch
isear_00776,1,13,13,0,0,0.000000,nomatch
isear_00777,1,10,10,1,0,-0.585882,nonzero
isear_00778,1,21,21,0,0,0.000000,nomatch
isear_00779,1,11,11,1,0,0.445087,nonzero
isear_00780,1,10,10,1,0,-0.493915,nonzero
isear_00781,2,27,27,2,0,-0.503673,nonzero
isear_00782,1,15,15,0,0,0.000000,nomatch
isear_00783,1,16,16,0,0,0.000000,nomatch
isear_00784,1,18,18,0,0,0.000000,nomatch
isear_00785,1,4,4,0,0,0.000000,nomatch
isear_00786,1,20,20,0,0,0.000000,nomatch
isear_00787,1,15,15,0,0,0.000000,nomatch
isear_00788,1,12,12,0,0,0.000000,nomatch
isear_00789,1,12,12,0,0,0.000000,nomatch
isear_00790,1,4,4,0,0,0.000000,nomatch
isear_00791,1,14,14,0,0,0.000000,nomatch
isear_00792,1,6,6,0,0,0.000000,nomatch
isear_00793,1,10,10,0,0,0.000000,nomatch
isear_00794,1,14,14,0,0,0.000000,nomatch
isear_00795,1,4,4,0,0,0.000000,nomatch
isear_00796,2,12,12,1,0,0.229415,nonzero
isear_00797,2,27,27,1,0,-0.229415,nonzero
isear_00798,2,12,12,0,0,0.000000,nomatch
isear_00799,2,15,15,1,0,-0.180579,nonzero
isear_00800,1,7,7,0,0,0.000000,nomatch
isear_00801,2,18,18,2,0,-0.558171,nonzero
isear_00802,2,21,21,0,0,0.000000,nomatch
isear_00803,1,6,6,0,0,0.000000,nomatch
isear_00804,1,13,13,0,0,0.000000,nomatch
isear_00805,1,20,20,0,0,0.000000,nomatch
isear_00806,1,16,16,0,0,0.000000,nomatch
isear_00807,2,16,16,0,0,0.000000,nomatch
isear_00808,1,18,18,1,0,-0.250000,nonzero
isear_00809,1,17,17,2,0,0.115413,nonzero
isear_00810,1,23,23,0,0,0.000000,nomatch
isear_00811,1,2,2,0,0,0.000000,nomatch
isear_00812,1,17,17,0,0,0.000000,nomatch
isear_00813,2,23,23,0,0,0.000000,nomatch
isear_00814,1,2,2,0,0,0.000000,nomatch
isear_00815,1,2,2,0,0,0.000000,nomatch
isear_00816,1,12,12,0,0,0.000000,nomatch
isear_00817,1,10,10,1,0,-0.361158,nonzero
isear_00818,1,7,7,0,0,0.000000,nomatch
isear_00819,1,7,7,0,0,0.000000,nomatch
isear_00820,1,7,7,0,0,0.000000,nomatch
isear_00821,1,6,6,0,0,0.000000,nomatch
isear_00822,1,4,4,0,0,0.000000,nomatch
isear_00823,1,12,12,0,0,0.000000,nomatch
isear_00824,1,9,9,0,0,0.000000,nomatch
isear_00825,1,12,12,1,0,-0.361158,nonzero
isear_00826,1,10,10,1,0,-0.458831,nonzero
isear_00827,1,7,7,0,0,0.000000,nomatch
isear_00828,1,11,11,1,0,-0.578947,nonzero
isear_00829,1,7,7,1,0,-0.458831,nonzero
isear_00830,1,16,16,0,0,0.000000,nomatch
isear_00831,1,12,12,0,0,0.000000,nomatch
isear_00832,2,26,26,1,0,-0.229415,nonzero
isear_00833,1,25,25,0,0,0.000000,nomatch
isear_00834,1,12,12,0,0,0.000000,nomatch
isear_00835,1,19,19,1,0,-0.578947,nonzero
isear_00836,1,28,28,0,0,0.000000,nomatch
isear_00837,1,12,12,0,0,0.000000,nomatch
isear_00838,1,4,4,0,0,0.000000,nomatch
isear_00839,1,21,21,0,0,0.000000,nomatch
isear_00840,1,9,9,0,0,0.000000,nomatch
isear_00841,1,5,5,0,0,0.000000,nomatch
isear_00842,1,12,12,2,0,-0.493915,nonzero
isear_00843,1,7,7,0,0,0.000000,nomatch
isear_00844,1,13,13,0,0,0.000000,nomatch
isear_00845,1,17,17,0,0,0.000000,nomatch
isear_00846,2,19,19,1,0,-0.263371,nonzero
isear_00847,1,15,15,0,0,0.000000,nomatch
isear_00848,1,12,12,0,0,0.000000,nomatch
isear_00849,1,9,9,0,0,0.000000,nomatch
isear_00850,1,14,14,0,0,0.000000,nomatch
isear_00851,2,22,22,1,0,-0.210732,nonzero
isear_00852,1,11,11,2,0,0.718421,nonzero
isear_00853,1,4,4,0,0,0.000000,nomatch
isear_00854,2,10,10,0,0,0.000000,nomatch
isear_00855,1,13,13,0,0,0.000000,nomatch
isear_00856,1,6,6,1,0,-0.648557,nonzero
isear_00857,2,26,26,0,0,0.000000,nomatch
isear_00858,1,14,14,0,0,0.000000,nomatch
isear_00859,1,8,8,0,0,0.000000,nomatch
isear_00860,3,17,17,1,0,-0.164638,nonzero
isear_00861,1,10,10,0,0,0.000000,nomatch
isear_00862,1,12,12,0,0,0.000000,nomatch
isear_00863,1,18,18,0,0,0.000000,nomatch
isear_00864,1,27,27,0,0,0.000000,nomatch
isear_00865,2,24,24,1,0,0.180579,nonzero
isear_00866,1,11,11,0,0,0.000000,nomatch
isear_00867,2,14,14,0,0,0.000000,nomatch
isear_00868,1,27,27,0,0,0.000000,nomatch
isear_00869,1,5,5,0,0,0.000000,nomatch
isear_00870,1,6,6,0,0,0.000000,nomatch
isear_00871,2,24,24,0,0,0.000000,nomatch
isear_00872,1,11,11,1,0,-0.458831,nonzero
isear_00873,1,4,4,0,0,0.000000,nomatch
isear_00874,1,12,12,1,0,0.361158,nonzero
isear_00875,1,12,12,0,0,0.000000,nomatch
isear_00876,1,9,9,1,0,-0.493915,nonzero
isear_00877,1,9,9,0,0,0.000000,nomatch
isear_00878,1,4,4,0,0,0.000000,nomatch
isear_00879,1,13,13,1,0,0.361158,nonzero
isear_00880,1,8,8,0,0,0.000000,nomatch
isear_00881,1,14,14,1,0,-0.458831,nonzero
isear_00882,1,7,7,0,0,0.000000,nomatch
isear_00883,1,4,4,0,0,0.000000,nomatch
isear_00884,1,11,11,0,0,0.000000,nomatch
isear_00885,1,5,5,1,0,-0.421464,nonzero
isear_00886,1,11,11,0,0,0.000000,nomatch
isear_00887,1,8,8,0,0,0.000000,nomatch
isear_00888,2,21,21,2,0,-0.395284,nonzero
isear_00889,3,22,22,0,0,0.000000,nomatch
isear_00890,1,3,3,0,0,0.000000,nomatch
isear_00891,1,3,3,0,0,0.000000,nomatch
isear_00892,1,8,8,1,0,-0.361158,nonzero
isear_00893,1,8,8,1,0,-0.421464,nonzero
isear_00894,1,5,5,0,0,0.000000,nomatch
isear_00895,1,12,12,0,0,0.000000,nomatch
isear_00896,3,27,27,1,0,-0.152944,nonzero
isear_00897,2,18,18,0,0,0.000000,nomatch
isear_00898,1,13,13,1,0,-0.578947,nonzero
isear_00899,1,12,12,0,0,0.000000,nomatch
isear_00900,2,24,24,1,0,-0.210732,nonzero
isear_00901,1,8,8,0,0,0.000000,nomatch
isear_00902,1,13,13,0,0,0.000000,nomatch
isear_00903,1,9,9,0,0,0.000000,nomatch
isear_00904,1,12,12,0,0,0.000000,nomatch
isear_00905,1,8,8,0,0,0.000000,nomatch
isear_00906,1,11,11,0,0,0.000000,nomatch
isear_00907,1,5,5,0,0,0.000000,nomatch
isear_00908,1,13,13,0,0,0.000000,nomatch
isear_00909,1,4,4,0,0,0.000000,nomatch
isear_00910,1,4,4,0,0,0.000000,nomatch
isear_00911,1,2,2,1,0,0.542326,nonzero
isear_00912,1,3,3,0,0,0.000000,nomatch
isear_00913,1,15,15,0,0,0.000000,nomatch
isear_00914,1,7,7,1,0,-0.493915,nonzero
isear_00915,1,6,6,0,0,0.000000,nomatch
isear_00916,1,12,12,1,0,-0.458831,nonzero
isear_00917,1,12,12,2,0,-0.670478,nonzero
isear_00918,1,3,3,0,0,0.000000,nomatch
isear_00919,1,15,15,0,0,0.000000,nomatch
isear_00920,1,8,8,0,0,0.000000,nomatch
isear_00921,1,15,15,0,0,0.000000,nomatch
isear_00922,1,15,15,0,0,0.000000,nomatch
isear_00923,1,17,17,0,0,0.000000,nomatch
isear_00924,1,14,14,0,0,0.000000,nomatch
isear_00925,1,5,5,0,0,0.000000,nomatch
isear_00926,1,13,13,0,0,0.000000,nomatch
isear_00927,1,6,6,0,0,0.000000,nomatch
isear_00928,1,19,19,0,0,0.000000,nomatch
isear_00929,2,32,32,0,0,0.000000,nomatch
isear_00930,1,24,24,2,0,-0.670478,nonzero
isear_00931,1,14,14,0,0,0.000000,nomatch
isear_00932,2,36,36,1,0,-0.180579,nonzero
isear_00933,1,25,25,0,0,0.000000,nomatch
isear_00934,1,18,18,1,0,-0.655311,nonzero
isear_00935,1,5,5,1,0,-0.458831,nonzero
isear_00936,1,3,3,0,0,0.000000,nomatch
isear_00937,1,5,5,0,0,0.000000,nomatch
isear_00938,1,5,5,0,0,0.000000,nomatch
isear_00939,1,6,6,1,0,-0.361158,nonzero
isear_00940,1,9,9,0,0,0.000000,nomatch
isear_00941,1,11,11,0,0,0.000000,nomatch
isear_00942,1,6,6,0,0,0.000000,nomatch
isear_00943,1,12,12,0,0,0.000000,nomatch
isear_00944,1,10,10,0,0,0.000000,nomatch
isear_00945,1,11,11,0,0,0.000000,nomatch
isear_00946,1,18,18,0,0,0.000000,nomatch
isear_00947,1,9,9,0,0,0.000000,nomatch
isear_00948,1,22,22,0,0,0.000000,nomatch
isear_00949,1,18,18,1,0,-0.421464,nonzero
isear_00950,1,24,24,0,0,0.000000,nomatch
isear_00951,2,38,38,1,0,-0.229415,nonzero
isear_00952,2,41,41,0,0,0.000000,nomatch
isear_00953,1,14,14,1,0,-0.458831,nonzero
isear_00954,1,20,20,0,0,0.000000,nomatch
isear_00955,3,34,34,1,0,-0.164638,nonzero
isear_00956,2,40,40,0,0,0.000000,nomatch
isear_00957,1,7,7,0,0,0.000000,nomatch
isear_00958,3,47,47,1,0,-0.120386,nonzero
isear_00959,1,5,5,0,0,0.000000,nomatch
isear_00960,1,46,46,0,0,0.000000,nomatch
isear_00961,1,10,10,0,0,0.000000,nomatch
isear_00962,2,26,26,0,0,0.000000,nomatch
isear_00963,1,10,10,0,0,0.000000,nomatch
isear_00964,1,22,22,1,0,0.361158,nonzero
isear_00965,1,9,9,0,0,0.000000,nomatch
isear_00966,2,23,23,0,0,0.000000,nomatch
isear_00967,2,16,16,0,0,0.000000,nomatch
isear_00968,1,17,17,0,0,0.000000,nomatch
isear_00969,1,22,22,1,0,-0.458831,nonzero
isear_00970,1,14,14,0,0,0.000000,nomatch
isear_00971,1,15,15,0,0,0.000000,nomatch
isear_00972,2,11,11,0,0,0.000000,nomatch
isear_00973,1,11,11,0,0,0.000000,nomatch
isear_00974,1,4,4,1,0,-0.361158,nonzero
isear_00975,1,13,13,0,0,0.000000,nomatch
isear_00976,1,20,20,1,0,-0.493915,nonzero
isear_00977,1,11,11,0,0,0.000000,nomatch
isear_00978,1,5,5,0,0,0.000000,nomatch
isear_00979,1,8,8,1,0,-0.202289,nonzero
isear_00980,1,3,3,0,0,0.000000,nomatch
isear_00981,1,8,8,2,0,-0.585882,nonzero
isear_00982,1,8,8,1,0,-0.578947,nonzero
isear_00983,1,13,13,0,0,0.000000,nomatch
isear_00984,1,5,5,1,0,-0.458831,nonzero
isear_00985,2,17,17,0,0,0.000000,nomatch
isear_00986,1,24,24,0,0,0.000000,nomatch
isear_00987,1,27,27,1,0,-0.261663,nonzero
isear_00988,1,11,11,1,1,-0.202289,nonzero
isear_00989,1,20,20,0,0,0.000000,nomatch
isear_00990,1,14,14,0,0,0.000000,nomatch
isear_00991,1,13,13,0,0,0.000000,nomatch
isear_00992,1,11,11,0,0,0.000000,nomatch
isear_00993,1,21,21,2,0,-0.361158,nonzero
isear_00994,1,12,12,0,0,0.000000,nomatch
isear_00995,1,16,16,0,0,0.000000,nomatch
isear_00996,1,12,12,0,0,0.000000,nomatch
isear_00997,1,18,18,0,0,0.000000,nomatch
isear_00998,1,15,15,2,0,-0.778253,nonzero
isear_00999,1,10,10,0,0,0.000000,nomatch
isear_01000,1,17,17,1,0,-0.361158,nonzero
isear_01001,1,10,10,0,0,0.000000,nomatch
isear_01002,1,5,5,0,0,0.000000,nomatch
isear_01003,1,11,11,0,0,0.000000,nomatch
isear_01004,1,14,14,0,0,0.000000,nomatch
isear_01005,1,18,18,0,0,0.000000,nomatch
isear_01006,2,28,28,1,0,0.125000,nonzero
isear_01007,2,27,27,0,0,0.000000,nomatch
isear_01008,2,33,33,1,0,-0.229415,nonzero
isear_01009,2,38,38,1,0,-0.246957,nonzero
isear_01010,1,22,22,1,0,0.361158,nonzero
isear_01011,1,26,26,0,0,0.000000,nomatch
isear_01012,1,39,39,0,0,0.000000,nomatch
isear_01013,1,19,19,0,0,0.000000,nomatch
isear_01014,1,12,12,0,0,0.000000,nomatch
isear_01015,1,24,24,0,0,0.000000,nomatch
isear_01016,1,17,17,0,0,0.000000,nomatch
isear_01017,1,16,16,0,0,0.000000,nomatch
isear_01018,2,24,24,0,0,0.000000,nomatch
isear_01019,1,11,11,0,0,0.000000,nomatch
isear_01020,1,25,25,0,0,0.000000,nomatch
isear_01021,1,22,22,3,0,-0.840168,nonzero
isear_01022,1,14,14,1,0,-0.458831,nonzero
isear_01023,1,42,42,1,0,-0.361158,nonzero
isear_01024,1,14,14,0,0,0.000000,nomatch
isear_01025,1,10,10,0,0,0.000000,nomatch
isear_01026,1,16,16,1,0,-0.421464,nonzero
isear_01027,2,21,21,0,0,0.000000,nomatch
isear_01028,1,10,10,0,0,0.000000,nomatch
isear_01029,1,15,15,0,0,0.000000,nomatch
isear_01030,1,9,9,0,0,0.000000,nomatch
isear_01031,2,31,31,1,0,-0.289473,nonzero
isear_01032,2,26,26,1,0,-0.264951,nonzero
isear_01033,2,26,26,0,0,0.000000,nomatch
isear_01034,4,46,46,0,0,0.000000,nomatch
isear_01035,1,15,15,0,0,0.000000,nomatch
isear_01036,1,5,5,0,0,0.000000,nomatch
isear_01037,1,32,32,0,0,0.000000,nomatch
isear_01038,4,72,72,1,0,-0.123479,nonzero
isear_01039,2,25,25,0,0,0.000000,nomatch
isear_01040,1,10,10,0,0,0.000000,nomatch
isear_01041,2,31,31,1,0,-0.147979,nonzero
isear_01042,3,41,41,0,0,0.000000,nomatch
isear_01043,3,40,40,1,0,-0.120386,nonzero
isear_01044,1,23,23,0,0,0.000000,nomatch
isear_01045,2,37,37,2,0,-0.427536,nonzero
isear_01046,2,27,27,0,0,0.000000,nomatch
isear_01047,1,9,9,0,0,0.000000,nomatch
isear_01048,1,16,16,0,0,0.000000,nomatch
isear_01049,1,18,18,0,0,0.000000,nomatch
isear_01050,1,15,15,0,0,0.000000,nomatch
isear_01051,1,12,12,0,0,0.000000,nomatch
isear_01052,1,23,23,0,0,0.000000,nomatch
isear_01053,1,12,12,2,0,-0.542326,nonzero
isear_01054,1,11,11,0,0,0.000000,nomatch
isear_01055,2,28,28,0,0,0.000000,nomatch
isear_01056,2,27,27,0,0,0.000000,nomatch
isear_01057,1,7,7,0,0,0.000000,nomatch
isear_01058,1,18,18,0,0,0.000000,nomatch
isear_01059,1,11,11,0,0,0.000000,nomatch
isear_01060,2,26,26,0,0,0.000000,nomatch
isear_01061,3,29,29,2,0,0.263523,nonzero
isear_01062,3,36,36,1,0,-0.120386,nonzero
isear_01063,3,53,53,1,0,-0.152944,nonzero
isear_01064,1,16,16,0,0,0.000000,nomatch
isear_01065,2,20,20,0,0,0.000000,nomatch
isear_01066,2,26,26,0,0,0.000000,nomatch
isear_01067,1,20,20,2,0,-0.634575,nonzero
isear_01068,1,19,19,1,0,0.585882,nonzero
isear_01069,2,27,27,1,0,-0.229415,nonzero
isear_01070,3,31,31,1,0,-0.152944,nonzero
isear_01071,1,15,15,0,0,0.000000,nomatch
isear_01072,3,44,44,2,0,-0.042679,nonzero
isear_01073,2,35,35,1,0,-0.246957,nonzero
isear_01074,2,19,19,1,0,-0.210732,nonzero
isear_01075,2,32,32,2,0,0.112362,nonzero
isear_01076,3,34,34,1,0,0.120386,nonzero
isear_01077,1,18,18,0,0,0.000000,nomatch
isear_01078,1,12,12,0,0,0.000000,nomatch
isear_01079,1,5,5,1,0,-0.458831,nonzero
isear_01080,1,13,13,0,0,0.000000,nomatch
isear_01081,3,48,48,0,0,0.000000,nomatch
isear_01082,1,12,12,0,0,0.000000,nomatch
isear_01083,1,15,15,0,0,0.000000,nomatch
isear_01084,1,19,19,1,0,-0.458831,nonzero
isear_01085,1,8,8,0,0,0.000000,nomatch
isear_01086,1,4,4,0,0,0.000000,nomatch
isear_01087,1,6,6,0,0,0.000000,nomatch
isear_01088,1,13,13,0,0,0.000000,nomatch
isear_01089,1,13,13,0,0,0.000000,nomatch
isear_01090,1,35,35,1,0,-0.458831,nonzero
isear_01091,1,29,29,0,0,0.000000,nomatch
isear_01092,1,28,28,1,0,-0.421464,nonzero
isear_01093,2,36,36,1,0,0.184744,nonzero
isear_01094,3,45,45,1,0,-0.164638,nonzero
isear_01095,1,36,36,0,0,0.000000,nomatch
isear_01096,3,49,49,2,0,0.083333,nonzero
isear_01097,3,42,42,1,0,-0.140488,nonzero
isear_01098,3,36,36,3,0,-0.353836,nonzero
isear_01099,1,12,12,1,1,-0.757937,nonzero
isear_01100,3,37,37,0,0,0.000000,nomatch
isear_01101,3,45,45,0,0,0.000000,nomatch
isear_01102,4,47,47,1,0,-0.163828,nonzero
isear_01103,1,15,15,0,0,0.000000,nomatch
isear_01104,1,27,27,0,0,0.000000,nomatch
isear_01105,2,53,53,1,0,0.064019,nonzero
isear_01106,2,27,27,2,0,-0.350174,nonzero
isear_01107,2,35,35,0,0,0.000000,nomatch
isear_01108,1,25,25,0,0,0.000000,nomatch
isear_01109,2,33,33,0,0,0.000000,nomatch
isear_01110,2,30,30,0,0,0.000000,nomatch
isear_01111,1,22,22,1,0,-0.458831,nonzero
isear_01112,2,34,34,1,0,-0.229415,nonzero
isear_01113,1,31,31,2,0,-0.670478,nonzero
isear_01114,2,27,27,1,0,-0.289473,nonzero
isear_01115,2,26,26,1,0,-0.246957,nonzero
isear_01116,2,16,16,1,0,-0.210732,nonzero
isear_01117,1,15,15,0,0,0.000000,nomatch
isear_01118,1,16,16,0,0,0.000000,nomatch
isear_01119,1,20,20,0,0,0.000000,nomatch
isear_01120,1,13,13,0,0,0.000000,nomatch
isear_01121,1,13,13,0,0,0.000000,nomatch
isear_01122,1,12,12,1,0,0.261663,nonzero
isear_01123,1,15,15,0,0,0.000000,nomatch
isear_01124,1,17,17,0,0,0.000000,nomatch
isear_01125,1,19,19,1,0,-0.458831,nonzero
isear_01126,3,46,46,1,0,-0.152944,nonzero
isear_01127,2,31,31,1,0,-0.180579,nonzero
isear_01128,3,25,25,0,0,0.000000,nomatch
isear_01129,1,27,27,0,0,0.000000,nomatch
isear_01130,1,20,20,0,0,0.000000,nomatch
isear_01131,1,20,20,0,0,0.000000,nomatch
isear_01132,1,22,22,0,0,0.000000,nomatch
isear_01133,2,40,40,1,0,0.064019,nonzero
isear_01134,1,11,11,0,0,0.000000,nomatch
isear_01135,2,18,18,0,0,0.000000,nomatch
isear_01136,3,54,54,1,0,-0.152944,nonzero
isear_01137,1,14,14,0,0,0.000000,nomatch
isear_01138,2,18,18,0,0,0.000000,nomatch
isear_01139,2,42,42,1,0,-0.210732,nonzero
isear_01140,2,36,36,0,0,0.000000,nomatch
isear_01141,2,34,34,1,0,-0.243540,nonzero
isear_01142,3,49,49,0,0,0.000000,nomatch
isear_01143,3,35,35,0,0,0.000000,nomatch
isear_01144,2,37,37,1,0,-0.229415,nonzero
isear_01145,1,11,11,0,0,0.000000,nomatch
isear_01146,2,12,12,2,0,-0.180579,nonzero
isear_01147,2,23,23,0,0,0.000000,nomatch
isear_01148,2,27,27,3,0,-0.486765,nonzero
isear_01149,1,9,9,0,0,0.000000,nomatch
isear_01150,1,15,15,0,0,0.000000,nomatch
isear_01151,1,15,15,0,0,0.000000,nomatch
isear_01152,1,21,21,2,0,-0.077228,nonzero
isear_01153,1,26,26,0,0,0.000000,nomatch
isear_01154,1,27,27,1,0,0.177858,nonzero
isear_01155,1,15,15,1,0,-0.261663,nonzero
isear_01156,1,21,21,2,0,-0.714034,nonzero
isear_01157,1,12,12,1,0,-0.493915,nonzero
isear_01158,1,19,19,0,0,0.000000,nomatch
isear_01159,4,49,49,4,0,0.116274,nonzero
isear_01160,2,27,27,2,0,-0.335239,nonzero
isear_01161,1,17,17,1,0,-0.458831,nonzero
isear_01162,1,11,11,0,0,0.000000,nomatch
isear_01163,1,4,4,0,0,0.000000,nomatch
isear_01164,1,26,26,0,0,0.000000,nomatch
isear_01165,2,27,27,3,0,-0.388521,nonzero
isear_01166,1,8,8,0,0,0.000000,nomatch
isear_01167,1,10,10,0,0,0.000000,nomatch
isear_01168,1,7,7,0,0,0.000000,nomatch
isear_01169,2,9,9,1,0,-0.130831,nonzero
isear_01170,1,9,9,0,0,0.000000,nomatch
isear_01171,1,13,13,0,0,0.000000,nomatch
isear_01172,1,11,11,0,0,0.000000,nomatch
isear_01173,3,43,43,1,0,0.192982,nonzero
isear_01174,4,49,49,1,0,-0.090289,nonzero
isear_01175,5,82,82,1,0,-0.091766,nonzero
isear_01176,3,57,57,0,0,0.000000,nomatch
isear_01177,2,35,35,0,0,0.000000,nomatch
isear_01178,1,16,16,0,0,0.000000,nomatch
isear_01179,1,6,6,0,0,0.000000,nomatch
isear_01180,1,21,21,0,0,0.000000,nomatch
isear_01181,1,18,18,0,0,0.000000,nomatch
isear_01182,1,25,25,0,0,0.000000,nomatch
isear_01183,2,20,20,0,0,0.000000,nomatch
isear_01184,2,30,30,1,0,-0.264951,nonzero
isear_01185,1,11,11,1,0,-0.361158,nonzero
isear_01186,1,21,21,1,0,-0.421464,nonzero
isear_01187,1,12,12,0,0,0.000000,nomatch
isear_01188,1,13,13,0,0,0.000000,nomatch
isear_01189,1,15,15,0,0,0.000000,nomatch
isear_01190,1,8,8,0,0,0.000000,nomatch
isear_01191,1,11,11,0,0,0.000000,nomatch
isear_01192,1,15,15,0,0,0.000000,nomatch
isear_01193,1,15,15,0,0,0.000000,nomatch
isear_01194,2,26,26,1,0,0.271163,nonzero
isear_01195,1,13,13,0,0,0.000000,nomatch
isear_01196,1,15,15,0,0,0.000000,nomatch
isear_01197,1,11,11,0,0,0.000000,nomatch
isear_01198,1,21,21,0,0,0.000000,nomatch
isear_01199,1,22,22,0,0,0.000000,nomatch
isear_01200,1,14,14,0,0,0.000000,nomatch
isear_01201,3,35,35,2,0,0.301161,nonzero
isear_01202,3,24,24,0,0,0.000000,nomatch
isear_01203,1,37,37,1,0,0.128037,nonzero
isear_01204,2,33,33,3,0,0.229415,nonzero
isear_01205,4,33,33,1,0,-0.153093,nonzero
isear_01206,3,34,34,1,0,-0.152944,nonzero
isear_01207,3,35,35,1,0,-0.204124,nonzero
isear_01208,1,11,11,0,0,0.000000,nomatch
isear_01209,1,17,17,0,0,0.000000,nomatch
isear_01210,1,9,9,0,0,0.000000,nomatch
isear_01211,1,4,4,0,0,0.000000,nomatch
isear_01212,2,31,31,0,0,0.000000,nomatch
isear_01213,1,14,14,0,0,0.000000,nomatch
isear_01214,1,3,3,0,0,0.000000,nomatch
isear_01215,2,27,27,2,0,0.359210,nonzero
isear_01216,1,20,20,1,0,-0.458831,nonzero
isear_01217,2,34,34,1,0,-0.327655,nonzero
isear_01218,2,38,38,1,0,-0.180579,nonzero
isear_01219,1,21,21,0,0,0.000000,nomatch
isear_01220,2,32,32,3,0,-0.413565,nonzero
isear_01221,2,48,48,0,0,0.000000,nomatch
isear_01222,1,12,12,0,0,0.000000,nomatch
isear_01223,2,34,34,0,0,0.000000,nomatch
isear_01224,1,6,6,0,0,0.000000,nomatch
isear_01225,1,19,19,0,0,0.000000,nomatch
isear_01226,1,5,5,0,0,0.000000,nomatch
isear_01227,2,21,21,0,0,0.000000,nomatch
isear_01228,1,12,12,0,0,0.000000,nomatch
isear_01229,1,22,22,0,0,0.000000,nomatch
isear_01230,2,19,19,1,0,-0.229415,nonzero
isear_01231,1,10,10,0,0,0.000000,nomatch
isear_01232,1,15,15,1,0,-0.411765,nonzero
isear_01233,1,11,11,0,0,0.000000,nomatch
isear_01234,2,26,26,2,0,0.024205,nonzero
isear_01235,3,32,32,1,0,0.180775,nonzero
isear_01236,1,23,23,0,0,0.000000,nomatch
isear_01237,1,11,11,0,0,0.000000,nomatch
isear_01238,1,12,12,0,0,0.000000,nomatch
isear_01239,1,7,7,0,0,0.000000,nomatch
isear_01240,1,23,23,0,0,0.000000,nomatch
isear_01241,2,28,28,1,0,-0.229415,nonzero
isear_01242,1,14,14,1,0,0.250000,nonzero
isear_01243,1,21,21,0,0,0.000000,nomatch
isear_01244,3,45,45,1,0,-0.120386,nonzero
isear_01245,1,18,18,0,0,0.000000,nomatch
isear_01246,1,21,21,2,0,-0.190117,nonzero
isear_01247,1,14,14,0,0,0.000000,nomatch
isear_01248,1,11,11,0,0,0.000000,nomatch
isear_01249,1,13,13,1,0,-0.361158,nonzero
isear_01250,1,7,7,0,0,0.000000,nomatch
isear_01251,1,20,20,1,0,0.128037,nonzero
isear_01252,2,23,23,0,0,0.000000,nomatch
isear_01253,1,25,25,0,0,0.000000,nomatch
isear_01254,1,12,12,0,0,0.000000,nomatch
isear_01255,1,21,21,0,0,0.000000,nomatch
isear_01256,1,13,13,0,0,0.000000,nomatch
isear_01257,1,13,13,0,0,0.000000,nomatch
isear_01258,1,3,3,0,0,0.000000,nomatch
isear_01259,1,25,25,1,0,-0.458831,nonzero
isear_01260,3,33,33,0,0,0.000000,nomatch
isear_01261,1,8,8,1,0,-0.578947,nonzero
isear_01262,1,12,12,0,0,0.000000,nomatch
isear_01263,2,19,19,1,0,-0.229415,nonzero
isear_01264,2,15,15,0,0,0.000000,nomatch
isear_01265,1,38,38,0,0,0.000000,nomatch
isear_01266,2,25,25,1,0,-0.229415,nonzero
isear_01267,2,15,15,2,0,-0.335239,nonzero
isear_01268,2,32,32,1,0,-0.289473,nonzero
isear_01269,2,34,34,3,0,-0.416584,nonzero
isear_01270,1,22,22,1,0,-0.421464,nonzero
isear_01271,1,9,9,0,0,0.000000,nomatch
isear_01272,2,23,23,0,0,0.000000,nomatch
isear_01273,1,15,15,1,0,-0.458831,nonzero
isear_01274,1,6,6,0,0,0.000000,nomatch
isear_01275,1,15,15,0,0,0.000000,nomatch
isear_01276,1,20,20,0,0,0.000000,nomatch
isear_01277,1,20,20,2,0,0.458831,nonzero
isear_01278,1,9,9,0,0,0.000000,nomatch
isear_01279,1,11,11,0,0,0.000000,nomatch
isear_01280,1,13,13,0,0,0.000000,nomatch
isear_01281,1,4,4,0,0,0.000000,nomatch
isear_01282,1,16,16,0,0,0.000000,nomatch
isear_01283,1,22,22,0,0,0.000000,nomatch
isear_01284,1,29,29,0,0,0.000000,nomatch
isear_01285,1,21,21,1,0,0.361158,nonzero
isear_01286,3,35,35,0,0,0.000000,nomatch
isear_01287,2,43,43,1,0,-0.210732,nonzero
isear_01288,2,30,30,0,0,0.000000,nomatch
isear_01289,4,52,52,0,0,0.000000,nomatch
isear_01290,2,38,38,3,0,0.083995,nonzero
isear_01291,4,46,46,2,0,-0.019307,nonzero
isear_01292,2,31,31,1,0,-0.210732,nonzero
isear_01293,3,43,43,2,0,-0.251596,nonzero
isear_01294,2,49,49,2,0,0.000000,cancel
isear_01295,1,12,12,0,0,0.000000,nomatch
isear_01296,2,27,27,1,0,-0.246957,nonzero
isear_01297,1,13,13,0,0,0.000000,nomatch
isear_01298,1,13,13,0,0,0.000000,nomatch
isear_01299,1,12,12,0,0,0.000000,nomatch
isear_01300,1,15,15,1,0,-0.421464,nonzero
isear_01301,1,25,25,1,0,0.361158,nonzero
isear_01302,3,25,25,0,0,0.000000,nomatch
isear_01303,2,33,33,0,0,0.000000,nomatch
isear_01304,1,6,6,0,0,0.000000,nomatch
isear_01305,2,20,20,0,0,0.000000,nomatch
isear_01306,1,15,15,1,0,0.421464,nonzero
isear_01307,3,36,36,1,0,-0.140488,nonzero
isear_01308,3,51,51,1,0,0.120386,nonzero
isear_01309,2,41,41,0,0,0.000000,nomatch
isear_01310,2,38,38,0,0,0.000000,nomatch
isear_01311,1,50,50,0,0,0.000000,nomatch
isear_01312,4,47,47,1,0,-0.105366,nonzero
isear_01313,1,27,27,0,0,0.000000,nomatch
isear_01314,1,18,18,0,0,0.000000,nomatch
isear_01315,3,38,38,3,0,0.150632,nonzero
isear_01316,2,27,27,1,0,-0.229415,nonzero
isear_01317,4,53,53,2,0,-0.180579,nonzero
isear_01318,3,35,35,1,0,-0.204124,nonzero
isear_01319,3,36,36,1,0,0.042679,nonzero
isear_01320,1,7,7,0,0,0.000000,nomatch
isear_01321,2,37,37,0,0,0.000000,nomatch
isear_01322,1,15,15,1,0,0.542326,nonzero
isear_01323,1,12,12,0,0,0.000000,nomatch
isear_01324,2,36,36,0,0,0.000000,nomatch
isear_01325,1,13,13,1,0,-0.361158,nonzero
isear_01326,1,13,13,0,0,0.000000,nomatch
isear_01327,1,26,26,0,0,0.000000,nomatch
isear_01328,1,24,24,0,0,0.000000,nomatch
isear_01329,1,14,14,0,0,0.000000,nomatch
isear_01330,1,22,22,1,0,-0.493915,nonzero
isear_01331,2,32,32,1,0,-0.180579,nonzero
isear_01332,2,35,35,0,0,0.000000,nomatch
isear_01333,2,19,19,1,0,-0.224852,nonzero
isear_01334,1,9,9,0,0,0.000000,nomatch
isear_01335,2,31,31,0,0,0.000000,nomatch
isear_01336,1,15,15,0,0,0.000000,nomatch
isear_01337,3,56,56,1,0,-0.195294,nonzero
isear_01338,2,39,39,1,0,-0.289473,nonzero
isear_01339,3,34,34,1,0,0.098653,nonzero
isear_01340,1,16,16,0,0,0.000000,nomatch
isear_01341,1,15,15,1,0,0.458831,nonzero
isear_01342,1,22,22,1,0,-0.421464,nonzero
isear_01343,1,17,17,0,0,0.000000,nomatch
isear_01344,1,31,31,1,0,-0.261663,nonzero
isear_01345,1,27,27,1,0,-0.361158,nonzero
isear_01346,2,27,27,0,0,0.000000,nomatch
isear_01347,1,12,12,0,0,0.000000,nomatch
isear_01348,1,17,17,0,0,0.000000,nomatch
isear_01349,1,14,14,1,0,-0.361158,nonzero
isear_01350,1,7,7,0,0,0.000000,nomatch
isear_01351,1,11,11,1,0,0.250000,nonzero
isear_01352,1,18,18,0,0,0.000000,nomatch
isear_01353,1,10,10,0,0,0.000000,nomatch
isear_01354,1,6,6,0,0,0.000000,nomatch
isear_01355,1,14,14,0,0,0.000000,nomatch
isear_01356,1,8,8,0,0,0.000000,nomatch
isear_01357,1,10,10,1,0,-0.361158,nonzero
isear_01358,3,25,25,1,0,-0.120386,nonzero
isear_01359,1,18,18,0,0,0.000000,nomatch
isear_01360,1,6,6,0,0,0.000000,nomatch
isear_01361,1,21,21,0,0,0.000000,nomatch
isear_01362,3,28,28,1,0,-0.152944,nonzero
isear_01363,1,6,6,1,0,-0.655311,nonzero
isear_01364,2,42,42,0,0,0.000000,nomatch
isear_01365,3,35,35,3,0,-0.256942,nonzero
isear_01366,2,20,20,1,0,-0.289473,nonzero
isear_01367,1,29,29,3,0,-0.665155,nonzero
isear_01368,2,33,33,2,0,-0.298357,nonzero
isear_01369,1,19,19,0,0,0.000000,nomatch
isear_01370,1,8,8,0,0,0.000000,nomatch
isear_01371,1,30,30,0,0,0.000000,nomatch
isear_01372,1,10,10,0,0,0.000000,nomatch
isear_01373,1,15,15,0,0,0.000000,nomatch
isear_01374,2,21,21,1,0,-0.229415,nonzero
isear_01375,2,28,28,0,0,0.000000,nomatch
isear_01376,2,18,18,1,0,0.271163,nonzero
isear_01377,1,14,14,0,0,0.000000,nomatch
isear_01378,1,13,13,0,0,0.000000,nomatch
isear_01379,1,23,23,0,0,0.000000,nomatch
isear_01380,1,26,26,0,0,0.000000,nomatch
isear_01381,1,24,24,2,0,0.757937,nonzero
isear_01382,1,32,32,1,0,-0.542326,nonzero
isear_01383,3,35,35,0,0,0.000000,nomatch
isear_01384,3,32,32,0,0,0.000000,nomatch
isear_01385,1,36,36,0,0,0.000000,nomatch
isear_01386,1,29,29,0,0,0.000000,nomatch
isear_01387,2,45,45,0,0,0.000000,nomatch
isear_01388,1,29,29,0,0,0.000000,nomatch
isear_01389,1,33,33,1,0,-0.458831,nonzero
isear_01390,1,7,7,0,0,0.000000,nomatch
isear_01391,1,7,7,0,0,0.000000,nomatch
isear_01392,1,31,31,1,1,0.458831,nonzero
isear_01393,1,13,13,0,0,0.000000,nomatch
isear_01394,1,21,21,0,0,0.000000,nomatch
isear_01395,1,14,14,1,0,-0.458831,nonzero
isear_01396,1,17,17,1,0,-0.421464,nonzero
isear_01397,2,23,23,0,0,0.000000,nomatch
isear_01398,2,21,21,1,0,-0.306186,nonzero
isear_01399,1,21,21,0,0,0.000000,nomatch
isear_01400,2,31,31,1,0,-0.229415,nonzero
isear_01401,2,33,33,1,0,-0.147979,nonzero
isear_01402,2,27,27,1,0,0.224852,nonzero
isear_01403,2,22,22,1,0,-0.246957,nonzero
isear_01404,1,17,17,1,0,-0.361158,nonzero
isear_01405,1,3,3,0,0,0.000000,nomatch
isear_01406,2,23,23,1,0,-0.289473,nonzero
isear_01407,1,15,15,1,0,-0.493915,nonzero
isear_01408,3,48,48,2,0,-0.204124,nonzero
isear_01409,4,40,40,1,0,0.123479,nonzero
isear_01410,2,21,21,1,0,-0.229415,nonzero
isear_01411,3,26,26,1,0,-0.164638,nonzero
isear_01412,3,45,45,1,0,0.120386,nonzero
isear_01413,1,17,17,0,0,0.000000,nomatch
isear_01414,1,13,13,0,0,0.000000,nomatch
isear_01415,1,17,17,1,0,0.542326,nonzero
isear_01416,1,11,11,0,0,0.000000,nomatch
isear_01417,1,21,21,0,0,0.000000,nomatch
isear_01418,1,13,13,1,0,-0.361158,nonzero
isear_01419,1,7,7,0,0,0.000000,nomatch
isear_01420,1,14,14,1,0,-0.578947,nonzero
isear_01421,1,20,20,1,0,-0.493915,nonzero
isear_01422,1,4,4,0,0,0.000000,nomatch
isear_01423,1,23,23,1,0,0.542326,nonzero
isear_01424,3,33,33,1,0,-0.152944,nonzero
isear_01425,3,25,25,2,0,-0.273330,nonzero
isear_01426,1,11,11,0,1,-0.612372,nonzero
isear_01427,2,22,22,1,0,-0.289473,nonzero
isear_01428,2,28,28,1,0,-0.246957,nonzero
isear_01429,3,33,33,1,0,-0.140488,nonzero
isear_01430,1,12,12,0,0,0.000000,nomatch
isear_01431,3,32,32,1,0,-0.152944,nonzero
isear_01432,4,79,79,3,0,-0.303405,nonzero
isear_01433,2,36,36,1,0,0.246957,nonzero
isear_01434,1,33,33,1,0,-0.578947,nonzero
isear_01435,1,32,32,2,0,-0.648557,nonzero
isear_01436,3,37,37,0,0,0.000000,nomatch
isear_01437,1,14,14,0,0,0.000000,nomatch
isear_01438,7,46,46,0,0,0.000000,nomatch
isear_01439,5,69,69,1,0,-0.117176,nonzero
isear_01440,2,24,24,1,0,-0.180579,nonzero
isear_01441,3,43,43,1,0,-0.216186,nonzero
isear_01442,1,18,18,1,0,-0.493915,nonzero
isear_01443,2,25,25,2,0,-0.359210,nonzero
isear_01444,1,13,13,1,0,0.250000,nonzero
isear_01445,1,13,13,1,0,-0.458831,nonzero
isear_01446,2,26,26,0,0,0.000000,nomatch
isear_01447,1,12,12,0,0,0.000000,nomatch
isear_01448,1,8,8,0,0,0.000000,nomatch
isear_01449,1,16,16,2,0,-0.750630,nonzero
isear_01450,2,26,26,1,0,-0.088929,nonzero
isear_01451,2,25,25,2,0,0.306186,nonzero
isear_01452,4,35,35,1,0,-0.090289,nonzero
isear_01453,2,38,38,1,0,-0.174249,nonzero
isear_01454,3,35,35,1,0,0.164638,nonzero
isear_01455,4,54,54,1,0,-0.169569,nonzero
isear_01456,3,47,47,0,0,0.000000,nomatch
isear_01457,2,36,36,1,0,-0.210732,nonzero
isear_01458,3,37,37,0,0,0.000000,nomatch
isear_01459,4,58,58,1,0,-0.114708,nonzero
isear_01460,2,31,31,0,0,0.000000,nomatch
isear_01461,3,25,25,0,0,0.000000,nomatch
isear_01462,3,36,36,0,0,0.000000,nomatch
isear_01463,3,37,37,0,0,0.000000,nomatch
isear_01464,2,27,27,1,0,-0.289473,nonzero
isear_01465,1,16,16,0,0,0.000000,nomatch
isear_01466,2,43,43,0,0,0.000000,nomatch
isear_01467,2,37,37,0,0,0.000000,nomatch
isear_01468,1,4,4,0,0,0.000000,nomatch
isear_01469,2,19,19,1,0,-0.339137,nonzero
isear_01470,2,21,21,0,0,0.000000,nomatch
isear_01471,3,32,32,1,0,-0.140488,nonzero
isear_01472,1,7,7,0,0,0.000000,nomatch
isear_01473,1,17,17,1,0,-0.458831,nonzero
isear_01474,2,26,26,0,0,0.000000,nomatch
isear_01475,2,19,19,2,0,-0.324279,nonzero
isear_01476,1,16,16,0,0,0.000000,nomatch
isear_01477,1,32,32,1,0,-0.493915,nonzero
isear_01478,1,19,19,0,0,0.000000,nomatch
isear_01479,1,16,16,1,0,0.476658,nonzero
isear_01480,1,27,27,0,0,0.000000,nomatch
isear_01481,1,20,20,0,0,0.000000,nomatch
isear_01482,1,13,13,1,0,-0.128037,nonzero
isear_01483,1,14,14,0,0,0.000000,nomatch
isear_01484,2,18,18,1,0,-0.246957,nonzero
isear_01485,1,21,21,1,0,-0.361158,nonzero
isear_01486,3,38,38,3,0,0.277211,nonzero
isear_01487,2,13,13,0,0,0.000000,nomatch
isear_01488,2,50,50,0,0,0.000000,nomatch
isear_01489,3,27,27,1,0,-0.158886,nonzero
isear_01490,2,24,24,1,0,-0.289473,nonzero
isear_01491,4,36,36,0,0,0.000000,nomatch
isear_01492,3,33,33,1,0,-0.120386,nonzero
isear_01493,3,40,40,1,0,0.120386,nonzero
isear_01494,3,58,58,1,0,-0.185790,nonzero
isear_01495,2,39,39,0,0,0.000000,nomatch
isear_01496,2,20,20,0,0,0.000000,nomatch
isear_01497,6,71,71,2,0,-0.136758,nonzero
isear_01498,2,38,38,0,0,0.000000,nomatch
isear_01499,2,37,37,0,0,0.000000,nomatch
isear_01500,2,26,26,1,0,0.238329,nonzero
isear_01501,3,29,29,3,0,-0.367807,nonzero
isear_01502,3,23,23,1,0,-0.120386,nonzero
isear_01503,2,19,19,2,0,0.008628,nonzero
isear_01504,2,23,23,1,0,-0.289473,nonzero
isear_01505,3,25,25,2,0,-0.254990,nonzero
isear_01506,2,27,27,1,0,-0.210732,nonzero
isear_01507,2,22,22,1,0,0.101144,nonzero
isear_01508,4,41,41,1,0,-0.090289,nonzero
isear_01509,1,26,26,0,0,0.000000,nomatch
isear_01510,2,25,25,0,0,0.000000,nomatch
isear_01511,1,12,12,0,0,0.000000,nomatch
isear_01512,1,9,9,0,0,0.000000,nomatch
isear_01513,3,36,36,0,0,0.000000,nomatch
isear_01514,1,18,18,0,0,0.000000,nomatch
isear_01515,3,43,43,1,0,-0.120386,nonzero
isear_01516,1,22,22,0,0,0.000000,nomatch
isear_01517,1,17,17,0,0,0.000000,nomatch
isear_01518,2,35,35,0,0,0.000000,nomatch
isear_01519,1,17,17,1,0,-0.421464,nonzero
isear_01520,2,27,27,0,0,0.000000,nomatch
isear_01521,3,27,27,0,0,0.000000,nomatch
isear_01522,3,47,47,1,0,-0.152944,nonzero
isear_01523,4,67,67,0,0,0.000000,nomatch
isear_01524,4,46,46,0,0,0.000000,nomatch
isear_01525,2,34,34,0,0,0.000000,nomatch
isear_01526,3,44,44,1,0,-0.164638,nonzero
isear_01527,3,37,37,1,0,-0.175581,nonzero
isear_01528,3,26,26,0,0,0.000000,nomatch
isear_01529,2,21,21,2,0,-0.409994,nonzero
isear_01530,1,27,27,0,0,0.000000,nomatch
isear_01531,3,35,35,0,0,0.000000,nomatch
isear_01532,1,33,33,1,0,-0.493915,nonzero
isear_01533,1,21,21,0,0,0.000000,nomatch
isear_01534,1,17,17,1,0,-0.421464,nonzero
isear_01535,1,8,8,0,0,0.000000,nomatch
isear_01536,1,16,16,0,0,0.000000,nomatch
isear_01537,1,12,12,1,0,-0.458831,nonzero
isear_01538,1,21,21,0,0,0.000000,nomatch
isear_01539,1,14,14,0,0,0.000000,nomatch
isear_01540,1,7,7,0,0,0.000000,nomatch
isear_01541,1,21,21,0,0,0.000000,nomatch
isear_01542,1,20,20,1,0,-0.458831,nonzero
isear_01543,2,25,25,0,0,0.000000,nomatch
isear_01544,2,21,21,0,0,0.000000,nomatch
isear_01545,3,34,34,1,0,-0.140488,nonzero
isear_01546,2,42,42,0,0,0.000000,nomatch
isear_01547,1,13,13,0,0,0.000000,nomatch
isear_01548,1,13,13,0,0,0.000000,nomatch
isear_01549,1,17,17,0,0,0.000000,nomatch
isear_01550,2,24,24,1,0,-0.134303,nonzero
isear_01551,3,36,36,0,0,0.000000,nomatch
isear_01552,1,20,20,0,0,0.000000,nomatch
isear_01553,1,14,14,3,0,-0.855542,nonzero
isear_01554,2,19,19,0,0,0.000000,nomatch
isear_01555,3,34,34,0,0,0.000000,nomatch
isear_01556,1,16,16,0,0,0.000000,nomatch
isear_01557,3,38,38,3,0,-0.289648,nonzero
isear_01558,1,19,19,0,0,0.000000,nomatch
isear_01559,1,15,15,0,0,0.000000,nomatch
isear_01560,1,26,26,0,0,0.000000,nomatch
isear_01561,1,4,4,0,0,0.000000,nomatch
isear_01562,1,19,19,0,0,0.000000,nomatch
isear_01563,2,19,19,0,0,0.000000,nomatch
isear_01564,2,26,26,2,0,-0.285942,nonzero
isear_01565,1,32,32,0,0,0.000000,nomatch
isear_01566,1,25,25,3,0,0.458831,nonzero
isear_01567,1,19,19,0,0,0.000000,nomatch
isear_01568,1,20,20,0,0,0.000000,nomatch
isear_01569,1,20,20,1,0,-0.421464,nonzero
isear_01570,1,4,4,0,0,0.000000,nomatch
isear_01571,2,25,25,0,0,0.000000,nomatch
isear_01572,1,14,14,1,0,-0.458831,nonzero
isear_01573,1,15,15,0,0,0.000000,nomatch
isear_01574,2,23,23,0,0,0.000000,nomatch
isear_01575,1,14,14,0,0,0.000000,nomatch
isear_01576,1,13,13,1,0,-0.458831,nonzero
isear_01577,1,13,13,0,0,0.000000,nomatch
isear_01578,1,28,28,0,0,0.000000,nomatch
isear_01579,1,5,5,1,0,-0.458831,nonzero
isear_01580,1,9,9,0,0,0.000000,nomatch
isear_01581,1,11,11,0,0,0.000000,nomatch
isear_01582,1,11,11,1,0,-0.421464,nonzero
isear_01583,1,28,28,1,0,-0.458831,nonzero
isear_01584,1,5,5,0,0,0.000000,nomatch
isear_01585,3,34,34,0,0,0.000000,nomatch
isear_01586,1,3,3,0,0,0.000000,nomatch
isear_01587,1,16,16,1,0,-0.361158,nonzero
isear_01588,1,5,5,0,0,0.000000,nomatch
isear_01589,1,2,2,0,0,0.000000,nomatch
isear_01590,1,21,21,1,0,-0.421464,nonzero
isear_01591,1,12,12,1,0,0.709560,nonzero
isear_01592,2,32,32,0,0,0.000000,nomatch
isear_01593,1,29,29,1,0,-0.458831,nonzero
isear_01594,4,50,50,1,0,-0.077342,nonzero
isear_01595,1,30,30,0,0,0.000000,nomatch
isear_01596,2,28,28,0,0,0.000000,nomatch
isear_01597,1,9,9,0,0,0.000000,nomatch
isear_01598,1,29,29,0,0,0.000000,nomatch
isear_01599,2,33,33,0,0,0.000000,nomatch
isear_01600,1,11,11,0,0,0.000000,nomatch
isear_01601,1,31,31,1,0,0.090003,nonzero
isear_01602,1,35,35,1,0,-0.476658,nonzero
isear_01603,2,13,13,0,0,0.000000,nomatch
isear_01604,1,18,18,1,0,-0.493915,nonzero
isear_01605,1,9,9,0,0,0.000000,nomatch
isear_01606,1,23,23,0,0,0.000000,nomatch
isear_01607,1,11,11,2,0,0.102733,nonzero
isear_01608,1,21,21,0,0,0.000000,nomatch
isear_01609,1,13,13,1,0,0.339950,nonzero
isear_01610,1,17,17,1,0,0.240590,nonzero
isear_01611,1,29,29,2,0,-0.051571,nonzero
isear_01612,1,5,5,0,0,0.000000,nomatch
isear_01613,1,24,24,0,0,0.000000,nomatch
isear_01614,1,32,32,1,0,0.128037,nonzero
isear_01615,1,41,41,0,0,0.000000,nomatch
isear_01616,1,26,26,0,0,0.000000,nomatch
isear_01617,1,7,7,0,0,0.000000,nomatch
isear_01618,1,21,21,0,0,0.000000,nomatch
isear_01619,1,20,20,1,0,0.361158,nonzero
isear_01620,3,43,43,0,0,0.000000,nomatch
isear_01621,1,15,15,1,0,-0.458831,nonzero
isear_01622,2,29,29,1,0,-0.180579,nonzero
isear_01623,1,11,11,0,0,0.000000,nomatch
isear_01624,1,12,12,0,0,0.000000,nomatch
isear_01625,2,32,32,0,0,0.000000,nomatch
isear_01626,3,34,34,1,0,0.158886,nonzero
isear_01627,4,43,43,1,0,-0.090289,nonzero
isear_01628,2,32,32,1,0,-0.292941,nonzero
isear_01629,3,35,35,0,0,0.000000,nomatch
isear_01630,2,25,25,0,0,0.000000,nomatch
isear_01631,3,28,28,1,0,-0.198012,nonzero
isear_01632,2,26,26,1,0,-0.210732,nonzero
isear_01633,4,43,43,0,0,0.000000,nomatch
isear_01634,4,43,43,0,0,0.000000,nomatch
isear_01635,2,41,41,1,0,0.064019,nonzero
isear_01636,4,47,47,2,0,-0.209454,nonzero
isear_01637,4,37,37,0,0,0.000000,nomatch
isear_01638,1,22,22,0,0,0.000000,nomatch
isear_01639,3,34,34,0,0,0.000000,nomatch
isear_01640,1,8,8,0,0,0.000000,nomatch
isear_01641,1,23,23,2,0,-0.670478,nonzero
isear_01642,1,9,9,0,0,0.000000,nomatch
isear_01643,1,15,15,0,0,0.000000,nomatch
isear_01644,1,9,9,0,0,0.000000,nomatch
isear_01645,1,8,8,0,0,0.000000,nomatch
isear_01646,1,12,12,0,0,0.000000,nomatch
isear_01647,1,13,13,0,0,0.000000,nomatch
isear_01648,1,16,16,1,0,-0.361158,nonzero
isear_01649,1,12,12,0,0,0.000000,nomatch
isear_01650,1,10,10,0,0,0.000000,nomatch
isear_01651,1,18,18,0,0,0.000000,nomatch
isear_01652,1,20,20,0,0,0.000000,nomatch
isear_01653,2,33,33,1,0,-0.210732,nonzero
isear_01654,2,31,31,1,0,0.238329,nonzero
isear_01655,3,28,28,0,0,0.000000,nomatch
isear_01656,3,40,40,0,0,0.000000,nomatch
isear_01657,3,28,28,2,0,-0.260874,nonzero
isear_01658,2,25,25,2,0,-0.347804,nonzero
isear_01659,3,31,31,0,0,0.000000,nomatch
isear_01660,3,29,29,2,0,-0.280976,nonzero
isear_01661,2,24,24,0,0,0.000000,nomatch
isear_01662,3,43,43,1,0,-0.152944,nonzero
isear_01663,2,26,26,1,0,-0.246957,nonzero
isear_01664,2,21,21,1,0,0.125000,nonzero
isear_01665,1,22,22,0,0,0.000000,nomatch
isear_01666,2,24,24,1,0,-0.246957,nonzero
isear_01667,3,48,48,0,0,0.000000,nomatch
isear_01668,2,25,25,0,0,0.000000,nomatch
isear_01669,6,67,67,1,0,-0.076472,nonzero
isear_01670,5,61,61,2,0,-0.141912,nonzero
isear_01671,3,33,33,0,0,0.000000,nomatch
isear_01672,5,56,56,0,0,0.000000,nomatch
isear_01673,3,38,38,1,0,-0.164638,nonzero
isear_01674,1,22,22,1,0,-0.421464,nonzero
isear_01675,2,25,25,0,0,0.000000,nomatch
isear_01676,2,26,26,0,0,0.000000,nomatch
isear_01677,2,36,36,0,0,0.000000,nomatch
isear_01678,3,30,30,2,0,-0.305887,nonzero
isear_01679,1,20,20,0,0,0.000000,nomatch
isear_01680,3,27,27,0,0,0.000000,nomatch
isear_01681,1,16,16,0,0,0.000000,nomatch
isear_01682,1,15,15,0,0,0.000000,nomatch
isear_01683,1,27,27,1,0,-0.458831,nonzero
isear_01684,1,31,31,0,1,-0.612372,nonzero
isear_01685,3,25,25,1,0,-0.192982,nonzero
isear_01686,4,48,48,0,0,0.000000,nomatch
isear_01687,3,44,44,0,0,0.000000,nomatch
isear_01688,2,21,21,0,0,0.000000,nomatch
isear_01689,2,27,27,1,0,-0.229415,nonzero
isear_01690,2,31,31,1,0,-0.229415,nonzero
isear_01691,2,32,32,1,0,-0.210732,nonzero
isear_01692,2,32,32,1,0,-0.289473,nonzero
isear_01693,2,42,42,1,0,-0.180579,nonzero
isear_01694,3,46,46,0,0,0.000000,nomatch
isear_01695,3,27,27,0,0,0.000000,nomatch
isear_01696,2,24,24,1,0,-0.229415,nonzero
isear_01697,2,19,19,0,0,0.000000,nomatch
isear_01698,1,28,28,1,0,-0.476658,nonzero
isear_01699,1,12,12,0,0,0.000000,nomatch
isear_01700,3,40,40,1,0,-0.164638,nonzero
isear_01701,4,49,49,2,0,0.000000,cancel
isear_01702,2,41,41,1,0,0.180579,nonzero
isear_01703,5,51,51,2,0,-0.189408,nonzero
isear_01704,3,46,46,1,0,-0.152944,nonzero
isear_01705,2,24,24,1,0,-0.210732,nonzero
isear_01706,1,19,19,1,0,-0.735147,nonzero
isear_01707,1,18,18,1,0,-0.413716,nonzero
isear_01708,2,23,23,3,0,-0.159832,nonzero
isear_01709,2,37,37,0,0,0.000000,nomatch
isear_01710,1,13,13,0,0,0.000000,nomatch
isear_01711,3,57,57,2,0,-0.028000,nonzero
isear_01712,7,76,76,2,0,-0.117141,nonzero
isear_01713,4,51,51,0,0,0.000000,nomatch
isear_01714,2,35,35,0,0,0.000000,nomatch
isear_01715,9,95,95,0,0,0.000000,nomatch
isear_01716,2,44,44,1,0,0.180579,nonzero
isear_01717,2,34,34,1,0,-0.292941,nonzero
isear_01718,4,49,49,1,0,-0.139343,nonzero
isear_01719,4,69,69,1,0,-0.119165,nonzero
isear_01720,1,11,11,1,0,-0.578947,nonzero
isear_01721,2,39,39,1,0,-0.246957,nonzero
isear_01722,2,47,47,1,0,-0.154685,nonzero
isear_01723,1,18,18,0,0,0.000000,nomatch
isear_01724,2,29,29,0,0,0.000000,nomatch
isear_01725,1,25,25,1,0,-0.458831,nonzero
isear_01726,1,11,11,0,0,0.000000,nomatch
isear_01727,2,26,26,1,0,-0.289473,nonzero
isear_01728,3,36,36,0,0,0.000000,nomatch
isear_01729,2,23,23,1,0,-0.210732,nonzero
isear_01730,4,67,67,1,0,0.050572,nonzero
isear_01731,4,50,50,4,0,-0.261425,nonzero
isear_01732,3,43,43,0,0,0.000000,nomatch
isear_01733,3,40,40,1,0,-0.120386,nonzero
isear_01734,1,16,16,0,0,0.000000,nomatch
isear_01735,3,25,25,1,0,-0.137905,nonzero
isear_01736,2,31,31,2,0,-0.354780,nonzero
isear_01737,1,10,10,0,0,0.000000,nomatch
isear_01738,1,11,11,0,0,0.000000,nomatch
isear_01739,1,20,20,1,0,-0.458831,nonzero
isear_01740,1,9,9,0,0,0.000000,nomatch
isear_01741,1,5,5,0,0,0.000000,nomatch
isear_01742,1,24,24,1,0,-0.493915,nonzero
isear_01743,1,21,21,0,0,0.000000,nomatch
isear_01744,1,23,23,1,0,-0.361158,nonzero
isear_01745,1,13,13,0,0,0.000000,nomatch
isear_01746,1,22,22,1,0,-0.361158,nonzero
isear_01747,1,3,3,0,0,0.000000,nomatch
isear_01748,1,21,21,0,0,0.000000,nomatch
isear_01749,3,33,33,0,0,0.000000,nomatch
isear_01750,2,24,24,0,0,0.000000,nomatch
isear_01751,1,28,28,0,0,0.000000,nomatch
isear_01752,4,46,46,4,0,-0.489077,nonzero
isear_01753,2,31,31,1,0,-0.292941,nonzero
isear_01754,5,72,72,2,0,0.003451,nonzero
isear_01755,3,42,42,1,0,-0.226091,nonzero
isear_01756,3,54,54,0,0,0.000000,nomatch
isear_01757,2,46,46,3,0,-0.093454,nonzero
isear_01758,2,27,27,0,0,0.000000,nomatch
isear_01759,4,48,48,1,0,-0.123479,nonzero
isear_01760,4,59,59,1,0,-0.114708,nonzero
isear_01761,3,31,31,0,0,0.000000,nomatch
isear_01762,5,54,54,2,0,-0.214241,nonzero
isear_01763,4,39,39,0,0,0.000000,nomatch
isear_01764,4,50,50,0,0,0.000000,nomatch
isear_01765,3,35,35,0,0,0.000000,nomatch
isear_01766,1,27,27,0,0,0.000000,nomatch
isear_01767,2,35,35,0,0,0.000000,nomatch
isear_01768,1,14,14,1,0,0.542326,nonzero
isear_01769,1,10,10,0,0,0.000000,nomatch
isear_01770,2,25,25,1,0,-0.246957,nonzero
isear_01771,2,19,19,1,0,-0.258564,nonzero
isear_01772,2,23,23,0,0,0.000000,nomatch
isear_01773,4,60,60,1,0,-0.114708,nonzero
isear_01774,3,42,42,1,0,0.120386,nonzero
isear_01775,3,48,48,1,0,-0.158886,nonzero
isear_01776,3,32,32,0,0,0.000000,nomatch
isear_01777,5,44,44,1,0,-0.098783,nonzero
isear_01778,7,85,85,2,0,-0.122153,nonzero
isear_01779,4,32,32,1,0,0.135581,nonzero
isear_01780,2,27,27,0,0,0.000000,nomatch
isear_01781,2,22,22,0,0,0.000000,nomatch
isear_01782,1,10,10,0,0,0.000000,nomatch
isear_01783,1,15,15,1,0,-0.578947,nonzero
isear_01784,3,46,46,0,0,0.000000,nomatch
isear_01785,1,20,20,0,0,0.000000,nomatch
isear_01786,2,31,31,1,0,-0.306186,nonzero
isear_01787,3,35,35,2,0,-0.248193,nonzero
isear_01788,3,30,30,0,0,0.000000,nomatch
isear_01789,1,14,14,0,0,0.000000,nomatch
isear_01790,2,41,41,2,0,0.125000,nonzero
isear_01791,3,29,29,1,0,-0.164638,nonzero
isear_01792,4,57,57,1,0,-0.105366,nonzero
isear_01793,1,14,14,0,0,0.000000,nomatch
isear_01794,1,4,4,0,0,0.000000,nomatch
isear_01795,1,8,8,0,0,0.000000,nomatch
isear_01796,1,4,4,0,0,0.000000,nomatch
isear_01797,1,13,13,0,0,0.000000,nomatch
isear_01798,1,8,8,0,0,0.000000,nomatch
isear_01799,1,12,12,0,0,0.000000,nomatch
isear_01800,1,18,18,0,0,0.000000,nomatch
isear_01801,1,39,39,3,0,-0.790569,nonzero
isear_01802,1,26,26,1,0,-0.458831,nonzero
isear_01803,1,7,7,0,0,0.000000,nomatch
isear_01804,2,31,31,0,0,0.000000,nomatch
isear_01805,1,9,9,0,0,0.000000,nomatch
isear_01806,1,23,23,0,0,0.000000,nomatch
isear_01807,1,6,6,0,0,0.000000,nomatch
isear_01808,1,9,9,1,0,-0.458831,nonzero
isear_01809,1,10,10,0,0,0.000000,nomatch
isear_01810,1,7,7,0,0,0.000000,nomatch
isear_01811,1,19,19,1,0,-0.578947,nonzero
isear_01812,2,22,22,0,0,0.000000,nomatch
isear_01813,1,18,18,0,0,0.000000,nomatch
isear_01814,1,20,20,0,0,0.000000,nomatch
isear_01815,1,38,38,0,0,0.000000,nomatch
isear_01816,1,22,22,0,0,0.000000,nomatch
isear_01817,1,4,4,0,0,0.000000,nomatch
isear_01818,1,19,19,1,0,0.250000,nonzero
isear_01819,1,17,17,1,0,-0.458831,nonzero
isear_01820,2,42,42,2,0,-0.418908,nonzero
isear_01821,1,8,8,0,0,0.000000,nomatch
isear_01822,1,14,14,1,0,-0.458831,nonzero
isear_01823,2,26,26,0,0,0.000000,nomatch
isear_01824,1,12,12,0,0,0.000000,nomatch
isear_01825,2,31,31,1,0,-0.289473,nonzero
isear_01826,1,18,18,0,0,0.000000,nomatch
isear_01827,1,17,17,0,0,0.000000,nomatch
isear_01828,1,16,16,0,0,0.000000,nomatch
isear_01829,2,26,26,1,0,-0.180579,nonzero
isear_01830,1,20,20,0,0,0.000000,nomatch
isear_01831,2,14,14,0,0,0.000000,nomatch
isear_01832,2,18,18,0,0,0.000000,nomatch
isear_01833,2,26,26,0,0,0.000000,nomatch
isear_01834,3,29,29,1,0,-0.204124,nonzero
isear_01835,2,16,16,0,0,0.000000,nomatch
isear_01836,1,13,13,0,0,0.000000,nomatch
isear_01837,1,20,20,0,0,0.000000,nomatch
isear_01838,1,9,9,1,0,-0.361158,nonzero
isear_01839,1,13,13,1,0,-0.493915,nonzero
isear_01840,1,21,21,0,0,0.000000,nomatch
isear_01841,1,6,6,2,0,0.128037,nonzero
isear_01842,2,24,24,1,0,0.224852,nonzero
isear_01843,2,28,28,5,0,-0.530753,nonzero
isear_01844,2,15,15,1,0,-0.229415,nonzero
isear_01845,2,26,26,1,0,-0.306186,nonzero
isear_01846,2,42,42,2,0,-0.414701,nonzero
isear_01847,3,39,39,0,0,0.000000,nomatch
isear_01848,3,46,46,3,0,-0.373938,nonzero
isear_01849,2,27,27,1,0,0.180579,nonzero
isear_01850,2,32,32,0,0,0.000000,nomatch
isear_01851,1,18,18,1,0,0.000000,cancel
isear_01852,1,10,10,0,0,0.000000,nomatch
isear_01853,2,24,24,1,0,-0.327655,nonzero
isear_01854,1,10,10,0,0,0.000000,nomatch
isear_01855,2,35,35,1,0,-0.210732,nonzero
isear_01856,2,22,22,0,0,0.000000,nomatch
isear_01857,2,21,21,1,0,0.125000,nonzero
isear_01858,2,15,15,0,0,0.000000,nomatch
isear_01859,1,11,11,0,0,0.000000,nomatch
isear_01860,1,14,14,0,0,0.000000,nomatch
isear_01861,1,29,29,0,0,0.000000,nomatch
isear_01862,1,21,21,0,0,0.000000,nomatch
isear_01863,2,34,34,1,0,-0.229415,nonzero
isear_01864,2,16,16,0,0,0.000000,nomatch
isear_01865,1,24,24,2,0,-0.714034,nonzero
isear_01866,4,30,30,1,0,0.105366,nonzero
isear_01867,1,13,13,0,0,0.000000,nomatch
isear_01868,1,21,21,1,0,-0.709560,nonzero
isear_01869,1,21,21,0,0,0.000000,nomatch
isear_01870,1,10,10,0,0,0.000000,nomatch
isear_01871,3,36,36,0,0,0.000000,nomatch
isear_01872,1,12,12,1,0,-0.361158,nonzero
isear_01873,2,20,20,1,0,-0.289473,nonzero
isear_01874,1,14,14,0,0,0.000000,nomatch
isear_01875,2,28,28,0,0,0.000000,nomatch
isear_01876,1,8,8,0,0,0.000000,nomatch
isear_01877,1,13,13,0,0,0.000000,nomatch
isear_01878,1,5,5,0,0,0.000000,nomatch
isear_01879,1,7,7,0,0,0.000000,nomatch
isear_01880,1,11,11,0,0,0.000000,nomatch
isear_01881,1,5,5,0,0,0.000000,nomatch
isear_01882,1,7,7,0,0,0.000000,nomatch
isear_01883,1,4,4,0,0,0.000000,nomatch
isear_01884,1,8,8,0,0,0.000000,nomatch
isear_01885,1,7,7,0,0,0.000000,nomatch
isear_01886,1,4,4,1,0,-0.421464,nonzero
isear_01887,1,10,10,0,0,0.000000,nomatch
isear_01888,2,11,11,0,0,0.000000,nomatch
isear_01889,1,6,6,0,0,0.000000,nomatch
isear_01890,1,8,8,0,0,0.000000,nomatch
isear_01891,1,14,14,0,0,0.000000,nomatch
isear_01892,1,26,26,0,0,0.000000,nomatch
isear_01893,1,11,11,0,0,0.000000,nomatch
isear_01894,1,35,35,0,0,0.000000,nomatch
isear_01895,1,17,17,0,0,0.000000,nomatch
isear_01896,1,18,18,0,0,0.000000,nomatch
isear_01897,1,9,9,0,0,0.000000,nomatch
isear_01898,1,9,9,0,0,0.000000,nomatch
isear_01899,1,15,15,1,0,-0.309370,nonzero
isear_01900,1,4,4,0,0,0.000000,nomatch
isear_01901,2,22,22,0,0,0.000000,nomatch
isear_01902,1,20,20,0,0,0.000000,nomatch
isear_01903,1,17,17,0,0,0.000000,nomatch
isear_01904,2,72,72,1,0,-0.229415,nonzero
isear_01905,3,52,52,0,0,0.000000,nomatch
isear_01906,3,60,60,1,0,-0.152944,nonzero
isear_01907,2,47,47,0,0,0.000000,nomatch
isear_01908,1,31,31,0,0,0.000000,nomatch
isear_01909,2,36,36,1,0,0.064019,nonzero
isear_01910,1,15,15,0,0,0.000000,nomatch
isear_01911,2,45,45,1,0,0.169975,nonzero
isear_01912,1,26,26,1,0,-0.309370,nonzero
isear_01913,1,18,18,0,0,0.000000,nomatch
isear_01914,1,19,19,1,0,0.361158,nonzero
isear_01915,1,35,35,0,0,0.000000,nomatch
isear_01916,1,20,20,0,0,0.000000,nomatch
isear_01917,2,18,18,1,0,0.180579,nonzero
isear_01918,2,22,22,1,0,-0.229415,nonzero
isear_01919,1,27,27,0,1,-0.128037,nonzero
isear_01920,1,10,10,0,0,0.000000,nomatch
isear_01921,1,22,22,1,0,-0.578947,nonzero
isear_01922,1,14,14,1,0,-0.493915,nonzero
isear_01923,1,10,10,0,0,0.000000,nomatch
isear_01924,1,13,13,0,0,0.000000,nomatch
isear_01925,1,10,10,1,0,0.339950,nonzero
isear_01926,1,3,3,1,0,-0.578947,nonzero
isear_01927,1,14,14,0,0,0.000000,nomatch
isear_01928,1,29,29,1,0,-0.578947,nonzero
isear_01929,1,15,15,3,0,-0.831632,nonzero
isear_01930,2,19,19,1,0,0.154685,nonzero
isear_01931,1,7,7,0,0,0.000000,nomatch
isear_01932,1,12,12,1,0,-0.458831,nonzero
isear_01933,1,7,7,1,0,-0.458831,nonzero
isear_01934,1,7,7,0,0,0.000000,nomatch
isear_01935,1,22,22,1,0,-0.578947,nonzero
isear_01936,1,20,20,1,0,0.339950,nonzero
isear_01937,1,14,14,1,0,-0.421464,nonzero
isear_01938,1,40,40,2,0,0.675700,nonzero
isear_01939,1,24,24,0,0,0.000000,nomatch
isear_01940,2,48,48,4,0,-0.529207,nonzero
isear_01941,1,36,36,1,0,-0.361158,nonzero
isear_01942,2,20,20,0,0,0.000000,nomatch
isear_01943,1,39,39,0,0,0.000000,nomatch
isear_01944,1,24,24,0,0,0.000000,nomatch
isear_01945,1,1,1,0,0,0.000000,nomatch
isear_01946,1,17,17,1,0,0.250000,nonzero
isear_01947,1,28,28,1,0,0.128037,nonzero
isear_01948,2,10,10,0,0,0.000000,nomatch
isear_01949,1,27,27,0,0,0.000000,nomatch
isear_01950,1,22,22,0,0,0.000000,nomatch
isear_01951,1,26,26,0,0,0.000000,nomatch
isear_01952,1,16,16,1,0,0.493915,nonzero
isear_01953,1,28,28,1,0,-0.458831,nonzero
isear_01954,2,44,44,2,0,-0.440148,nonzero
isear_01955,1,13,13,0,0,0.000000,nomatch
isear_01956,1,14,14,1,0,-0.578947,nonzero
isear_01957,1,45,45,2,0,0.000000,cancel
isear_01958,3,56,56,2,0,0.000000,cancel
isear_01959,1,14,14,1,0,0.542326,nonzero
isear_01960,4,61,61,1,0,-0.090289,nonzero
isear_01961,1,42,42,1,0,-0.458831,nonzero
isear_01962,3,50,50,0,0,0.000000,nomatch
isear_01963,1,6,6,0,0,0.000000,nomatch
isear_01964,1,19,19,0,0,0.000000,nomatch
isear_01965,2,42,42,3,0,-0.425948,nonzero
isear_01966,1,9,9,0,0,0.000000,nomatch
isear_01967,1,38,38,0,0,0.000000,nomatch
isear_01968,1,40,40,0,0,0.000000,nomatch
isear_01969,1,26,26,1,0,-0.361158,nonzero
isear_01970,1,10,10,1,0,0.361158,nonzero
isear_01971,1,14,14,0,0,0.000000,nomatch
isear_01972,1,14,14,0,0,0.000000,nomatch
isear_01973,1,33,33,0,0,0.000000,nomatch
isear_01974,1,11,11,1,0,-0.458831,nonzero
isear_01975,1,18,18,0,0,0.000000,nomatch
isear_01976,1,12,12,3,0,0.401924,nonzero
isear_01977,1,6,6,0,0,0.000000,nomatch
isear_01978,1,19,19,4,0,-0.882840,nonzero
isear_01979,1,26,26,2,0,-0.612372,nonzero
isear_01980,1,5,5,0,0,0.000000,nomatch
isear_01981,1,15,15,0,0,0.000000,nomatch
isear_01982,1,30,30,0,0,0.000000,nomatch
isear_01983,1,3,3,0,0,0.000000,nomatch
isear_01984,1,11,11,0,0,0.000000,nomatch
isear_01985,1,5,5,1,0,-0.655311,nonzero
isear_01986,1,14,14,1,0,-0.458831,nonzero
isear_01987,1,10,10,0,0,0.000000,nomatch
isear_01988,1,13,13,0,0,0.000000,nomatch
isear_01989,1,22,22,0,0,0.000000,nomatch
isear_01990,1,19,19,0,0,0.000000,nomatch
isear_01991,2,28,28,0,0,0.000000,nomatch
isear_01992,1,8,8,1,0,-0.655311,nonzero
isear_01993,1,34,34,0,0,0.000000,nomatch
isear_01994,1,9,9,0,0,0.000000,nomatch
isear_01995,1,25,25,2,0,-0.128037,nonzero
isear_01996,1,22,22,0,0,0.000000,nomatch
isear_01997,1,15,15,2,0,-0.718421,nonzero
isear_01998,1,20,20,0,0,0.000000,nomatch
isear_01999,1,22,22,0,0,0.000000,nomatch
isear_02000,1,9,9,0,0,0.000000,nomatch
isear_02001,3,28,28,0,0,0.000000,nomatch
isear_02002,2,39,39,1,0,-0.229415,nonzero
isear_02003,1,21,21,1,0,0.128037,nonzero
isear_02004,1,5,5,0,0,0.000000,nomatch
isear_02005,1,32,32,0,0,0.000000,nomatch
isear_02006,1,12,12,0,0,0.000000,nomatch
isear_02007,1,13,13,0,0,0.000000,nomatch
isear_02008,1,18,18,1,0,0.128037,nonzero
isear_02009,2,18,18,1,0,-0.180579,nonzero
isear_02010,1,11,11,0,0,0.000000,nomatch
isear_02011,1,31,31,0,0,0.000000,nomatch
isear_02012,1,16,16,1,0,-0.458831,nonzero
isear_02013,1,18,18,1,0,-0.458831,nonzero
isear_02014,2,24,24,2,0,-0.458831,nonzero
isear_02015,1,26,26,0,0,0.000000,nomatch
isear_02016,3,47,47,1,0,0.042679,nonzero
isear_02017,1,27,27,0,0,0.000000,nomatch
isear_02018,1,15,15,1,0,-0.361158,nonzero
isear_02019,1,25,25,0,0,0.000000,nomatch
isear_02020,1,17,17,1,0,-0.458831,nonzero
isear_02021,1,25,25,2,0,-0.339950,nonzero
isear_02022,1,31,31,0,0,0.000000,nomatch
isear_02023,1,11,11,0,0,0.000000,nomatch
isear_02024,1,19,19,0,0,0.000000,nomatch
isear_02025,1,18,18,0,0,0.000000,nomatch
isear_02026,1,10,10,1,0,0.361158,nonzero
isear_02027,1,15,15,0,0,0.000000,nomatch
isear_02028,1,6,6,0,0,0.000000,nomatch
isear_02029,3,35,35,0,0,0.000000,nomatch
isear_02030,1,31,31,0,0,0.000000,nomatch
isear_02031,3,27,27,1,0,-0.152944,nonzero
isear_02032,2,24,24,0,0,0.000000,nomatch
isear_02033,2,30,30,1,0,-0.306186,nonzero
isear_02034,2,17,17,0,0,0.000000,nomatch
isear_02035,1,13,13,1,0,-0.421464,nonzero
isear_02036,2,11,11,0,0,0.000000,nomatch
isear_02037,2,30,30,0,0,0.000000,nomatch
isear_02038,1,20,20,1,0,-0.458831,nonzero
isear_02039,2,28,28,0,0,0.000000,nomatch
isear_02040,1,27,27,0,0,0.000000,nomatch
isear_02041,2,49,49,2,0,-0.359210,nonzero
isear_02042,2,29,29,1,0,-0.272689,nonzero
isear_02043,2,13,13,0,0,0.000000,nomatch
isear_02044,1,10,10,0,0,0.000000,nomatch
isear_02045,1,11,11,0,0,0.000000,nomatch
isear_02046,2,10,10,0,0,0.000000,nomatch
isear_02047,2,34,34,1,0,0.125000,nonzero
isear_02048,1,33,33,1,0,-0.143103,nonzero
isear_02049,1,20,20,1,0,-0.421464,nonzero
isear_02050,2,46,46,0,0,0.000000,nomatch
isear_02051,3,39,39,1,0,-0.120386,nonzero
isear_02052,4,44,44,0,0,0.000000,nomatch
isear_02053,3,43,43,1,0,-0.120386,nonzero
isear_02054,2,26,26,0,0,0.000000,nomatch
isear_02055,2,19,19,0,0,0.000000,nomatch
isear_02056,2,31,31,1,0,-0.229415,nonzero
isear_02057,1,18,18,0,0,0.000000,nomatch
isear_02058,2,26,26,0,0,0.000000,nomatch
isear_02059,2,36,36,3,0,0.000000,cancel
isear_02060,1,10,10,0,0,0.000000,nomatch
isear_02061,1,35,35,0,0,0.000000,nomatch
isear_02062,2,21,21,0,0,0.000000,nomatch
isear_02063,1,33,33,1,0,-0.421464,nonzero
isear_02064,1,22,22,1,0,-0.476658,nonzero
isear_02065,1,15,15,2,0,-0.680823,nonzero
isear_02066,1,23,23,1,0,0.250000,nonzero
isear_02067,1,5,5,0,0,0.000000,nomatch
isear_02068,1,16,16,1,0,-0.578947,nonzero
isear_02069,2,9,9,0,0,0.000000,nomatch
isear_02070,1,24,24,1,0,-0.421464,nonzero
isear_02071,1,22,22,0,0,0.000000,nomatch
isear_02072,1,15,15,0,0,0.000000,nomatch
isear_02073,2,37,37,1,0,0.169975,nonzero
isear_02074,1,28,28,0,0,0.000000,nomatch
isear_02075,1,24,24,0,0,0.000000,nomatch
isear_02076,1,26,26,1,0,0.309370,nonzero
isear_02077,1,31,31,2,0,-0.510607,nonzero
isear_02078,1,5,5,0,0,0.000000,nomatch
isear_02079,1,38,38,1,0,0.421464,nonzero
isear_02080,1,19,19,0,0,0.000000,nomatch
isear_02081,1,24,24,2,0,-0.743038,nonzero
isear_02082,1,14,14,0,0,0.000000,nomatch
isear_02083,2,35,35,1,0,-0.229415,nonzero
isear_02084,1,3,3,0,0,0.000000,nomatch
isear_02085,1,10,10,0,0,0.000000,nomatch
isear_02086,1,6,6,0,0,0.000000,nomatch
isear_02087,1,12,12,0,0,0.000000,nomatch
isear_02088,1,4,4,0,0,0.000000,nomatch
isear_02089,1,8,8,0,0,0.000000,nomatch
isear_02090,1,10,10,0,0,0.000000,nomatch
isear_02091,1,6,6,0,0,0.000000,nomatch
isear_02092,1,13,13,0,0,0.000000,nomatch
isear_02093,1,13,13,0,0,0.000000,nomatch
isear_02094,1,9,9,0,0,0.000000,nomatch
isear_02095,1,15,15,0,0,0.000000,nomatch
isear_02096,1,12,12,1,0,0.128037,nonzero
isear_02097,1,15,15,1,0,-0.458831,nonzero
isear_02098,1,16,16,0,0,0.000000,nomatch
isear_02099,1,17,17,0,0,0.000000,nomatch
isear_02100,1,13,13,1,0,-0.361158,nonzero
isear_02101,1,11,11,0,0,0.000000,nomatch
isear_02102,1,4,4,0,0,0.000000,nomatch
isear_02103,1,12,12,0,0,0.000000,nomatch
isear_02104,1,8,8,0,0,0.000000,nomatch
isear_02105,1,12,12,1,0,-0.458831,nonzero
isear_02106,1,22,22,0,0,0.000000,nomatch
isear_02107,1,23,23,0,0,0.000000,nomatch
isear_02108,1,21,21,2,0,-0.612372,nonzero
isear_02109,3,33,33,0,0,0.000000,nomatch
isear_02110,2,39,39,1,0,-0.289473,nonzero
isear_02111,1,29,29,2,0,-0.187672,nonzero
isear_02112,3,42,42,1,0,-0.120386,nonzero
isear_02113,1,11,11,0,0,0.000000,nomatch
isear_02114,1,14,14,0,1,-0.128037,nonzero
isear_02115,1,17,17,0,0,0.000000,nomatch
isear_02116,3,39,39,0,0,0.000000,nomatch
isear_02117,2,42,42,0,0,0.000000,nomatch
isear_02118,1,8,8,0,0,0.000000,nomatch
isear_02119,1,24,24,0,1,-0.128037,nonzero
isear_02120,1,19,19,0,0,0.000000,nomatch
isear_02121,2,26,26,0,0,0.000000,nomatch
isear_02122,2,20,20,1,0,-0.246957,nonzero
isear_02123,1,9,9,1,0,-0.458831,nonzero
isear_02124,1,37,37,0,0,0.000000,nomatch
isear_02125,1,6,6,0,0,0.000000,nomatch
isear_02126,1,6,6,0,0,0.000000,nomatch
isear_02127,1,8,8,0,0,0.000000,nomatch
isear_02128,1,7,7,1,0,-0.458831,nonzero
isear_02129,1,7,7,0,0,0.000000,nomatch
isear_02130,1,19,19,0,0,0.000000,nomatch
isear_02131,1,6,6,0,0,0.000000,nomatch
isear_02132,1,24,24,0,0,0.000000,nomatch
isear_02133,1,9,9,0,0,0.000000,nomatch
isear_02134,3,43,43,1,0,-0.120386,nonzero
isear_02135,1,6,6,0,0,0.000000,nomatch
isear_02136,2,36,36,0,0,0.000000,nomatch
isear_02137,1,12,12,0,0,0.000000,nomatch
isear_02138,1,15,15,0,0,0.000000,nomatch
isear_02139,1,15,15,1,0,0.458831,nonzero
isear_02140,1,6,6,1,0,-0.361158,nonzero
isear_02141,1,4,4,0,0,0.000000,nomatch
isear_02142,1,10,10,0,0,0.000000,nomatch
isear_02143,1,13,13,1,0,-0.458831,nonzero
isear_02144,2,41,41,1,0,-0.229415,nonzero
isear_02145,1,10,10,2,0,-0.690775,nonzero
isear_02146,1,14,14,0,0,0.000000,nomatch
isear_02147,1,23,23,1,0,0.177858,nonzero
isear_02148,1,11,11,1,0,0.421464,nonzero
isear_02149,1,20,20,1,0,0.458831,nonzero
isear_02150,1,11,11,0,0,0.000000,nomatch
isear_02151,1,12,12,1,0,0.563239,nonzero
isear_02152,1,12,12,0,0,0.000000,nomatch
isear_02153,1,9,9,0,0,0.000000,nomatch
isear_02154,1,37,37,0,0,0.000000,nomatch
isear_02155,1,14,14,3,0,-0.411765,nonzero
isear_02156,2,27,27,1,0,0.229415,nonzero
isear_02157,2,35,35,5,0,-0.500607,nonzero
isear_02158,1,16,16,0,0,0.000000,nomatch
isear_02159,1,17,17,0,0,0.000000,nomatch
isear_02160,2,22,22,0,0,0.000000,nomatch
isear_02161,1,32,32,1,0,0.361158,nonzero
isear_02162,1,19,19,0,0,0.000000,nomatch
isear_02163,1,8,8,0,0,0.000000,nomatch
isear_02164,1,18,18,0,0,0.000000,nomatch
isear_02165,1,17,17,0,0,0.000000,nomatch
isear_02166,1,5,5,0,0,0.000000,nomatch
isear_02167,2,24,24,0,0,0.000000,nomatch
isear_02168,1,24,24,0,0,0.000000,nomatch
isear_02169,1,9,9,1,0,-0.458831,nonzero
isear_02170,1,12,12,0,0,0.000000,nomatch
isear_02171,1,13,13,1,0,0.361158,nonzero
isear_02172,1,9,9,0,0,0.000000,nomatch
isear_02173,1,6,6,1,0,-0.361158,nonzero
isear_02174,1,10,10,0,0,0.000000,nomatch
isear_02175,1,6,6,1,0,-0.202289,nonzero
isear_02176,1,12,12,1,0,0.361158,nonzero
isear_02177,2,17,17,0,0,0.000000,nomatch
isear_02178,1,11,11,0,0,0.000000,nomatch
isear_02179,1,8,8,1,0,0.493915,nonzero
isear_02180,1,12,12,0,0,0.000000,nomatch
isear_02181,1,17,17,0,0,0.000000,nomatch
isear_02182,4,29,29,0,0,0.000000,nomatch
isear_02183,1,23,23,0,0,0.000000,nomatch
isear_02184,2,17,17,2,0,-0.359210,nonzero
isear_02185,1,18,18,0,0,0.000000,nomatch
isear_02186,1,11,11,1,0,0.493915,nonzero
isear_02187,1,12,12,0,0,0.000000,nomatch
isear_02188,1,13,13,0,0,0.000000,nomatch
isear_02189,1,20,20,1,0,-0.578947,nonzero
isear_02190,1,8,8,0,0,0.000000,nomatch
isear_02191,1,7,7,0,0,0.000000,nomatch
isear_02192,1,10,10,0,0,0.000000,nomatch
isear_02193,1,9,9,0,0,0.000000,nomatch
isear_02194,1,8,8,0,0,0.000000,nomatch
isear_02195,1,6,6,0,0,0.000000,nomatch
isear_02196,1,9,9,0,0,0.000000,nomatch
isear_02197,1,13,13,0,0,0.000000,nomatch
isear_02198,1,6,6,0,0,0.000000,nomatch
isear_02199,1,3,3,0,0,0.000000,nomatch
isear_02200,1,9,9,1,0,-0.361158,nonzero
isear_02201,1,14,14,0,0,0.000000,nomatch
isear_02202,1,12,12,0,0,0.000000,nomatch
isear_02203,2,23,23,0,0,0.000000,nomatch
isear_02204,1,5,5,0,0,0.000000,nomatch
isear_02205,1,7,7,0,0,0.000000,nomatch
isear_02206,1,5,5,0,0,0.000000,nomatch
isear_02207,1,6,6,0,0,0.000000,nomatch
isear_02208,1,4,4,1,0,-0.578947,nonzero
isear_02209,1,5,5,1,0,-0.458831,nonzero
isear_02210,1,3,3,1,0,0.526742,nonzero
isear_02211,1,6,6,0,0,0.000000,nomatch
isear_02212,1,4,4,0,0,0.000000,nomatch
isear_02213,1,16,16,0,0,0.000000,nomatch
isear_02214,1,12,12,0,0,0.000000,nomatch
isear_02215,1,4,4,0,0,0.000000,nomatch
isear_02216,1,16,16,0,0,0.000000,nomatch
isear_02217,1,7,7,1,0,-0.361158,nonzero
isear_02218,1,18,18,0,0,0.000000,nomatch
isear_02219,1,25,25,0,0,0.000000,nomatch
isear_02220,1,10,10,0,0,0.000000,nomatch
isear_02221,1,18,18,2,0,-0.361158,nonzero
isear_02222,2,43,43,1,0,-0.180579,nonzero
isear_02223,1,10,10,0,0,0.000000,nomatch
isear_02224,2,38,38,1,0,-0.229415,nonzero
isear_02225,1,21,21,1,0,-0.421464,nonzero
isear_02226,1,7,7,1,0,0.542326,nonzero
isear_02227,1,15,15,0,0,0.000000,nomatch
isear_02228,1,23,23,0,0,0.000000,nomatch
isear_02229,1,12,12,0,0,0.000000,nomatch
isear_02230,2,38,38,1,0,0.064019,nonzero
isear_02231,1,17,17,0,0,0.000000,nomatch
isear_02232,1,12,12,0,0,0.000000,nomatch
isear_02233,1,25,25,0,0,0.000000,nomatch
isear_02234,1,16,16,0,0,0.000000,nomatch
isear_02235,2,38,38,0,0,0.000000,nomatch
isear_02236,1,19,19,0,0,0.000000,nomatch
isear_02237,1,12,12,0,0,0.000000,nomatch
isear_02238,1,20,20,0,0,0.000000,nomatch
isear_02239,1,13,13,0,0,0.000000,nomatch
isear_02240,2,34,34,0,0,0.000000,nomatch
isear_02241,3,37,37,2,0,0.230258,nonzero
isear_02242,2,24,24,1,0,-0.306186,nonzero
isear_02243,1,25,25,0,0,0.000000,nomatch
isear_02244,2,41,41,2,0,-0.359210,nonzero
isear_02245,2,44,44,0,0,0.000000,nomatch
isear_02246,2,33,33,0,0,0.000000,nomatch
isear_02247,2,46,46,0,0,0.000000,nomatch
isear_02248,1,24,24,0,0,0.000000,nomatch
isear_02249,2,34,34,1,0,-0.147979,nonzero
isear_02250,2,31,31,2,0,-0.345388,nonzero
isear_02251,1,25,25,0,0,0.000000,nomatch
isear_02252,2,42,42,1,0,-0.180579,nonzero
isear_02253,1,12,12,0,0,0.000000,nomatch
isear_02254,2,22,22,4,0,0.790569,nonzero
isear_02255,2,30,30,0,0,0.000000,nomatch
isear_02256,2,44,44,2,0,-0.360247,nonzero
isear_02257,2,29,29,0,0,0.000000,nomatch
isear_02258,1,18,18,1,0,-0.578947,nonzero
isear_02259,1,6,6,1,0,0.339950,nonzero
isear_02260,2,25,25,2,0,-0.359210,nonzero
isear_02261,1,26,26,1,0,0.542326,nonzero
isear_02262,1,4,4,0,0,0.000000,nomatch
isear_02263,2,43,43,0,0,0.000000,nomatch
isear_02264,2,56,56,0,0,0.000000,nomatch
isear_02265,2,49,49,3,0,-0.717065,nonzero
isear_02266,2,26,26,2,0,-0.359210,nonzero
isear_02267,3,37,37,0,0,0.000000,nomatch
isear_02268,1,12,12,0,0,0.000000,nomatch
isear_02269,1,18,18,2,0,0.000000,cancel
isear_02270,1,11,11,1,0,-0.202289,nonzero
isear_02271,2,21,21,0,0,0.000000,nomatch
isear_02272,1,11,11,0,0,0.000000,nomatch
isear_02273,1,19,19,0,0,0.000000,nomatch
isear_02274,1,22,22,0,0,0.000000,nomatch
isear_02275,3,39,39,3,0,0.164795,nonzero
isear_02276,4,44,44,3,0,-0.248034,nonzero
isear_02277,3,54,54,2,1,0.365910,nonzero
isear_02278,1,24,24,0,0,0.000000,nomatch
isear_02279,2,36,36,0,0,0.000000,nomatch
isear_02280,4,48,48,2,0,-0.044464,nonzero
isear_02281,2,46,46,1,0,0.169975,nonzero
isear_02282,3,73,73,2,0,0.239474,nonzero
isear_02283,4,47,47,1,0,-0.114708,nonzero
isear_02284,3,33,33,2,0,-0.042679,nonzero
isear_02285,2,42,42,4,1,-0.520630,nonzero
isear_02286,1,22,22,0,0,0.000000,nomatch
isear_02287,5,54,54,0,0,0.000000,nomatch
isear_02288,3,53,53,1,0,0.081768,nonzero
isear_02289,1,6,6,0,0,0.000000,nomatch
isear_02290,3,39,39,1,0,-0.152944,nonzero
isear_02291,1,15,15,0,0,0.000000,nomatch
isear_02292,1,4,4,0,0,0.000000,nomatch
isear_02293,3,29,29,0,0,0.000000,nomatch
isear_02294,2,49,49,0,0,0.000000,nomatch
isear_02295,1,8,8,0,0,0.000000,nomatch
isear_02296,1,19,19,0,0,0.000000,nomatch
isear_02297,1,21,21,0,0,0.000000,nomatch
isear_02298,2,33,33,0,0,0.000000,nomatch
isear_02299,1,20,20,0,0,0.000000,nomatch
isear_02300,2,25,25,0,0,0.000000,nomatch
isear_02301,1,12,12,0,0,0.000000,nomatch
isear_02302,1,8,8,0,0,0.000000,nomatch
isear_02303,1,23,23,1,0,0.612372,nonzero
isear_02304,1,3,3,1,0,-0.458831,nonzero
isear_02305,1,10,10,1,0,-0.458831,nonzero
isear_02306,1,10,10,1,0,-0.361158,nonzero
isear_02307,1,5,5,1,0,-0.578947,nonzero
isear_02308,1,6,6,1,0,-0.458831,nonzero
isear_02309,1,9,9,1,0,-0.421464,nonzero
isear_02310,1,20,20,0,0,0.000000,nomatch
isear_02311,1,20,20,0,0,0.000000,nomatch
isear_02312,1,11,11,0,0,0.000000,nomatch
isear_02313,2,45,45,0,1,-0.064019,nonzero
isear_02314,2,28,28,1,0,-0.289473,nonzero
isear_02315,1,10,10,0,0,0.000000,nomatch
isear_02316,4,56,56,0,0,0.000000,nomatch
isear_02317,1,20,20,4,0,0.943242,nonzero
isear_02318,1,22,22,2,0,-0.718421,nonzero
isear_02319,2,16,16,0,0,0.000000,nomatch
isear_02320,1,18,18,0,0,0.000000,nomatch
isear_02321,1,22,22,0,0,0.000000,nomatch
isear_02322,1,10,10,1,0,-0.493915,nonzero
isear_02323,2,26,26,2,0,0.088929,nonzero
isear_02324,1,22,22,2,0,0.128037,nonzero
isear_02325,1,28,28,1,0,-0.458831,nonzero
isear_02326,2,32,32,1,0,-0.229415,nonzero
isear_02327,1,13,13,2,0,0.153093,nonzero
isear_02328,1,13,13,1,0,-0.578947,nonzero
isear_02329,1,9,9,0,0,0.000000,nomatch
isear_02330,1,13,13,1,0,-0.421464,nonzero
isear_02331,1,6,6,0,0,0.000000,nomatch
isear_02332,1,5,5,1,0,-0.458831,nonzero
isear_02333,1,11,11,1,0,-0.458831,nonzero
isear_02334,1,13,13,0,0,0.000000,nomatch
isear_02335,1,6,6,1,0,-0.578947,nonzero
isear_02336,1,4,4,1,0,-0.458831,nonzero
isear_02337,1,8,8,0,0,0.000000,nomatch
isear_02338,3,31,31,3,0,0.223821,nonzero
isear_02339,2,51,51,1,0,-0.278685,nonzero
isear_02340,1,24,24,0,0,0.000000,nomatch
isear_02341,1,56,56,0,0,0.000000,nomatch
isear_02342,3,56,56,0,0,0.000000,nomatch
isear_02343,2,34,34,0,0,0.000000,nomatch
isear_02344,1,50,50,2,0,0.295958,nonzero
isear_02345,1,13,13,1,0,0.493915,nonzero
isear_02346,1,8,8,2,0,-0.670478,nonzero
isear_02347,1,7,7,0,0,0.000000,nomatch
isear_02348,2,21,21,0,0,0.000000,nomatch
isear_02349,1,16,16,0,0,0.000000,nomatch
isear_02350,3,45,45,2,0,0.027832,nonzero
isear_02351,2,26,26,1,0,-0.210732,nonzero
isear_02352,2,21,21,2,0,0.116560,nonzero
isear_02353,1,23,23,3,0,-0.401924,nonzero
isear_02354,1,14,14,2,0,-0.670478,nonzero
isear_02355,1,37,37,1,0,0.361158,nonzero
isear_02356,1,26,26,1,0,-0.578947,nonzero
isear_02357,2,32,32,2,0,-0.458831,nonzero
isear_02358,1,33,33,1,0,-0.458831,nonzero
isear_02359,1,4,4,0,0,0.000000,nomatch
isear_02360,2,16,16,1,0,-0.229415,nonzero
isear_02361,2,20,20,2,0,-0.324279,nonzero
isear_02362,1,7,7,0,0,0.000000,nomatch
isear_02363,1,10,10,0,0,0.000000,nomatch
isear_02364,1,11,11,0,0,0.000000,nomatch
isear_02365,1,13,13,0,0,0.000000,nomatch
isear_02366,1,28,28,1,0,0.542326,nonzero
isear_02367,1,19,19,3,0,-0.860781,nonzero
isear_02368,1,14,14,2,0,-0.670478,nonzero
isear_02369,1,12,12,0,0,0.000000,nomatch
isear_02370,7,48,48,0,0,0.000000,nomatch
isear_02371,1,31,31,0,0,0.000000,nomatch
isear_02372,1,11,11,1,0,-0.421464,nonzero
isear_02373,1,19,19,1,0,0.542326,nonzero
isear_02374,1,22,22,1,0,0.421464,nonzero
isear_02375,1,29,29,0,0,0.000000,nomatch
isear_02376,1,39,39,1,0,0.458831,nonzero
isear_02377,2,33,33,1,0,-0.180579,nonzero
isear_02378,1,18,18,1,0,0.458831,nonzero
isear_02379,3,44,44,1,0,-0.120386,nonzero
isear_02380,2,44,44,1,0,-0.289473,nonzero
isear_02381,2,27,27,0,0,0.000000,nomatch
isear_02382,2,51,51,1,0,0.130831,nonzero
isear_02383,1,12,12,0,0,0.000000,nomatch
isear_02384,1,18,18,0,0,0.000000,nomatch
isear_02385,1,26,26,2,0,-0.542326,nonzero
isear_02386,1,28,28,0,0,0.000000,nomatch
isear_02387,1,15,15,0,0,0.000000,nomatch
isear_02388,1,9,9,0,0,0.000000,nomatch
isear_02389,3,57,57,3,0,-0.446375,nonzero
isear_02390,1,12,12,0,0,0.000000,nomatch
isear_02391,1,15,15,1,0,-0.361158,nonzero
isear_02392,1,18,18,0,0,0.000000,nomatch
isear_02393,1,14,14,1,0,-0.655311,nonzero
isear_02394,1,30,30,0,0,0.000000,nomatch
isear_02395,3,57,57,0,0,0.000000,nomatch
isear_02396,1,24,24,1,0,-0.421464,nonzero
isear_02397,7,74,74,3,0,-0.172012,nonzero
isear_02398,3,46,46,1,0,-0.185790,nonzero
isear_02399,2,28,28,1,0,-0.263371,nonzero
isear_02400,3,56,56,4,0,-0.327033,nonzero
isear_02401,6,77,77,3,0,-0.175200,nonzero
isear_02402,1,14,14,1,0,-0.493915,nonzero
isear_02403,1,38,38,2,0,-0.318211,nonzero
isear_02404,1,38,38,0,0,0.000000,nomatch
isear_02405,1,28,28,0,0,0.000000,nomatch
isear_02406,3,40,40,2,0,-0.239474,nonzero
isear_02407,3,39,39,0,0,0.000000,nomatch
isear_02408,2,38,38,0,0,0.000000,nomatch
isear_02409,2,41,41,1,0,-0.246957,nonzero
isear_02410,2,27,27,2,0,0.371519,nonzero
isear_02411,1,25,25,0,0,0.000000,nomatch
isear_02412,1,26,26,1,0,0.250000,nonzero
isear_02413,1,14,14,1,0,-0.458831,nonzero
isear_02414,1,17,17,1,0,0.612372,nonzero
isear_02415,1,18,18,1,0,-0.578947,nonzero
isear_02416,1,12,12,1,0,-0.361158,nonzero
isear_02417,1,24,24,0,0,0.000000,nomatch
isear_02418,1,22,22,0,0,0.000000,nomatch
isear_02419,1,32,32,2,0,0.458831,nonzero
isear_02420,1,7,7,0,0,0.000000,nomatch
isear_02421,1,13,13,1,0,0.128037,nonzero
isear_02422,1,9,9,0,0,0.000000,nomatch
isear_02423,1,22,22,0,0,0.000000,nomatch
isear_02424,1,15,15,0,0,0.000000,nomatch
isear_02425,3,61,61,0,0,0.000000,nomatch
isear_02426,4,75,75,1,0,-0.139343,nonzero
isear_02427,6,58,58,1,0,-0.097647,nonzero
isear_02428,2,17,17,0,0,0.000000,nomatch
isear_02429,3,52,52,1,0,-0.192982,nonzero
isear_02430,3,44,44,0,0,0.000000,nomatch
isear_02431,1,24,24,0,0,0.000000,nomatch
isear_02432,1,20,20,0,0,0.000000,nomatch
isear_02433,1,26,26,2,0,0.250000,nonzero
isear_02434,3,28,28,0,0,0.000000,nomatch
isear_02435,2,33,33,1,0,-0.180579,nonzero
isear_02436,1,31,31,0,0,0.000000,nomatch
isear_02437,2,28,28,2,0,0.025785,nonzero
isear_02438,1,17,17,1,0,-0.421464,nonzero
isear_02439,1,7,7,0,0,0.000000,nomatch
isear_02440,1,7,7,0,0,0.000000,nomatch
isear_02441,1,8,8,0,0,0.000000,nomatch
isear_02442,1,9,9,0,0,0.000000,nomatch
isear_02443,1,35,35,0,0,0.000000,nomatch
isear_02444,1,20,20,0,0,0.000000,nomatch
isear_02445,4,29,29,0,0,0.000000,nomatch
isear_02446,1,29,29,1,0,-0.250000,nonzero
isear_02447,3,52,52,0,0,0.000000,nomatch
isear_02448,1,13,13,0,0,0.000000,nomatch
isear_02449,2,24,24,1,0,-0.229415,nonzero
isear_02450,1,22,22,1,0,0.128037,nonzero
isear_02451,1,14,14,0,0,0.000000,nomatch
isear_02452,1,11,11,0,0,0.000000,nomatch
isear_02453,1,20,20,0,0,0.000000,nomatch
isear_02454,1,20,20,1,0,0.153093,nonzero
isear_02455,1,17,17,0,0,0.000000,nomatch
isear_02456,2,25,25,2,0,-0.335239,nonzero
isear_02457,2,19,19,1,0,0.246957,nonzero
isear_02458,2,23,23,1,0,-0.238329,nonzero
isear_02459,1,12,12,1,0,-0.612372,nonzero
isear_02460,2,21,21,3,0,-0.236517,nonzero
isear_02461,1,23,23,0,0,0.000000,nomatch
isear_02462,4,40,40,0,0,0.000000,nomatch
isear_02463,3,41,41,0,0,0.000000,nomatch
isear_02464,4,79,79,0,0,0.000000,nomatch
isear_02465,2,24,24,0,0,0.000000,nomatch
isear_02466,1,22,22,2,0,-0.250000,nonzero
isear_02467,1,19,19,0,0,0.000000,nomatch
isear_02468,3,40,40,0,0,0.000000,nomatch
isear_02469,1,11,11,0,0,0.000000,nomatch
isear_02470,1,13,13,0,0,0.000000,nomatch
isear_02471,1,15,15,0,0,0.000000,nomatch
isear_02472,1,11,11,0,0,0.000000,nomatch
isear_02473,1,7,7,0,0,0.000000,nomatch
isear_02474,1,18,18,0,0,0.000000,nomatch
isear_02475,1,18,18,0,0,0.000000,nomatch
isear_02476,1,20,20,0,0,0.000000,nomatch
isear_02477,2,28,28,0,0,0.000000,nomatch
isear_02478,1,12,12,0,0,0.000000,nomatch
isear_02479,1,15,15,0,0,0.000000,nomatch
isear_02480,1,9,9,0,0,0.000000,nomatch
isear_02481,1,11,11,0,0,0.000000,nomatch
isear_02482,1,18,18,0,0,0.000000,nomatch
isear_02483,1,43,43,2,0,0.718421,nonzero
isear_02484,1,31,31,1,0,-0.458831,nonzero
isear_02485,2,56,56,2,0,-0.076547,nonzero
isear_02486,1,26,26,1,0,-0.476658,nonzero
isear_02487,3,38,38,4,0,-0.215762,nonzero
isear_02488,1,14,14,1,0,-0.493915,nonzero
isear_02489,2,20,20,0,0,0.000000,nomatch
isear_02490,3,35,35,1,0,0.120386,nonzero
isear_02491,3,43,43,1,0,-0.152944,nonzero
isear_02492,1,40,40,0,0,0.000000,nomatch
isear_02493,1,26,26,1,0,0.202289,nonzero
isear_02494,1,13,13,0,0,0.000000,nomatch
isear_02495,1,18,18,0,0,0.000000,nomatch
isear_02496,1,20,20,0,1,-0.128037,nonzero
isear_02497,1,9,9,1,0,0.542326,nonzero
isear_02498,1,14,14,3,0,-0.817624,nonzero
isear_02499,2,26,26,2,0,-0.458831,nonzero
isear_02500,1,22,22,1,0,-0.361158,nonzero
isear_02501,1,16,16,1,0,-0.578947,nonzero
isear_02502,1,13,13,0,0,0.000000,nomatch
isear_02503,1,7,7,0,0,0.000000,nomatch
isear_02504,1,22,22,1,0,0.493915,nonzero
isear_02505,1,6,6,0,0,0.000000,nomatch
isear_02506,1,12,12,0,0,0.000000,nomatch
isear_02507,1,7,7,2,0,-0.642809,nonzero
isear_02508,2,21,21,0,0,0.000000,nomatch
isear_02509,1,4,4,0,0,0.000000,nomatch
isear_02510,2,30,30,1,0,-0.180579,nonzero
isear_02511,1,26,26,1,0,0.202289,nonzero
isear_02512,1,15,15,1,0,-0.458831,nonzero
isear_02513,2,30,30,2,0,-0.408812,nonzero
isear_02514,1,13,13,0,0,0.000000,nomatch
isear_02515,1,18,18,1,0,-0.578947,nonzero
isear_02516,1,22,22,1,0,-0.493915,nonzero
isear_02517,1,14,14,1,0,0.250000,nonzero
isear_02518,1,22,22,1,0,0.542326,nonzero
isear_02519,1,23,23,3,0,-0.371557,nonzero
isear_02520,2,37,37,2,0,-0.405272,nonzero
isear_02521,1,4,4,0,0,0.000000,nomatch
isear_02522,1,14,14,0,0,0.000000,nomatch
isear_02523,1,20,20,2,0,-0.820548,nonzero
isear_02524,1,11,11,3,0,-0.607231,nonzero
isear_02525,1,30,30,2,0,0.648557,nonzero
isear_02526,2,35,35,0,0,0.000000,nomatch
isear_02527,1,19,19,1,0,-0.177858,nonzero
isear_02528,1,22,22,1,0,-0.361158,nonzero
isear_02529,1,12,12,1,0,-0.578947,nonzero
isear_02530,1,20,20,0,0,0.000000,nomatch
isear_02531,2,28,28,0,0,0.000000,nomatch
isear_02532,1,16,16,0,0,0.000000,nomatch
isear_02533,1,29,29,0,0,0.000000,nomatch
isear_02534,3,47,47,4,0,-0.116944,nonzero
isear_02535,3,48,48,3,0,0.063372,nonzero
isear_02536,1,13,13,0,0,0.000000,nomatch
isear_02537,1,19,19,0,0,0.000000,nomatch
isear_02538,1,38,38,1,0,-0.421464,nonzero
isear_02539,1,11,11,0,0,0.000000,nomatch
isear_02540,1,12,12,0,0,0.000000,nomatch
isear_02541,1,18,18,0,0,0.000000,nomatch
isear_02542,2,37,37,1,0,-0.180579,nonzero
isear_02543,2,26,26,0,0,0.000000,nomatch
isear_02544,1,13,13,0,0,0.000000,nomatch
isear_02545,1,10,10,0,0,0.000000,nomatch
isear_02546,2,22,22,1,0,0.180579,nonzero
isear_02547,2,65,65,2,0,-0.335239,nonzero
isear_02548,2,24,24,3,0,-0.452655,nonzero
isear_02549,3,41,41,2,0,-0.315680,nonzero
isear_02550,2,31,31,1,0,-0.289473,nonzero
isear_02551,1,33,33,1,0,-0.493915,nonzero
isear_02552,2,21,21,2,0,-0.324279,nonzero
isear_02553,1,5,5,0,0,0.000000,nomatch
isear_02554,1,21,21,2,0,-0.128037,nonzero
isear_02555,1,10,10,0,0,0.000000,nomatch
isear_02556,2,14,14,1,0,-0.327655,nonzero
isear_02557,1,8,8,0,0,0.000000,nomatch
isear_02558,1,25,25,0,0,0.000000,nomatch
isear_02559,2,18,18,0,0,0.000000,nomatch
isear_02560,1,5,5,0,0,0.000000,nomatch
isear_02561,3,20,20,0,0,0.000000,nomatch
isear_02562,2,17,17,1,0,-0.229415,nonzero
isear_02563,1,4,4,0,0,0.000000,nomatch
isear_02564,1,24,24,0,0,0.000000,nomatch
isear_02565,1,14,14,0,0,0.000000,nomatch
isear_02566,3,47,47,4,0,-0.538848,nonzero
isear_02567,2,12,12,0,0,0.000000,nomatch
isear_02568,1,29,29,1,0,-0.421464,nonzero
isear_02569,1,39,39,0,0,0.000000,nomatch
isear_02570,1,21,21,1,0,0.493915,nonzero
isear_02571,1,30,30,0,0,0.000000,nomatch
isear_02572,2,33,33,0,0,0.000000,nomatch
isear_02573,4,63,63,1,0,-0.105366,nonzero
isear_02574,1,17,17,0,0,0.000000,nomatch
isear_02575,1,42,42,1,0,-0.458831,nonzero
isear_02576,1,24,24,1,0,-0.458831,nonzero
isear_02577,1,16,16,2,0,0.177858,nonzero
isear_02578,1,14,14,1,0,-0.578947,nonzero
isear_02579,1,17,17,1,0,-0.493915,nonzero
isear_02580,1,18,18,1,0,-0.421464,nonzero
isear_02581,2,32,32,0,0,0.000000,nomatch
isear_02582,1,8,8,1,0,0.642809,nonzero
isear_02583,1,18,18,0,0,0.000000,nomatch
isear_02584,1,14,14,0,0,0.000000,nomatch
isear_02585,3,25,25,0,0,0.000000,nomatch
isear_02586,1,24,24,0,0,0.000000,nomatch
isear_02587,1,6,6,1,0,-0.458831,nonzero
isear_02588,1,23,23,0,0,0.000000,nomatch
isear_02589,1,18,18,1,0,-0.493915,nonzero
isear_02590,1,15,15,1,0,-0.458831,nonzero
isear_02591,1,62,62,2,0,-0.670478,nonzero
isear_02592,1,12,12,0,0,0.000000,nomatch
isear_02593,1,7,7,1,0,-0.493915,nonzero
isear_02594,1,13,13,1,0,-0.421464,nonzero
isear_02595,1,36,36,0,0,0.000000,nomatch
isear_02596,2,45,45,0,0,0.000000,nomatch
isear_02597,1,32,32,1,0,-0.655311,nonzero
isear_02598,2,23,23,0,0,0.000000,nomatch
isear_02599,2,22,22,0,0,0.000000,nomatch
isear_02600,1,27,27,3,0,0.642809,nonzero
isear_02601,2,29,29,0,0,0.000000,nomatch
isear_02602,1,8,8,1,0,0.612372,nonzero
isear_02603,1,12,12,0,0,0.000000,nomatch
isear_02604,1,24,24,0,0,0.000000,nomatch
isear_02605,1,16,16,0,0,0.000000,nomatch
isear_02606,1,13,13,0,0,0.000000,nomatch
isear_02607,1,19,19,0,0,0.000000,nomatch
isear_02608,1,17,17,1,0,0.421464,nonzero
isear_02609,1,11,11,0,0,0.000000,nomatch
isear_02610,3,29,29,2,0,-0.110265,nonzero
isear_02611,2,39,39,2,0,-0.518889,nonzero
isear_02612,3,33,33,0,0,0.000000,nomatch
isear_02613,3,29,29,1,0,-0.192982,nonzero
isear_02614,2,28,28,1,0,-0.229415,nonzero
isear_02615,3,31,31,6,0,0.138915,nonzero
isear_02616,3,32,32,3,0,0.333719,nonzero
isear_02617,1,22,22,1,0,-0.295958,nonzero
isear_02618,1,26,26,0,0,0.000000,nomatch
isear_02619,1,9,9,0,0,0.000000,nomatch
isear_02620,1,10,10,0,0,0.000000,nomatch
isear_02621,1,18,18,0,0,0.000000,nomatch
isear_02622,1,9,9,0,0,0.000000,nomatch
isear_02623,1,16,16,1,0,-0.578947,nonzero
isear_02624,1,13,13,0,0,0.000000,nomatch
isear_02625,1,6,6,1,0,0.563239,nonzero
isear_02626,1,10,10,1,0,0.361158,nonzero
isear_02627,3,27,27,1,0,-0.195294,nonzero
isear_02628,1,15,15,0,0,0.000000,nomatch
isear_02629,1,7,7,0,0,0.000000,nomatch
isear_02630,3,31,31,0,0,0.000000,nomatch
isear_02631,2,24,24,1,0,-0.180579,nonzero
isear_02632,1,16,16,0,0,0.000000,nomatch
isear_02633,1,13,13,0,0,0.000000,nomatch
isear_02634,1,5,5,0,0,0.000000,nomatch
isear_02635,1,13,13,0,0,0.000000,nomatch
isear_02636,1,9,9,1,0,0.493915,nonzero
isear_02637,1,9,9,0,0,0.000000,nomatch
isear_02638,1,17,17,0,0,0.000000,nomatch
isear_02639,1,11,11,0,0,0.000000,nomatch
isear_02640,1,9,9,0,0,0.000000,nomatch
isear_02641,1,8,8,1,0,-0.458831,nonzero
isear_02642,1,11,11,1,0,-0.458831,nonzero
isear_02643,1,15,15,2,0,-0.469596,nonzero
isear_02644,1,12,12,1,0,-0.578947,nonzero
isear_02645,1,9,9,1,0,-0.458831,nonzero
isear_02646,1,25,25,1,0,-0.421464,nonzero
isear_02647,1,6,6,0,0,0.000000,nomatch
isear_02648,1,9,9,0,0,0.000000,nomatch
isear_02649,1,11,11,0,0,0.000000,nomatch
isear_02650,1,8,8,0,0,0.000000,nomatch
isear_02651,1,14,14,1,0,-0.361158,nonzero
isear_02652,2,30,30,0,0,0.000000,nomatch
isear_02653,2,40,40,1,0,-0.229415,nonzero
isear_02654,3,23,23,2,0,-0.020102,nonzero
isear_02655,1,21,21,1,0,0.542326,nonzero
isear_02656,2,26,26,1,0,-0.229415,nonzero
isear_02657,1,13,13,1,0,-0.458831,nonzero
isear_02658,2,25,25,3,0,-0.141965,nonzero
isear_02659,2,38,38,1,0,0.180579,nonzero
isear_02660,2,35,35,2,0,-0.350174,nonzero
isear_02661,2,26,26,3,0,-0.560906,nonzero
isear_02662,2,14,14,0,0,0.000000,nomatch
isear_02663,1,13,13,0,0,0.000000,nomatch
isear_02664,3,18,18,1,0,0.103123,nonzero
isear_02665,2,20,20,0,0,0.000000,nomatch
isear_02666,2,20,20,0,0,0.000000,nomatch
isear_02667,1,20,20,0,0,0.000000,nomatch
isear_02668,2,35,35,0,0,0.000000,nomatch
isear_02669,1,16,16,0,0,0.000000,nomatch
isear_02670,1,23,23,0,0,0.000000,nomatch
isear_02671,2,21,21,0,0,0.000000,nomatch
isear_02672,2,12,12,0,0,0.000000,nomatch
isear_02673,1,14,14,0,0,0.000000,nomatch
isear_02674,1,11,11,0,0,0.000000,nomatch
isear_02675,1,5,5,0,0,0.000000,nomatch
isear_02676,1,13,13,1,0,0.542326,nonzero
isear_02677,1,22,22,1,0,-0.361158,nonzero
isear_02678,1,16,16,0,0,0.000000,nomatch
isear_02679,1,16,16,0,0,0.000000,nomatch
isear_02680,1,8,8,0,0,0.000000,nomatch
isear_02681,1,10,10,0,0,0.000000,nomatch
isear_02682,2,36,36,0,0,0.000000,nomatch
isear_02683,1,9,9,0,0,0.000000,nomatch
isear_02684,3,69,69,2,0,-0.072596,nonzero
isear_02685,1,42,42,2,0,-0.659728,nonzero
isear_02686,3,38,38,0,0,0.000000,nomatch
isear_02687,1,12,12,1,0,0.563239,nonzero
isear_02688,2,28,28,1,0,-0.278685,nonzero
isear_02689,1,32,32,0,0,0.000000,nomatch
isear_02690,1,9,9,1,0,-0.128037,nonzero
isear_02691,1,20,20,1,0,-0.578947,nonzero
isear_02692,4,55,55,3,0,-0.210042,nonzero
isear_02693,2,34,34,2,0,-0.375315,nonzero
isear_02694,1,47,47,0,0,0.000000,nomatch
isear_02695,1,40,40,2,0,-0.339950,nonzero
isear_02696,1,10,10,1,0,-0.421464,nonzero
isear_02697,1,9,9,0,0,0.000000,nomatch
isear_02698,1,10,10,0,0,0.000000,nomatch
isear_02699,1,25,25,1,0,-0.361158,nonzero
isear_02700,1,14,14,0,0,0.000000,nomatch
isear_02701,4,39,39,0,0,0.000000,nomatch
isear_02702,1,13,13,0,0,0.000000,nomatch
isear_02703,3,32,32,0,0,0.000000,nomatch
isear_02704,1,12,12,0,0,0.000000,nomatch
isear_02705,1,13,13,0,0,0.000000,nomatch
isear_02706,1,20,20,0,0,0.000000,nomatch
isear_02707,1,15,15,0,0,0.000000,nomatch
isear_02708,1,5,5,0,0,0.000000,nomatch
isear_02709,1,14,14,0,0,0.000000,nomatch
isear_02710,1,9,9,1,0,-0.458831,nonzero
isear_02711,2,38,38,1,0,-0.229415,nonzero
isear_02712,1,21,21,2,0,0.177858,nonzero
isear_02713,2,33,33,1,0,-0.289473,nonzero
isear_02714,1,16,16,1,0,-0.458831,nonzero
isear_02715,1,12,12,1,0,-0.421464,nonzero
isear_02716,2,44,44,4,0,0.638227,nonzero
isear_02717,1,11,11,1,0,-0.578947,nonzero
isear_02718,1,16,16,2,0,-0.670478,nonzero
isear_02719,7,100,100,5,0,-0.153327,nonzero
isear_02720,4,43,43,1,0,-0.144737,nonzero
isear_02721,1,19,19,3,0,-0.743038,nonzero
isear_02722,1,19,19,1,0,-0.421464,nonzero
isear_02723,1,22,22,0,0,0.000000,nomatch
isear_02724,2,38,38,0,0,0.000000,nomatch
isear_02725,2,42,42,1,0,-0.064019,nonzero
isear_02726,3,46,46,3,0,-0.340579,nonzero
isear_02727,1,20,20,4,0,0.549915,nonzero
isear_02728,2,37,37,0,0,0.000000,nomatch
isear_02729,2,31,31,2,0,-0.264638,nonzero
isear_02730,1,6,6,0,0,0.000000,nomatch
isear_02731,2,24,24,0,0,0.000000,nomatch
isear_02732,4,68,68,1,0,-0.114708,nonzero
isear_02733,1,6,6,0,0,0.000000,nomatch
isear_02734,1,46,46,1,0,-0.578947,nonzero
isear_02735,1,24,24,0,0,0.000000,nomatch
isear_02736,1,4,4,0,0,0.000000,nomatch
isear_02737,1,23,23,0,0,0.000000,nomatch
isear_02738,2,22,22,1,0,-0.180579,nonzero
isear_02739,2,23,23,0,0,0.000000,nomatch
isear_02740,2,30,30,0,0,0.000000,nomatch
isear_02741,1,22,22,1,0,-0.578947,nonzero
isear_02742,2,31,31,1,0,-0.180579,nonzero
isear_02743,1,15,15,0,0,0.000000,nomatch
isear_02744,1,25,25,0,0,0.000000,nomatch
isear_02745,1,27,27,0,0,0.000000,nomatch
isear_02746,1,14,14,0,0,0.000000,nomatch
isear_02747,2,27,27,1,0,0.180579,nonzero
isear_02748,1,14,14,0,0,0.000000,nomatch
isear_02749,1,20,20,2,0,-0.743038,nonzero
isear_02750,1,8,8,0,0,0.000000,nomatch
isear_02751,1,12,12,0,0,0.000000,nomatch
isear_02752,1,26,26,0,0,0.000000,nomatch
isear_02753,2,19,19,0,0,0.000000,nomatch
isear_02754,1,11,11,0,0,0.000000,nomatch
isear_02755,1,4,4,0,0,0.000000,nomatch
isear_02756,1,4,4,0,0,0.000000,nomatch
isear_02757,1,28,28,1,0,-0.250000,nonzero
isear_02758,1,7,7,1,0,-0.421464,nonzero
isear_02759,1,9,9,0,0,0.000000,nomatch
isear_02760,1,13,13,0,0,0.000000,nomatch
isear_02761,1,5,5,0,0,0.000000,nomatch
isear_02762,1,20,20,1,0,0.361158,nonzero
isear_02763,2,26,26,0,0,0.000000,nomatch
isear_02764,1,22,22,2,0,-0.128037,nonzero
isear_02765,1,20,20,1,0,-0.361158,nonzero
isear_02766,1,10,10,1,0,-0.578947,nonzero
isear_02767,1,22,22,1,0,-0.493915,nonzero
isear_02768,1,17,17,1,0,-0.421464,nonzero
isear_02769,1,12,12,0,0,0.000000,nomatch
isear_02770,1,11,11,0,0,0.000000,nomatch
isear_02771,1,16,16,0,0,0.000000,nomatch
isear_02772,1,4,4,0,0,0.000000,nomatch
isear_02773,1,7,7,1,0,-0.578947,nonzero
isear_02774,1,5,5,0,0,0.000000,nomatch
isear_02775,1,8,8,0,0,0.000000,nomatch
isear_02776,1,8,8,1,0,0.458831,nonzero
isear_02777,3,21,21,2,0,-0.360419,nonzero
isear_02778,2,19,19,1,0,-0.229415,nonzero
isear_02779,2,27,27,0,0,0.000000,nomatch
isear_02780,1,8,8,1,0,-0.578947,nonzero
isear_02781,3,23,23,1,0,-0.164638,nonzero
isear_02782,1,8,8,1,0,-0.421464,nonzero
isear_02783,2,35,35,1,0,0.210732,nonzero
isear_02784,3,28,28,0,0,0.000000,nomatch
isear_02785,1,25,25,2,0,0.273213,nonzero
isear_02786,2,38,38,3,1,-0.030925,nonzero
isear_02787,2,32,32,0,0,0.000000,nomatch
isear_02788,2,45,45,0,0,0.000000,nomatch
isear_02789,3,43,43,0,0,0.000000,nomatch
isear_02790,3,45,45,0,0,0.000000,nomatch
isear_02791,4,49,49,2,0,-0.267801,nonzero
isear_02792,2,46,46,0,0,0.000000,nomatch
isear_02793,2,26,26,2,0,-0.064019,nonzero
isear_02794,6,95,95,1,0,0.033715,nonzero
isear_02795,4,107,107,2,0,0.058035,nonzero
isear_02796,1,56,56,4,0,-0.361158,nonzero
isear_02797,1,9,9,1,0,0.361158,nonzero
isear_02798,1,10,10,1,0,-0.458831,nonzero
isear_02799,2,37,37,0,0,0.000000,nomatch
isear_02800,1,10,10,0,0,0.000000,nomatch
isear_02801,1,18,18,1,0,0.445087,nonzero
isear_02802,1,24,24,0,0,0.000000,nomatch
isear_02803,2,41,41,3,0,-0.406303,nonzero
isear_02804,2,18,18,0,0,0.000000,nomatch
isear_02805,4,36,36,1,0,0.090289,nonzero
isear_02806,2,38,38,0,0,0.000000,nomatch
isear_02807,2,16,16,1,0,-0.238329,nonzero
isear_02808,1,11,11,1,0,-0.578947,nonzero
isear_02809,2,39,39,1,0,-0.229415,nonzero
isear_02810,1,16,16,1,0,0.458831,nonzero
isear_02811,2,26,26,0,0,0.000000,nomatch
isear_02812,1,28,28,0,0,0.000000,nomatch
isear_02813,1,13,13,1,0,-0.458831,nonzero
isear_02814,1,18,18,0,0,0.000000,nomatch
isear_02815,1,19,19,0,0,0.000000,nomatch
isear_02816,2,19,19,0,0,0.000000,nomatch
isear_02817,2,19,19,0,0,0.000000,nomatch
isear_02818,3,29,29,1,0,0.120386,nonzero
isear_02819,1,25,25,0,0,0.000000,nomatch
isear_02820,4,44,44,1,0,-0.114708,nonzero
isear_02821,2,38,38,0,0,0.000000,nomatch
isear_02822,3,38,38,1,0,-0.192982,nonzero
isear_02823,4,48,48,2,0,-0.062804,nonzero
isear_02824,1,30,30,0,0,0.000000,nomatch
isear_02825,2,29,29,0,0,0.000000,nomatch
isear_02826,1,10,10,0,0,0.000000,nomatch
isear_02827,3,63,63,3,0,-0.276316,nonzero
isear_02828,2,20,20,3,0,0.014921,nonzero
isear_02829,1,22,22,0,0,0.000000,nomatch
isear_02830,1,25,25,0,0,0.000000,nomatch
isear_02831,2,31,31,2,0,-0.064019,nonzero
isear_02832,1,33,33,0,0,0.000000,nomatch
isear_02833,1,18,18,0,0,0.000000,nomatch
isear_02834,1,6,6,0,0,0.000000,nomatch
isear_02835,1,8,8,0,0,0.000000,nomatch
isear_02836,1,12,12,1,0,0.458831,nonzero
isear_02837,1,14,14,0,0,0.000000,nomatch
isear_02838,1,15,15,0,0,0.000000,nomatch
isear_02839,2,11,11,0,0,0.000000,nomatch
isear_02840,1,10,10,1,0,-0.361158,nonzero
isear_02841,2,23,23,0,0,0.000000,nomatch
isear_02842,1,14,14,1,0,-0.458831,nonzero
isear_02843,2,12,12,0,0,0.000000,nomatch
isear_02844,1,16,16,1,0,0.295958,nonzero
isear_02845,1,17,17,2,0,-0.700349,nonzero
isear_02846,1,9,9,0,0,0.000000,nomatch
isear_02847,1,17,17,0,0,0.000000,nomatch
isear_02848,1,5,5,0,0,0.000000,nomatch
isear_02849,1,10,10,0,0,0.000000,nomatch
isear_02850,1,6,6,0,0,0.000000,nomatch
isear_02851,1,5,5,0,0,0.000000,nomatch
isear_02852,1,8,8,1,0,-0.458831,nonzero
isear_02853,1,6,6,1,0,-0.526742,nonzero
isear_02854,1,5,5,0,0,0.000000,nomatch
isear_02855,1,4,4,0,0,0.000000,nomatch
isear_02856,1,5,5,1,0,0.421464,nonzero
isear_02857,1,6,6,1,0,0.421464,nonzero
isear_02858,1,5,5,0,0,0.000000,nomatch
isear_02859,1,3,3,0,0,0.000000,nomatch
isear_02860,1,7,7,0,0,0.000000,nomatch
isear_02861,1,7,7,1,0,-0.421464,nonzero
isear_02862,2,21,21,0,0,0.000000,nomatch
isear_02863,3,32,32,1,0,-0.152944,nonzero
isear_02864,1,7,7,0,0,0.000000,nomatch
isear_02865,1,4,4,1,0,0.493915,nonzero
isear_02866,2,54,54,1,0,-0.229415,nonzero
isear_02867,1,15,15,0,0,0.000000,nomatch
isear_02868,1,12,12,1,0,-0.361158,nonzero
isear_02869,1,11,11,0,0,0.000000,nomatch
isear_02870,1,13,13,1,0,0.421464,nonzero
isear_02871,1,19,19,0,0,0.000000,nomatch
isear_02872,5,59,59,1,0,0.072232,nonzero
isear_02873,2,21,21,1,0,0.246957,nonzero
isear_02874,4,43,43,1,0,-0.114708,nonzero
isear_02875,3,45,45,3,0,0.127293,nonzero
isear_02876,2,35,35,0,0,0.000000,nomatch
isear_02877,1,13,13,0,0,0.000000,nomatch
isear_02878,3,46,46,1,0,-0.140488,nonzero
isear_02879,1,7,7,0,0,0.000000,nomatch
isear_02880,3,60,60,3,0,-0.392417,nonzero
isear_02881,2,32,32,0,0,0.000000,nomatch
isear_02882,1,64,64,2,0,0.102733,nonzero
isear_02883,1,8,8,0,0,0.000000,nomatch
isear_02884,1,17,17,1,0,0.369488,nonzero
isear_02885,1,12,12,0,0,0.000000,nomatch
isear_02886,1,10,10,1,0,0.361158,nonzero
isear_02887,1,27,27,0,0,0.000000,nomatch
isear_02888,1,15,15,0,0,0.000000,nomatch
isear_02889,1,10,10,1,1,-0.202289,nonzero
isear_02890,1,16,16,2,0,-0.051571,nonzero
isear_02891,1,19,19,3,0,-0.140599,nonzero
isear_02892,1,5,5,0,0,0.000000,nomatch
isear_02893,5,45,45,4,0,0.093020,nonzero
isear_02894,4,45,45,2,0,-0.204997,nonzero
isear_02895,1,20,20,1,0,-0.458831,nonzero
isear_02896,1,22,22,1,0,-0.542326,nonzero
isear_02897,1,15,15,1,0,-0.578947,nonzero
isear_02898,3,41,41,2,0,-0.042679,nonzero
isear_02899,3,42,42,1,0,-0.140488,nonzero
isear_02900,1,10,10,1,0,0.361158,nonzero
isear_02901,1,12,12,0,0,0.000000,nomatch
isear_02902,2,31,31,1,0,-0.246957,nonzero
isear_02903,1,27,27,0,0,0.000000,nomatch
isear_02904,1,31,31,0,0,0.000000,nomatch
isear_02905,1,10,10,0,0,0.000000,nomatch
isear_02906,1,13,13,0,0,0.000000,nomatch
isear_02907,2,27,27,1,0,0.271163,nonzero
isear_02908,1,18,18,1,0,-0.458831,nonzero
isear_02909,1,16,16,0,0,0.000000,nomatch
isear_02910,1,10,10,0,0,0.000000,nomatch
isear_02911,1,4,4,1,0,-0.578947,nonzero
isear_02912,1,5,5,2,0,-0.361158,nonzero
isear_02913,1,25,25,2,0,0.421464,nonzero
isear_02914,1,7,7,0,0,0.000000,nomatch
isear_02915,1,8,8,1,0,-0.458831,nonzero
isear_02916,1,5,5,1,0,-0.526742,nonzero
isear_02917,1,6,6,1,0,-0.493915,nonzero
isear_02918,2,16,16,1,0,-0.289473,nonzero
isear_02919,1,11,11,0,0,0.000000,nomatch
isear_02920,1,6,6,0,0,0.000000,nomatch
isear_02921,1,10,10,1,0,0.542326,nonzero
isear_02922,2,40,40,0,0,0.000000,nomatch
isear_02923,2,30,30,1,0,-0.229415,nonzero
isear_02924,1,23,23,1,0,-0.361158,nonzero
isear_02925,1,9,9,0,0,0.000000,nomatch
isear_02926,2,35,35,1,0,0.210732,nonzero
isear_02927,1,22,22,1,0,-0.421464,nonzero
isear_02928,1,13,13,0,0,0.000000,nomatch
isear_02929,1,19,19,1,0,-0.361158,nonzero
isear_02930,1,16,16,0,0,0.000000,nomatch
isear_02931,1,34,34,1,0,-0.361158,nonzero
isear_02932,1,15,15,0,0,0.000000,nomatch
isear_02933,2,28,28,0,0,0.000000,nomatch
isear_02934,1,13,13,1,0,-0.493915,nonzero
isear_02935,1,7,7,0,0,0.000000,nomatch
isear_02936,1,11,11,0,0,0.000000,nomatch
isear_02937,1,4,4,0,0,0.000000,nomatch
isear_02938,1,3,3,0,0,0.000000,nomatch
isear_02939,1,9,9,0,0,0.000000,nomatch
isear_02940,1,12,12,0,0,0.000000,nomatch
isear_02941,1,4,4,0,0,0.000000,nomatch
isear_02942,1,10,10,1,0,0.542326,nonzero
isear_02943,2,28,28,1,0,-0.229415,nonzero
isear_02944,1,20,20,0,0,0.000000,nomatch
isear_02945,3,34,34,1,0,0.137255,nonzero
isear_02946,1,28,28,2,0,-0.502331,nonzero
isear_02947,3,29,29,1,0,-0.152944,nonzero
isear_02948,1,12,12,0,0,0.000000,nomatch
isear_02949,2,25,25,0,0,0.000000,nomatch
isear_02950,1,15,15,2,0,-0.700349,nonzero
isear_02951,1,38,38,1,0,0.361158,nonzero
isear_02952,1,13,13,0,0,0.000000,nomatch
isear_02953,1,23,23,1,0,-0.578947,nonzero
isear_02954,1,8,8,0,0,0.000000,nomatch
isear_02955,1,24,24,1,0,-0.295958,nonzero
isear_02956,1,14,14,1,0,0.542326,nonzero
isear_02957,2,23,23,2,0,-0.458831,nonzero
isear_02958,4,39,39,3,0,-0.298494,nonzero
isear_02959,1,7,7,1,0,-0.458831,nonzero
isear_02960,1,14,14,0,0,0.000000,nomatch
isear_02961,1,9,9,2,0,0.000000,cancel
isear_02962,1,14,14,0,0,0.000000,nomatch
isear_02963,1,6,6,0,0,0.000000,nomatch
isear_02964,1,11,11,1,0,0.421464,nonzero
isear_02965,1,7,7,0,0,0.000000,nomatch
isear_02966,1,15,15,1,0,0.250000,nonzero
isear_02967,1,10,10,1,0,-0.458831,nonzero
isear_02968,1,7,7,0,0,0.000000,nomatch
isear_02969,1,16,16,0,0,0.000000,nomatch
isear_02970,1,22,22,0,0,0.000000,nomatch
isear_02971,1,17,17,0,0,0.000000,nomatch
isear_02972,1,11,11,0,0,0.000000,nomatch
isear_02973,1,5,5,0,0,0.000000,nomatch
isear_02974,2,40,40,1,0,-0.229415,nonzero
isear_02975,2,18,18,1,0,-0.180579,nonzero
isear_02976,1,15,15,0,0,0.000000,nomatch
isear_02977,1,19,19,0,0,0.000000,nomatch
isear_02978,1,13,13,0,0,0.000000,nomatch
isear_02979,2,40,40,2,0,-0.032208,nonzero
isear_02980,2,26,26,1,0,-0.190910,nonzero
isear_02981,1,11,11,1,0,0.458831,nonzero
isear_02982,1,13,13,1,0,-0.361158,nonzero
isear_02983,1,11,11,1,0,-0.458831,nonzero
isear_02984,1,10,10,0,0,0.000000,nomatch
isear_02985,2,21,21,0,0,0.000000,nomatch
isear_02986,1,4,4,0,0,0.000000,nomatch
isear_02987,1,5,5,0,0,0.000000,nomatch
isear_02988,2,18,18,0,0,0.000000,nomatch
isear_02989,1,5,5,1,0,-0.361158,nonzero
isear_02990,2,18,18,1,0,-0.289473,nonzero
isear_02991,2,26,26,2,0,-0.064019,nonzero
isear_02992,2,17,17,0,0,0.000000,nomatch
isear_02993,1,15,15,0,0,0.000000,nomatch
isear_02994,1,5,5,0,0,0.000000,nomatch
isear_02995,2,35,35,1,0,-0.278685,nonzero
isear_02996,1,16,16,1,0,-0.361158,nonzero
isear_02997,2,12,12,0,0,0.000000,nomatch
isear_02998,1,26,26,2,0,-0.102733,nonzero
isear_02999,1,41,41,0,0,0.000000,nomatch
isear_03000,1,14,14,0,0,0.000000,nomatch
isear_03001,1,22,22,0,0,0.000000,nomatch
isear_03002,1,28,28,1,0,-0.361158,nonzero
isear_03003,1,11,11,1,0,-0.361158,nonzero
isear_03004,1,13,13,0,0,0.000000,nomatch
isear_03005,1,16,16,1,0,0.421464,nonzero
isear_03006,2,27,27,0,0,0.000000,nomatch
isear_03007,1,16,16,3,0,0.840168,nonzero
isear_03008,1,8,8,1,0,-0.458831,nonzero
isear_03009,1,13,13,1,0,-0.458831,nonzero
isear_03010,1,5,5,0,0,0.000000,nomatch
isear_03011,2,60,60,2,0,-0.574613,nonzero
isear_03012,1,13,13,0,0,0.000000,nomatch
isear_03013,1,20,20,0,0,0.000000,nomatch
isear_03014,1,13,13,0,0,0.000000,nomatch
isear_03015,1,19,19,0,0,0.000000,nomatch
isear_03016,1,14,14,1,0,-0.458831,nonzero
isear_03017,1,8,8,1,0,-0.361158,nonzero
isear_03018,1,12,12,1,0,-0.458831,nonzero
isear_03019,1,14,14,0,0,0.000000,nomatch
isear_03020,1,10,10,2,0,-0.700349,nonzero
isear_03021,2,37,37,1,0,0.229415,nonzero
isear_03022,3,28,28,2,0,-0.065404,nonzero
isear_03023,1,21,21,2,0,-0.718421,nonzero
isear_03024,3,33,33,1,0,-0.120386,nonzero
isear_03025,4,50,50,2,0,-0.047529,nonzero
isear_03026,1,18,18,1,0,-0.493915,nonzero
isear_03027,2,30,30,1,0,-0.180579,nonzero
isear_03028,1,7,7,0,0,0.000000,nomatch
isear_03029,2,31,31,1,0,0.130831,nonzero
isear_03030,2,24,24,1,0,0.246957,nonzero
isear_03031,1,24,24,1,0,0.458831,nonzero
isear_03032,1,21,21,0,0,0.000000,nomatch
isear_03033,3,27,27,2,0,-0.329277,nonzero
isear_03034,1,15,15,0,0,0.000000,nomatch
isear_03035,1,32,32,2,0,0.599373,nonzero
isear_03036,1,23,23,3,0,-0.801996,nonzero
isear_03037,2,34,34,3,0,-0.588626,nonzero
isear_03038,1,11,11,1,0,-0.361158,nonzero
isear_03039,2,27,27,1,0,-0.289473,nonzero
isear_03040,2,34,34,2,0,-0.393788,nonzero
isear_03041,2,37,37,0,0,0.000000,nomatch
isear_03042,1,14,14,0,0,0.000000,nomatch
isear_03043,2,16,16,1,0,-0.229415,nonzero
isear_03044,1,14,14,1,0,-0.361158,nonzero
isear_03045,1,9,9,2,0,0.211959,nonzero
isear_03046,1,8,8,2,0,-0.028390,nonzero
isear_03047,3,33,33,1,0,-0.152944,nonzero
isear_03048,1,10,10,1,0,-0.578947,nonzero
isear_03049,1,19,19,1,0,0.585882,nonzero
isear_03050,1,20,20,0,0,0.000000,nomatch
isear_03051,1,18,18,1,0,-0.458831,nonzero
isear_03052,2,19,19,1,0,-0.180579,nonzero
isear_03053,1,19,19,0,0,0.000000,nomatch
isear_03054,1,24,24,0,0,0.000000,nomatch
isear_03055,1,19,19,0,0,0.000000,nomatch
isear_03056,1,17,17,1,0,-0.361158,nonzero
isear_03057,1,14,14,0,0,0.000000,nomatch
isear_03058,1,11,11,1,0,-0.578947,nonzero
isear_03059,3,53,53,1,0,-0.120386,nonzero
isear_03060,3,64,64,2,1,-0.303553,nonzero
isear_03061,3,45,45,0,0,0.000000,nomatch
isear_03062,2,31,31,0,0,0.000000,nomatch
isear_03063,3,39,39,3,0,-0.411849,nonzero
isear_03064,5,45,45,2,0,0.036234,nonzero
isear_03065,2,26,26,1,0,-0.289473,nonzero
isear_03066,5,60,60,0,0,0.000000,nomatch
isear_03067,4,62,62,1,0,-0.114708,nonzero
isear_03068,1,22,22,0,0,0.000000,nomatch
isear_03069,2,31,31,0,0,0.000000,nomatch
isear_03070,4,48,48,2,0,0.000000,cancel
isear_03071,3,20,20,1,0,-0.120386,nonzero
isear_03072,2,36,36,2,0,-0.393788,nonzero
isear_03073,2,28,28,1,0,0.210732,nonzero
isear_03074,1,20,20,0,0,0.000000,nomatch
isear_03075,2,25,25,1,0,0.238329,nonzero
isear_03076,1,7,7,0,0,0.000000,nomatch
isear_03077,3,42,42,1,0,-0.172376,nonzero
isear_03078,2,16,16,1,0,-0.306186,nonzero
isear_03079,3,25,25,2,0,-0.175758,nonzero
isear_03080,1,24,24,1,0,-0.458831,nonzero
isear_03081,1,21,21,0,0,0.000000,nomatch
isear_03082,1,12,12,1,0,0.361158,nonzero
isear_03083,3,32,32,1,0,0.140488,nonzero
isear_03084,1,16,16,0,0,0.000000,nomatch
isear_03085,1,14,14,0,0,0.000000,nomatch
isear_03086,1,23,23,1,0,-0.578947,nonzero
isear_03087,1,11,11,1,0,-0.458831,nonzero
isear_03088,4,34,34,2,0,-0.210732,nonzero
isear_03089,1,32,32,1,0,0.542326,nonzero
isear_03090,1,14,14,1,0,-0.458831,nonzero
isear_03091,1,24,24,0,0,0.000000,nomatch
isear_03092,1,11,11,1,0,-0.421464,nonzero
isear_03093,3,39,39,1,0,-0.192982,nonzero
isear_03094,3,34,34,0,0,0.000000,nomatch
isear_03095,1,22,22,1,0,-0.421464,nonzero
isear_03096,3,28,28,1,0,0.120386,nonzero
isear_03097,2,14,14,2,0,-0.458831,nonzero
isear_03098,1,22,22,1,0,-0.458831,nonzero
isear_03099,2,25,25,1,0,-0.180579,nonzero
isear_03100,1,9,9,1,0,-0.578947,nonzero
isear_03101,1,9,9,1,0,-0.493915,nonzero
isear_03102,1,16,16,0,0,0.000000,nomatch
isear_03103,2,32,32,2,0,0.491792,nonzero
isear_03104,2,30,30,2,0,-0.359210,nonzero
isear_03105,4,46,46,2,0,-0.080923,nonzero
isear_03106,3,36,36,2,0,-0.240772,nonzero
isear_03107,6,77,77,2,0,-0.075152,nonzero
isear_03108,3,52,52,1,0,-0.113317,nonzero
isear_03109,2,16,16,1,0,-0.210732,nonzero
isear_03110,1,15,15,0,0,0.000000,nomatch
isear_03111,1,5,5,1,0,-0.458831,nonzero
isear_03112,1,9,9,1,0,-0.458831,nonzero
isear_03113,1,10,10,0,0,0.000000,nomatch
isear_03114,1,12,12,0,0,0.000000,nomatch
isear_03115,2,30,30,1,0,-0.229415,nonzero
isear_03116,2,33,33,0,0,0.000000,nomatch
isear_03117,1,14,14,1,0,0.542326,nonzero
isear_03118,2,37,37,1,0,-0.229415,nonzero
isear_03119,1,23,23,3,0,-0.817624,nonzero
isear_03120,2,36,36,1,0,-0.130831,nonzero
isear_03121,1,28,28,1,0,0.458831,nonzero
isear_03122,2,45,45,1,0,-0.184744,nonzero
isear_03123,2,44,44,1,0,-0.210732,nonzero
isear_03124,1,8,8,0,0,0.000000,nomatch
isear_03125,1,21,21,1,0,-0.458831,nonzero
isear_03126,1,25,25,2,0,-0.670478,nonzero
isear_03127,1,32,32,0,0,0.000000,nomatch
isear_03128,1,29,29,1,0,-0.578947,nonzero
isear_03129,1,13,13,2,0,-0.787577,nonzero
isear_03130,1,46,46,1,0,-0.421464,nonzero
isear_03131,1,12,12,1,0,0.542326,nonzero
isear_03132,1,23,23,1,0,-0.458831,nonzero
isear_03133,1,14,14,0,0,0.000000,nomatch
isear_03134,1,20,20,1,0,-0.361158,nonzero
isear_03135,1,32,32,2,0,-0.787577,nonzero
isear_03136,1,15,15,1,0,-0.458831,nonzero
isear_03137,1,27,27,2,0,-0.648557,nonzero
isear_03138,3,40,40,1,0,0.180775,nonzero
isear_03139,1,23,23,0,0,0.000000,nomatch
isear_03140,1,30,30,0,0,0.000000,nomatch
isear_03141,1,14,14,0,0,0.000000,nomatch
isear_03142,1,17,17,3,0,0.307148,nonzero
isear_03143,2,30,30,2,0,-0.457689,nonzero
isear_03144,1,21,21,2,0,-0.648557,nonzero
isear_03145,1,11,11,0,0,0.000000,nomatch
isear_03146,1,10,10,1,0,-0.361158,nonzero
isear_03147,2,22,22,0,0,0.000000,nomatch
isear_03148,1,4,4,0,0,0.000000,nomatch
isear_03149,1,3,3,0,0,0.000000,nomatch
isear_03150,2,31,31,0,0,0.000000,nomatch
isear_03151,1,16,16,0,0,0.000000,nomatch
isear_03152,1,21,21,1,0,0.542326,nonzero
isear_03153,2,18,18,3,0,-0.648611,nonzero
isear_03154,3,23,23,1,0,-0.152944,nonzero
isear_03155,1,9,9,0,0,0.000000,nomatch
isear_03156,1,17,17,0,0,0.000000,nomatch
isear_03157,1,7,7,0,0,0.000000,nomatch
isear_03158,1,16,16,0,0,0.000000,nomatch
isear_03159,1,15,15,0,0,0.000000,nomatch
isear_03160,1,8,8,0,0,0.000000,nomatch
isear_03161,1,24,24,0,0,0.000000,nomatch
isear_03162,1,8,8,1,0,0.542326,nonzero
isear_03163,1,17,17,0,0,0.000000,nomatch
isear_03164,1,36,36,0,0,0.000000,nomatch
isear_03165,1,23,23,1,0,-0.421464,nonzero
isear_03166,2,25,25,0,0,0.000000,nomatch
isear_03167,1,6,6,0,0,0.000000,nomatch
isear_03168,2,17,17,2,0,-0.335239,nonzero
isear_03169,2,32,32,0,0,0.000000,nomatch
isear_03170,1,22,22,3,0,-0.838091,nonzero
isear_03171,1,30,30,2,0,-0.700349,nonzero
isear_03172,1,25,25,2,0,-0.744580,nonzero
isear_03173,2,31,31,0,0,0.000000,nomatch
isear_03174,1,34,34,1,0,-0.458831,nonzero
isear_03175,1,16,16,0,0,0.000000,nomatch
isear_03176,1,21,21,1,0,-0.421464,nonzero
isear_03177,1,20,20,0,0,0.000000,nomatch
isear_03178,1,12,12,0,0,0.000000,nomatch
isear_03179,1,21,21,2,0,-0.295958,nonzero
isear_03180,2,25,25,1,0,0.271163,nonzero
isear_03181,3,47,47,6,0,-0.401791,nonzero
isear_03182,2,39,39,1,0,-0.292941,nonzero
isear_03183,3,31,31,1,0,-0.120386,nonzero
isear_03184,2,25,25,3,0,-0.451499,nonzero
isear_03185,3,37,37,5,0,-0.449937,nonzero
isear_03186,4,36,36,4,0,-0.261304,nonzero
isear_03187,2,52,52,1,0,0.271163,nonzero
isear_03188,1,22,22,0,0,0.000000,nomatch
isear_03189,2,44,44,0,0,0.000000,nomatch
isear_03190,3,34,34,1,0,-0.192982,nonzero
isear_03191,1,12,12,0,0,0.000000,nomatch
isear_03192,3,23,23,0,0,0.000000,nomatch
isear_03193,2,23,23,0,0,0.000000,nomatch
isear_03194,1,10,10,0,0,0.000000,nomatch
isear_03195,1,16,16,0,0,0.000000,nomatch
isear_03196,1,13,13,0,0,0.000000,nomatch
isear_03197,1,12,12,0,0,0.000000,nomatch
isear_03198,1,11,11,0,0,0.000000,nomatch
isear_03199,1,17,17,0,0,0.000000,nomatch
isear_03200,1,11,11,0,0,0.000000,nomatch
isear_03201,1,5,5,0,0,0.000000,nomatch
isear_03202,2,22,22,1,0,-0.229415,nonzero
isear_03203,3,41,41,0,0,0.000000,nomatch
isear_03204,1,8,8,0,0,0.000000,nomatch
isear_03205,2,18,18,0,0,0.000000,nomatch
isear_03206,1,34,34,0,0,0.000000,nomatch
isear_03207,1,21,21,0,0,0.000000,nomatch
isear_03208,2,30,30,0,0,0.000000,nomatch
isear_03209,3,71,71,1,0,-0.152944,nonzero
isear_03210,1,50,50,0,0,0.000000,nomatch
isear_03211,1,57,57,1,0,-0.361158,nonzero
isear_03212,2,55,55,2,0,-0.180579,nonzero
isear_03213,2,38,38,1,0,-0.229415,nonzero
isear_03214,2,42,42,2,0,-0.357017,nonzero
isear_03215,1,47,47,2,0,-0.585882,nonzero
isear_03216,1,37,37,4,0,-0.648557,nonzero
isear_03217,3,62,62,3,0,-0.246558,nonzero
isear_03218,1,24,24,0,0,0.000000,nomatch
isear_03219,2,40,40,0,1,-0.064019,nonzero
isear_03220,2,52,52,0,0,0.000000,nomatch
isear_03221,2,29,29,0,0,0.000000,nomatch
isear_03222,2,26,26,1,0,0.246957,nonzero
isear_03223,1,2,2,0,0,0.000000,nomatch
isear_03224,3,62,62,0,0,0.000000,nomatch
isear_03225,1,12,12,0,0,0.000000,nomatch
isear_03226,1,40,40,0,0,0.000000,nomatch
isear_03227,1,23,23,0,0,0.000000,nomatch
isear_03228,1,29,29,0,0,0.000000,nomatch
isear_03229,1,13,13,0,0,0.000000,nomatch
isear_03230,1,7,7,0,0,0.000000,nomatch
isear_03231,1,17,17,0,0,0.000000,nomatch
isear_03232,2,41,41,2,0,0.542326,nonzero
isear_03233,2,35,35,2,0,-0.458831,nonzero
isear_03234,1,9,9,0,0,0.000000,nomatch
isear_03235,4,61,61,2,0,-0.185565,nonzero
isear_03236,2,38,38,1,0,-0.352500,nonzero
isear_03237,1,2,2,0,0,0.000000,nomatch
isear_03238,1,11,11,0,0,0.000000,nomatch
isear_03239,1,11,11,1,0,-0.250000,nonzero
isear_03240,1,5,5,1,0,-0.458831,nonzero
isear_03241,1,26,26,2,0,-0.318211,nonzero
isear_03242,1,12,12,0,0,0.000000,nomatch
isear_03243,1,11,11,1,0,-0.578947,nonzero
isear_03244,1,5,5,0,0,0.000000,nomatch
isear_03245,1,17,17,1,0,-0.458831,nonzero
isear_03246,3,52,52,1,0,0.185790,nonzero
isear_03247,2,40,40,0,0,0.000000,nomatch
isear_03248,2,30,30,0,0,0.000000,nomatch
isear_03249,2,17,17,0,0,0.000000,nomatch
isear_03250,4,44,44,1,0,-0.144737,nonzero
isear_03251,1,18,18,0,0,0.000000,nomatch
isear_03252,1,26,26,2,0,-0.718421,nonzero
isear_03253,1,9,9,2,0,0.790569,nonzero
isear_03254,1,11,11,0,0,0.000000,nomatch
isear_03255,1,17,17,0,0,0.000000,nomatch
isear_03256,1,9,9,1,0,-0.493915,nonzero
isear_03257,1,14,14,0,0,0.000000,nomatch
isear_03258,1,23,23,0,0,0.000000,nomatch
isear_03259,1,6,6,0,0,0.000000,nomatch
isear_03260,3,22,22,0,0,0.000000,nomatch
isear_03261,4,62,62,0,0,0.000000,nomatch
isear_03262,1,13,13,1,0,-0.458831,nonzero
isear_03263,1,15,15,0,0,0.000000,nomatch
isear_03264,2,15,15,0,0,0.000000,nomatch
isear_03265,2,16,16,0,0,0.000000,nomatch
isear_03266,3,79,79,1,0,-0.218437,nonzero
isear_03267,2,41,41,0,0,0.000000,nomatch
isear_03268,3,47,47,0,0,0.000000,nomatch
isear_03269,2,38,38,0,0,0.000000,nomatch
isear_03270,3,52,52,0,0,0.000000,nomatch
isear_03271,1,26,26,1,0,-0.648557,nonzero
isear_03272,2,40,40,1,0,-0.229415,nonzero
isear_03273,2,44,44,0,0,0.000000,nomatch
isear_03274,1,45,45,1,0,0.361158,nonzero
isear_03275,3,45,45,2,0,-0.298103,nonzero
isear_03276,5,68,68,1,0,-0.111474,nonzero
isear_03277,3,65,65,3,0,-0.116903,nonzero
isear_03278,1,34,34,0,0,0.000000,nomatch
isear_03279,1,18,18,0,0,0.000000,nomatch
isear_03280,1,7,7,1,0,-0.578947,nonzero
isear_03281,1,13,13,1,0,0.000000,cancel
isear_03282,1,18,18,0,0,0.000000,nomatch
isear_03283,2,23,23,0,0,0.000000,nomatch
isear_03284,1,13,13,2,0,-0.718421,nonzero
isear_03285,1,25,25,0,0,0.000000,nomatch
isear_03286,1,8,8,0,0,0.000000,nomatch
isear_03287,1,18,18,0,0,0.000000,nomatch
isear_03288,1,15,15,0,0,0.000000,nomatch
isear_03289,1,17,17,0,0,0.000000,nomatch
isear_03290,1,24,24,2,0,0.844215,nonzero
isear_03291,1,27,27,2,0,-0.612372,nonzero
isear_03292,2,34,34,1,0,-0.246957,nonzero
isear_03293,1,24,24,0,0,0.000000,nomatch
isear_03294,1,26,26,0,0,0.000000,nomatch
isear_03295,1,18,18,1,0,-0.250000,nonzero
isear_03296,1,16,16,0,0,0.000000,nomatch
isear_03297,2,23,23,0,0,0.000000,nomatch
isear_03298,1,23,23,0,0,0.000000,nomatch
isear_03299,2,12,12,0,0,0.000000,nomatch
isear_03300,2,29,29,0,0,0.000000,nomatch
isear_03301,1,10,10,0,0,0.000000,nomatch
isear_03302,1,7,7,0,0,0.000000,nomatch
isear_03303,1,9,9,0,0,0.000000,nomatch
isear_03304,2,39,39,0,0,0.000000,nomatch
isear_03305,2,45,45,2,0,-0.062961,nonzero
isear_03306,2,44,44,4,0,-0.694449,nonzero
isear_03307,1,22,22,1,0,-0.458831,nonzero
isear_03308,1,35,35,1,0,-0.578947,nonzero
isear_03309,2,36,36,3,0,-0.293434,nonzero
isear_03310,1,23,23,0,0,0.000000,nomatch
isear_03311,1,6,6,0,0,0.000000,nomatch
isear_03312,1,18,18,0,0,0.000000,nomatch
isear_03313,1,7,7,0,0,0.000000,nomatch
isear_03314,1,20,20,0,0,0.000000,nomatch
isear_03315,1,16,16,0,0,0.000000,nomatch
isear_03316,1,7,7,0,0,0.000000,nomatch
isear_03317,1,8,8,1,0,-0.421464,nonzero
isear_03318,1,5,5,1,0,0.202289,nonzero
isear_03319,1,4,4,0,0,0.000000,nomatch
isear_03320,1,13,13,0,0,0.000000,nomatch
isear_03321,1,3,3,0,0,0.000000,nomatch
isear_03322,1,5,5,0,0,0.000000,nomatch
isear_03323,1,23,23,1,0,-0.493915,nonzero
isear_03324,1,8,8,0,0,0.000000,nomatch
isear_03325,2,51,51,0,0,0.000000,nomatch
isear_03326,4,42,42,2,0,-0.175277,nonzero
isear_03327,2,41,41,1,0,-0.258564,nonzero
isear_03328,3,37,37,3,0,0.051031,nonzero
isear_03329,3,34,34,0,0,0.000000,nomatch
isear_03330,4,39,39,1,0,-0.090289,nonzero
isear_03331,4,43,43,0,0,0.000000,nomatch
isear_03332,2,11,11,0,0,0.000000,nomatch
isear_03333,1,20,20,2,0,-0.612372,nonzero
isear_03334,1,20,20,0,0,0.000000,nomatch
isear_03335,3,31,31,0,0,0.000000,nomatch
isear_03336,1,5,5,0,0,0.000000,nomatch
isear_03337,1,18,18,1,0,-0.493915,nonzero
isear_03338,1,18,18,1,0,-0.421464,nonzero
isear_03339,1,18,18,0,0,0.000000,nomatch
isear_03340,1,11,11,0,0,0.000000,nomatch
isear_03341,2,33,33,2,0,-0.492787,nonzero
isear_03342,1,4,4,0,0,0.000000,nomatch
isear_03343,2,45,45,1,0,-0.289473,nonzero
isear_03344,1,22,22,0,0,0.000000,nomatch
isear_03345,1,29,29,1,0,0.493915,nonzero
isear_03346,1,11,11,0,0,0.000000,nomatch
isear_03347,1,5,5,0,0,0.000000,nomatch
isear_03348,3,37,37,0,0,0.000000,nomatch
isear_03349,3,22,22,2,0,-0.240772,nonzero
isear_03350,2,32,32,0,0,0.000000,nomatch
isear_03351,1,5,5,1,0,-0.458831,nonzero
isear_03352,2,29,29,0,0,0.000000,nomatch
isear_03353,1,23,23,0,0,0.000000,nomatch
isear_03354,1,9,9,0,0,0.000000,nomatch
isear_03355,1,7,7,0,0,0.000000,nomatch
isear_03356,1,12,12,0,0,0.000000,nomatch
isear_03357,1,5,5,0,0,0.000000,nomatch
isear_03358,1,18,18,0,0,0.000000,nomatch
isear_03359,1,10,10,0,0,0.000000,nomatch
isear_03360,1,25,25,0,0,0.000000,nomatch
isear_03361,1,13,13,0,0,0.000000,nomatch
isear_03362,1,28,28,0,0,0.000000,nomatch
isear_03363,1,22,22,1,0,-0.563239,nonzero
isear_03364,1,24,24,1,0,-0.361158,nonzero
isear_03365,1,15,15,0,0,0.000000,nomatch
isear_03366,1,21,21,0,0,0.000000,nomatch
isear_03367,1,19,19,1,0,0.542326,nonzero
isear_03368,1,12,12,1,0,-0.421464,nonzero
isear_03369,1,19,19,0,0,0.000000,nomatch
isear_03370,1,22,22,0,0,0.000000,nomatch
isear_03371,1,12,12,0,0,0.000000,nomatch
isear_03372,1,5,5,0,0,0.000000,nomatch
isear_03373,1,12,12,0,0,0.000000,nomatch
isear_03374,1,11,11,0,0,0.000000,nomatch
isear_03375,3,26,26,0,0,0.000000,nomatch
isear_03376,2,27,27,0,0,0.000000,nomatch
isear_03377,2,5,5,0,0,0.000000,nomatch
isear_03378,1,10,10,0,0,0.000000,nomatch
isear_03379,2,13,13,0,0,0.000000,nomatch
isear_03380,4,34,34,1,0,-0.105366,nonzero
isear_03381,1,6,6,0,0,0.000000,nomatch
isear_03382,1,27,27,0,0,0.000000,nomatch
isear_03383,1,15,15,1,0,-0.361158,nonzero
isear_03384,1,8,8,0,0,0.000000,nomatch
isear_03385,1,18,18,0,0,0.000000,nomatch
isear_03386,1,9,9,0,0,0.000000,nomatch
isear_03387,1,9,9,0,0,0.000000,nomatch
isear_03388,1,16,16,0,0,0.000000,nomatch
isear_03389,1,10,10,0,0,0.000000,nomatch
isear_03390,1,27,27,0,0,0.000000,nomatch
isear_03391,2,21,21,0,0,0.000000,nomatch
isear_03392,1,16,16,0,0,0.000000,nomatch
isear_03393,2,31,31,1,0,-0.147979,nonzero
isear_03394,1,13,13,0,0,0.000000,nomatch
isear_03395,1,3,3,0,0,0.000000,nomatch
isear_03396,1,4,4,1,0,-0.361158,nonzero
isear_03397,1,13,13,0,0,0.000000,nomatch
isear_03398,1,3,3,0,0,0.000000,nomatch
isear_03399,1,3,3,0,0,0.000000,nomatch
isear_03400,1,20,20,0,0,0.000000,nomatch
isear_03401,1,3,3,1,0,-0.458831,nonzero
isear_03402,1,5,5,1,0,0.542326,nonzero
isear_03403,4,46,46,1,0,-0.090289,nonzero
isear_03404,4,34,34,1,0,0.105366,nonzero
isear_03405,2,14,14,0,0,0.000000,nomatch
isear_03406,1,12,12,0,0,0.000000,nomatch
isear_03407,1,12,12,0,0,0.000000,nomatch
isear_03408,1,7,7,1,0,-0.458831,nonzero
isear_03409,1,15,15,2,0,0.510607,nonzero
isear_03410,2,18,18,1,0,-0.229415,nonzero
isear_03411,1,13,13,0,0,0.000000,nomatch
isear_03412,1,6,6,1,0,-0.458831,nonzero
isear_03413,2,16,16,1,0,-0.180579,nonzero
isear_03414,3,26,26,0,0,0.000000,nomatch
isear_03415,1,14,14,1,0,-0.458831,nonzero
isear_03416,1,12,12,0,0,0.000000,nomatch
isear_03417,1,21,21,2,0,-0.670478,nonzero
isear_03418,1,2,2,0,0,0.000000,nomatch
isear_03419,1,6,6,0,0,0.000000,nomatch
isear_03420,1,22,22,1,0,-0.578947,nonzero
isear_03421,2,18,18,2,0,-0.518889,nonzero
isear_03422,1,14,14,0,0,0.000000,nomatch
isear_03423,2,30,30,2,0,0.363473,nonzero
isear_03424,1,22,22,3,0,-0.840168,nonzero
isear_03425,1,17,17,0,0,0.000000,nomatch
isear_03426,1,20,20,0,0,0.000000,nomatch
isear_03427,1,20,20,0,0,0.000000,nomatch
isear_03428,1,20,20,0,0,0.000000,nomatch
isear_03429,2,34,34,0,0,0.000000,nomatch
isear_03430,1,26,26,0,0,0.000000,nomatch
isear_03431,1,25,25,0,0,0.000000,nomatch
isear_03432,1,16,16,0,0,0.000000,nomatch
isear_03433,2,35,35,1,0,-0.224852,nonzero
isear_03434,1,32,32,1,0,-0.578947,nonzero
isear_03435,1,24,24,0,0,0.000000,nomatch
isear_03436,1,16,16,1,0,-0.458831,nonzero
isear_03437,2,47,47,1,0,0.292941,nonzero
isear_03438,3,59,59,1,0,-0.152944,nonzero
isear_03439,1,56,56,0,0,0.000000,nomatch
isear_03440,1,40,40,3,0,-0.580344,nonzero
isear_03441,1,32,32,1,0,0.421464,nonzero
isear_03442,1,33,33,3,0,-0.542326,nonzero
isear_03443,2,59,59,3,0,-0.407819,nonzero
isear_03444,3,57,57,0,0,0.000000,nomatch
isear_03445,5,74,74,2,0,-0.082538,nonzero
isear_03446,1,12,12,0,0,0.000000,nomatch
isear_03447,3,50,50,2,0,0.059286,nonzero
isear_03448,2,61,61,2,0,-0.426409,nonzero
isear_03449,1,24,24,0,0,0.000000,nomatch
isear_03450,1,2,2,0,0,0.000000,nomatch
isear_03451,2,29,29,0,0,0.000000,nomatch
isear_03452,2,28,28,1,0,-0.125000,nonzero
isear_03453,1,21,21,1,0,-0.458831,nonzero
isear_03454,3,49,49,0,0,0.000000,nomatch
isear_03455,2,44,44,0,0,0.000000,nomatch
isear_03456,3,36,36,0,0,0.000000,nomatch
isear_03457,3,47,47,0,0,0.000000,nomatch
isear_03458,2,14,14,0,0,0.000000,nomatch
isear_03459,1,22,22,0,0,0.000000,nomatch
isear_03460,1,21,21,0,0,0.000000,nomatch
isear_03461,1,23,23,0,0,0.000000,nomatch
isear_03462,2,26,26,1,0,0.210732,nonzero
isear_03463,1,20,20,1,0,-0.622427,nonzero
isear_03464,1,16,16,0,0,0.000000,nomatch
isear_03465,1,15,15,0,0,0.000000,nomatch
isear_03466,1,33,33,0,0,0.000000,nomatch
isear_03467,1,11,11,1,0,-0.361158,nonzero
isear_03468,3,33,33,0,0,0.000000,nomatch
isear_03469,1,10,10,0,0,0.000000,nomatch
isear_03470,1,4,4,0,0,0.000000,nomatch
isear_03471,2,25,25,0,0,0.000000,nomatch
isear_03472,2,25,25,0,0,0.000000,nomatch
isear_03473,1,19,19,0,0,0.000000,nomatch
isear_03474,2,29,29,0,0,0.000000,nomatch
isear_03475,1,13,13,1,0,-0.493915,nonzero
isear_03476,1,14,14,0,0,0.000000,nomatch
isear_03477,1,16,16,0,0,0.000000,nomatch
isear_03478,1,16,16,0,0,0.000000,nomatch
isear_03479,1,7,7,0,0,0.000000,nomatch
isear_03480,1,12,12,0,0,0.000000,nomatch
isear_03481,1,14,14,1,0,-0.458831,nonzero
isear_03482,1,4,4,0,0,0.000000,nomatch
isear_03483,1,12,12,0,0,0.000000,nomatch
isear_03484,1,11,11,0,0,0.000000,nomatch
isear_03485,1,4,4,0,0,0.000000,nomatch
isear_03486,1,11,11,0,0,0.000000,nomatch
isear_03487,1,9,9,0,0,0.000000,nomatch
isear_03488,3,23,23,0,0,0.000000,nomatch
isear_03489,1,20,20,0,0,0.000000,nomatch
isear_03490,3,25,25,1,0,-0.152944,nonzero
isear_03491,2,23,23,0,0,0.000000,nomatch
isear_03492,3,26,26,1,0,-0.103123,nonzero
isear_03493,1,8,8,0,0,0.000000,nomatch
isear_03494,1,9,9,0,0,0.000000,nomatch
isear_03495,1,10,10,0,0,0.000000,nomatch
isear_03496,1,11,11,0,0,0.000000,nomatch
isear_03497,1,12,12,0,0,0.000000,nomatch
isear_03498,1,10,10,0,0,0.000000,nomatch
isear_03499,1,15,15,0,0,0.000000,nomatch
isear_03500,1,12,12,0,0,0.000000,nomatch
isear_03501,1,16,16,0,0,0.000000,nomatch
isear_03502,1,12,12,0,0,0.000000,nomatch
isear_03503,1,21,21,0,0,0.000000,nomatch
isear_03504,1,17,17,1,0,-0.421464,nonzero
isear_03505,1,24,24,0,0,0.000000,nomatch
isear_03506,1,15,15,1,0,-0.128037,nonzero
isear_03507,2,18,18,1,0,0.263371,nonzero
isear_03508,2,42,42,0,0,0.000000,nomatch
isear_03509,1,12,12,1,0,0.202289,nonzero
isear_03510,1,35,35,0,0,0.000000,nomatch
isear_03511,1,23,23,0,0,0.000000,nomatch
isear_03512,1,20,20,0,0,0.000000,nomatch
isear_03513,1,24,24,1,0,-0.458831,nonzero
isear_03514,1,10,10,0,0,0.000000,nomatch
isear_03515,2,40,40,0,0,0.000000,nomatch
isear_03516,1,24,24,1,0,-0.361158,nonzero
isear_03517,1,26,26,1,0,-0.361158,nonzero
isear_03518,1,17,17,0,0,0.000000,nomatch
isear_03519,2,36,36,1,0,-0.229415,nonzero
isear_03520,1,35,35,0,0,0.000000,nomatch
isear_03521,1,13,13,0,0,0.000000,nomatch
isear_03522,1,20,20,0,0,0.000000,nomatch
isear_03523,1,12,12,1,0,-0.493915,nonzero
isear_03524,1,20,20,0,0,0.000000,nomatch
isear_03525,1,7,7,0,0,0.000000,nomatch
isear_03526,3,36,36,1,0,0.042679,nonzero
isear_03527,3,46,46,1,0,0.083333,nonzero
isear_03528,1,6,6,0,0,0.000000,nomatch
isear_03529,1,14,14,0,0,0.000000,nomatch
isear_03530,1,29,29,0,0,0.000000,nomatch
isear_03531,2,28,28,0,0,0.000000,nomatch
isear_03532,3,39,39,0,0,0.000000,nomatch
isear_03533,1,20,20,0,0,0.000000,nomatch
isear_03534,1,12,12,1,0,-0.578947,nonzero
isear_03535,1,24,24,0,0,0.000000,nomatch
isear_03536,2,41,41,2,0,0.041747,nonzero
isear_03537,2,36,36,0,0,0.000000,nomatch
isear_03538,3,34,34,0,0,0.000000,nomatch
isear_03539,1,9,9,0,0,0.000000,nomatch
isear_03540,1,21,21,0,0,0.000000,nomatch
isear_03541,5,49,49,2,0,-0.156524,nonzero
isear_03542,1,8,8,0,0,0.000000,nomatch
isear_03543,1,26,26,2,0,-0.670478,nonzero
isear_03544,1,39,39,1,0,-0.458831,nonzero
isear_03545,1,8,8,0,0,0.000000,nomatch
isear_03546,2,33,33,2,0,-0.470052,nonzero
isear_03547,1,25,25,1,0,-0.622427,nonzero
isear_03548,2,41,41,1,0,-0.180579,nonzero
isear_03549,1,28,28,0,0,0.000000,nomatch
isear_03550,2,31,31,0,0,0.000000,nomatch
isear_03551,1,32,32,1,0,-0.458831,nonzero
isear_03552,2,28,28,2,0,-0.458831,nonzero
isear_03553,1,19,19,1,0,-0.361158,nonzero
isear_03554,2,28,28,0,0,0.000000,nomatch
isear_03555,1,23,23,0,0,0.000000,nomatch
isear_03556,3,30,30,3,0,-0.207918,nonzero
isear_03557,1,14,14,0,0,0.000000,nomatch
isear_03558,1,10,10,0,0,0.000000,nomatch
isear_03559,1,16,16,2,0,-0.295958,nonzero
isear_03560,1,20,20,1,0,0.458831,nonzero
isear_03561,3,33,33,0,0,0.000000,nomatch
isear_03562,2,38,38,2,0,0.402361,nonzero
isear_03563,1,27,27,4,0,-0.695608,nonzero
isear_03564,3,25,25,3,0,-0.501593,nonzero
isear_03565,1,11,11,1,0,-0.476658,nonzero
isear_03566,2,44,44,0,0,0.000000,nomatch
isear_03567,2,31,31,2,0,-0.335239,nonzero
isear_03568,1,22,22,2,0,0.177858,nonzero
isear_03569,1,10,10,0,0,0.000000,nomatch
isear_03570,1,14,14,0,0,0.000000,nomatch
isear_03571,1,15,15,0,0,0.000000,nomatch
isear_03572,1,14,14,0,0,0.000000,nomatch
isear_03573,2,26,26,0,0,0.000000,nomatch
isear_03574,1,11,11,0,0,0.000000,nomatch
isear_03575,2,26,26,2,0,0.000000,cancel
isear_03576,2,18,18,0,0,0.000000,nomatch
isear_03577,3,31,31,1,0,-0.152944,nonzero
isear_03578,3,23,23,2,0,-0.110265,nonzero
isear_03579,3,30,30,3,0,0.206231,nonzero
isear_03580,2,21,21,0,0,0.000000,nomatch
isear_03581,1,27,27,0,0,0.000000,nomatch
isear_03582,3,30,30,0,0,0.000000,nomatch
isear_03583,1,24,24,0,0,0.000000,nomatch
isear_03584,1,19,19,0,0,0.000000,nomatch
isear_03585,2,15,15,0,0,0.000000,nomatch
isear_03586,1,11,11,0,0,0.000000,nomatch
isear_03587,1,16,16,0,0,0.000000,nomatch
isear_03588,1,12,12,0,0,0.000000,nomatch
isear_03589,1,14,14,0,0,0.000000,nomatch
isear_03590,1,24,24,0,0,0.000000,nomatch
isear_03591,1,14,14,0,0,0.000000,nomatch
isear_03592,1,18,18,0,0,0.000000,nomatch
isear_03593,1,7,7,0,0,0.000000,nomatch
isear_03594,1,10,10,0,0,0.000000,nomatch
isear_03595,1,5,5,1,0,-0.421464,nonzero
isear_03596,1,11,11,0,0,0.000000,nomatch
isear_03597,1,7,7,0,0,0.000000,nomatch
isear_03598,2,34,34,0,0,0.000000,nomatch
isear_03599,1,15,15,0,0,0.000000,nomatch
isear_03600,1,7,7,0,0,0.000000,nomatch
isear_03601,1,31,31,0,0,0.000000,nomatch
isear_03602,1,18,18,1,0,-0.361158,nonzero
isear_03603,1,18,18,0,0,0.000000,nomatch
isear_03604,1,11,11,0,0,0.000000,nomatch
isear_03605,1,20,20,1,0,-0.295958,nonzero
isear_03606,1,17,17,0,0,0.000000,nomatch
isear_03607,1,8,8,0,0,0.000000,nomatch
isear_03608,2,21,21,0,0,0.000000,nomatch
isear_03609,1,8,8,0,0,0.000000,nomatch
isear_03610,1,25,25,2,0,-0.810545,nonzero
isear_03611,1,11,11,0,0,0.000000,nomatch
isear_03612,2,13,13,0,0,0.000000,nomatch
isear_03613,1,17,17,1,0,-0.361158,nonzero
isear_03614,4,30,30,0,0,0.000000,nomatch
isear_03615,1,23,23,0,0,0.000000,nomatch
isear_03616,1,16,16,0,0,0.000000,nomatch
isear_03617,1,26,26,0,0,0.000000,nomatch
isear_03618,1,15,15,0,0,0.000000,nomatch
isear_03619,3,24,24,0,0,0.000000,nomatch
isear_03620,4,48,48,1,0,-0.123479,nonzero
isear_03621,3,26,26,0,0,0.000000,nomatch
isear_03622,1,29,29,0,0,0.000000,nomatch
isear_03623,3,51,51,2,0,-0.273330,nonzero
isear_03624,3,35,35,1,0,0.113317,nonzero
isear_03625,3,23,23,0,0,0.000000,nomatch
isear_03626,2,39,39,1,0,-0.147979,nonzero
isear_03627,4,42,42,1,0,-0.123479,nonzero
isear_03628,2,39,39,0,0,0.000000,nomatch
isear_03629,2,31,31,0,1,-0.064019,nonzero
isear_03630,2,29,29,2,0,-0.522357,nonzero
isear_03631,3,31,31,0,0,0.000000,nomatch
isear_03632,1,14,14,0,0,0.000000,nomatch
isear_03633,1,12,12,0,0,0.000000,nomatch
isear_03634,2,17,17,1,0,-0.311213,nonzero
isear_03635,1,22,22,0,0,0.000000,nomatch
isear_03636,3,31,31,2,0,0.059286,nonzero
isear_03637,2,31,31,1,0,-0.229415,nonzero
isear_03638,2,25,25,0,0,0.000000,nomatch
isear_03639,1,20,20,0,0,0.000000,nomatch
isear_03640,2,19,19,1,0,0.125000,nonzero
isear_03641,2,32,32,0,0,0.000000,nomatch
isear_03642,2,23,23,0,0,0.000000,nomatch
isear_03643,1,13,13,0,0,0.000000,nomatch
isear_03644,1,15,15,0,0,0.000000,nomatch
isear_03645,2,26,26,0,0,0.000000,nomatch
isear_03646,1,6,6,0,0,0.000000,nomatch
isear_03647,1,14,14,0,0,0.000000,nomatch
isear_03648,1,19,19,0,0,0.000000,nomatch
isear_03649,2,19,19,2,0,0.028998,nonzero
isear_03650,1,10,10,1,0,0.128037,nonzero
isear_03651,3,34,34,1,0,0.181793,nonzero
isear_03652,4,34,34,0,0,0.000000,nomatch
isear_03653,3,29,29,0,0,0.000000,nomatch
isear_03654,2,25,25,0,0,0.000000,nomatch
isear_03655,4,31,31,2,0,-0.111142,nonzero
isear_03656,3,29,29,0,0,0.000000,nomatch
isear_03657,1,19,19,1,0,0.542326,nonzero
isear_03658,2,19,19,2,0,-0.346359,nonzero
isear_03659,2,18,18,0,0,0.000000,nomatch
isear_03660,1,15,15,1,0,-0.361158,nonzero
isear_03661,1,11,11,0,0,0.000000,nomatch
isear_03662,2,20,20,0,0,0.000000,nomatch
isear_03663,3,24,24,3,0,-0.109423,nonzero
isear_03664,1,20,20,1,0,0.585882,nonzero
isear_03665,3,43,43,1,0,-0.120386,nonzero
isear_03666,4,24,24,0,0,0.000000,nomatch
isear_03667,2,25,25,1,0,-0.238329,nonzero
isear_03668,3,26,26,0,0,0.000000,nomatch
isear_03669,2,37,37,1,0,-0.292941,nonzero
isear_03670,4,49,49,1,0,-0.153093,nonzero
isear_03671,4,49,49,1,0,-0.032009,nonzero
isear_03672,3,51,51,0,0,0.000000,nomatch
isear_03673,1,27,27,0,0,0.000000,nomatch
isear_03674,1,32,32,3,0,0.872022,nonzero
isear_03675,2,33,33,0,0,0.000000,nomatch
isear_03676,2,17,17,0,0,0.000000,nomatch
isear_03677,2,39,39,0,0,0.000000,nomatch
isear_03678,2,31,31,1,0,-0.229415,nonzero
isear_03679,3,43,43,3,0,-0.521544,nonzero
isear_03680,1,21,21,1,0,-0.476658,nonzero
isear_03681,3,39,39,2,0,-0.055763,nonzero
isear_03682,2,23,23,0,0,0.000000,nomatch
isear_03683,1,24,24,0,0,0.000000,nomatch
isear_03684,2,39,39,0,0,0.000000,nomatch
isear_03685,1,7,7,0,0,0.000000,nomatch
isear_03686,2,18,18,0,0,0.000000,nomatch
isear_03687,1,19,19,0,0,0.000000,nomatch
isear_03688,2,26,26,3,0,-0.398195,nonzero
isear_03689,1,19,19,0,0,0.000000,nomatch
isear_03690,2,21,21,0,0,0.000000,nomatch
isear_03691,3,29,29,1,0,-0.140488,nonzero
isear_03692,1,13,13,0,0,0.000000,nomatch
isear_03693,1,7,7,1,0,-0.458831,nonzero
isear_03694,1,12,12,0,0,0.000000,nomatch
isear_03695,1,4,4,0,0,0.000000,nomatch
isear_03696,1,15,15,0,0,0.000000,nomatch
isear_03697,1,24,24,1,0,-0.361158,nonzero
isear_03698,1,20,20,2,0,0.077228,nonzero
isear_03699,1,15,15,0,0,0.000000,nomatch
isear_03700,1,25,25,2,0,-0.743038,nonzero
isear_03701,3,31,31,1,0,-0.140488,nonzero
isear_03702,1,16,16,0,0,0.000000,nomatch
isear_03703,2,21,21,0,0,0.000000,nomatch
isear_03704,2,38,38,2,0,-0.367573,nonzero
isear_03705,1,11,11,0,0,0.000000,nomatch
isear_03706,1,12,12,0,0,0.000000,nomatch
isear_03707,2,25,25,1,0,-0.229415,nonzero
isear_03708,2,34,34,1,0,0.180579,nonzero
isear_03709,1,27,27,0,0,0.000000,nomatch
isear_03710,2,24,24,1,0,0.180579,nonzero
isear_03711,2,23,23,0,0,0.000000,nomatch
isear_03712,3,29,29,0,0,0.000000,nomatch
isear_03713,1,20,20,1,0,0.493915,nonzero
isear_03714,3,23,23,1,0,-0.120386,nonzero
isear_03715,1,12,12,0,0,0.000000,nomatch
isear_03716,1,16,16,0,0,0.000000,nomatch
isear_03717,1,13,13,0,0,0.000000,nomatch
isear_03718,1,18,18,0,0,0.000000,nomatch
isear_03719,2,25,25,0,0,0.000000,nomatch
isear_03720,1,6,6,0,0,0.000000,nomatch
isear_03721,1,17,17,0,0,0.000000,nomatch
isear_03722,2,20,20,0,0,0.000000,nomatch
isear_03723,1,11,11,0,0,0.000000,nomatch
isear_03724,1,16,16,0,0,0.000000,nomatch
isear_03725,2,20,20,0,0,0.000000,nomatch
isear_03726,1,11,11,0,0,0.000000,nomatch
isear_03727,2,15,15,0,0,0.000000,nomatch
isear_03728,3,26,26,0,0,0.000000,nomatch
isear_03729,2,19,19,1,0,-0.238329,nonzero
isear_03730,1,11,11,0,0,0.000000,nomatch
isear_03731,1,16,16,1,0,0.250000,nonzero
isear_03732,1,4,4,0,0,0.000000,nomatch
isear_03733,1,16,16,1,0,-0.421464,nonzero
isear_03734,1,18,18,0,0,0.000000,nomatch
isear_03735,1,14,14,1,0,-0.585882,nonzero
isear_03736,2,18,18,0,0,0.000000,nomatch
isear_03737,1,18,18,1,0,-0.361158,nonzero
isear_03738,1,6,6,0,0,0.000000,nomatch
isear_03739,2,26,26,0,0,0.000000,nomatch
isear_03740,3,31,31,1,0,-0.120386,nonzero
isear_03741,2,25,25,0,0,0.000000,nomatch
isear_03742,2,29,29,0,0,0.000000,nomatch
isear_03743,1,6,6,1,0,-0.361158,nonzero
isear_03744,2,37,37,0,0,0.000000,nomatch
isear_03745,1,22,22,1,0,-0.526742,nonzero
isear_03746,2,24,24,1,0,-0.342425,nonzero
isear_03747,2,39,39,1,0,-0.292941,nonzero
isear_03748,1,14,14,2,0,-0.718421,nonzero
isear_03749,2,34,34,0,0,0.000000,nomatch
isear_03750,1,11,11,0,0,0.000000,nomatch
isear_03751,3,38,38,2,0,-0.282707,nonzero
isear_03752,2,35,35,0,0,0.000000,nomatch
isear_03753,2,18,18,1,0,0.181833,nonzero
isear_03754,1,14,14,0,0,0.000000,nomatch
isear_03755,2,16,16,2,0,-0.136211,nonzero
isear_03756,2,33,33,1,0,-0.289473,nonzero
isear_03757,2,29,29,1,0,0.120295,nonzero
isear_03758,1,29,29,0,0,0.000000,nomatch
isear_03759,1,23,23,2,0,-0.077228,nonzero
isear_03760,3,30,30,0,0,0.000000,nomatch
isear_03761,1,15,15,0,0,0.000000,nomatch
isear_03762,3,38,38,0,0,0.000000,nomatch
isear_03763,2,24,24,0,0,0.000000,nomatch
isear_03764,1,21,21,0,0,0.000000,nomatch
isear_03765,2,25,25,0,0,0.000000,nomatch
isear_03766,1,10,10,1,0,-0.361158,nonzero
isear_03767,4,45,45,3,0,-0.147897,nonzero
isear_03768,4,46,46,2,0,-0.152981,nonzero
isear_03769,3,27,27,2,0,-0.110265,nonzero
isear_03770,4,34,34,1,0,0.032009,nonzero
isear_03771,1,12,12,0,0,0.000000,nomatch
isear_03772,3,45,45,0,0,0.000000,nomatch
isear_03773,1,9,9,0,0,0.000000,nomatch
isear_03774,1,16,16,0,0,0.000000,nomatch
isear_03775,1,7,7,1,0,-0.361158,nonzero
isear_03776,1,15,15,0,0,0.000000,nomatch
isear_03777,1,13,13,0,0,0.000000,nomatch
isear_03778,2,23,23,0,0,0.000000,nomatch
isear_03779,1,12,12,0,0,0.000000,nomatch
isear_03780,3,54,54,1,0,-0.120386,nonzero
isear_03781,3,40,40,0,0,0.000000,nomatch
isear_03782,2,40,40,1,0,-0.180579,nonzero
isear_03783,1,11,11,1,0,-0.361158,nonzero
isear_03784,1,12,12,0,0,0.000000,nomatch
isear_03785,1,11,11,0,0,0.000000,nomatch
isear_03786,2,33,33,0,0,0.000000,nomatch
isear_03787,1,9,9,0,0,0.000000,nomatch
isear_03788,2,29,29,1,0,-0.238329,nonzero
isear_03789,1,24,24,0,0,0.000000,nomatch
isear_03790,1,18,18,0,0,0.000000,nomatch
isear_03791,2,33,33,0,0,0.000000,nomatch
isear_03792,1,24,24,0,0,0.000000,nomatch
isear_03793,3,50,50,1,0,-0.152944,nonzero
isear_03794,1,22,22,0,0,0.000000,nomatch
isear_03795,1,21,21,0,0,0.000000,nomatch
isear_03796,1,31,31,1,0,0.458831,nonzero
isear_03797,1,27,27,2,0,0.804181,nonzero
isear_03798,2,25,25,0,0,0.000000,nomatch
isear_03799,1,13,13,0,0,0.000000,nomatch
isear_03800,1,12,12,0,0,0.000000,nomatch
isear_03801,1,24,24,1,0,-0.493915,nonzero
isear_03802,1,24,24,0,0,0.000000,nomatch
isear_03803,1,11,11,0,0,0.000000,nomatch
isear_03804,1,17,17,0,0,0.000000,nomatch
isear_03805,1,17,17,0,0,0.000000,nomatch
isear_03806,1,8,8,0,0,0.000000,nomatch
isear_03807,1,7,7,1,0,-0.578947,nonzero
isear_03808,1,22,22,0,0,0.000000,nomatch
isear_03809,2,19,19,1,0,-0.238329,nonzero
isear_03810,1,3,3,0,0,0.000000,nomatch
isear_03811,1,9,9,0,0,0.000000,nomatch
isear_03812,2,26,26,0,0,0.000000,nomatch
isear_03813,1,9,9,0,0,0.000000,nomatch
isear_03814,1,4,4,0,0,0.000000,nomatch
isear_03815,1,17,17,0,0,0.000000,nomatch
isear_03816,1,19,19,0,0,0.000000,nomatch
isear_03817,1,7,7,0,0,0.000000,nomatch
isear_03818,2,21,21,1,0,-0.180579,nonzero
isear_03819,3,31,31,1,0,-0.195294,nonzero
isear_03820,2,27,27,1,0,-0.238329,nonzero
isear_03821,3,35,35,1,0,0.087221,nonzero
isear_03822,1,26,26,1,0,-0.458831,nonzero
isear_03823,2,30,30,0,0,0.000000,nomatch
isear_03824,1,10,10,0,0,0.000000,nomatch
isear_03825,1,19,19,2,0,0.051571,nonzero
isear_03826,2,17,17,0,0,0.000000,nomatch
isear_03827,2,19,19,2,0,0.542326,nonzero
isear_03828,1,24,24,0,0,0.000000,nomatch
isear_03829,1,18,18,1,0,0.542326,nonzero
isear_03830,1,14,14,0,0,0.000000,nomatch
isear_03831,1,15,15,1,0,-0.361158,nonzero
isear_03832,2,21,21,2,0,-0.409994,nonzero
isear_03833,2,17,17,0,0,0.000000,nomatch
isear_03834,1,21,21,1,0,0.128037,nonzero
isear_03835,3,27,27,0,0,0.000000,nomatch
isear_03836,3,25,25,2,0,-0.329277,nonzero
isear_03837,2,35,35,2,0,-0.350174,nonzero
isear_03838,2,24,24,0,0,0.000000,nomatch
isear_03839,2,24,24,0,0,0.000000,nomatch
isear_03840,2,20,20,0,0,0.000000,nomatch
isear_03841,1,17,17,0,0,0.000000,nomatch
isear_03842,2,29,29,1,0,-0.306186,nonzero
isear_03843,1,17,17,0,0,0.000000,nomatch
isear_03844,1,23,23,0,0,0.000000,nomatch
isear_03845,1,6,6,0,0,0.000000,nomatch
isear_03846,1,26,26,2,0,0.000000,cancel
isear_03847,1,10,10,0,0,0.000000,nomatch
isear_03848,1,12,12,1,0,-0.458831,nonzero
isear_03849,1,13,13,0,0,0.000000,nomatch
isear_03850,1,18,18,0,0,0.000000,nomatch
isear_03851,1,9,9,0,0,0.000000,nomatch
isear_03852,1,16,16,2,0,0.833823,nonzero
isear_03853,1,28,28,0,0,0.000000,nomatch
isear_03854,3,32,32,3,0,-0.089571,nonzero
isear_03855,3,27,27,1,0,0.180775,nonzero
isear_03856,2,22,22,2,0,-0.578947,nonzero
isear_03857,2,20,20,1,0,-0.229415,nonzero
isear_03858,2,31,31,2,0,-0.274751,nonzero
isear_03859,2,20,20,0,0,0.000000,nomatch
isear_03860,1,3,3,0,0,0.000000,nomatch
isear_03861,2,24,24,1,0,-0.180579,nonzero
isear_03862,1,7,7,0,0,0.000000,nomatch
isear_03863,1,12,12,0,0,0.000000,nomatch
isear_03864,2,32,32,0,0,0.000000,nomatch
isear_03865,2,18,18,0,0,0.000000,nomatch
isear_03866,2,21,21,0,0,0.000000,nomatch
isear_03867,2,22,22,0,0,0.000000,nomatch
isear_03868,1,16,16,0,0,0.000000,nomatch
isear_03869,2,19,19,1,0,-0.238329,nonzero
isear_03870,1,11,11,0,0,0.000000,nomatch
isear_03871,2,14,14,0,0,0.000000,nomatch
isear_03872,2,28,28,1,0,-0.210732,nonzero
isear_03873,2,25,25,1,0,0.263371,nonzero
isear_03874,3,33,33,3,0,-0.381260,nonzero
isear_03875,1,10,10,2,0,0.295958,nonzero
isear_03876,1,23,23,1,0,-0.458831,nonzero
isear_03877,2,17,17,0,0,0.000000,nomatch
isear_03878,1,9,9,0,0,0.000000,nomatch
isear_03879,1,4,4,0,0,0.000000,nomatch
isear_03880,2,33,33,3,0,0.658656,nonzero
isear_03881,2,26,26,1,0,-0.180579,nonzero
isear_03882,2,37,37,1,0,-0.292941,nonzero
isear_03883,1,23,23,0,0,0.000000,nomatch
isear_03884,2,35,35,2,0,0.255304,nonzero
isear_03885,2,20,20,0,0,0.000000,nomatch
isear_03886,1,30,30,1,0,-0.361158,nonzero
isear_03887,1,16,16,0,0,0.000000,nomatch
isear_03888,3,34,34,1,0,-0.164638,nonzero
isear_03889,2,34,34,1,0,-0.180579,nonzero
isear_03890,1,17,17,1,0,-0.421464,nonzero
isear_03891,2,25,25,0,0,0.000000,nomatch
isear_03892,2,32,32,1,0,-0.246957,nonzero
isear_03893,1,21,21,0,0,0.000000,nomatch
isear_03894,1,10,10,0,0,0.000000,nomatch
isear_03895,1,10,10,0,0,0.000000,nomatch
isear_03896,2,25,25,0,0,0.000000,nomatch
isear_03897,1,10,10,0,0,0.000000,nomatch
isear_03898,1,22,22,0,0,0.000000,nomatch
isear_03899,1,6,6,1,0,-0.585882,nonzero
isear_03900,1,12,12,0,0,0.000000,nomatch
isear_03901,1,17,17,0,0,0.000000,nomatch
isear_03902,1,19,19,0,0,0.000000,nomatch
isear_03903,2,35,35,1,0,-0.292941,nonzero
isear_03904,2,16,16,1,0,-0.180579,nonzero
isear_03905,2,22,22,0,0,0.000000,nomatch
isear_03906,3,34,34,1,0,-0.152944,nonzero
isear_03907,2,26,26,1,0,-0.210732,nonzero
isear_03908,1,17,17,0,0,0.000000,nomatch
isear_03909,1,11,11,1,0,-0.493915,nonzero
isear_03910,2,13,13,0,0,0.000000,nomatch
isear_03911,1,14,14,0,0,0.000000,nomatch
isear_03912,3,36,36,2,0,-0.409168,nonzero
isear_03913,2,28,28,1,0,0.271163,nonzero
isear_03914,3,33,33,1,0,-0.140488,nonzero
isear_03915,1,12,12,0,0,0.000000,nomatch
isear_03916,1,17,17,1,0,0.361158,nonzero
isear_03917,1,21,21,0,0,0.000000,nomatch
isear_03918,2,21,21,0,0,0.000000,nomatch
isear_03919,3,33,33,2,0,-0.291174,nonzero
isear_03920,1,23,23,0,0,0.000000,nomatch
isear_03921,2,31,31,0,0,0.000000,nomatch
isear_03922,1,14,14,0,0,0.000000,nomatch
isear_03923,2,20,20,2,0,-0.409994,nonzero
isear_03924,1,7,7,0,0,0.000000,nomatch
isear_03925,1,21,21,0,0,0.000000,nomatch
isear_03926,3,26,26,2,0,-0.345926,nonzero
isear_03927,1,10,10,0,0,0.000000,nomatch
isear_03928,1,14,14,0,0,0.000000,nomatch
isear_03929,1,10,10,0,0,0.000000,nomatch
isear_03930,1,12,12,0,0,0.000000,nomatch
isear_03931,1,16,16,1,0,0.542326,nonzero
isear_03932,1,17,17,0,0,0.000000,nomatch
isear_03933,2,33,33,1,0,-0.229415,nonzero
isear_03934,1,30,30,1,0,-0.476658,nonzero
isear_03935,1,23,23,1,0,-0.578947,nonzero
isear_03936,2,30,30,1,0,-0.311213,nonzero
isear_03937,1,18,18,1,0,-0.421464,nonzero
isear_03938,2,22,22,0,0,0.000000,nomatch
isear_03939,2,24,24,0,0,0.000000,nomatch
isear_03940,2,33,33,0,0,0.000000,nomatch
isear_03941,2,18,18,0,0,0.000000,nomatch
isear_03942,2,17,17,1,0,-0.289473,nonzero
isear_03943,2,21,21,3,0,-0.560906,nonzero
isear_03944,2,27,27,2,0,-0.059441,nonzero
isear_03945,1,11,11,0,0,0.000000,nomatch
isear_03946,3,32,32,2,0,-0.315680,nonzero
isear_03947,2,32,32,0,0,0.000000,nomatch
isear_03948,3,26,26,0,0,0.000000,nomatch
isear_03949,1,25,25,0,0,0.000000,nomatch
isear_03950,2,29,29,1,0,-0.246957,nonzero
isear_03951,2,29,29,0,0,0.000000,nomatch
isear_03952,1,14,14,1,0,0.704999,nonzero
isear_03953,3,31,31,0,0,0.000000,nomatch
isear_03954,2,31,31,2,0,-0.191797,nonzero
isear_03955,3,18,18,1,0,-0.158886,nonzero
isear_03956,1,6,6,0,0,0.000000,nomatch
isear_03957,2,30,30,0,0,0.000000,nomatch
isear_03958,2,25,25,1,0,0.311213,nonzero
isear_03959,2,19,19,0,0,0.000000,nomatch
isear_03960,4,30,30,2,0,-0.204997,nonzero
isear_03961,2,18,18,0,0,0.000000,nomatch
isear_03962,2,34,34,0,0,0.000000,nomatch
isear_03963,2,17,17,1,0,-0.289473,nonzero
isear_03964,2,44,44,0,0,0.000000,nomatch
isear_03965,3,39,39,1,0,-0.140488,nonzero
isear_03966,1,29,29,0,0,0.000000,nomatch
isear_03967,2,25,25,0,0,0.000000,nomatch
isear_03968,1,25,25,1,0,-0.585882,nonzero
isear_03969,2,34,34,2,1,-0.053116,nonzero
isear_03970,1,8,8,0,0,0.000000,nomatch
isear_03971,3,37,37,1,0,-0.158886,nonzero
isear_03972,3,38,38,1,0,-0.164638,nonzero
isear_03973,1,16,16,0,0,0.000000,nomatch
isear_03974,1,15,15,0,0,0.000000,nomatch
isear_03975,1,15,15,0,0,0.000000,nomatch
isear_03976,1,18,18,0,0,0.000000,nomatch
isear_03977,1,9,9,0,0,0.000000,nomatch
isear_03978,1,14,14,0,0,0.000000,nomatch
isear_03979,1,5,5,0,0,0.000000,nomatch
isear_03980,3,35,35,2,0,-0.042679,nonzero
isear_03981,3,35,35,1,0,-0.152944,nonzero
isear_03982,3,29,29,0,0,0.000000,nomatch
isear_03983,2,35,35,1,0,-0.238329,nonzero
isear_03984,3,33,33,1,0,0.120386,nonzero
isear_03985,1,10,10,0,0,0.000000,nomatch
isear_03986,2,34,34,3,0,-0.643115,nonzero
isear_03987,1,16,16,0,0,0.000000,nomatch
isear_03988,1,15,15,0,0,0.000000,nomatch
isear_03989,1,29,29,0,0,0.000000,nomatch
isear_03990,1,8,8,0,0,0.000000,nomatch
isear_03991,1,14,14,0,0,0.000000,nomatch
isear_03992,1,14,14,0,0,0.000000,nomatch
isear_03993,1,10,10,1,0,0.542326,nonzero
isear_03994,1,12,12,1,0,0.542326,nonzero
isear_03995,1,12,12,0,0,0.000000,nomatch
isear_03996,1,14,14,1,0,-0.493915,nonzero
isear_03997,1,27,27,0,0,0.000000,nomatch
isear_03998,1,12,12,0,0,0.000000,nomatch
isear_03999,3,28,28,0,0,0.000000,nomatch
isear_04000,1,18,18,1,0,-0.458831,nonzero
isear_04001,1,11,11,0,0,0.000000,nomatch
isear_04002,2,21,21,0,0,0.000000,nomatch
isear_04003,2,33,33,0,0,0.000000,nomatch
isear_04004,1,25,25,2,0,-0.808455,nonzero
isear_04005,3,31,31,0,0,0.000000,nomatch
isear_04006,2,20,20,0,0,0.000000,nomatch
isear_04007,1,9,9,0,0,0.000000,nomatch
isear_04008,1,23,23,1,0,0.578947,nonzero
isear_04009,1,25,25,0,0,0.000000,nomatch
isear_04010,2,26,26,0,0,0.000000,nomatch
isear_04011,1,13,13,2,0,-0.077228,nonzero
isear_04012,2,20,20,0,0,0.000000,nomatch
isear_04013,2,32,32,0,0,0.000000,nomatch
isear_04014,2,25,25,1,0,0.064019,nonzero
isear_04015,2,28,28,3,0,-0.127143,nonzero
isear_04016,2,27,27,0,0,0.000000,nomatch
isear_04017,3,37,37,2,0,-0.311830,nonzero
isear_04018,3,22,22,1,0,-0.158886,nonzero
isear_04019,3,42,42,1,0,-0.204124,nonzero
isear_04020,3,28,28,2,0,-0.409687,nonzero
isear_04021,4,32,32,0,0,0.000000,nomatch
isear_04022,1,17,17,0,0,0.000000,nomatch
isear_04023,1,26,26,0,0,0.000000,nomatch
isear_04024,3,40,40,0,0,0.000000,nomatch
isear_04025,1,14,14,0,0,0.000000,nomatch
isear_04026,1,14,14,0,0,0.000000,nomatch
isear_04027,2,12,12,0,0,0.000000,nomatch
isear_04028,2,23,23,0,0,0.000000,nomatch
isear_04029,2,30,30,1,0,0.229415,nonzero
isear_04030,1,9,9,0,0,0.000000,nomatch
isear_04031,1,32,32,1,0,0.476658,nonzero
isear_04032,2,32,32,1,0,0.180579,nonzero
isear_04033,2,17,17,2,0,0.028998,nonzero
isear_04034,1,12,12,1,0,-0.411765,nonzero
isear_04035,2,30,30,0,0,0.000000,nomatch
isear_04036,1,21,21,0,0,0.000000,nomatch
isear_04037,1,22,22,1,0,-0.458831,nonzero
isear_04038,2,25,25,0,0,0.000000,nomatch
isear_04039,2,21,21,0,0,0.000000,nomatch
isear_04040,1,18,18,0,0,0.000000,nomatch
isear_04041,2,24,24,0,0,0.000000,nomatch
isear_04042,3,25,25,0,0,0.000000,nomatch
isear_04043,2,28,28,2,0,-0.096411,nonzero
isear_04044,2,18,18,1,0,-0.292941,nonzero
isear_04045,2,23,23,1,0,-0.180579,nonzero
isear_04046,2,31,31,1,0,-0.238329,nonzero
isear_04047,2,23,23,1,0,-0.289473,nonzero
isear_04048,2,27,27,2,0,-0.098978,nonzero
isear_04049,3,27,27,1,0,-0.181793,nonzero
isear_04050,1,16,16,2,0,0.771737,nonzero
isear_04051,1,19,19,1,0,-0.493915,nonzero
isear_04052,1,17,17,0,0,0.000000,nomatch
isear_04053,2,35,35,1,0,-0.292941,nonzero
isear_04054,2,33,33,1,0,-0.292941,nonzero
isear_04055,4,32,32,1,0,-0.155607,nonzero
isear_04056,3,33,33,2,0,0.040287,nonzero
isear_04057,3,39,39,3,0,0.180775,nonzero
isear_04058,4,50,50,1,0,-0.146471,nonzero
isear_04059,2,22,22,1,0,0.180579,nonzero
isear_04060,1,34,34,1,0,-0.361158,nonzero
isear_04061,2,48,48,2,0,0.281724,nonzero
isear_04062,2,36,36,0,0,0.000000,nomatch
isear_04063,1,23,23,1,0,-0.295958,nonzero
isear_04064,1,21,21,2,0,0.458831,nonzero
isear_04065,3,52,52,0,0,0.000000,nomatch
isear_04066,3,50,50,1,0,0.152944,nonzero
isear_04067,2,26,26,1,0,-0.229415,nonzero
isear_04068,5,45,45,1,0,-0.117176,nonzero
isear_04069,1,17,17,0,0,0.000000,nomatch
isear_04070,3,27,27,1,0,-0.204124,nonzero
isear_04071,2,25,25,0,0,0.000000,nomatch
isear_04072,2,31,31,3,0,-0.466036,nonzero
isear_04073,1,14,14,0,0,0.000000,nomatch
isear_04074,1,14,14,0,0,0.000000,nomatch
isear_04075,1,30,30,0,0,0.000000,nomatch
isear_04076,1,8,8,1,0,-0.361158,nonzero
isear_04077,1,7,7,0,0,0.000000,nomatch
isear_04078,1,13,13,0,0,0.000000,nomatch
isear_04079,2,24,24,0,0,0.000000,nomatch
isear_04080,1,11,11,0,0,0.000000,nomatch
isear_04081,1,10,10,0,0,0.000000,nomatch
isear_04082,1,5,5,0,0,0.000000,nomatch
isear_04083,1,10,10,0,0,0.000000,nomatch
isear_04084,1,15,15,1,0,-0.458831,nonzero
isear_04085,1,7,7,0,0,0.000000,nomatch
isear_04086,1,11,11,1,0,-0.361158,nonzero
isear_04087,1,5,5,0,0,0.000000,nomatch
isear_04088,1,13,13,0,0,0.000000,nomatch
isear_04089,1,11,11,1,0,-0.361158,nonzero
isear_04090,2,24,24,0,0,0.000000,nomatch
isear_04091,4,65,65,1,0,0.077342,nonzero
isear_04092,5,73,73,0,0,0.000000,nomatch
isear_04093,4,44,44,1,0,0.146471,nonzero
isear_04094,3,38,38,1,0,0.140488,nonzero
isear_04095,4,43,43,0,0,0.000000,nomatch
isear_04096,2,44,44,0,0,0.000000,nomatch
isear_04097,1,15,15,0,0,0.000000,nomatch
isear_04098,1,9,9,0,0,0.000000,nomatch
isear_04099,1,10,10,1,0,-0.361158,nonzero
isear_04100,1,8,8,0,0,0.000000,nomatch
isear_04101,1,15,15,0,0,0.000000,nomatch
isear_04102,1,12,12,0,0,0.000000,nomatch
isear_04103,1,8,8,0,0,0.000000,nomatch
isear_04104,1,16,16,0,0,0.000000,nomatch
isear_04105,1,4,4,0,0,0.000000,nomatch
isear_04106,1,19,19,0,0,0.000000,nomatch
isear_04107,2,32,32,0,0,0.000000,nomatch
isear_04108,1,11,11,1,0,0.128037,nonzero
isear_04109,1,8,8,0,0,0.000000,nomatch
isear_04110,1,10,10,0,0,0.000000,nomatch
isear_04111,1,5,5,0,0,0.000000,nomatch
isear_04112,1,17,17,0,0,0.000000,nomatch
isear_04113,1,10,10,0,0,0.000000,nomatch
isear_04114,1,5,5,0,0,0.000000,nomatch
isear_04115,1,13,13,0,0,0.000000,nomatch
isear_04116,1,6,6,0,0,0.000000,nomatch
isear_04117,1,18,18,0,0,0.000000,nomatch
isear_04118,2,18,18,0,0,0.000000,nomatch
isear_04119,2,27,27,0,0,0.000000,nomatch
isear_04120,1,18,18,0,0,0.000000,nomatch
isear_04121,1,16,16,0,0,0.000000,nomatch
isear_04122,2,15,15,0,0,0.000000,nomatch
isear_04123,1,17,17,0,0,0.000000,nomatch
isear_04124,1,15,15,0,0,0.000000,nomatch
isear_04125,1,21,21,0,0,0.000000,nomatch
isear_04126,1,18,18,0,0,0.000000,nomatch
isear_04127,1,24,24,0,0,0.000000,nomatch
isear_04128,1,25,25,1,0,-0.421464,nonzero
isear_04129,1,10,10,0,0,0.000000,nomatch
isear_04130,1,28,28,1,0,-0.361158,nonzero
isear_04131,1,12,12,2,0,-0.757937,nonzero
isear_04132,1,20,20,1,0,0.476658,nonzero
isear_04133,1,15,15,0,0,0.000000,nomatch
isear_04134,1,17,17,1,0,-0.458831,nonzero
isear_04135,1,10,10,0,0,0.000000,nomatch
isear_04136,1,5,5,0,0,0.000000,nomatch
isear_04137,1,17,17,0,0,0.000000,nomatch
isear_04138,1,16,16,1,0,-0.361158,nonzero
isear_04139,1,15,15,0,0,0.000000,nomatch
isear_04140,1,18,18,0,0,0.000000,nomatch
isear_04141,1,17,17,0,0,0.000000,nomatch
isear_04142,1,12,12,0,0,0.000000,nomatch
isear_04143,1,13,13,0,0,0.000000,nomatch
isear_04144,1,21,21,0,0,0.000000,nomatch
isear_04145,1,18,18,1,0,-0.421464,nonzero
isear_04146,1,6,6,0,0,0.000000,nomatch
isear_04147,1,12,12,0,0,0.000000,nomatch
isear_04148,1,15,15,0,0,0.000000,nomatch
isear_04149,1,5,5,0,0,0.000000,nomatch
isear_04150,1,17,17,0,0,0.000000,nomatch
isear_04151,1,13,13,0,0,0.000000,nomatch
isear_04152,1,23,23,1,0,0.542326,nonzero
isear_04153,1,11,11,1,0,-0.361158,nonzero
isear_04154,1,7,7,1,0,-0.361158,nonzero
isear_04155,1,2,2,0,0,0.000000,nomatch
isear_04156,1,7,7,1,0,-0.361158,nonzero
isear_04157,1,8,8,0,0,0.000000,nomatch
isear_04158,1,22,22,0,0,0.000000,nomatch
isear_04159,1,6,6,0,0,0.000000,nomatch
isear_04160,1,19,19,0,0,0.000000,nomatch
isear_04161,1,9,9,0,0,0.000000,nomatch
isear_04162,1,37,37,0,0,0.000000,nomatch
isear_04163,1,14,14,0,0,0.000000,nomatch
isear_04164,1,10,10,1,0,-0.493915,nonzero
isear_04165,1,24,24,0,0,0.000000,nomatch
isear_04166,1,22,22,0,0,0.000000,nomatch
isear_04167,2,21,21,0,0,0.000000,nomatch
isear_04168,1,24,24,0,0,0.000000,nomatch
isear_04169,1,20,20,0,0,0.000000,nomatch
isear_04170,2,36,36,0,0,0.000000,nomatch
isear_04171,1,22,22,0,0,0.000000,nomatch
isear_04172,1,17,17,0,0,0.000000,nomatch
isear_04173,2,25,25,0,0,0.000000,nomatch
isear_04174,1,16,16,0,0,0.000000,nomatch
isear_04175,1,17,17,1,0,-0.458831,nonzero
isear_04176,1,29,29,1,0,0.128037,nonzero
isear_04177,1,1,1,0,0,0.000000,nomatch
isear_04178,1,18,18,0,0,0.000000,nomatch
isear_04179,1,35,35,0,0,0.000000,nomatch
isear_04180,2,22,22,0,0,0.000000,nomatch
isear_04181,1,14,14,0,0,0.000000,nomatch
isear_04182,1,14,14,0,0,0.000000,nomatch
isear_04183,1,29,29,0,0,0.000000,nomatch
isear_04184,1,14,14,0,0,0.000000,nomatch
isear_04185,1,10,10,0,0,0.000000,nomatch
isear_04186,1,16,16,1,0,0.361158,nonzero
isear_04187,1,15,15,0,0,0.000000,nomatch
isear_04188,1,5,5,0,0,0.000000,nomatch
isear_04189,1,6,6,0,0,0.000000,nomatch
isear_04190,1,6,6,1,0,-0.361158,nonzero
isear_04191,1,4,4,0,0,0.000000,nomatch
isear_04192,1,8,8,0,0,0.000000,nomatch
isear_04193,1,20,20,0,0,0.000000,nomatch
isear_04194,1,13,13,0,0,0.000000,nomatch
isear_04195,1,6,6,0,0,0.000000,nomatch
isear_04196,1,17,17,0,0,0.000000,nomatch
isear_04197,1,21,21,0,0,0.000000,nomatch
isear_04198,1,10,10,0,0,0.000000,nomatch
isear_04199,1,7,7,0,0,0.000000,nomatch
isear_04200,1,10,10,0,0,0.000000,nomatch
isear_04201,1,11,11,0,0,0.000000,nomatch
isear_04202,1,5,5,0,0,0.000000,nomatch
isear_04203,1,11,11,1,0,-0.493915,nonzero
isear_04204,1,10,10,1,0,-0.361158,nonzero
isear_04205,1,4,4,0,0,0.000000,nomatch
isear_04206,1,11,11,1,0,-0.361158,nonzero
isear_04207,1,8,8,0,0,0.000000,nomatch
isear_04208,1,6,6,1,0,-0.421464,nonzero
isear_04209,2,25,25,2,0,0.359210,nonzero
isear_04210,1,10,10,0,0,0.000000,nomatch
isear_04211,1,13,13,0,0,0.000000,nomatch
isear_04212,1,5,5,0,0,0.000000,nomatch
isear_04213,1,22,22,0,0,0.000000,nomatch
isear_04214,1,9,9,0,0,0.000000,nomatch
isear_04215,1,11,11,0,0,0.000000,nomatch
isear_04216,1,13,13,0,0,0.000000,nomatch
isear_04217,1,21,21,1,0,-0.458831,nonzero
isear_04218,1,23,23,0,0,0.000000,nomatch
isear_04219,1,17,17,0,0,0.000000,nomatch
isear_04220,1,10,10,0,0,0.000000,nomatch
isear_04221,1,20,20,0,0,0.000000,nomatch
isear_04222,1,22,22,0,0,0.000000,nomatch
isear_04223,1,16,16,0,0,0.000000,nomatch
isear_04224,2,32,32,0,0,0.000000,nomatch
isear_04225,1,24,24,1,0,-0.585882,nonzero
isear_04226,1,16,16,0,0,0.000000,nomatch
isear_04227,1,13,13,0,0,0.000000,nomatch
isear_04228,1,15,15,0,0,0.000000,nomatch
isear_04229,1,17,17,0,0,0.000000,nomatch
isear_04230,2,19,19,0,0,0.000000,nomatch
isear_04231,1,22,22,0,0,0.000000,nomatch
isear_04232,2,24,24,0,0,0.000000,nomatch
isear_04233,1,12,12,0,0,0.000000,nomatch
isear_04234,2,33,33,0,0,0.000000,nomatch
isear_04235,1,10,10,0,0,0.000000,nomatch
isear_04236,2,20,20,0,0,0.000000,nomatch
isear_04237,1,12,12,0,0,0.000000,nomatch
isear_04238,1,4,4,0,0,0.000000,nomatch
isear_04239,1,15,15,1,0,0.128037,nonzero
isear_04240,1,18,18,0,0,0.000000,nomatch
isear_04241,1,22,22,0,0,0.000000,nomatch
isear_04242,1,20,20,0,0,0.000000,nomatch
isear_04243,1,16,16,1,0,-0.458831,nonzero
isear_04244,1,7,7,0,0,0.000000,nomatch
isear_04245,1,18,18,0,0,0.000000,nomatch
isear_04246,1,24,24,1,0,-0.077228,nonzero
isear_04247,1,5,5,0,0,0.000000,nomatch
isear_04248,1,5,5,0,0,0.000000,nomatch
isear_04249,1,19,19,0,0,0.000000,nomatch
isear_04250,1,12,12,0,0,0.000000,nomatch
isear_04251,2,18,18,1,0,-0.238329,nonzero
isear_04252,2,21,21,2,0,-0.312447,nonzero
isear_04253,1,17,17,0,0,0.000000,nomatch
isear_04254,2,18,18,0,0,0.000000,nomatch
isear_04255,1,16,16,0,0,0.000000,nomatch
isear_04256,2,24,24,0,0,0.000000,nomatch
isear_04257,1,19,19,1,0,-0.361158,nonzero
isear_04258,1,23,23,0,0,0.000000,nomatch
isear_04259,1,16,16,0,0,0.000000,nomatch
isear_04260,1,21,21,0,0,0.000000,nomatch
isear_04261,1,23,23,1,0,0.128037,nonzero
isear_04262,1,40,40,0,0,0.000000,nomatch
isear_04263,2,27,27,0,0,0.000000,nomatch
isear_04264,2,30,30,0,0,0.000000,nomatch
isear_04265,1,9,9,0,0,0.000000,nomatch
isear_04266,1,17,17,1,0,-0.361158,nonzero
isear_04267,1,4,4,0,0,0.000000,nomatch
isear_04268,1,11,11,0,0,0.000000,nomatch
isear_04269,1,7,7,0,0,0.000000,nomatch
isear_04270,1,19,19,0,0,0.000000,nomatch
isear_04271,1,9,9,0,0,0.000000,nomatch
isear_04272,1,5,5,0,0,0.000000,nomatch
isear_04273,1,6,6,1,0,-0.458831,nonzero
isear_04274,1,16,16,0,0,0.000000,nomatch
isear_04275,1,6,6,0,0,0.000000,nomatch
isear_04276,1,9,9,0,0,0.000000,nomatch
isear_04277,1,8,8,0,0,0.000000,nomatch
isear_04278,1,9,9,0,0,0.000000,nomatch
isear_04279,2,45,45,0,0,0.000000,nomatch
isear_04280,2,25,25,1,0,-0.229415,nonzero
isear_04281,2,28,28,0,0,0.000000,nomatch
isear_04282,1,28,28,0,0,0.000000,nomatch
isear_04283,1,11,11,1,0,-0.578947,nonzero
isear_04284,2,26,26,0,0,0.000000,nomatch
isear_04285,3,34,34,2,0,-0.231601,nonzero
isear_04286,3,34,34,0,0,0.000000,nomatch
isear_04287,2,37,37,2,0,-0.409994,nonzero
isear_04288,3,47,47,6,1,-0.490479,nonzero
isear_04289,2,28,28,3,0,0.128271,nonzero
isear_04290,1,15,15,0,0,0.000000,nomatch
isear_04291,2,29,29,0,0,0.000000,nomatch
isear_04292,3,43,43,1,0,-0.152944,nonzero
isear_04293,2,27,27,0,0,0.000000,nomatch
isear_04294,2,37,37,0,0,0.000000,nomatch
isear_04295,1,21,21,1,0,-0.128037,nonzero
isear_04296,1,14,14,0,0,0.000000,nomatch
isear_04297,1,13,13,0,0,0.000000,nomatch
isear_04298,2,32,32,0,0,0.000000,nomatch
isear_04299,1,13,13,0,0,0.000000,nomatch
isear_04300,1,20,20,1,0,0.361158,nonzero
isear_04301,1,13,13,0,0,0.000000,nomatch
isear_04302,1,17,17,0,0,0.000000,nomatch
isear_04303,1,14,14,0,0,0.000000,nomatch
isear_04304,1,6,6,0,0,0.000000,nomatch
isear_04305,1,9,9,0,0,0.000000,nomatch
isear_04306,1,13,13,1,0,-0.177858,nonzero
isear_04307,1,18,18,0,0,0.000000,nomatch
isear_04308,1,8,8,0,0,0.000000,nomatch
isear_04309,1,21,21,0,0,0.000000,nomatch
isear_04310,1,13,13,0,0,0.000000,nomatch
isear_04311,2,26,26,1,0,0.229415,nonzero
isear_04312,1,16,16,1,0,-0.361158,nonzero
isear_04313,1,13,13,0,0,0.000000,nomatch
isear_04314,1,7,7,0,0,0.000000,nomatch
isear_04315,1,20,20,0,0,0.000000,nomatch
isear_04316,1,8,8,0,0,0.000000,nomatch
isear_04317,1,10,10,0,0,0.000000,nomatch
isear_04318,1,5,5,0,0,0.000000,nomatch
isear_04319,1,8,8,0,0,0.000000,nomatch
isear_04320,2,29,29,1,0,-0.210732,nonzero
isear_04321,1,15,15,1,0,-0.361158,nonzero
isear_04322,3,42,42,2,0,-0.239474,nonzero
isear_04323,1,16,16,1,0,0.526742,nonzero
isear_04324,1,30,30,1,0,-0.361158,nonzero
isear_04325,4,44,44,0,0,0.000000,nomatch
isear_04326,1,16,16,0,0,0.000000,nomatch
isear_04327,2,28,28,1,0,-0.180579,nonzero
isear_04328,1,20,20,0,0,0.000000,nomatch
isear_04329,2,38,38,2,0,-0.399328,nonzero
isear_04330,1,16,16,0,0,0.000000,nomatch
isear_04331,2,47,47,1,0,0.180579,nonzero
isear_04332,1,19,19,0,0,0.000000,nomatch
isear_04333,3,42,42,1,0,-0.120386,nonzero
isear_04334,1,23,23,0,0,0.000000,nomatch
isear_04335,1,16,16,0,0,0.000000,nomatch
isear_04336,2,27,27,1,0,-0.180579,nonzero
isear_04337,3,39,39,1,0,-0.164638,nonzero
isear_04338,1,17,17,1,0,-0.476658,nonzero
isear_04339,2,25,25,0,0,0.000000,nomatch
isear_04340,1,16,16,0,0,0.000000,nomatch
isear_04341,1,26,26,1,0,-0.361158,nonzero
isear_04342,1,7,7,0,0,0.000000,nomatch
isear_04343,1,7,7,1,0,-0.361158,nonzero
isear_04344,1,4,4,0,0,0.000000,nomatch
isear_04345,1,11,11,0,0,0.000000,nomatch
isear_04346,1,11,11,0,0,0.000000,nomatch
isear_04347,1,9,9,0,0,0.000000,nomatch
isear_04348,1,14,14,1,0,-0.261663,nonzero
isear_04349,1,9,9,0,0,0.000000,nomatch
isear_04350,1,11,11,0,0,0.000000,nomatch
isear_04351,1,27,27,0,0,0.000000,nomatch
isear_04352,1,16,16,1,0,-0.458831,nonzero
isear_04353,1,16,16,0,0,0.000000,nomatch
isear_04354,1,17,17,0,0,0.000000,nomatch
isear_04355,1,15,15,1,0,-0.361158,nonzero
isear_04356,1,14,14,0,0,0.000000,nomatch
isear_04357,2,25,25,1,0,-0.229415,nonzero
isear_04358,2,26,26,0,0,0.000000,nomatch
isear_04359,1,11,11,1,0,-0.578947,nonzero
isear_04360,1,20,20,0,0,0.000000,nomatch
isear_04361,1,7,7,1,0,-0.361158,nonzero
isear_04362,1,14,14,0,0,0.000000,nomatch
isear_04363,2,28,28,0,0,0.000000,nomatch
isear_04364,2,24,24,1,0,-0.229415,nonzero
isear_04365,1,11,11,1,0,-0.361158,nonzero
isear_04366,2,26,26,0,0,0.000000,nomatch
isear_04367,1,13,13,1,0,0.458831,nonzero
isear_04368,1,25,25,1,0,0.202289,nonzero
isear_04369,1,25,25,0,0,0.000000,nomatch
isear_04370,1,13,13,1,0,-0.458831,nonzero
isear_04371,1,20,20,0,0,0.000000,nomatch
isear_04372,1,26,26,0,0,0.000000,nomatch
isear_04373,1,27,27,1,0,-0.612372,nonzero
isear_04374,1,22,22,0,0,0.000000,nomatch
isear_04375,1,13,13,0,0,0.000000,nomatch
isear_04376,1,16,16,1,0,0.458831,nonzero
isear_04377,2,33,33,0,0,0.000000,nomatch
isear_04378,2,32,32,1,0,-0.246957,nonzero
isear_04379,3,34,34,2,0,-0.057155,nonzero
isear_04380,2,27,27,1,0,-0.147979,nonzero
isear_04381,2,33,33,1,0,-0.246957,nonzero
isear_04382,1,16,16,0,0,0.000000,nomatch
isear_04383,2,24,24,1,0,-0.229415,nonzero
isear_04384,2,32,32,0,0,0.000000,nomatch
isear_04385,2,27,27,1,0,-0.229415,nonzero
isear_04386,1,7,7,1,0,-0.361158,nonzero
isear_04387,3,26,26,0,0,0.000000,nomatch
isear_04388,3,42,42,3,0,-0.247679,nonzero
isear_04389,2,35,35,1,0,-0.180579,nonzero
isear_04390,1,15,15,2,0,0.790569,nonzero
isear_04391,2,36,36,3,0,-0.409994,nonzero
isear_04392,1,20,20,1,0,0.361158,nonzero
isear_04393,1,9,9,0,0,0.000000,nomatch
isear_04394,1,18,18,0,0,0.000000,nomatch
isear_04395,2,25,25,1,0,-0.306186,nonzero
isear_04396,1,17,17,1,0,-0.735147,nonzero
isear_04397,1,17,17,0,0,0.000000,nomatch
isear_04398,2,18,18,2,0,-0.440148,nonzero
isear_04399,1,10,10,0,0,0.000000,nomatch
isear_04400,1,4,4,0,0,0.000000,nomatch
isear_04401,1,11,11,0,0,0.000000,nomatch
isear_04402,1,14,14,0,0,0.000000,nomatch
isear_04403,1,9,9,1,0,-0.421464,nonzero
isear_04404,3,37,37,2,0,0.247679,nonzero
isear_04405,1,12,12,0,0,0.000000,nomatch
isear_04406,1,15,15,2,0,-0.761486,nonzero
isear_04407,2,25,25,1,0,0.210732,nonzero
isear_04408,2,18,18,1,0,-0.306186,nonzero
isear_04409,2,18,18,0,0,0.000000,nomatch
isear_04410,3,35,35,3,0,-0.391579,nonzero
isear_04411,1,23,23,0,0,0.000000,nomatch
isear_04412,1,15,15,0,0,0.000000,nomatch
isear_04413,2,18,18,1,0,-0.229415,nonzero
isear_04414,1,9,9,0,0,0.000000,nomatch
isear_04415,2,22,22,0,0,0.000000,nomatch
isear_04416,1,12,12,0,0,0.000000,nomatch
isear_04417,2,29,29,0,0,0.000000,nomatch
isear_04418,1,6,6,0,0,0.000000,nomatch
isear_04419,1,13,13,0,0,0.000000,nomatch
isear_04420,1,10,10,0,0,0.000000,nomatch
isear_04421,1,13,13,0,0,0.000000,nomatch
isear_04422,1,19,19,0,0,0.000000,nomatch
isear_04423,1,10,10,0,0,0.000000,nomatch
isear_04424,1,24,24,1,0,0.309370,nonzero
isear_04425,1,19,19,0,0,0.000000,nomatch
isear_04426,1,21,21,0,0,0.000000,nomatch
isear_04427,1,16,16,1,0,-0.295958,nonzero
isear_04428,1,23,23,0,0,0.000000,nomatch
isear_04429,1,6,6,0,0,0.000000,nomatch
isear_04430,2,26,26,0,0,0.000000,nomatch
isear_04431,2,24,24,0,0,0.000000,nomatch
isear_04432,1,17,17,0,0,0.000000,nomatch
isear_04433,2,33,33,1,0,-0.229415,nonzero
isear_04434,2,31,31,0,0,0.000000,nomatch
isear_04435,1,23,23,1,0,-0.421464,nonzero
isear_04436,1,19,19,0,0,0.000000,nomatch
isear_04437,1,16,16,0,0,0.000000,nomatch
isear_04438,1,18,18,0,0,0.000000,nomatch
isear_04439,1,14,14,0,0,0.000000,nomatch
isear_04440,1,12,12,0,0,0.000000,nomatch
isear_04441,1,2,2,0,0,0.000000,nomatch
isear_04442,2,26,26,0,0,0.000000,nomatch
isear_04443,1,17,17,0,0,0.000000,nomatch
isear_04444,1,28,28,0,0,0.000000,nomatch
isear_04445,2,31,31,2,0,-0.359210,nonzero
isear_04446,1,12,12,1,0,-0.361158,nonzero
isear_04447,1,10,10,0,0,0.000000,nomatch
isear_04448,3,23,23,1,0,-0.226941,nonzero
isear_04449,1,4,4,0,0,0.000000,nomatch
isear_04450,1,10,10,0,0,0.000000,nomatch
isear_04451,1,16,16,0,0,0.000000,nomatch
isear_04452,3,37,37,2,0,-0.172915,nonzero
isear_04453,1,19,19,0,0,0.000000,nomatch
isear_04454,2,23,23,0,0,0.000000,nomatch
isear_04455,2,42,42,0,0,0.000000,nomatch
isear_04456,2,28,28,0,0,0.000000,nomatch
isear_04457,1,11,11,0,0,0.000000,nomatch
isear_04458,1,24,24,0,0,0.000000,nomatch
isear_04459,3,39,39,1,0,-0.098653,nonzero
isear_04460,1,13,13,0,0,0.000000,nomatch
isear_04461,1,19,19,0,0,0.000000,nomatch
isear_04462,1,27,27,0,0,0.000000,nomatch
isear_04463,2,33,33,1,0,0.210732,nonzero
isear_04464,1,16,16,0,0,0.000000,nomatch
isear_04465,2,36,36,0,0,0.000000,nomatch
isear_04466,1,23,23,1,0,0.361158,nonzero
isear_04467,1,25,25,1,0,-0.361158,nonzero
isear_04468,2,29,29,0,0,0.000000,nomatch
isear_04469,1,12,12,0,0,0.000000,nomatch
isear_04470,1,16,16,1,0,-0.361158,nonzero
isear_04471,1,13,13,0,0,0.000000,nomatch
isear_04472,2,23,23,0,0,0.000000,nomatch
isear_04473,1,20,20,3,0,-0.799778,nonzero
isear_04474,3,55,55,1,0,-0.152944,nonzero
isear_04475,5,43,43,0,0,0.000000,nomatch
isear_04476,1,12,12,0,0,0.000000,nomatch
isear_04477,1,14,14,0,0,0.000000,nomatch
isear_04478,1,6,6,0,0,0.000000,nomatch
isear_04479,4,47,47,1,0,-0.090289,nonzero
isear_04480,1,21,21,0,0,0.000000,nomatch
isear_04481,2,25,25,1,0,0.292941,nonzero
isear_04482,2,31,31,0,0,0.000000,nomatch
isear_04483,2,20,20,1,0,-0.180579,nonzero
isear_04484,1,9,9,0,0,0.000000,nomatch
isear_04485,1,14,14,0,0,0.000000,nomatch
isear_04486,1,13,13,0,0,0.000000,nomatch
isear_04487,3,43,43,1,0,-0.158886,nonzero
isear_04488,3,28,28,0,0,0.000000,nomatch
isear_04489,1,8,8,0,0,0.000000,nomatch
isear_04490,1,23,23,1,0,-0.578947,nonzero
isear_04491,1,21,21,0,0,0.000000,nomatch
isear_04492,3,21,21,1,0,0.083333,nonzero
isear_04493,1,20,20,0,0,0.000000,nomatch
isear_04494,2,20,20,0,0,0.000000,nomatch
isear_04495,1,15,15,1,0,-0.361158,nonzero
isear_04496,1,12,12,0,0,0.000000,nomatch
isear_04497,2,29,29,0,0,0.000000,nomatch
isear_04498,1,17,17,0,0,0.000000,nomatch
isear_04499,1,17,17,0,0,0.000000,nomatch
isear_04500,1,23,23,0,0,0.000000,nomatch
isear_04501,1,29,29,0,0,0.000000,nomatch
isear_04502,2,20,20,1,0,0.289473,nonzero
isear_04503,3,32,32,0,0,0.000000,nomatch
isear_04504,2,25,25,1,0,-0.120295,nonzero
isear_04505,1,21,21,0,0,0.000000,nomatch
isear_04506,1,32,32,0,0,0.000000,nomatch
isear_04507,3,32,32,1,0,-0.120386,nonzero
isear_04508,2,23,23,0,0,0.000000,nomatch
isear_04509,1,24,24,0,0,0.000000,nomatch
isear_04510,2,21,21,2,0,-0.409994,nonzero
isear_04511,2,26,26,0,0,0.000000,nomatch
isear_04512,2,23,23,2,0,-0.361158,nonzero
isear_04513,1,12,12,0,0,0.000000,nomatch
isear_04514,1,10,10,0,0,0.000000,nomatch
isear_04515,1,10,10,0,0,0.000000,nomatch
isear_04516,1,13,13,0,0,0.000000,nomatch
isear_04517,1,14,14,0,0,0.000000,nomatch
isear_04518,1,24,24,0,0,0.000000,nomatch
isear_04519,1,2,2,0,0,0.000000,nomatch
isear_04520,1,15,15,0,0,0.000000,nomatch
isear_04521,1,19,19,0,0,0.000000,nomatch
isear_04522,3,37,37,1,0,-0.158886,nonzero
isear_04523,1,14,14,0,0,0.000000,nomatch
isear_04524,2,28,28,1,0,-0.180579,nonzero
isear_04525,2,20,20,0,0,0.000000,nomatch
isear_04526,1,2,2,0,0,0.000000,nomatch
isear_04527,1,8,8,0,0,0.000000,nomatch
isear_04528,1,13,13,0,0,0.000000,nomatch
isear_04529,1,13,13,0,0,0.000000,nomatch
isear_04530,2,34,34,1,0,-0.229415,nonzero
isear_04531,2,31,31,1,0,-0.180579,nonzero
isear_04532,2,30,30,0,0,0.000000,nomatch
isear_04533,1,26,26,0,0,0.000000,nomatch
isear_04534,2,31,31,0,0,0.000000,nomatch
isear_04535,1,29,29,1,0,0.128037,nonzero
isear_04536,1,20,20,2,0,-0.670478,nonzero
isear_04537,2,31,31,0,0,0.000000,nomatch
isear_04538,1,21,21,2,0,-0.690775,nonzero
isear_04539,1,17,17,2,0,-0.798657,nonzero
isear_04540,2,23,23,4,0,-0.149796,nonzero
isear_04541,1,19,19,0,0,0.000000,nomatch
isear_04542,2,34,34,2,0,-0.517014,nonzero
isear_04543,1,17,17,1,0,-0.421464,nonzero
isear_04544,1,9,9,0,0,0.000000,nomatch
isear_04545,3,32,32,0,0,0.000000,nomatch
isear_04546,2,17,17,0,0,0.000000,nomatch
isear_04547,1,16,16,1,0,-0.361158,nonzero
isear_04548,1,13,13,0,0,0.000000,nomatch
isear_04549,2,28,28,0,0,0.000000,nomatch
isear_04550,2,27,27,0,0,0.000000,nomatch
isear_04551,4,42,42,3,0,0.144737,nonzero
isear_04552,3,40,40,1,0,-0.152944,nonzero
isear_04553,2,29,29,2,0,-0.382485,nonzero
isear_04554,3,41,41,0,0,0.000000,nomatch
isear_04555,1,14,14,0,0,0.000000,nomatch
isear_04556,3,28,28,1,0,-0.195294,nonzero
isear_04557,3,29,29,0,0,0.000000,nomatch
isear_04558,1,7,7,0,0,0.000000,nomatch
isear_04559,1,10,10,0,0,0.000000,nomatch
isear_04560,1,21,21,0,0,0.000000,nomatch
isear_04561,1,7,7,0,0,0.000000,nomatch
isear_04562,1,9,9,0,0,0.000000,nomatch
isear_04563,1,9,9,0,0,0.000000,nomatch
isear_04564,2,14,14,0,0,0.000000,nomatch
isear_04565,1,15,15,0,0,0.000000,nomatch
isear_04566,1,19,19,1,0,-0.361158,nonzero
isear_04567,1,21,21,0,0,0.000000,nomatch
isear_04568,1,19,19,0,0,0.000000,nomatch
isear_04569,1,12,12,1,0,0.309370,nonzero
isear_04570,1,20,20,0,0,0.000000,nomatch
isear_04571,1,23,23,0,0,0.000000,nomatch
isear_04572,2,24,24,0,0,0.000000,nomatch
isear_04573,4,53,53,1,0,-0.146471,nonzero
isear_04574,2,37,37,0,0,0.000000,nomatch
isear_04575,1,23,23,0,0,0.000000,nomatch
isear_04576,2,30,30,1,0,-0.101144,nonzero
isear_04577,2,25,25,0,0,0.000000,nomatch
isear_04578,2,27,27,1,0,0.229415,nonzero
isear_04579,2,20,20,1,0,0.292941,nonzero
isear_04580,2,27,27,1,0,-0.180579,nonzero
isear_04581,2,29,29,1,0,-0.229415,nonzero
isear_04582,1,4,4,0,0,0.000000,nomatch
isear_04583,1,10,10,0,0,0.000000,nomatch
isear_04584,2,44,44,0,0,0.000000,nomatch
isear_04585,2,20,20,2,0,-0.335239,nonzero
isear_04586,1,18,18,0,0,0.000000,nomatch
isear_04587,1,25,25,0,0,0.000000,nomatch
isear_04588,1,24,24,0,0,0.000000,nomatch
isear_04589,1,10,10,0,0,0.000000,nomatch
isear_04590,1,20,20,0,0,0.000000,nomatch
isear_04591,2,36,36,2,0,-0.458831,nonzero
isear_04592,1,14,14,0,0,0.000000,nomatch
isear_04593,2,23,23,0,0,0.000000,nomatch
isear_04594,1,19,19,1,0,-0.493915,nonzero
isear_04595,2,28,28,1,0,0.246957,nonzero
isear_04596,2,20,20,0,0,0.000000,nomatch
isear_04597,1,20,20,0,0,0.000000,nomatch
isear_04598,2,33,33,0,0,0.000000,nomatch
isear_04599,1,25,25,0,0,0.000000,nomatch
isear_04600,2,23,23,2,0,0.041747,nonzero
isear_04601,1,21,21,0,0,0.000000,nomatch
isear_04602,2,25,25,1,0,-0.229415,nonzero
isear_04603,2,18,18,1,0,-0.180579,nonzero
isear_04604,1,13,13,1,0,-0.361158,nonzero
isear_04605,1,26,26,0,0,0.000000,nomatch
isear_04606,1,18,18,0,0,0.000000,nomatch
isear_04607,1,7,7,0,0,0.000000,nomatch
isear_04608,1,23,23,1,0,0.361158,nonzero
isear_04609,2,25,25,0,0,0.000000,nomatch
isear_04610,1,16,16,1,0,-0.361158,nonzero
isear_04611,1,21,21,0,0,0.000000,nomatch
isear_04612,1,16,16,0,0,0.000000,nomatch
isear_04613,1,15,15,0,0,0.000000,nomatch
isear_04614,1,14,14,0,0,0.000000,nomatch
isear_04615,1,14,14,1,0,-0.458831,nonzero
isear_04616,2,23,23,0,0,0.000000,nomatch
isear_04617,1,6,6,0,0,0.000000,nomatch
isear_04618,1,8,8,1,0,0.458831,nonzero
isear_04619,1,23,23,0,0,0.000000,nomatch
isear_04620,1,20,20,1,0,-0.458831,nonzero
isear_04621,2,25,25,0,0,0.000000,nomatch
isear_04622,1,11,11,0,0,0.000000,nomatch
isear_04623,2,42,42,1,0,-0.292941,nonzero
isear_04624,1,18,18,0,0,0.000000,nomatch
isear_04625,1,15,15,0,0,0.000000,nomatch
isear_04626,2,35,35,0,0,0.000000,nomatch
isear_04627,2,31,31,1,0,-0.180579,nonzero
isear_04628,1,11,11,0,0,0.000000,nomatch
isear_04629,2,33,33,0,0,0.000000,nomatch
isear_04630,2,28,28,0,0,0.000000,nomatch
isear_04631,1,15,15,0,0,0.000000,nomatch
isear_04632,1,20,20,0,0,0.000000,nomatch
isear_04633,2,27,27,0,0,0.000000,nomatch
isear_04634,1,10,10,0,0,0.000000,nomatch
isear_04635,1,11,11,0,0,0.000000,nomatch
isear_04636,3,28,28,0,0,0.000000,nomatch
isear_04637,3,42,42,2,0,-0.348238,nonzero
isear_04638,1,13,13,0,0,0.000000,nomatch
isear_04639,1,14,14,0,0,0.000000,nomatch
isear_04640,2,37,37,0,0,0.000000,nomatch
isear_04641,2,35,35,1,0,-0.210732,nonzero
isear_04642,1,6,6,0,0,0.000000,nomatch
isear_04643,1,10,10,0,0,0.000000,nomatch
isear_04644,1,10,10,0,0,0.000000,nomatch
isear_04645,1,12,12,0,0,0.000000,nomatch
isear_04646,1,17,17,1,0,-0.655311,nonzero
isear_04647,1,8,8,0,0,0.000000,nomatch
isear_04648,1,12,12,0,0,0.000000,nomatch
isear_04649,1,31,31,0,0,0.000000,nomatch
isear_04650,2,26,26,0,0,0.000000,nomatch
isear_04651,1,14,14,1,0,0.128037,nonzero
isear_04652,1,22,22,1,0,0.421464,nonzero
isear_04653,1,13,13,0,0,0.000000,nomatch
isear_04654,1,28,28,1,0,-0.493915,nonzero
isear_04655,1,19,19,0,0,0.000000,nomatch
isear_04656,1,10,10,0,0,0.000000,nomatch
isear_04657,1,9,9,0,0,0.000000,nomatch
isear_04658,1,8,8,0,0,0.000000,nomatch
isear_04659,1,12,12,1,0,-0.476658,nonzero
isear_04660,1,9,9,0,0,0.000000,nomatch
isear_04661,1,8,8,1,0,-0.361158,nonzero
isear_04662,1,21,21,0,0,0.000000,nomatch
isear_04663,1,10,10,0,0,0.000000,nomatch
isear_04664,1,12,12,0,0,0.000000,nomatch
isear_04665,1,16,16,0,0,0.000000,nomatch
isear_04666,1,16,16,1,0,-0.361158,nonzero
isear_04667,1,13,13,0,0,0.000000,nomatch
isear_04668,1,13,13,1,0,-0.295958,nonzero
isear_04669,1,12,12,0,0,0.000000,nomatch
isear_04670,1,6,6,0,0,0.000000,nomatch
isear_04671,1,16,16,0,0,0.000000,nomatch
isear_04672,1,23,23,0,0,0.000000,nomatch
isear_04673,1,22,22,0,0,0.000000,nomatch
isear_04674,1,30,30,1,0,0.519066,nonzero
isear_04675,1,21,21,0,0,0.000000,nomatch
isear_04676,1,25,25,1,0,-0.458831,nonzero
isear_04677,1,8,8,0,0,0.000000,nomatch
isear_04678,1,21,21,1,0,0.128037,nonzero
isear_04679,2,39,39,0,0,0.000000,nomatch
isear_04680,2,38,38,0,0,0.000000,nomatch
isear_04681,2,23,23,0,0,0.000000,nomatch
isear_04682,1,13,13,0,0,0.000000,nomatch
isear_04683,1,20,20,0,0,0.000000,nomatch
isear_04684,2,16,16,1,0,0.271163,nonzero
isear_04685,1,12,12,0,0,0.000000,nomatch
isear_04686,1,18,18,0,0,0.000000,nomatch
isear_04687,1,9,9,0,0,0.000000,nomatch
isear_04688,1,10,10,0,0,0.000000,nomatch
isear_04689,1,21,21,0,0,0.000000,nomatch
isear_04690,1,9,9,0,0,0.000000,nomatch
isear_04691,2,25,25,0,0,0.000000,nomatch
isear_04692,3,25,25,1,0,-0.152944,nonzero
isear_04693,3,23,23,0,0,0.000000,nomatch
isear_04694,1,25,25,0,0,0.000000,nomatch
isear_04695,2,35,35,0,0,0.000000,nomatch
isear_04696,1,31,31,0,0,0.000000,nomatch
isear_04697,2,25,25,0,0,0.000000,nomatch
isear_04698,2,36,36,2,0,0.170018,nonzero
isear_04699,2,34,34,0,0,0.000000,nomatch
isear_04700,1,19,19,0,0,0.000000,nomatch
isear_04701,2,23,23,1,0,-0.180579,nonzero
isear_04702,1,25,25,0,0,0.000000,nomatch
isear_04703,1,22,22,0,0,0.000000,nomatch
isear_04704,1,24,24,1,0,-0.458831,nonzero
isear_04705,4,39,39,1,0,0.135581,nonzero
isear_04706,3,52,52,0,0,0.000000,nomatch
isear_04707,3,41,41,0,0,0.000000,nomatch
isear_04708,3,64,64,1,0,-0.120386,nonzero
isear_04709,1,9,9,0,0,0.000000,nomatch
isear_04710,3,34,34,0,0,0.000000,nomatch
isear_04711,3,39,39,0,0,0.000000,nomatch
isear_04712,1,25,25,0,0,0.000000,nomatch
isear_04713,2,32,32,1,0,-0.246957,nonzero
isear_04714,1,29,29,0,0,0.000000,nomatch
isear_04715,1,18,18,0,0,0.000000,nomatch
isear_04716,1,25,25,0,0,0.000000,nomatch
isear_04717,1,18,18,0,0,0.000000,nomatch
isear_04718,2,21,21,2,0,-0.324279,nonzero
isear_04719,1,5,5,0,0,0.000000,nomatch
isear_04720,2,11,11,0,0,0.000000,nomatch
isear_04721,1,18,18,0,0,0.000000,nomatch
isear_04722,1,5,5,1,0,-0.421464,nonzero
isear_04723,1,3,3,0,0,0.000000,nomatch
isear_04724,1,12,12,0,0,0.000000,nomatch
isear_04725,1,22,22,0,0,0.000000,nomatch
isear_04726,1,3,3,0,0,0.000000,nomatch
isear_04727,1,5,5,0,0,0.000000,nomatch
isear_04728,1,12,12,1,0,0.250000,nonzero
isear_04729,1,11,11,0,0,0.000000,nomatch
isear_04730,1,5,5,1,0,-0.361158,nonzero
isear_04731,1,6,6,0,0,0.000000,nomatch
isear_04732,1,11,11,0,0,0.000000,nomatch
isear_04733,1,7,7,0,0,0.000000,nomatch
isear_04734,1,12,12,1,0,-0.493915,nonzero
isear_04735,1,14,14,1,0,0.458831,nonzero
isear_04736,1,9,9,0,0,0.000000,nomatch
isear_04737,1,13,13,1,0,-0.361158,nonzero
isear_04738,1,17,17,0,0,0.000000,nomatch
isear_04739,1,4,4,0,0,0.000000,nomatch
isear_04740,2,25,25,1,0,-0.210732,nonzero
isear_04741,2,30,30,0,0,0.000000,nomatch
isear_04742,1,11,11,0,0,0.000000,nomatch
isear_04743,2,25,25,0,0,0.000000,nomatch
isear_04744,3,29,29,1,0,-0.235000,nonzero
isear_04745,4,49,49,3,0,-0.155607,nonzero
isear_04746,1,27,27,0,0,0.000000,nomatch
isear_04747,1,28,28,0,0,0.000000,nomatch
isear_04748,1,7,7,2,0,-0.128037,nonzero
isear_04749,1,7,7,0,0,0.000000,nomatch
isear_04750,1,17,17,0,0,0.000000,nomatch
isear_04751,1,19,19,0,0,0.000000,nomatch
isear_04752,1,10,10,0,0,0.000000,nomatch
isear_04753,1,18,18,0,0,0.000000,nomatch
isear_04754,2,23,23,0,0,0.000000,nomatch
isear_04755,2,32,32,0,0,0.000000,nomatch
isear_04756,1,40,40,1,0,0.361158,nonzero
isear_04757,1,43,43,1,0,-0.458831,nonzero
isear_04758,1,17,17,0,0,0.000000,nomatch
isear_04759,1,24,24,0,0,0.000000,nomatch
isear_04760,2,25,25,0,0,0.000000,nomatch
isear_04761,1,14,14,1,0,0.542326,nonzero
isear_04762,1,26,26,0,0,0.000000,nomatch
isear_04763,1,7,7,0,0,0.000000,nomatch
isear_04764,1,4,4,0,0,0.000000,nomatch
isear_04765,1,17,17,0,0,0.000000,nomatch
isear_04766,3,27,27,1,0,-0.207476,nonzero
isear_04767,1,19,19,0,0,0.000000,nomatch
isear_04768,1,26,26,1,0,0.585882,nonzero
isear_04769,3,54,54,2,0,-0.357068,nonzero
isear_04770,2,37,37,2,0,-0.409994,nonzero
isear_04771,2,33,33,1,0,-0.125000,nonzero
isear_04772,1,11,11,0,0,0.000000,nomatch
isear_04773,2,40,40,0,0,0.000000,nomatch
isear_04774,3,52,52,0,0,0.000000,nomatch
isear_04775,1,6,6,0,0,0.000000,nomatch
isear_04776,1,10,10,0,0,0.000000,nomatch
isear_04777,2,36,36,2,0,-0.335239,nonzero
isear_04778,1,5,5,0,0,0.000000,nomatch
isear_04779,2,30,30,2,0,-0.578947,nonzero
isear_04780,3,36,36,0,0,0.000000,nomatch
isear_04781,2,22,22,1,0,-0.289473,nonzero
isear_04782,1,16,16,1,0,0.542326,nonzero
isear_04783,1,27,27,0,0,0.000000,nomatch
isear_04784,1,23,23,0,0,0.000000,nomatch
isear_04785,2,20,20,0,0,0.000000,nomatch
isear_04786,1,26,26,0,0,0.000000,nomatch
isear_04787,1,14,14,0,0,0.000000,nomatch
isear_04788,3,46,46,2,0,0.085358,nonzero
isear_04789,1,6,6,0,0,0.000000,nomatch
isear_04790,1,20,20,0,0,0.000000,nomatch
isear_04791,1,14,14,0,0,0.000000,nomatch
isear_04792,1,14,14,0,0,0.000000,nomatch
isear_04793,1,11,11,0,0,0.000000,nomatch
isear_04794,1,16,16,0,0,0.000000,nomatch
isear_04795,4,75,75,1,0,-0.105366,nonzero
isear_04796,1,8,8,0,0,0.000000,nomatch
isear_04797,1,14,14,0,0,0.000000,nomatch
isear_04798,1,14,14,0,0,0.000000,nomatch
isear_04799,1,17,17,0,0,0.000000,nomatch
isear_04800,1,8,8,0,0,0.000000,nomatch
isear_04801,1,9,9,0,0,0.000000,nomatch
isear_04802,1,17,17,0,0,0.000000,nomatch
isear_04803,1,20,20,0,0,0.000000,nomatch
isear_04804,1,33,33,0,0,0.000000,nomatch
isear_04805,1,31,31,0,0,0.000000,nomatch
isear_04806,2,38,38,0,0,0.000000,nomatch
isear_04807,1,26,26,0,0,0.000000,nomatch
isear_04808,2,29,29,0,0,0.000000,nomatch
isear_04809,1,20,20,0,0,0.000000,nomatch
isear_04810,1,6,6,0,0,0.000000,nomatch
isear_04811,1,24,24,2,0,-0.361158,nonzero
isear_04812,1,25,25,1,0,-0.361158,nonzero
isear_04813,2,38,38,1,0,-0.180579,nonzero
isear_04814,2,32,32,0,0,0.000000,nomatch
isear_04815,3,51,51,2,0,-0.317582,nonzero
isear_04816,3,62,62,1,0,-0.151733,nonzero
isear_04817,1,14,14,0,0,0.000000,nomatch
isear_04818,1,31,31,1,0,-0.361158,nonzero
isear_04819,1,8,8,0,0,0.000000,nomatch
isear_04820,1,7,7,0,0,0.000000,nomatch
isear_04821,1,15,15,2,0,0.000000,cancel
isear_04822,3,29,29,2,0,-0.219039,nonzero
isear_04823,2,31,31,0,0,0.000000,nomatch
isear_04824,1,23,23,0,0,0.000000,nomatch
isear_04825,2,36,36,1,0,-0.180579,nonzero
isear_04826,3,41,41,0,0,0.000000,nomatch
isear_04827,2,32,32,0,0,0.000000,nomatch
isear_04828,1,20,20,0,0,0.000000,nomatch
isear_04829,1,24,24,0,0,0.000000,nomatch
isear_04830,2,31,31,0,0,0.000000,nomatch
isear_04831,1,26,26,2,0,-0.493915,nonzero
isear_04832,3,48,48,0,0,0.000000,nomatch
isear_04833,1,36,36,0,0,0.000000,nomatch
isear_04834,2,31,31,1,0,-0.210732,nonzero
isear_04835,1,21,21,0,0,0.000000,nomatch
isear_04836,1,8,8,0,0,0.000000,nomatch
isear_04837,1,21,21,1,0,0.128037,nonzero
isear_04838,3,34,34,0,0,0.000000,nomatch
isear_04839,1,28,28,1,0,-0.361158,nonzero
isear_04840,2,26,26,0,0,0.000000,nomatch
isear_04841,2,31,31,2,0,0.088929,nonzero
isear_04842,3,54,54,0,0,0.000000,nomatch
isear_04843,2,41,41,0,0,0.000000,nomatch
isear_04844,2,42,42,0,0,0.000000,nomatch
isear_04845,1,7,7,0,0,0.000000,nomatch
isear_04846,1,10,10,1,0,-0.361158,nonzero
isear_04847,1,14,14,0,0,0.000000,nomatch
isear_04848,1,12,12,1,0,-0.476658,nonzero
isear_04849,1,15,15,0,0,0.000000,nomatch
isear_04850,1,16,16,1,0,-0.493915,nonzero
isear_04851,1,16,16,1,0,-0.421464,nonzero
isear_04852,1,12,12,0,0,0.000000,nomatch
isear_04853,1,29,29,0,0,0.000000,nomatch
isear_04854,1,24,24,0,0,0.000000,nomatch
isear_04855,1,5,5,0,0,0.000000,nomatch
isear_04856,1,21,21,0,0,0.000000,nomatch
isear_04857,1,7,7,1,0,-0.361158,nonzero
isear_04858,2,32,32,0,0,0.000000,nomatch
isear_04859,1,11,11,0,0,0.000000,nomatch
isear_04860,1,15,15,0,0,0.000000,nomatch
isear_04861,1,22,22,0,0,0.000000,nomatch
isear_04862,1,11,11,0,0,0.000000,nomatch
isear_04863,1,14,14,1,0,-0.578947,nonzero
isear_04864,1,11,11,0,0,0.000000,nomatch
isear_04865,1,16,16,0,0,0.000000,nomatch
isear_04866,2,13,13,1,0,0.271163,nonzero
isear_04867,1,14,14,0,0,0.000000,nomatch
isear_04868,1,14,14,0,0,0.000000,nomatch
isear_04869,2,24,24,0,0,0.000000,nomatch
isear_04870,2,18,18,0,0,0.000000,nomatch
isear_04871,1,16,16,1,0,0.421464,nonzero
isear_04872,2,24,24,0,0,0.000000,nomatch
isear_04873,2,30,30,1,0,0.229415,nonzero
isear_04874,1,18,18,0,0,0.000000,nomatch
isear_04875,1,18,18,0,0,0.000000,nomatch
isear_04876,1,9,9,0,0,0.000000,nomatch
isear_04877,1,19,19,0,0,0.000000,nomatch
isear_04878,2,28,28,1,0,-0.246957,nonzero
isear_04879,1,12,12,0,0,0.000000,nomatch
isear_04880,2,31,31,3,0,0.452047,nonzero
isear_04881,2,34,34,0,0,0.000000,nomatch
isear_04882,3,54,54,3,0,0.085514,nonzero
isear_04883,1,27,27,2,0,-0.648557,nonzero
isear_04884,2,26,26,1,0,-0.289473,nonzero
isear_04885,2,26,26,1,0,-0.311213,nonzero
isear_04886,2,28,28,0,0,0.000000,nomatch
isear_04887,1,15,15,1,0,-0.361158,nonzero
isear_04888,2,45,45,0,0,0.000000,nomatch
isear_04889,1,15,15,0,0,0.000000,nomatch
isear_04890,1,9,9,0,0,0.000000,nomatch
isear_04891,1,32,32,1,0,-0.361158,nonzero
isear_04892,1,12,12,2,0,0.810545,nonzero
isear_04893,1,27,27,0,0,0.000000,nomatch
isear_04894,1,7,7,0,0,0.000000,nomatch
isear_04895,2,26,26,2,0,-0.367573,nonzero
isear_04896,2,27,27,1,0,-0.180579,nonzero
isear_04897,1,9,9,1,0,-0.361158,nonzero
isear_04898,1,18,18,1,0,-0.578947,nonzero
isear_04899,2,17,17,2,0,-0.051367,nonzero
isear_04900,1,17,17,0,0,0.000000,nomatch
isear_04901,2,20,20,0,0,0.000000,nomatch
isear_04902,2,30,30,1,0,-0.130831,nonzero
isear_04903,2,28,28,1,0,-0.229415,nonzero
isear_04904,1,16,16,0,0,0.000000,nomatch
isear_04905,2,32,32,0,0,0.000000,nomatch
isear_04906,1,13,13,0,0,0.000000,nomatch
isear_04907,1,12,12,0,0,0.000000,nomatch
isear_04908,1,6,6,0,0,0.000000,nomatch
isear_04909,1,12,12,0,0,0.000000,nomatch
isear_04910,3,37,37,0,0,0.000000,nomatch
isear_04911,1,10,10,0,0,0.000000,nomatch
isear_04912,2,30,30,0,0,0.000000,nomatch
isear_04913,1,9,9,0,0,0.000000,nomatch
isear_04914,2,24,24,1,0,-0.229415,nonzero
isear_04915,1,8,8,0,0,0.000000,nomatch
isear_04916,3,36,36,1,0,-0.164638,nonzero
isear_04917,3,34,34,2,0,0.032558,nonzero
isear_04918,1,4,4,0,0,0.000000,nomatch
isear_04919,2,32,32,0,0,0.000000,nomatch
isear_04920,1,15,15,0,0,0.000000,nomatch
isear_04921,1,25,25,1,0,0.128037,nonzero
isear_04922,2,26,26,1,0,0.292941,nonzero
isear_04923,2,37,37,1,0,-0.246957,nonzero
isear_04924,2,26,26,1,0,0.130831,nonzero
isear_04925,1,14,14,0,0,0.000000,nomatch
isear_04926,1,5,5,0,0,0.000000,nomatch
isear_04927,1,20,20,0,0,0.000000,nomatch
isear_04928,1,23,23,0,0,0.000000,nomatch
isear_04929,1,9,9,0,0,0.000000,nomatch
isear_04930,2,30,30,1,0,0.180579,nonzero
isear_04931,2,21,21,0,0,0.000000,nomatch
isear_04932,2,28,28,1,0,-0.210732,nonzero
isear_04933,1,9,9,0,0,0.000000,nomatch
isear_04934,2,28,28,0,0,0.000000,nomatch
isear_04935,2,27,27,0,0,0.000000,nomatch
isear_04936,1,7,7,0,0,0.000000,nomatch
isear_04937,1,16,16,0,0,0.000000,nomatch
isear_04938,1,13,13,0,0,0.000000,nomatch
isear_04939,1,5,5,0,0,0.000000,nomatch
isear_04940,1,11,11,0,0,0.000000,nomatch
isear_04941,2,28,28,1,0,-0.311213,nonzero
isear_04942,1,20,20,0,0,0.000000,nomatch
isear_04943,1,16,16,0,0,0.000000,nomatch
isear_04944,1,11,11,0,0,0.000000,nomatch
isear_04945,1,15,15,0,0,0.000000,nomatch
isear_04946,1,18,18,1,0,-0.361158,nonzero
isear_04947,1,14,14,0,0,0.000000,nomatch
isear_04948,1,12,12,0,0,0.000000,nomatch
isear_04949,1,15,15,0,0,0.000000,nomatch
isear_04950,1,12,12,0,0,0.000000,nomatch
isear_04951,1,20,20,0,0,0.000000,nomatch
isear_04952,1,11,11,0,0,0.000000,nomatch
isear_04953,1,16,16,0,0,0.000000,nomatch
isear_04954,1,14,14,0,0,0.000000,nomatch
isear_04955,1,12,12,1,0,0.542326,nonzero
isear_04956,1,18,18,0,0,0.000000,nomatch
isear_04957,2,36,36,0,0,0.000000,nomatch
isear_04958,1,15,15,0,0,0.000000,nomatch
isear_04959,1,10,10,0,0,0.000000,nomatch
isear_04960,2,25,25,2,0,-0.391311,nonzero
isear_04961,1,11,11,1,0,-0.578947,nonzero
isear_04962,1,14,14,1,0,-0.622427,nonzero
isear_04963,1,15,15,1,0,-0.421464,nonzero
isear_04964,2,32,32,0,0,0.000000,nomatch
isear_04965,3,34,34,1,0,-0.152944,nonzero
isear_04966,4,67,67,1,0,-0.139343,nonzero
isear_04967,3,34,34,2,0,-0.302845,nonzero
isear_04968,2,25,25,1,0,-0.339137,nonzero
isear_04969,5,68,68,1,0,0.118807,nonzero
isear_04970,3,38,38,0,0,0.000000,nomatch
isear_04971,1,19,19,1,0,0.585882,nonzero
isear_04972,1,8,8,0,0,0.000000,nomatch
isear_04973,1,6,6,0,0,0.000000,nomatch
isear_04974,2,24,24,0,0,0.000000,nomatch
isear_04975,1,26,26,1,0,-0.361158,nonzero
isear_04976,1,28,28,0,0,0.000000,nomatch
isear_04977,1,15,15,0,0,0.000000,nomatch
isear_04978,1,7,7,1,0,0.612372,nonzero
isear_04979,1,9,9,1,0,-0.361158,nonzero
isear_04980,1,10,10,0,0,0.000000,nomatch
isear_04981,1,5,5,0,0,0.000000,nomatch
isear_04982,1,13,13,1,0,0.177858,nonzero
isear_04983,1,6,6,0,0,0.000000,nomatch
isear_04984,1,12,12,0,0,0.000000,nomatch
isear_04985,1,4,4,0,0,0.000000,nomatch
isear_04986,1,10,10,1,0,-0.361158,nonzero
isear_04987,1,13,13,0,0,0.000000,nomatch
isear_04988,1,13,13,1,0,-0.361158,nonzero
isear_04989,1,12,12,0,0,0.000000,nomatch
isear_04990,1,7,7,0,0,0.000000,nomatch
isear_04991,1,8,8,0,0,0.000000,nomatch
isear_04992,1,18,18,1,0,0.128037,nonzero
isear_04993,1,12,12,1,0,-0.458831,nonzero
isear_04994,1,12,12,0,0,0.000000,nomatch
isear_04995,1,16,16,0,0,0.000000,nomatch
isear_04996,1,19,19,0,0,0.000000,nomatch
isear_04997,1,21,21,1,0,0.421464,nonzero
isear_04998,1,19,19,0,0,0.000000,nomatch
isear_04999,1,19,19,1,0,0.458831,nonzero
isear_05000,2,31,31,1,0,-0.292941,nonzero
isear_05001,1,20,20,1,0,-0.585882,nonzero
isear_05002,1,24,24,2,0,-0.680823,nonzero
isear_05003,2,25,25,1,0,-0.289473,nonzero
isear_05004,1,19,19,1,0,-0.493915,nonzero
isear_05005,2,34,34,1,0,-0.210732,nonzero
isear_05006,1,9,9,0,0,0.000000,nomatch
isear_05007,1,23,23,0,0,0.000000,nomatch
isear_05008,1,11,11,0,0,0.000000,nomatch
isear_05009,1,9,9,0,0,0.000000,nomatch
isear_05010,1,12,12,0,0,0.000000,nomatch
isear_05011,1,9,9,1,0,-0.361158,nonzero
isear_05012,2,32,32,1,0,-0.289473,nonzero
isear_05013,2,24,24,2,0,0.038614,nonzero
isear_05014,4,52,52,0,0,0.000000,nomatch
isear_05015,2,28,28,2,0,-0.409994,nonzero
isear_05016,2,34,34,1,0,-0.229415,nonzero
isear_05017,3,38,38,0,0,0.000000,nomatch
isear_05018,2,37,37,3,0,0.309777,nonzero
isear_05019,2,37,37,0,0,0.000000,nomatch
isear_05020,2,20,20,0,0,0.000000,nomatch
isear_05021,1,36,36,0,0,0.000000,nomatch
isear_05022,1,25,25,0,0,0.000000,nomatch
isear_05023,2,16,16,1,0,-0.180579,nonzero
isear_05024,1,23,23,0,0,0.000000,nomatch
isear_05025,2,46,46,0,0,0.000000,nomatch
isear_05026,2,44,44,2,0,-0.467745,nonzero
isear_05027,1,14,14,0,0,0.000000,nomatch
isear_05028,1,19,19,0,0,0.000000,nomatch
isear_05029,1,10,10,0,0,0.000000,nomatch
isear_05030,1,5,5,0,0,0.000000,nomatch
isear_05031,1,12,12,0,0,0.000000,nomatch
isear_05032,1,19,19,0,0,0.000000,nomatch
isear_05033,1,22,22,1,0,-0.361158,nonzero
isear_05034,1,7,7,0,0,0.000000,nomatch
isear_05035,1,8,8,0,0,0.000000,nomatch
isear_05036,1,8,8,0,0,0.000000,nomatch
isear_05037,1,8,8,1,0,0.493915,nonzero
isear_05038,1,10,10,0,0,0.000000,nomatch
isear_05039,1,4,4,1,0,-0.361158,nonzero
isear_05040,1,12,12,0,0,0.000000,nomatch
isear_05041,1,16,16,0,0,0.000000,nomatch
isear_05042,2,44,44,0,0,0.000000,nomatch
isear_05043,2,41,41,0,0,0.000000,nomatch
isear_05044,2,28,28,0,0,0.000000,nomatch
isear_05045,1,31,31,0,0,0.000000,nomatch
isear_05046,2,27,27,0,0,0.000000,nomatch
isear_05047,1,24,24,0,0,0.000000,nomatch
isear_05048,1,24,24,1,0,0.585882,nonzero
isear_05049,1,15,15,1,0,0.128037,nonzero
isear_05050,1,22,22,0,0,0.000000,nomatch
isear_05051,1,6,6,0,0,0.000000,nomatch
isear_05052,1,27,27,0,0,0.000000,nomatch
isear_05053,1,18,18,0,0,0.000000,nomatch
isear_05054,1,15,15,0,0,0.000000,nomatch
isear_05055,1,11,11,1,0,0.542326,nonzero
isear_05056,2,24,24,0,0,0.000000,nomatch
isear_05057,1,8,8,0,0,0.000000,nomatch
isear_05058,2,31,31,0,0,0.000000,nomatch
isear_05059,1,13,13,1,0,-0.361158,nonzero
isear_05060,1,13,13,0,0,0.000000,nomatch
isear_05061,1,7,7,0,0,0.000000,nomatch
isear_05062,1,16,16,0,0,0.000000,nomatch
isear_05063,1,26,26,0,0,0.000000,nomatch
isear_05064,3,28,28,0,0,0.000000,nomatch
isear_05065,1,20,20,1,0,-0.361158,nonzero
isear_05066,1,29,29,1,0,-0.309370,nonzero
isear_05067,1,30,30,0,0,0.000000,nomatch
isear_05068,1,15,15,1,0,-0.361158,nonzero
isear_05069,1,13,13,0,0,0.000000,nomatch
isear_05070,1,16,16,2,0,-0.401924,nonzero
isear_05071,1,18,18,0,0,0.000000,nomatch
isear_05072,3,32,32,0,0,0.000000,nomatch
isear_05073,1,17,17,0,0,0.000000,nomatch
isear_05074,1,18,18,0,0,0.000000,nomatch
isear_05075,1,11,11,0,0,0.000000,nomatch
isear_05076,1,13,13,1,0,0.585882,nonzero
isear_05077,2,48,48,0,0,0.000000,nomatch
isear_05078,1,13,13,0,0,0.000000,nomatch
isear_05079,1,8,8,0,0,0.000000,nomatch
isear_05080,2,26,26,0,0,0.000000,nomatch
isear_05081,1,14,14,1,0,0.250000,nonzero
isear_05082,2,40,40,2,0,-0.190910,nonzero
isear_05083,1,9,9,0,0,0.000000,nomatch
isear_05084,1,20,20,0,0,0.000000,nomatch
isear_05085,1,13,13,0,0,0.000000,nomatch
isear_05086,1,10,10,0,0,0.000000,nomatch
isear_05087,1,6,6,1,0,-0.361158,nonzero
isear_05088,1,11,11,0,0,0.000000,nomatch
isear_05089,1,10,10,1,0,-0.421464,nonzero
isear_05090,1,7,7,0,0,0.000000,nomatch
isear_05091,1,15,15,0,0,0.000000,nomatch
isear_05092,1,14,14,0,0,0.000000,nomatch
isear_05093,1,19,19,0,0,0.000000,nomatch
isear_05094,1,18,18,0,0,0.000000,nomatch
isear_05095,1,19,19,0,0,0.000000,nomatch
isear_05096,3,48,48,1,0,-0.042679,nonzero
isear_05097,1,13,13,0,0,0.000000,nomatch
isear_05098,1,9,9,1,0,-0.361158,nonzero
isear_05099,1,12,12,0,0,0.000000,nomatch
isear_05100,1,4,4,0,0,0.000000,nomatch
isear_05101,1,15,15,0,0,0.000000,nomatch
isear_05102,1,5,5,1,0,-0.361158,nonzero
isear_05103,2,36,36,1,0,-0.229415,nonzero
isear_05104,1,31,31,1,0,0.493915,nonzero
isear_05105,2,38,38,0,0,0.000000,nomatch
isear_05106,1,14,14,0,0,0.000000,nomatch
isear_05107,1,34,34,2,0,0.307148,nonzero
isear_05108,2,26,26,2,0,0.024205,nonzero
isear_05109,2,33,33,1,0,-0.229415,nonzero
isear_05110,1,31,31,0,0,0.000000,nomatch
isear_05111,1,10,10,0,0,0.000000,nomatch
isear_05112,1,29,29,0,0,0.000000,nomatch
isear_05113,1,35,35,0,0,0.000000,nomatch
isear_05114,2,27,27,0,0,0.000000,nomatch
isear_05115,1,25,25,0,0,0.000000,nomatch
isear_05116,1,30,30,1,0,-0.458831,nonzero
isear_05117,3,56,56,1,0,-0.192982,nonzero
isear_05118,2,31,31,1,0,0.271163,nonzero
isear_05119,1,17,17,0,0,0.000000,nomatch
isear_05120,2,39,39,0,0,0.000000,nomatch
isear_05121,1,22,22,1,0,0.542326,nonzero
isear_05122,1,27,27,1,0,-0.655311,nonzero
isear_05123,1,13,13,1,0,-0.361158,nonzero
isear_05124,1,24,24,0,0,0.000000,nomatch
isear_05125,1,18,18,0,0,0.000000,nomatch
isear_05126,1,17,17,0,0,0.000000,nomatch
isear_05127,2,30,30,0,0,0.000000,nomatch
isear_05128,1,14,14,1,0,0.458831,nonzero
isear_05129,1,14,14,1,0,-0.458831,nonzero
isear_05130,1,12,12,0,0,0.000000,nomatch
isear_05131,1,19,19,0,0,0.000000,nomatch
isear_05132,1,20,20,0,0,0.000000,nomatch
isear_05133,1,7,7,0,0,0.000000,nomatch
isear_05134,1,14,14,0,0,0.000000,nomatch
isear_05135,1,10,10,0,0,0.000000,nomatch
isear_05136,1,7,7,0,0,0.000000,nomatch
isear_05137,1,20,20,0,0,0.000000,nomatch
isear_05138,1,12,12,0,0,0.000000,nomatch
isear_05139,1,12,12,0,0,0.000000,nomatch
isear_05140,1,31,31,1,0,-0.585882,nonzero
isear_05141,1,31,31,1,0,0.128037,nonzero
isear_05142,1,12,12,0,0,0.000000,nomatch
isear_05143,1,30,30,0,0,0.000000,nomatch
isear_05144,2,46,46,0,0,0.000000,nomatch
isear_05145,1,15,15,1,0,-0.361158,nonzero
isear_05146,1,30,30,1,0,-0.578947,nonzero
isear_05147,1,25,25,1,0,-0.458831,nonzero
isear_05148,1,26,26,1,0,-0.557370,nonzero
isear_05149,2,34,34,0,0,0.000000,nomatch
isear_05150,2,21,21,3,0,-0.634470,nonzero
isear_05151,1,5,5,1,0,-0.458831,nonzero
isear_05152,2,33,33,0,0,0.000000,nomatch
isear_05153,1,15,15,0,0,0.000000,nomatch
isear_05154,1,9,9,0,0,0.000000,nomatch
isear_05155,1,8,8,0,0,0.000000,nomatch
isear_05156,2,25,25,0,0,0.000000,nomatch
isear_05157,1,15,15,0,1,-0.128037,nonzero
isear_05158,1,12,12,1,0,-0.578947,nonzero
isear_05159,1,16,16,0,0,0.000000,nomatch
isear_05160,2,24,24,0,0,0.000000,nomatch
isear_05161,3,45,45,1,0,-0.195294,nonzero
isear_05162,2,28,28,0,0,0.000000,nomatch
isear_05163,2,18,18,0,0,0.000000,nomatch
isear_05164,2,31,31,1,0,-0.263371,nonzero
isear_05165,1,24,24,2,0,-0.557370,nonzero
isear_05166,2,52,52,0,0,0.000000,nomatch
isear_05167,3,52,52,1,0,-0.120386,nonzero
isear_05168,1,31,31,1,0,-0.421464,nonzero
isear_05169,1,31,31,0,0,0.000000,nomatch
isear_05170,2,40,40,1,0,0.271163,nonzero
isear_05171,2,31,31,1,0,-0.327655,nonzero
isear_05172,2,42,42,1,0,0.180579,nonzero
isear_05173,2,14,14,1,0,0.271163,nonzero
isear_05174,2,28,28,2,0,-0.395284,nonzero
isear_05175,3,40,40,2,0,-0.017190,nonzero
isear_05176,1,21,21,1,0,-0.449704,nonzero
isear_05177,2,13,13,2,0,-0.025785,nonzero
isear_05178,3,32,32,2,0,0.000000,cancel
isear_05179,1,9,9,1,0,0.421464,nonzero
isear_05180,1,8,8,0,0,0.000000,nomatch
isear_05181,4,55,55,1,0,-0.114708,nonzero
isear_05182,2,38,38,1,0,-0.180579,nonzero
isear_05183,2,62,62,1,0,-0.227599,nonzero
isear_05184,3,65,65,1,0,-0.164638,nonzero
isear_05185,2,28,28,1,0,-0.210732,nonzero
isear_05186,2,26,26,1,0,0.292941,nonzero
isear_05187,1,10,10,1,0,-0.458831,nonzero
isear_05188,1,14,14,1,0,-0.458831,nonzero
isear_05189,1,4,4,0,0,0.000000,nomatch
isear_05190,1,23,23,0,0,0.000000,nomatch
isear_05191,1,9,9,0,0,0.000000,nomatch
isear_05192,1,6,6,0,0,0.000000,nomatch
isear_05193,2,40,40,1,0,0.292941,nonzero
isear_05194,1,14,14,0,0,0.000000,nomatch
isear_05195,2,38,38,1,0,-0.292941,nonzero
isear_05196,2,24,24,1,0,-0.238329,nonzero
isear_05197,2,33,33,2,0,-0.387513,nonzero
isear_05198,1,33,33,1,0,0.585882,nonzero
isear_05199,2,42,42,0,0,0.000000,nomatch
isear_05200,1,14,14,0,0,0.000000,nomatch
isear_05201,1,27,27,0,0,0.000000,nomatch
isear_05202,2,30,30,0,0,0.000000,nomatch
isear_05203,1,8,8,0,0,0.000000,nomatch
isear_05204,1,18,18,0,0,0.000000,nomatch
isear_05205,1,8,8,0,0,0.000000,nomatch
isear_05206,1,13,13,0,0,0.000000,nomatch
isear_05207,3,50,50,0,0,0.000000,nomatch
isear_05208,1,24,24,1,0,-0.585882,nonzero
isear_05209,3,64,64,2,0,0.179672,nonzero
isear_05210,3,52,52,3,0,-0.401158,nonzero
isear_05211,2,36,36,3,0,-0.425013,nonzero
isear_05212,1,4,4,0,0,0.000000,nomatch
isear_05213,1,4,4,0,0,0.000000,nomatch
isear_05214,2,21,21,1,0,0.289473,nonzero
isear_05215,1,17,17,2,0,-0.743038,nonzero
isear_05216,1,16,16,0,0,0.000000,nomatch
isear_05217,1,31,31,0,0,0.000000,nomatch
isear_05218,1,12,12,0,0,0.000000,nomatch
isear_05219,1,6,6,0,0,0.000000,nomatch
isear_05220,1,17,17,0,0,0.000000,nomatch
isear_05221,1,8,8,0,0,0.000000,nomatch
isear_05222,1,5,5,0,0,0.000000,nomatch
isear_05223,1,12,12,0,0,0.000000,nomatch
isear_05224,1,11,11,0,0,0.000000,nomatch
isear_05225,2,37,37,0,0,0.000000,nomatch
isear_05226,2,21,21,0,0,0.000000,nomatch
isear_05227,1,17,17,0,0,0.000000,nomatch
isear_05228,2,38,38,0,0,0.000000,nomatch
isear_05229,2,22,22,0,0,0.000000,nomatch
isear_05230,1,18,18,1,0,0.128037,nonzero
isear_05231,2,27,27,0,0,0.000000,nomatch
isear_05232,3,29,29,1,0,-0.181793,nonzero
isear_05233,2,33,33,3,0,0.216394,nonzero
isear_05234,1,20,20,1,0,-0.493915,nonzero
isear_05235,1,8,8,1,0,0.526742,nonzero
isear_05236,1,21,21,0,0,0.000000,nomatch
isear_05237,1,7,7,0,0,0.000000,nomatch
isear_05238,1,14,14,1,0,-0.361158,nonzero
isear_05239,1,10,10,0,0,0.000000,nomatch
isear_05240,1,44,44,0,0,0.000000,nomatch
isear_05241,1,20,20,0,0,0.000000,nomatch
isear_05242,2,36,36,0,0,0.000000,nomatch
isear_05243,1,11,11,0,0,0.000000,nomatch
isear_05244,2,32,32,2,0,-0.078741,nonzero
isear_05245,3,41,41,0,0,0.000000,nomatch
isear_05246,2,40,40,0,0,0.000000,nomatch
isear_05247,1,27,27,1,0,0.476658,nonzero
isear_05248,1,11,11,0,0,0.000000,nomatch
isear_05249,2,21,21,0,0,0.000000,nomatch
isear_05250,2,21,21,1,0,-0.180579,nonzero
isear_05251,1,31,31,0,0,0.000000,nomatch
isear_05252,2,22,22,1,0,-0.306186,nonzero
isear_05253,1,12,12,0,0,0.000000,nomatch
isear_05254,2,34,34,1,0,0.229415,nonzero
isear_05255,1,30,30,0,0,0.000000,nomatch
isear_05256,1,22,22,0,0,0.000000,nomatch
isear_05257,1,11,11,1,0,-0.361158,nonzero
isear_05258,2,24,24,0,0,0.000000,nomatch
isear_05259,1,25,25,0,0,0.000000,nomatch
isear_05260,2,27,27,0,0,0.000000,nomatch
isear_05261,1,39,39,0,0,0.000000,nomatch
isear_05262,3,44,44,0,0,0.000000,nomatch
isear_05263,2,40,40,0,0,0.000000,nomatch
isear_05264,1,23,23,1,0,-0.455198,nonzero
isear_05265,2,19,19,0,0,0.000000,nomatch
isear_05266,1,18,18,0,0,0.000000,nomatch
isear_05267,4,45,45,1,0,0.090289,nonzero
isear_05268,1,13,13,0,0,0.000000,nomatch
isear_05269,2,16,16,0,0,0.000000,nomatch
isear_05270,1,19,19,0,0,0.000000,nomatch
isear_05271,1,14,14,0,0,0.000000,nomatch
isear_05272,1,7,7,1,0,-0.361158,nonzero
isear_05273,1,9,9,0,0,0.000000,nomatch
isear_05274,1,18,18,1,0,0.128037,nonzero
isear_05275,1,11,11,0,0,0.000000,nomatch
isear_05276,1,8,8,0,0,0.000000,nomatch
isear_05277,1,18,18,0,0,0.000000,nomatch
isear_05278,1,13,13,2,0,-0.700349,nonzero
isear_05279,1,21,21,0,0,0.000000,nomatch
isear_05280,1,11,11,0,0,0.000000,nomatch
isear_05281,1,14,14,0,0,0.000000,nomatch
isear_05282,1,21,21,1,0,0.361158,nonzero
isear_05283,1,19,19,1,0,-0.458831,nonzero
isear_05284,2,43,43,1,0,0.271163,nonzero
isear_05285,2,28,28,0,0,0.000000,nomatch
isear_05286,1,24,24,0,0,0.000000,nomatch
isear_05287,1,24,24,0,0,0.000000,nomatch
isear_05288,1,11,11,0,0,0.000000,nomatch
isear_05289,1,22,22,0,0,0.000000,nomatch
isear_05290,1,18,18,0,0,0.000000,nomatch
isear_05291,2,37,37,0,0,0.000000,nomatch
isear_05292,1,23,23,0,0,0.000000,nomatch
isear_05293,1,14,14,0,0,0.000000,nomatch
isear_05294,2,33,33,2,0,0.202289,nonzero
isear_05295,1,17,17,0,0,0.000000,nomatch
isear_05296,2,20,20,0,0,0.000000,nomatch
isear_05297,1,15,15,0,0,0.000000,nomatch
isear_05298,1,22,22,0,0,0.000000,nomatch
isear_05299,1,19,19,0,0,0.000000,nomatch
isear_05300,1,23,23,0,0,0.000000,nomatch
isear_05301,1,22,22,1,0,-0.458831,nonzero
isear_05302,1,28,28,1,0,0.458831,nonzero
isear_05303,2,27,27,0,0,0.000000,nomatch
isear_05304,2,34,34,1,0,-0.229415,nonzero
isear_05305,1,24,24,0,0,0.000000,nomatch
isear_05306,2,31,31,0,0,0.000000,nomatch
isear_05307,1,18,18,0,0,0.000000,nomatch
isear_05308,1,16,16,1,0,0.493915,nonzero
isear_05309,2,33,33,0,0,0.000000,nomatch
isear_05310,1,11,11,0,0,0.000000,nomatch
isear_05311,1,11,11,0,0,0.000000,nomatch
isear_05312,1,9,9,0,0,0.000000,nomatch
isear_05313,1,10,10,1,0,-0.421464,nonzero
isear_05314,1,18,18,1,0,0.361158,nonzero
isear_05315,2,34,34,0,0,0.000000,nomatch
isear_05316,1,5,5,0,0,0.000000,nomatch
isear_05317,1,17,17,0,0,0.000000,nomatch
isear_05318,1,14,14,0,0,0.000000,nomatch
isear_05319,1,11,11,0,0,0.000000,nomatch
isear_05320,1,5,5,0,0,0.000000,nomatch
isear_05321,1,31,31,0,0,0.000000,nomatch
isear_05322,1,14,14,1,0,-0.361158,nonzero
isear_05323,1,7,7,1,0,-0.458831,nonzero
isear_05324,1,12,12,0,0,0.000000,nomatch
isear_05325,1,26,26,0,0,0.000000,nomatch
isear_05326,1,22,22,1,0,0.128037,nonzero
isear_05327,1,5,5,0,0,0.000000,nomatch
isear_05328,1,12,12,0,0,0.000000,nomatch
isear_05329,2,34,34,0,0,0.000000,nomatch
isear_05330,2,32,32,0,0,0.000000,nomatch
isear_05331,1,9,9,0,0,0.000000,nomatch
isear_05332,1,8,8,0,0,0.000000,nomatch
isear_05333,1,9,9,0,0,0.000000,nomatch
isear_05334,1,9,9,0,0,0.000000,nomatch
isear_05335,1,21,21,1,0,-0.361158,nonzero
isear_05336,1,9,9,0,0,0.000000,nomatch
isear_05337,1,10,10,0,0,0.000000,nomatch
isear_05338,1,14,14,0,0,0.000000,nomatch
isear_05339,1,17,17,0,0,0.000000,nomatch
isear_05340,1,19,19,1,0,-0.361158,nonzero
isear_05341,1,13,13,0,0,0.000000,nomatch
isear_05342,1,13,13,1,0,-0.361158,nonzero
isear_05343,1,24,24,0,0,0.000000,nomatch
isear_05344,1,31,31,1,0,-0.578947,nonzero
isear_05345,1,11,11,0,0,0.000000,nomatch
isear_05346,1,16,16,0,0,0.000000,nomatch
isear_05347,1,18,18,1,0,-0.578947,nonzero
isear_05348,1,16,16,0,0,0.000000,nomatch
isear_05349,1,14,14,0,0,0.000000,nomatch
isear_05350,1,7,7,1,0,-0.361158,nonzero
isear_05351,1,29,29,0,0,0.000000,nomatch
isear_05352,1,6,6,0,0,0.000000,nomatch
isear_05353,1,15,15,0,0,0.000000,nomatch
isear_05354,1,22,22,0,0,0.000000,nomatch
isear_05355,1,4,4,0,0,0.000000,nomatch
isear_05356,1,11,11,0,0,0.000000,nomatch
isear_05357,2,35,35,0,0,0.000000,nomatch
isear_05358,1,22,22,0,0,0.000000,nomatch
isear_05359,2,23,23,0,0,0.000000,nomatch
isear_05360,3,44,44,0,0,0.000000,nomatch
isear_05361,2,41,41,2,0,-0.539899,nonzero
isear_05362,1,9,9,0,0,0.000000,nomatch
isear_05363,1,16,16,0,0,0.000000,nomatch
isear_05364,1,39,39,0,0,0.000000,nomatch
isear_05365,2,39,39,0,0,0.000000,nomatch
isear_05366,1,8,8,0,0,0.000000,nomatch
isear_05367,1,12,12,0,0,0.000000,nomatch
isear_05368,1,15,15,1,0,-0.361158,nonzero
isear_05369,2,24,24,1,0,0.246957,nonzero
isear_05370,1,18,18,1,0,-0.250000,nonzero
isear_05371,1,19,19,0,0,0.000000,nomatch
isear_05372,1,15,15,1,0,-0.421464,nonzero
isear_05373,2,33,33,0,0,0.000000,nomatch
isear_05374,2,18,18,0,0,0.000000,nomatch
isear_05375,1,24,24,1,0,-0.361158,nonzero
isear_05376,2,24,24,1,0,-0.180579,nonzero
isear_05377,2,28,28,1,0,0.180579,nonzero
isear_05378,1,11,11,1,0,-0.458831,nonzero
isear_05379,1,11,11,0,0,0.000000,nomatch
isear_05380,1,12,12,1,0,-0.361158,nonzero
isear_05381,1,11,11,0,0,0.000000,nomatch
isear_05382,1,6,6,0,0,0.000000,nomatch
isear_05383,1,10,10,0,0,0.000000,nomatch
isear_05384,1,10,10,1,0,-0.458831,nonzero
isear_05385,2,33,33,1,0,-0.210732,nonzero
isear_05386,1,14,14,1,0,0.542326,nonzero
isear_05387,1,15,15,0,0,0.000000,nomatch
isear_05388,1,14,14,1,0,-0.557370,nonzero
isear_05389,1,16,16,1,0,-0.361158,nonzero
isear_05390,1,10,10,1,0,-0.421464,nonzero
isear_05391,1,9,9,0,0,0.000000,nomatch
isear_05392,1,16,16,0,0,0.000000,nomatch
isear_05393,1,10,10,0,0,0.000000,nomatch
isear_05394,1,18,18,1,0,-0.177858,nonzero
isear_05395,1,14,14,1,0,-0.578947,nonzero
isear_05396,1,21,21,1,0,-0.458831,nonzero
isear_05397,1,7,7,0,0,0.000000,nomatch
isear_05398,1,10,10,0,0,0.000000,nomatch
isear_05399,1,6,6,0,0,0.000000,nomatch
isear_05400,1,14,14,0,0,0.000000,nomatch
isear_05401,1,4,4,0,0,0.000000,nomatch
isear_05402,2,32,32,0,0,0.000000,nomatch
isear_05403,1,9,9,0,0,0.000000,nomatch
isear_05404,1,9,9,0,0,0.000000,nomatch
isear_05405,1,7,7,0,0,0.000000,nomatch
isear_05406,1,6,6,0,0,0.000000,nomatch
isear_05407,1,15,15,0,0,0.000000,nomatch
isear_05408,1,7,7,0,0,0.000000,nomatch
isear_05409,1,31,31,1,0,-0.704999,nonzero
isear_05410,1,18,18,1,0,0.361158,nonzero
isear_05411,1,14,14,0,0,0.000000,nomatch
isear_05412,1,6,6,0,0,0.000000,nomatch
isear_05413,1,9,9,0,0,0.000000,nomatch
isear_05414,1,6,6,0,0,0.000000,nomatch
isear_05415,1,10,10,0,0,0.000000,nomatch
isear_05416,1,10,10,0,0,0.000000,nomatch
isear_05417,1,13,13,0,0,0.000000,nomatch
isear_05418,1,7,7,0,0,0.000000,nomatch
isear_05419,1,8,8,0,0,0.000000,nomatch
isear_05420,1,12,12,0,0,0.000000,nomatch
isear_05421,1,5,5,0,0,0.000000,nomatch
isear_05422,1,3,3,0,0,0.000000,nomatch
isear_05423,1,7,7,0,0,0.000000,nomatch
isear_05424,1,11,11,0,0,0.000000,nomatch
isear_05425,1,5,5,0,0,0.000000,nomatch
isear_05426,1,9,9,0,0,0.000000,nomatch
isear_05427,1,12,12,0,0,0.000000,nomatch
isear_05428,1,7,7,0,0,0.000000,nomatch
isear_05429,1,4,4,0,0,0.000000,nomatch
isear_05430,1,7,7,0,0,0.000000,nomatch
isear_05431,1,8,8,0,0,0.000000,nomatch
isear_05432,1,7,7,1,0,0.153093,nonzero
isear_05433,1,6,6,0,0,0.000000,nomatch
isear_05434,1,15,15,0,0,0.000000,nomatch
isear_05435,1,11,11,0,0,0.000000,nomatch
isear_05436,1,5,5,1,0,-0.493915,nonzero
isear_05437,1,5,5,0,0,0.000000,nomatch
isear_05438,1,5,5,0,0,0.000000,nomatch
isear_05439,1,7,7,0,0,0.000000,nomatch
isear_05440,1,6,6,0,0,0.000000,nomatch
isear_05441,1,15,15,0,0,0.000000,nomatch
isear_05442,1,4,4,0,0,0.000000,nomatch
isear_05443,1,2,2,0,0,0.000000,nomatch
isear_05444,1,5,5,0,0,0.000000,nomatch
isear_05445,1,7,7,0,0,0.000000,nomatch
isear_05446,1,3,3,0,0,0.000000,nomatch
isear_05447,1,3,3,0,0,0.000000,nomatch
isear_05448,1,4,4,1,0,-0.458831,nonzero
isear_05449,1,6,6,0,0,0.000000,nomatch
isear_05450,1,4,4,0,0,0.000000,nomatch
isear_05451,1,5,5,0,0,0.000000,nomatch
isear_05452,1,13,13,0,0,0.000000,nomatch
isear_05453,1,8,8,0,0,0.000000,nomatch
isear_05454,1,3,3,0,0,0.000000,nomatch
isear_05455,1,12,12,0,0,0.000000,nomatch
isear_05456,1,7,7,0,0,0.000000,nomatch
isear_05457,1,6,6,0,0,0.000000,nomatch
isear_05458,1,11,11,0,0,0.000000,nomatch
isear_05459,1,13,13,1,0,0.250000,nonzero
isear_05460,1,6,6,0,0,0.000000,nomatch
isear_05461,1,9,9,0,0,0.000000,nomatch
isear_05462,1,7,7,0,0,0.000000,nomatch
isear_05463,1,6,6,0,0,0.000000,nomatch
isear_05464,1,7,7,0,0,0.000000,nomatch
isear_05465,1,9,9,0,0,0.000000,nomatch
isear_05466,1,8,8,0,0,0.000000,nomatch
isear_05467,1,9,9,0,0,0.000000,nomatch
isear_05468,1,7,7,0,0,0.000000,nomatch
isear_05469,1,15,15,0,0,0.000000,nomatch
isear_05470,1,7,7,0,0,0.000000,nomatch
isear_05471,2,46,46,1,0,0.180579,nonzero
isear_05472,1,24,24,1,0,-0.458831,nonzero
isear_05473,1,13,13,0,0,0.000000,nomatch
isear_05474,2,20,20,1,0,-0.289473,nonzero
isear_05475,1,18,18,1,0,-0.458831,nonzero
isear_05476,1,32,32,1,0,-0.458831,nonzero
isear_05477,1,15,15,0,0,0.000000,nomatch
isear_05478,2,26,26,0,0,0.000000,nomatch
isear_05479,2,19,19,0,0,0.000000,nomatch
isear_05480,3,31,31,2,0,0.188819,nonzero
isear_05481,3,30,30,1,0,-0.152944,nonzero
isear_05482,3,31,31,0,0,0.000000,nomatch
isear_05483,1,10,10,1,0,-0.458831,nonzero
isear_05484,1,7,7,0,0,0.000000,nomatch
isear_05485,1,6,6,1,0,-0.421464,nonzero
isear_05486,2,25,25,0,0,0.000000,nomatch
isear_05487,1,13,13,0,0,0.000000,nomatch
isear_05488,1,7,7,1,0,-0.458831,nonzero
isear_05489,1,23,23,1,0,-0.458831,nonzero
isear_05490,1,12,12,0,0,0.000000,nomatch
isear_05491,1,28,28,1,0,-0.578947,nonzero
isear_05492,2,22,22,1,0,-0.229415,nonzero
isear_05493,1,21,21,0,0,0.000000,nomatch
isear_05494,3,25,25,0,0,0.000000,nomatch
isear_05495,5,45,45,2,0,-0.172474,nonzero
isear_05496,4,57,57,3,0,-0.178843,nonzero
isear_05497,3,30,30,0,0,0.000000,nomatch
isear_05498,2,11,11,1,0,0.271163,nonzero
isear_05499,4,37,37,1,0,-0.123479,nonzero
isear_05500,5,46,46,1,0,-0.084293,nonzero
isear_05501,3,24,24,0,0,0.000000,nomatch
isear_05502,3,28,28,2,0,-0.273330,nonzero
isear_05503,3,34,34,1,0,-0.152944,nonzero
isear_05504,4,45,45,1,0,-0.090289,nonzero
isear_05505,2,32,32,1,0,-0.289473,nonzero
isear_05506,2,31,31,0,0,0.000000,nomatch
isear_05507,1,18,18,0,0,0.000000,nomatch
isear_05508,1,20,20,0,0,0.000000,nomatch
isear_05509,1,12,12,0,0,0.000000,nomatch
isear_05510,2,25,25,0,0,0.000000,nomatch
isear_05511,2,52,52,1,0,-0.130831,nonzero
isear_05512,1,16,16,0,0,0.000000,nomatch
isear_05513,1,16,16,0,0,0.000000,nomatch
isear_05514,1,20,20,0,0,0.000000,nomatch
isear_05515,1,12,12,1,0,-0.458831,nonzero
isear_05516,2,29,29,0,0,0.000000,nomatch
isear_05517,1,12,12,0,0,0.000000,nomatch
isear_05518,1,15,15,0,0,0.000000,nomatch
isear_05519,1,19,19,0,0,0.000000,nomatch
isear_05520,1,13,13,0,0,0.000000,nomatch
isear_05521,1,11,11,0,0,0.000000,nomatch
isear_05522,3,42,42,0,0,0.000000,nomatch
isear_05523,2,28,28,0,0,0.000000,nomatch
isear_05524,2,34,34,1,0,0.064019,nonzero
isear_05525,1,33,33,0,0,0.000000,nomatch
isear_05526,2,20,20,0,0,0.000000,nomatch
isear_05527,3,30,30,0,0,0.000000,nomatch
isear_05528,1,4,4,0,0,0.000000,nomatch
isear_05529,1,13,13,0,0,0.000000,nomatch
isear_05530,1,8,8,0,0,0.000000,nomatch
isear_05531,1,9,9,0,0,0.000000,nomatch
isear_05532,1,10,10,0,0,0.000000,nomatch
isear_05533,1,18,18,1,0,-0.578947,nonzero
isear_05534,1,11,11,0,0,0.000000,nomatch
isear_05535,1,8,8,0,0,0.000000,nomatch
isear_05536,2,20,20,2,0,-0.104032,nonzero
isear_05537,3,32,32,1,0,-0.195294,nonzero
isear_05538,5,53,53,0,0,0.000000,nomatch
isear_05539,1,16,16,0,0,0.000000,nomatch
isear_05540,3,47,47,0,0,0.000000,nomatch
isear_05541,2,21,21,0,0,0.000000,nomatch
isear_05542,1,5,5,0,0,0.000000,nomatch
isear_05543,1,6,6,0,0,0.000000,nomatch
isear_05544,2,28,28,0,0,0.000000,nomatch
isear_05545,1,10,10,0,0,0.000000,nomatch
isear_05546,1,15,15,0,0,0.000000,nomatch
isear_05547,1,17,17,0,0,0.000000,nomatch
isear_05548,1,15,15,0,0,0.000000,nomatch
isear_05549,2,17,17,0,0,0.000000,nomatch
isear_05550,3,32,32,0,0,0.000000,nomatch
isear_05551,2,22,22,0,0,0.000000,nomatch
isear_05552,1,26,26,0,0,0.000000,nomatch
isear_05553,3,37,37,1,0,-0.164638,nonzero
isear_05554,2,28,28,2,0,-0.004835,nonzero
isear_05555,1,25,25,0,0,0.000000,nomatch
isear_05556,6,53,53,0,0,0.000000,nomatch
isear_05557,3,34,34,2,0,-0.273330,nonzero
isear_05558,2,25,25,0,0,0.000000,nomatch
isear_05559,7,45,45,2,0,0.087722,nonzero
isear_05560,2,38,38,1,0,-0.289473,nonzero
isear_05561,4,54,54,2,0,-0.229415,nonzero
isear_05562,6,41,41,3,0,-0.229415,nonzero
isear_05563,1,8,8,0,0,0.000000,nomatch
isear_05564,1,5,5,0,0,0.000000,nomatch
isear_05565,1,15,15,0,0,0.000000,nomatch
isear_05566,1,13,13,0,0,0.000000,nomatch
isear_05567,1,31,31,1,0,-0.361158,nonzero
isear_05568,2,33,33,1,0,-0.229415,nonzero
isear_05569,1,13,13,1,0,-0.421464,nonzero
isear_05570,1,7,7,0,0,0.000000,nomatch
isear_05571,1,5,5,0,0,0.000000,nomatch
isear_05572,1,13,13,0,0,0.000000,nomatch
isear_05573,1,7,7,0,0,0.000000,nomatch
isear_05574,1,16,16,0,0,0.000000,nomatch
isear_05575,1,11,11,0,0,0.000000,nomatch
isear_05576,1,5,5,0,0,0.000000,nomatch
isear_05577,2,26,26,0,0,0.000000,nomatch
isear_05578,1,10,10,0,0,0.000000,nomatch
isear_05579,1,21,21,0,0,0.000000,nomatch
isear_05580,4,33,33,2,0,0.140862,nonzero
isear_05581,1,15,15,0,0,0.000000,nomatch
isear_05582,1,11,11,0,0,0.000000,nomatch
isear_05583,1,13,13,0,0,0.000000,nomatch
isear_05584,1,11,11,0,0,0.000000,nomatch
isear_05585,1,15,15,0,0,0.000000,nomatch
isear_05586,1,26,26,0,0,0.000000,nomatch
isear_05587,1,24,24,0,0,0.000000,nomatch
isear_05588,1,11,11,0,0,0.000000,nomatch
isear_05589,1,16,16,0,0,0.000000,nomatch
isear_05590,1,21,21,0,0,0.000000,nomatch
isear_05591,1,7,7,0,0,0.000000,nomatch
isear_05592,1,6,6,0,0,0.000000,nomatch
isear_05593,1,14,14,1,0,-0.578947,nonzero
isear_05594,1,5,5,1,0,0.421464,nonzero
isear_05595,1,6,6,0,0,0.000000,nomatch
isear_05596,1,10,10,1,0,-0.458831,nonzero
isear_05597,2,25,25,2,0,-0.500205,nonzero
isear_05598,1,8,8,1,0,0.542326,nonzero
isear_05599,2,23,23,2,0,-0.458831,nonzero
isear_05600,1,14,14,0,0,0.000000,nomatch
isear_05601,1,5,5,0,0,0.000000,nomatch
isear_05602,1,15,15,0,0,0.000000,nomatch
isear_05603,1,11,11,0,0,0.000000,nomatch
isear_05604,1,7,7,0,0,0.000000,nomatch
isear_05605,1,15,15,0,0,0.000000,nomatch
isear_05606,3,48,48,0,0,0.000000,nomatch
isear_05607,2,35,35,1,0,-0.229415,nonzero
isear_05608,1,11,11,1,0,0.421464,nonzero
isear_05609,1,5,5,0,0,0.000000,nomatch
isear_05610,1,12,12,0,0,0.000000,nomatch
isear_05611,1,7,7,0,0,0.000000,nomatch
isear_05612,2,42,42,1,0,0.271163,nonzero
isear_05613,2,42,42,1,0,0.180579,nonzero
isear_05614,3,32,32,1,0,-0.152944,nonzero
isear_05615,2,14,14,0,0,0.000000,nomatch
isear_05616,1,32,32,0,0,0.000000,nomatch
isear_05617,2,36,36,1,0,-0.246957,nonzero
isear_05618,1,24,24,1,0,-0.421464,nonzero
isear_05619,1,6,6,0,0,0.000000,nomatch
isear_05620,1,40,40,0,0,0.000000,nomatch
isear_05621,1,11,11,0,0,0.000000,nomatch
isear_05622,2,28,28,0,0,0.000000,nomatch
isear_05623,1,13,13,0,0,0.000000,nomatch
isear_05624,1,23,23,0,0,0.000000,nomatch
isear_05625,1,15,15,1,0,0.361158,nonzero
isear_05626,1,13,13,1,0,0.202289,nonzero
isear_05627,1,26,26,2,0,-0.542326,nonzero
isear_05628,2,34,34,0,0,0.000000,nomatch
isear_05629,1,14,14,0,0,0.000000,nomatch
isear_05630,1,10,10,0,0,0.000000,nomatch
isear_05631,1,27,27,0,0,0.000000,nomatch
isear_05632,1,13,13,0,0,0.000000,nomatch
isear_05633,1,9,9,0,0,0.000000,nomatch
isear_05634,1,17,17,1,0,-0.585882,nonzero
isear_05635,1,11,11,1,0,-0.250000,nonzero
isear_05636,1,9,9,0,0,0.000000,nomatch
isear_05637,1,7,7,0,0,0.000000,nomatch
isear_05638,1,10,10,1,0,-0.361158,nonzero
isear_05639,1,4,4,0,0,0.000000,nomatch
isear_05640,2,14,14,1,0,0.271163,nonzero
isear_05641,1,12,12,0,0,0.000000,nomatch
isear_05642,2,45,45,0,0,0.000000,nomatch
isear_05643,2,22,22,1,0,-0.180579,nonzero
isear_05644,1,5,5,0,0,0.000000,nomatch
isear_05645,1,14,14,0,0,0.000000,nomatch
isear_05646,4,54,54,1,0,0.090289,nonzero
isear_05647,1,26,26,0,0,0.000000,nomatch
isear_05648,1,13,13,0,0,0.000000,nomatch
isear_05649,2,52,52,0,0,0.000000,nomatch
isear_05650,1,18,18,0,0,0.000000,nomatch
isear_05651,1,8,8,0,0,0.000000,nomatch
isear_05652,2,27,27,1,0,-0.071552,nonzero
isear_05653,5,61,61,5,0,0.071985,nonzero
isear_05654,2,18,18,0,0,0.000000,nomatch
isear_05655,2,19,19,1,0,-0.278685,nonzero
isear_05656,2,24,24,0,0,0.000000,nomatch
isear_05657,2,26,26,0,0,0.000000,nomatch
isear_05658,1,13,13,0,0,0.000000,nomatch
isear_05659,2,26,26,0,0,0.000000,nomatch
isear_05660,2,31,31,1,0,-0.259533,nonzero
isear_05661,3,38,38,1,0,0.180775,nonzero
isear_05662,3,34,34,0,0,0.000000,nomatch
isear_05663,4,35,35,1,0,0.099487,nonzero
isear_05664,3,47,47,1,0,-0.158886,nonzero
isear_05665,3,40,40,0,0,0.000000,nomatch
isear_05666,2,30,30,0,0,0.000000,nomatch
isear_05667,3,33,33,1,0,-0.140488,nonzero
isear_05668,1,6,6,0,0,0.000000,nomatch
isear_05669,2,31,31,1,0,-0.229415,nonzero
isear_05670,1,29,29,0,0,0.000000,nomatch
isear_05671,1,19,19,0,0,0.000000,nomatch
isear_05672,1,20,20,0,0,0.000000,nomatch
isear_05673,1,7,7,0,0,0.000000,nomatch
isear_05674,1,12,12,0,0,0.000000,nomatch
isear_05675,1,16,16,0,0,0.000000,nomatch
isear_05676,1,6,6,0,0,0.000000,nomatch
isear_05677,1,7,7,0,0,0.000000,nomatch
isear_05678,1,3,3,0,0,0.000000,nomatch
isear_05679,2,27,27,0,0,0.000000,nomatch
isear_05680,1,9,9,0,0,0.000000,nomatch
isear_05681,1,10,10,0,0,0.000000,nomatch
isear_05682,1,10,10,0,0,0.000000,nomatch
isear_05683,1,4,4,0,0,0.000000,nomatch
isear_05684,1,25,25,0,0,0.000000,nomatch
isear_05685,1,12,12,0,0,0.000000,nomatch
isear_05686,1,18,18,0,0,0.000000,nomatch
isear_05687,1,26,26,0,0,0.000000,nomatch
isear_05688,1,15,15,1,0,-0.421464,nonzero
isear_05689,1,13,13,0,0,0.000000,nomatch
isear_05690,3,22,22,0,0,0.000000,nomatch
isear_05691,3,24,24,0,0,0.000000,nomatch
isear_05692,2,19,19,0,0,0.000000,nomatch
isear_05693,2,23,23,0,0,0.000000,nomatch
isear_05694,1,12,12,0,0,0.000000,nomatch
isear_05695,2,27,27,0,0,0.000000,nomatch
isear_05696,4,48,48,1,0,-0.090289,nonzero
isear_05697,4,53,53,1,0,-0.114708,nonzero
isear_05698,3,67,67,1,0,-0.164638,nonzero
isear_05699,3,45,45,0,0,0.000000,nomatch
isear_05700,3,38,38,0,0,0.000000,nomatch
isear_05701,5,65,65,0,0,0.000000,nomatch
isear_05702,2,64,64,2,0,-0.340411,nonzero
isear_05703,1,9,9,0,0,0.000000,nomatch
isear_05704,1,13,13,1,0,-0.361158,nonzero
isear_05705,1,6,6,1,0,-0.721185,nonzero
isear_05706,1,14,14,0,0,0.000000,nomatch
isear_05707,1,12,12,0,0,0.000000,nomatch
isear_05708,1,13,13,0,0,0.000000,nomatch
isear_05709,1,13,13,0,0,0.000000,nomatch
isear_05710,1,18,18,0,0,0.000000,nomatch
isear_05711,1,22,22,0,0,0.000000,nomatch
isear_05712,1,15,15,0,0,0.000000,nomatch
isear_05713,1,6,6,0,0,0.000000,nomatch
isear_05714,1,4,4,1,0,-0.361158,nonzero
isear_05715,1,12,12,1,0,-0.458831,nonzero
isear_05716,1,12,12,1,0,0.250000,nonzero
isear_05717,1,9,9,0,0,0.000000,nomatch
isear_05718,1,9,9,0,0,0.000000,nomatch
isear_05719,1,19,19,0,0,0.000000,nomatch
isear_05720,1,7,7,1,0,-0.361158,nonzero
isear_05721,2,37,37,2,0,-0.059441,nonzero
isear_05722,1,7,7,0,0,0.000000,nomatch
isear_05723,1,7,7,0,0,0.000000,nomatch
isear_05724,2,40,40,0,0,0.000000,nomatch
isear_05725,1,39,39,0,0,0.000000,nomatch
isear_05726,2,36,36,1,0,0.064019,nonzero
isear_05727,4,33,33,0,0,0.000000,nomatch
isear_05728,3,35,35,0,0,0.000000,nomatch
isear_05729,1,39,39,1,0,0.361158,nonzero
isear_05730,3,51,51,4,0,0.079030,nonzero
isear_05731,2,33,33,1,0,-0.229415,nonzero
isear_05732,3,61,61,0,0,0.000000,nomatch
isear_05733,2,23,23,0,0,0.000000,nomatch
isear_05734,1,2,2,0,0,0.000000,nomatch
isear_05735,1,2,2,0,0,0.000000,nomatch
isear_05736,1,5,5,1,0,-0.458831,nonzero
isear_05737,4,48,48,3,0,0.317246,nonzero
isear_05738,2,48,48,1,0,-0.229415,nonzero
isear_05739,1,13,13,0,0,0.000000,nomatch
isear_05740,1,6,6,0,0,0.000000,nomatch
isear_05741,3,36,36,2,0,-0.258342,nonzero
isear_05742,1,16,16,0,0,0.000000,nomatch
isear_05743,1,9,9,0,0,0.000000,nomatch
isear_05744,5,48,48,1,0,0.072232,nonzero
isear_05745,3,38,38,1,0,-0.120386,nonzero
isear_05746,1,17,17,1,0,-0.458831,nonzero
isear_05747,3,30,30,1,0,-0.152944,nonzero
isear_05748,1,17,17,0,0,0.000000,nomatch
isear_05749,3,32,32,1,0,-0.164638,nonzero
isear_05750,2,37,37,0,0,0.000000,nomatch
isear_05751,1,24,24,1,0,0.578947,nonzero
isear_05752,4,64,64,1,0,-0.114708,nonzero
isear_05753,3,26,26,2,0,-0.334736,nonzero
isear_05754,1,23,23,1,0,-0.476658,nonzero
isear_05755,3,57,57,1,0,-0.192982,nonzero
isear_05756,2,22,22,1,0,-0.327655,nonzero
isear_05757,4,55,55,1,0,-0.105366,nonzero
isear_05758,1,33,33,2,0,0.718421,nonzero
isear_05759,4,57,57,2,0,-0.229415,nonzero
isear_05760,1,39,39,2,0,-0.718421,nonzero
isear_05761,3,53,53,1,0,-0.149901,nonzero
isear_05762,5,35,35,1,0,0.072232,nonzero
isear_05763,3,47,47,0,0,0.000000,nomatch
isear_05764,5,63,63,1,0,-0.084293,nonzero
isear_05765,3,31,31,1,0,0.180775,nonzero
isear_05766,3,43,43,0,0,0.000000,nomatch
isear_05767,2,25,25,0,0,0.000000,nomatch
isear_05768,2,22,22,1,0,-0.180579,nonzero
isear_05769,2,23,23,2,0,-0.434189,nonzero
isear_05770,2,31,31,2,0,-0.476373,nonzero
isear_05771,2,48,48,0,0,0.000000,nomatch
isear_05772,2,24,24,1,0,0.289473,nonzero
isear_05773,3,31,31,1,0,0.120386,nonzero
isear_05774,3,38,38,0,0,0.000000,nomatch
isear_05775,2,22,22,0,0,0.000000,nomatch
isear_05776,2,30,30,1,0,-0.289473,nonzero
isear_05777,2,28,28,0,0,0.000000,nomatch
isear_05778,1,19,19,0,0,0.000000,nomatch
isear_05779,4,27,27,0,0,0.000000,nomatch
isear_05780,2,26,26,1,0,-0.229415,nonzero
isear_05781,2,26,26,0,0,0.000000,nomatch
isear_05782,3,31,31,1,0,-0.120386,nonzero
isear_05783,3,29,29,1,0,-0.192982,nonzero
isear_05784,3,25,25,0,0,0.000000,nomatch
isear_05785,2,25,25,0,0,0.000000,nomatch
isear_05786,1,6,6,0,0,0.000000,nomatch
isear_05787,2,20,20,0,0,0.000000,nomatch
isear_05788,2,17,17,0,0,0.000000,nomatch
isear_05789,1,20,20,0,0,0.000000,nomatch
isear_05790,1,22,22,1,0,-0.578947,nonzero
isear_05791,1,11,11,1,0,-0.458831,nonzero
isear_05792,1,21,21,0,0,0.000000,nomatch
isear_05793,1,29,29,2,0,-0.128037,nonzero
isear_05794,1,35,35,1,0,-0.421464,nonzero
isear_05795,2,30,30,1,0,-0.246957,nonzero
isear_05796,4,46,46,1,0,0.123479,nonzero
isear_05797,1,29,29,0,0,0.000000,nomatch
isear_05798,2,23,23,0,0,0.000000,nomatch
isear_05799,1,27,27,1,0,-0.421464,nonzero
isear_05800,2,16,16,0,0,0.000000,nomatch
isear_05801,1,21,21,0,0,0.000000,nomatch
isear_05802,1,10,10,1,0,-0.585882,nonzero
isear_05803,1,12,12,1,0,-0.476658,nonzero
isear_05804,1,21,21,1,0,-0.578947,nonzero
isear_05805,1,6,6,1,0,-0.421464,nonzero
isear_05806,2,16,16,0,0,0.000000,nomatch
isear_05807,1,28,28,0,0,0.000000,nomatch
isear_05808,2,27,27,1,0,-0.229415,nonzero
isear_05809,2,20,20,0,0,0.000000,nomatch
isear_05810,3,27,27,0,0,0.000000,nomatch
isear_05811,3,35,35,0,0,0.000000,nomatch
isear_05812,3,52,52,3,0,-0.273330,nonzero
isear_05813,1,14,14,0,0,0.000000,nomatch
isear_05814,1,25,25,1,0,0.612372,nonzero
isear_05815,2,31,31,1,0,-0.342425,nonzero
isear_05816,3,39,39,0,0,0.000000,nomatch
isear_05817,3,36,36,0,0,0.000000,nomatch
isear_05818,1,23,23,0,0,0.000000,nomatch
isear_05819,2,31,31,0,0,0.000000,nomatch
isear_05820,1,27,27,1,0,-0.421464,nonzero
isear_05821,1,11,11,1,0,0.542326,nonzero
isear_05822,1,15,15,2,0,-0.670478,nonzero
isear_05823,3,32,32,1,0,-0.195294,nonzero
isear_05824,1,13,13,1,0,-0.361158,nonzero
isear_05825,2,26,26,1,0,-0.289473,nonzero
isear_05826,1,25,25,2,0,-0.820548,nonzero
isear_05827,3,45,45,2,0,-0.226941,nonzero
isear_05828,1,17,17,0,0,0.000000,nomatch
isear_05829,1,9,9,0,0,0.000000,nomatch
isear_05830,2,38,38,1,0,0.154685,nonzero
isear_05831,3,36,36,0,0,0.000000,nomatch
isear_05832,3,32,32,1,0,-0.204124,nonzero
isear_05833,2,12,12,0,0,0.000000,nomatch
isear_05834,1,35,35,1,0,-0.421464,nonzero
isear_05835,2,12,12,0,0,0.000000,nomatch
isear_05836,1,9,9,0,0,0.000000,nomatch
isear_05837,1,8,8,0,0,0.000000,nomatch
isear_05838,1,9,9,0,0,0.000000,nomatch
isear_05839,1,8,8,0,0,0.000000,nomatch
isear_05840,2,23,23,1,0,-0.311213,nonzero
isear_05841,2,15,15,0,0,0.000000,nomatch
isear_05842,1,18,18,0,0,0.000000,nomatch
isear_05843,1,10,10,0,0,0.000000,nomatch
isear_05844,2,32,32,1,0,0.064019,nonzero
isear_05845,1,4,4,0,0,0.000000,nomatch
isear_05846,3,37,37,0,0,0.000000,nomatch
isear_05847,1,7,7,0,0,0.000000,nomatch
isear_05848,1,13,13,0,0,0.000000,nomatch
isear_05849,3,28,28,1,0,-0.098653,nonzero
isear_05850,2,26,26,0,0,0.000000,nomatch
isear_05851,1,30,30,0,0,0.000000,nomatch
isear_05852,2,20,20,0,0,0.000000,nomatch
isear_05853,1,18,18,1,0,0.128037,nonzero
isear_05854,1,13,13,0,0,0.000000,nomatch
isear_05855,2,14,14,2,0,-0.421464,nonzero
isear_05856,2,18,18,0,0,0.000000,nomatch
isear_05857,1,17,17,2,0,-0.718421,nonzero
isear_05858,1,15,15,0,0,0.000000,nomatch
isear_05859,1,21,21,1,0,-0.421464,nonzero
isear_05860,1,14,14,0,0,0.000000,nomatch
isear_05861,2,15,15,0,0,0.000000,nomatch
isear_05862,1,17,17,0,0,0.000000,nomatch
isear_05863,1,9,9,0,0,0.000000,nomatch
isear_05864,1,14,14,0,0,0.000000,nomatch
isear_05865,1,13,13,0,0,0.000000,nomatch
isear_05866,1,11,11,0,0,0.000000,nomatch
isear_05867,1,14,14,0,0,0.000000,nomatch
isear_05868,1,10,10,0,0,0.000000,nomatch
isear_05869,1,18,18,0,0,0.000000,nomatch
isear_05870,1,11,11,0,0,0.000000,nomatch
isear_05871,1,8,8,0,0,0.000000,nomatch
isear_05872,1,8,8,1,0,-0.361158,nonzero
isear_05873,1,12,12,0,0,0.000000,nomatch
isear_05874,1,17,17,3,0,-0.578947,nonzero
isear_05875,1,12,12,2,0,-0.763584,nonzero
isear_05876,1,15,15,1,0,-0.421464,nonzero
isear_05877,2,29,29,6,0,0.726158,nonzero
isear_05878,3,46,46,0,0,0.000000,nomatch
isear_05879,2,33,33,2,0,-0.458831,nonzero
isear_05880,1,13,13,0,0,0.000000,nomatch
isear_05881,1,16,16,1,0,-0.578947,nonzero
isear_05882,3,35,35,1,0,-0.164638,nonzero
isear_05883,1,9,9,2,0,-0.700349,nonzero
isear_05884,1,26,26,1,0,0.585882,nonzero
isear_05885,1,23,23,1,0,-0.458831,nonzero
isear_05886,1,25,25,2,0,-0.700349,nonzero
isear_05887,1,26,26,1,0,-0.476658,nonzero
isear_05888,2,38,38,0,0,0.000000,nomatch
isear_05889,1,32,32,1,0,-0.493915,nonzero
isear_05890,4,58,58,3,0,-0.252429,nonzero
isear_05891,1,9,9,0,0,0.000000,nomatch
isear_05892,1,8,8,0,0,0.000000,nomatch
isear_05893,1,13,13,1,0,-0.458831,nonzero
isear_05894,1,11,11,0,0,0.000000,nomatch
isear_05895,1,11,11,0,0,0.000000,nomatch
isear_05896,1,6,6,0,0,0.000000,nomatch
isear_05897,1,6,6,0,0,0.000000,nomatch
isear_05898,2,36,36,1,0,0.180579,nonzero
isear_05899,3,41,41,2,0,-0.348669,nonzero
isear_05900,4,60,60,2,0,-0.236760,nonzero
isear_05901,2,33,33,1,0,-0.246957,nonzero
isear_05902,4,62,62,4,0,-0.365245,nonzero
isear_05903,3,60,60,1,0,-0.164638,nonzero
isear_05904,2,35,35,1,0,-0.229415,nonzero
isear_05905,1,16,16,0,0,0.000000,nomatch
isear_05906,2,32,32,0,0,0.000000,nomatch
isear_05907,1,9,9,1,0,-0.458831,nonzero
isear_05908,1,9,9,1,0,-0.361158,nonzero
isear_05909,1,11,11,0,0,0.000000,nomatch
isear_05910,1,6,6,0,0,0.000000,nomatch
isear_05911,1,6,6,0,0,0.000000,nomatch
isear_05912,1,13,13,1,0,0.542326,nonzero
isear_05913,1,18,18,2,0,-0.735147,nonzero
isear_05914,1,12,12,1,0,-0.458831,nonzero
isear_05915,1,13,13,1,0,-0.361158,nonzero
isear_05916,1,23,23,1,0,-0.578947,nonzero
isear_05917,1,20,20,1,0,-0.493915,nonzero
isear_05918,1,21,21,0,0,0.000000,nomatch
isear_05919,3,35,35,1,0,-0.152944,nonzero
isear_05920,2,52,52,1,0,-0.147979,nonzero
isear_05921,1,10,10,0,0,0.000000,nomatch
isear_05922,1,10,10,0,0,0.000000,nomatch
isear_05923,1,9,9,1,0,-0.361158,nonzero
isear_05924,1,25,25,0,0,0.000000,nomatch
isear_05925,1,17,17,0,0,0.000000,nomatch
isear_05926,1,18,18,1,0,-0.585882,nonzero
isear_05927,1,21,21,1,0,-0.361158,nonzero
isear_05928,1,17,17,1,0,-0.421464,nonzero
isear_05929,1,18,18,1,0,-0.578947,nonzero
isear_05930,1,16,16,1,0,-0.493915,nonzero
isear_05931,1,9,9,2,0,-0.700349,nonzero
isear_05932,1,14,14,1,0,0.585882,nonzero
isear_05933,1,16,16,1,0,0.128037,nonzero
isear_05934,1,26,26,1,0,-0.361158,nonzero
isear_05935,2,22,22,1,0,-0.180579,nonzero
isear_05936,1,19,19,1,0,-0.578947,nonzero
isear_05937,1,17,17,2,0,-0.690775,nonzero
isear_05938,1,10,10,0,0,0.000000,nomatch
isear_05939,1,11,11,0,0,0.000000,nomatch
isear_05940,1,9,9,1,0,-0.361158,nonzero
isear_05941,1,8,8,1,0,-0.361158,nonzero
isear_05942,1,5,5,0,0,0.000000,nomatch
isear_05943,1,15,15,0,0,0.000000,nomatch
isear_05944,1,8,8,1,0,-0.361158,nonzero
isear_05945,1,6,6,0,0,0.000000,nomatch
isear_05946,3,40,40,1,0,0.152944,nonzero
isear_05947,2,25,25,1,0,-0.292941,nonzero
isear_05948,1,21,21,1,0,-0.585882,nonzero
isear_05949,1,14,14,2,0,-0.670478,nonzero
isear_05950,1,10,10,1,0,-0.578947,nonzero
isear_05951,1,11,11,1,0,-0.493915,nonzero
isear_05952,1,13,13,2,0,-0.759365,nonzero
isear_05953,1,27,27,1,0,0.458831,nonzero
isear_05954,1,19,19,1,0,0.339950,nonzero
isear_05955,1,24,24,1,0,-0.458831,nonzero
isear_05956,1,18,18,0,0,0.000000,nomatch
isear_05957,1,30,30,3,0,-0.558846,nonzero
isear_05958,4,65,65,2,0,-0.008771,nonzero
isear_05959,3,42,42,1,0,-0.181793,nonzero
isear_05960,3,44,44,0,0,0.000000,nomatch
isear_05961,2,48,48,1,0,-0.229415,nonzero
isear_05962,1,26,26,2,0,-0.670478,nonzero
isear_05963,2,38,38,0,0,0.000000,nomatch
isear_05964,1,25,25,0,0,0.000000,nomatch
isear_05965,1,21,21,2,0,-0.700349,nonzero
isear_05966,3,52,52,0,0,0.000000,nomatch
isear_05967,2,31,31,0,0,0.000000,nomatch
isear_05968,2,55,55,0,0,0.000000,nomatch
isear_05969,2,33,33,1,0,-0.238329,nonzero
isear_05970,3,61,61,1,0,-0.192982,nonzero
isear_05971,3,61,61,1,0,-0.164638,nonzero
isear_05972,3,45,45,2,0,-0.334736,nonzero
isear_05973,1,19,19,0,0,0.000000,nomatch
isear_05974,1,15,15,0,0,0.000000,nomatch
isear_05975,2,16,16,1,0,-0.229415,nonzero
isear_05976,1,16,16,1,0,-0.458831,nonzero
isear_05977,1,13,13,0,0,0.000000,nomatch
isear_05978,1,24,24,1,0,-0.493915,nonzero
isear_05979,1,17,17,3,0,-0.421464,nonzero
isear_05980,1,4,4,0,0,0.000000,nomatch
isear_05981,1,22,22,0,0,0.000000,nomatch
isear_05982,2,42,42,2,0,0.000000,cancel
isear_05983,1,5,5,0,0,0.000000,nomatch
isear_05984,1,18,18,1,0,-0.250000,nonzero
isear_05985,1,10,10,0,0,0.000000,nomatch
isear_05986,1,22,22,0,0,0.000000,nomatch
isear_05987,2,41,41,0,0,0.000000,nomatch
isear_05988,1,2,2,0,0,0.000000,nomatch
isear_05989,2,36,36,1,0,-0.229415,nonzero
isear_05990,1,17,17,0,0,0.000000,nomatch
isear_05991,2,38,38,1,0,-0.289473,nonzero
isear_05992,3,58,58,0,0,0.000000,nomatch
isear_05993,1,2,2,0,0,0.000000,nomatch
isear_05994,1,22,22,0,0,0.000000,nomatch
isear_05995,2,23,23,1,0,-0.180579,nonzero
isear_05996,2,42,42,0,0,0.000000,nomatch
isear_05997,1,16,16,0,0,0.000000,nomatch
isear_05998,1,26,26,2,0,0.670478,nonzero
isear_05999,1,16,16,0,0,0.000000,nomatch
isear_06000,1,27,27,0,0,0.000000,nomatch
isear_06001,3,34,34,3,0,0.537131,nonzero
isear_06002,3,47,47,1,0,-0.152944,nonzero
isear_06003,2,40,40,1,0,-0.229415,nonzero
isear_06004,2,44,44,2,0,0.025785,nonzero
isear_06005,3,32,32,1,0,-0.192982,nonzero
isear_06006,3,37,37,1,0,-0.164638,nonzero
isear_06007,1,30,30,3,0,-0.585882,nonzero
isear_06008,1,18,18,1,0,0.585882,nonzero
isear_06009,1,14,14,1,0,-0.458831,nonzero
isear_06010,1,23,23,0,0,0.000000,nomatch
isear_06011,1,18,18,1,0,-0.476658,nonzero
isear_06012,1,22,22,0,0,0.000000,nomatch
isear_06013,1,16,16,1,0,-0.493915,nonzero
isear_06014,2,24,24,0,0,0.000000,nomatch
isear_06015,1,7,7,0,0,0.000000,nomatch
isear_06016,1,7,7,0,0,0.000000,nomatch
isear_06017,1,7,7,0,0,0.000000,nomatch
isear_06018,1,6,6,0,0,0.000000,nomatch
isear_06019,1,8,8,0,0,0.000000,nomatch
isear_06020,1,13,13,0,0,0.000000,nomatch
isear_06021,1,9,9,0,0,0.000000,nomatch
isear_06022,2,23,23,1,0,0.292941,nonzero
isear_06023,1,2,2,0,0,0.000000,nomatch
isear_06024,1,20,20,0,0,0.000000,nomatch
isear_06025,2,36,36,1,0,-0.180579,nonzero
isear_06026,2,30,30,1,0,-0.289473,nonzero
isear_06027,1,2,2,0,0,0.000000,nomatch
isear_06028,2,40,40,3,0,-0.104032,nonzero
isear_06029,1,22,22,0,0,0.000000,nomatch
isear_06030,1,19,19,1,0,-0.361158,nonzero
isear_06031,1,13,13,0,0,0.000000,nomatch
isear_06032,1,14,14,0,0,0.000000,nomatch
isear_06033,1,22,22,0,0,0.000000,nomatch
isear_06034,1,9,9,0,0,0.000000,nomatch
isear_06035,1,9,9,0,0,0.000000,nomatch
isear_06036,2,20,20,0,0,0.000000,nomatch
isear_06037,1,33,33,2,0,-0.670478,nonzero
isear_06038,2,34,34,1,0,-0.292941,nonzero
isear_06039,1,19,19,2,0,-0.680823,nonzero
isear_06040,1,16,16,1,0,-0.578947,nonzero
isear_06041,1,12,12,1,0,-0.458831,nonzero
isear_06042,1,10,10,1,0,-0.421464,nonzero
isear_06043,2,35,35,0,0,0.000000,nomatch
isear_06044,1,26,26,1,0,-0.476658,nonzero
isear_06045,2,40,40,2,0,-0.186962,nonzero
isear_06046,2,33,33,2,0,-0.125000,nonzero
isear_06047,2,25,25,1,0,-0.289473,nonzero
isear_06048,2,26,26,1,0,-0.246957,nonzero
isear_06049,2,37,37,0,0,0.000000,nomatch
isear_06050,2,37,37,4,0,0.170018,nonzero
isear_06051,1,14,14,1,0,-0.458831,nonzero
isear_06052,1,40,40,0,0,0.000000,nomatch
isear_06053,2,29,29,2,0,-0.418908,nonzero
isear_06054,2,25,25,1,0,-0.289473,nonzero
isear_06055,2,36,36,0,0,0.000000,nomatch
isear_06056,2,28,28,1,0,-0.210732,nonzero
isear_06057,1,5,5,0,0,0.000000,nomatch
isear_06058,1,7,7,0,0,0.000000,nomatch
isear_06059,1,15,15,0,0,0.000000,nomatch
isear_06060,1,9,9,2,0,0.051571,nonzero
isear_06061,1,7,7,0,0,0.000000,nomatch
isear_06062,1,4,4,0,0,0.000000,nomatch
isear_06063,1,16,16,0,0,0.000000,nomatch
isear_06064,3,60,60,0,0,0.000000,nomatch
isear_06065,8,104,104,4,0,-0.209056,nonzero
isear_06066,4,74,74,1,0,-0.114708,nonzero
isear_06067,5,61,61,5,0,-0.112308,nonzero
isear_06068,6,74,74,0,0,0.000000,nomatch
isear_06069,10,167,167,1,0,-0.045883,nonzero
isear_06070,1,2,2,0,0,0.000000,nomatch
isear_06071,3,55,55,1,0,0.152944,nonzero
isear_06072,6,84,84,2,0,-0.053949,nonzero
isear_06073,4,70,70,1,0,0.090289,nonzero
isear_06074,4,69,69,4,0,-0.056126,nonzero
isear_06075,5,79,79,1,0,0.089017,nonzero
isear_06076,4,81,81,2,0,-0.050241,nonzero
isear_06077,5,69,69,2,0,-0.156524,nonzero
isear_06078,1,25,25,1,0,0.542326,nonzero
isear_06079,1,15,15,0,0,0.000000,nomatch
isear_06080,1,15,15,0,0,0.000000,nomatch
isear_06081,1,9,9,1,0,-0.361158,nonzero
isear_06082,1,2,2,0,0,0.000000,nomatch
isear_06083,1,2,2,0,0,0.000000,nomatch
isear_06084,1,15,15,0,0,0.000000,nomatch
isear_06085,2,34,34,0,0,0.000000,nomatch
isear_06086,1,31,31,0,0,0.000000,nomatch
isear_06087,1,14,14,0,0,0.000000,nomatch
isear_06088,1,9,9,0,0,0.000000,nomatch
isear_06089,1,18,18,0,0,0.000000,nomatch
isear_06090,1,22,22,1,0,-0.493915,nonzero
isear_06091,2,43,43,1,0,-0.210732,nonzero
isear_06092,2,44,44,1,0,0.229415,nonzero
isear_06093,4,63,63,2,0,-0.204758,nonzero
isear_06094,4,59,59,0,0,0.000000,nomatch
isear_06095,3,57,57,1,0,-0.120386,nonzero
isear_06096,3,56,56,1,0,-0.192982,nonzero
isear_06097,2,34,34,0,0,0.000000,nomatch
isear_06098,3,50,50,2,0,-0.335782,nonzero
isear_06099,1,37,37,0,0,0.000000,nomatch
isear_06100,2,49,49,1,0,-0.229415,nonzero
isear_06101,2,38,38,0,0,0.000000,nomatch
isear_06102,1,25,25,1,0,-0.361158,nonzero
isear_06103,1,14,14,0,0,0.000000,nomatch
isear_06104,3,39,39,0,0,0.000000,nomatch
isear_06105,2,25,25,0,0,0.000000,nomatch
isear_06106,1,8,8,0,0,0.000000,nomatch
isear_06107,1,7,7,0,0,0.000000,nomatch
isear_06108,1,32,32,0,0,0.000000,nomatch
isear_06109,1,31,31,3,0,0.361158,nonzero
isear_06110,3,44,44,1,0,-0.216186,nonzero
isear_06111,2,49,49,2,0,-0.367573,nonzero
isear_06112,1,37,37,1,0,-0.421464,nonzero
isear_06113,1,18,18,1,0,0.542326,nonzero
isear_06114,3,43,43,2,0,-0.180775,nonzero
isear_06115,2,39,39,1,0,-0.229415,nonzero
isear_06116,2,53,53,3,0,-0.511806,nonzero
isear_06117,1,37,37,2,0,-0.064416,nonzero
isear_06118,1,21,21,1,0,-0.493915,nonzero
isear_06119,1,22,22,2,0,-0.077228,nonzero
isear_06120,1,9,9,0,0,0.000000,nomatch
isear_06121,4,57,57,0,0,0.000000,nomatch
isear_06122,4,73,73,0,0,0.000000,nomatch
isear_06123,1,15,15,0,0,0.000000,nomatch
isear_06124,1,15,15,0,0,0.000000,nomatch
isear_06125,1,2,2,0,0,0.000000,nomatch
isear_06126,1,2,2,0,0,0.000000,nomatch
isear_06127,2,37,37,2,0,0.354415,nonzero
isear_06128,2,40,40,1,0,-0.229415,nonzero
isear_06129,2,34,34,0,0,0.000000,nomatch
isear_06130,3,44,44,4,0,0.212518,nonzero
isear_06131,1,23,23,0,0,0.000000,nomatch
isear_06132,2,24,24,0,0,0.000000,nomatch
isear_06133,2,21,21,1,0,-0.210732,nonzero
isear_06134,2,44,44,2,0,0.373511,nonzero
isear_06135,4,65,65,1,0,-0.090289,nonzero
isear_06136,3,73,73,2,0,-0.285024,nonzero
isear_06137,1,17,17,1,0,-0.361158,nonzero
isear_06138,3,63,63,1,0,0.113317,nonzero
isear_06139,4,65,65,1,0,-0.123479,nonzero
isear_06140,5,88,88,0,0,0.000000,nomatch
isear_06141,1,10,10,0,0,0.000000,nomatch
isear_06142,1,9,9,0,0,0.000000,nomatch
isear_06143,1,12,12,0,0,0.000000,nomatch
isear_06144,1,25,25,0,0,0.000000,nomatch
isear_06145,1,12,12,0,0,0.000000,nomatch
isear_06146,1,14,14,0,0,0.000000,nomatch
isear_06147,2,35,35,0,0,0.000000,nomatch
isear_06148,4,72,72,2,0,-0.028875,nonzero
isear_06149,4,63,63,0,0,0.000000,nomatch
isear_06150,2,26,26,1,0,-0.292941,nonzero
isear_06151,2,23,23,1,0,-0.180579,nonzero
isear_06152,1,33,33,1,0,-0.704999,nonzero
isear_06153,2,43,43,1,0,-0.246957,nonzero
isear_06154,2,42,42,0,0,0.000000,nomatch
isear_06155,3,56,56,0,0,0.000000,nomatch
isear_06156,1,2,2,0,0,0.000000,nomatch
isear_06157,2,33,33,0,0,0.000000,nomatch
isear_06158,1,9,9,0,0,0.000000,nomatch
isear_06159,1,2,2,0,0,0.000000,nomatch
isear_06160,1,2,2,0,0,0.000000,nomatch
isear_06161,1,2,2,0,0,0.000000,nomatch
isear_06162,1,10,10,0,0,0.000000,nomatch
isear_06163,1,35,35,0,0,0.000000,nomatch
isear_06164,2,33,33,1,0,-0.229415,nonzero
isear_06165,1,19,19,0,0,0.000000,nomatch
isear_06166,1,18,18,0,0,0.000000,nomatch
isear_06167,1,31,31,1,0,-0.361158,nonzero
isear_06168,2,46,46,0,0,0.000000,nomatch
isear_06169,1,8,8,0,0,0.000000,nomatch
isear_06170,2,23,23,1,0,-0.180579,nonzero
isear_06171,1,11,11,0,0,0.000000,nomatch
isear_06172,2,23,23,0,0,0.000000,nomatch
isear_06173,1,2,2,0,0,0.000000,nomatch
isear_06174,1,17,17,0,0,0.000000,nomatch
isear_06175,1,18,18,1,0,-0.458831,nonzero
isear_06176,3,47,47,0,0,0.000000,nomatch
isear_06177,2,44,44,1,0,-0.229415,nonzero
isear_06178,2,33,33,1,0,-0.278685,nonzero
isear_06179,1,22,22,2,0,-0.612372,nonzero
isear_06180,1,14,14,1,0,-0.578947,nonzero
isear_06181,3,41,41,1,0,-0.198012,nonzero
isear_06182,1,30,30,1,0,-0.421464,nonzero
isear_06183,2,33,33,0,0,0.000000,nomatch
isear_06184,1,27,27,1,0,0.250000,nonzero
isear_06185,2,31,31,0,0,0.000000,nomatch
isear_06186,1,2,2,0,0,0.000000,nomatch
isear_06187,1,17,17,0,0,0.000000,nomatch
isear_06188,1,17,17,1,0,-0.493915,nonzero
isear_06189,1,2,2,0,0,0.000000,nomatch
isear_06190,1,11,11,1,0,0.493915,nonzero
isear_06191,1,16,16,0,0,0.000000,nomatch
isear_06192,1,17,17,0,0,0.000000,nomatch
isear_06193,1,16,16,2,0,-0.761486,nonzero
isear_06194,1,18,18,0,0,0.000000,nomatch
isear_06195,1,16,16,1,0,-0.421464,nonzero
isear_06196,1,26,26,0,0,0.000000,nomatch
isear_06197,1,1,1,0,0,0.000000,nomatch
isear_06198,1,9,9,0,0,0.000000,nomatch
isear_06199,1,17,17,2,0,0.612372,nonzero
isear_06200,1,21,21,1,0,-0.578947,nonzero
isear_06201,1,19,19,1,0,0.369488,nonzero
isear_06202,1,15,15,2,0,-0.138092,nonzero
isear_06203,3,45,45,2,0,0.388276,nonzero
isear_06204,2,27,27,0,0,0.000000,nomatch
isear_06205,2,33,33,1,0,0.311213,nonzero
isear_06206,3,54,54,0,0,0.000000,nomatch
isear_06207,1,33,33,2,0,-0.790569,nonzero
isear_06208,1,25,25,2,0,-0.680823,nonzero
isear_06209,3,55,55,1,0,-0.226091,nonzero
isear_06210,1,27,27,1,0,-0.622427,nonzero
isear_06211,2,40,40,3,0,-0.553694,nonzero
isear_06212,1,30,30,2,0,0.718421,nonzero
isear_06213,2,32,32,2,0,0.371957,nonzero
isear_06214,1,29,29,1,0,0.128037,nonzero
isear_06215,1,28,28,2,0,-0.115413,nonzero
isear_06216,3,38,38,1,0,-0.158886,nonzero
isear_06217,2,39,39,1,0,-0.311213,nonzero
isear_06218,1,34,34,1,0,0.542326,nonzero
isear_06219,1,16,16,2,0,0.757937,nonzero
isear_06220,1,18,18,0,0,0.000000,nomatch
isear_06221,2,42,42,3,0,-0.400796,nonzero
isear_06222,1,26,26,1,0,-0.361158,nonzero
isear_06223,2,26,26,1,0,-0.289473,nonzero
isear_06224,1,19,19,2,0,-0.670478,nonzero
isear_06225,1,23,23,2,0,-0.077228,nonzero
isear_06226,2,24,24,1,0,-0.229415,nonzero
isear_06227,1,14,14,0,0,0.000000,nomatch
isear_06228,1,17,17,0,0,0.000000,nomatch
isear_06229,1,17,17,0,0,0.000000,nomatch
isear_06230,1,20,20,0,0,0.000000,nomatch
isear_06231,1,17,17,0,0,0.000000,nomatch
isear_06232,1,17,17,0,0,0.000000,nomatch
isear_06233,2,27,27,0,0,0.000000,nomatch
isear_06234,1,29,29,0,0,0.000000,nomatch
isear_06235,1,16,16,0,0,0.000000,nomatch
isear_06236,1,31,31,0,0,0.000000,nomatch
isear_06237,1,11,11,0,0,0.000000,nomatch
isear_06238,1,5,5,0,0,0.000000,nomatch
isear_06239,1,7,7,1,0,-0.361158,nonzero
isear_06240,1,8,8,0,0,0.000000,nomatch
isear_06241,1,7,7,1,0,-0.361158,nonzero
isear_06242,1,8,8,0,0,0.000000,nomatch
isear_06243,1,4,4,0,0,0.000000,nomatch
isear_06244,1,4,4,0,0,0.000000,nomatch
isear_06245,1,9,9,0,0,0.000000,nomatch
isear_06246,1,8,8,0,0,0.000000,nomatch
isear_06247,1,5,5,0,0,0.000000,nomatch
isear_06248,1,8,8,1,0,-0.421464,nonzero
isear_06249,1,4,4,1,0,-0.612372,nonzero
isear_06250,1,5,5,1,0,-0.421464,nonzero
isear_06251,1,6,6,1,0,0.261663,nonzero
isear_06252,1,3,3,0,0,0.000000,nomatch
isear_06253,1,4,4,1,0,-0.421464,nonzero
isear_06254,1,24,24,0,0,0.000000,nomatch
isear_06255,1,3,3,0,0,0.000000,nomatch
isear_06256,1,13,13,0,0,0.000000,nomatch
isear_06257,1,21,21,0,0,0.000000,nomatch
isear_06258,1,22,22,1,0,-0.493915,nonzero
isear_06259,1,10,10,0,0,0.000000,nomatch
isear_06260,1,11,11,0,0,0.000000,nomatch
isear_06261,1,9,9,0,0,0.000000,nomatch
isear_06262,1,5,5,0,0,0.000000,nomatch
isear_06263,1,7,7,0,0,0.000000,nomatch
isear_06264,1,3,3,1,0,-0.361158,nonzero
isear_06265,1,5,5,0,0,0.000000,nomatch
isear_06266,1,8,8,1,0,-0.361158,nonzero
isear_06267,1,7,7,0,0,0.000000,nomatch
isear_06268,1,8,8,0,0,0.000000,nomatch
isear_06269,1,16,16,0,0,0.000000,nomatch
isear_06270,1,19,19,0,0,0.000000,nomatch
isear_06271,1,9,9,0,0,0.000000,nomatch
isear_06272,1,18,18,0,0,0.000000,nomatch
isear_06273,1,19,19,0,0,0.000000,nomatch
isear_06274,1,5,5,0,0,0.000000,nomatch
isear_06275,1,11,11,1,0,0.202289,nonzero
isear_06276,1,3,3,0,0,0.000000,nomatch
isear_06277,1,5,5,0,0,0.000000,nomatch
isear_06278,1,3,3,1,0,-0.361158,nonzero
isear_06279,1,6,6,0,0,0.000000,nomatch
isear_06280,1,9,9,0,0,0.000000,nomatch
isear_06281,1,38,38,3,0,-0.510607,nonzero
isear_06282,2,25,25,3,0,-0.598610,nonzero
isear_06283,1,31,31,1,0,-0.476658,nonzero
isear_06284,1,26,26,2,0,-0.739130,nonzero
isear_06285,2,45,45,0,0,0.000000,nomatch
isear_06286,1,44,44,1,0,-0.421464,nonzero
isear_06287,2,31,31,1,0,0.292941,nonzero
isear_06288,2,32,32,2,0,-0.522357,nonzero
isear_06289,1,23,23,1,0,-0.585882,nonzero
isear_06290,2,31,31,1,0,-0.238329,nonzero
isear_06291,1,2,2,0,0,0.000000,nomatch
isear_06292,1,20,20,1,0,-0.585882,nonzero
isear_06293,1,37,37,1,0,-0.545378,nonzero
isear_06294,1,24,24,0,0,0.000000,nomatch
isear_06295,1,28,28,1,0,-0.261663,nonzero
isear_06296,1,20,20,1,0,-0.458831,nonzero
isear_06297,1,25,25,0,0,0.000000,nomatch
isear_06298,1,19,19,0,0,0.000000,nomatch
isear_06299,2,25,25,2,0,-0.431186,nonzero
isear_06300,1,31,31,0,0,0.000000,nomatch
isear_06301,1,8,8,0,0,0.000000,nomatch
isear_06302,1,10,10,0,0,0.000000,nomatch
isear_06303,1,9,9,0,0,0.000000,nomatch
isear_06304,1,7,7,1,0,0.542326,nonzero
isear_06305,1,9,9,0,0,0.000000,nomatch
isear_06306,1,11,11,1,0,-0.458831,nonzero
isear_06307,1,15,15,0,0,0.000000,nomatch
isear_06308,2,28,28,1,0,0.271163,nonzero
isear_06309,3,58,58,1,0,-0.175581,nonzero
isear_06310,3,42,42,1,0,-0.195294,nonzero
isear_06311,1,25,25,1,0,-0.361158,nonzero
isear_06312,1,12,12,1,0,0.445087,nonzero
isear_06313,1,10,10,1,0,0.369488,nonzero
isear_06314,1,15,15,1,0,-0.421464,nonzero
isear_06315,1,14,14,1,0,0.585882,nonzero
isear_06316,1,26,26,0,0,0.000000,nomatch
isear_06317,1,19,19,2,0,-0.743038,nonzero
isear_06318,1,22,22,1,0,-0.476658,nonzero
isear_06319,1,13,13,1,0,-0.578947,nonzero
isear_06320,1,29,29,1,0,-0.493915,nonzero
isear_06321,1,32,32,1,0,-0.545378,nonzero
isear_06322,1,9,9,0,0,0.000000,nomatch
isear_06323,1,9,9,0,0,0.000000,nomatch
isear_06324,1,15,15,0,0,0.000000,nomatch
isear_06325,1,7,7,0,0,0.000000,nomatch
isear_06326,1,14,14,1,0,-0.361158,nonzero
isear_06327,1,14,14,0,0,0.000000,nomatch
isear_06328,1,13,13,0,0,0.000000,nomatch
isear_06329,2,26,26,1,0,0.125000,nonzero
isear_06330,2,28,28,3,0,-0.499054,nonzero
isear_06331,2,37,37,1,0,-0.263371,nonzero
isear_06332,2,57,57,1,0,-0.238329,nonzero
isear_06333,4,43,43,2,0,-0.235026,nonzero
isear_06334,1,14,14,1,0,0.542326,nonzero
isear_06335,2,40,40,1,0,-0.147979,nonzero
isear_06336,3,35,35,1,0,0.192982,nonzero
isear_06337,1,36,36,0,0,0.000000,nomatch
isear_06338,2,31,31,1,0,-0.229415,nonzero
isear_06339,1,2,2,0,0,0.000000,nomatch
isear_06340,1,28,28,1,0,-0.622427,nonzero
isear_06341,1,6,6,0,0,0.000000,nomatch
isear_06342,1,2,2,0,0,0.000000,nomatch
isear_06343,1,12,12,1,0,0.542326,nonzero
isear_06344,1,7,7,0,0,0.000000,nomatch
isear_06345,1,21,21,1,0,-0.612372,nonzero
isear_06346,1,16,16,0,0,0.000000,nomatch
isear_06347,1,14,14,1,0,-0.678274,nonzero
isear_06348,1,2,2,0,0,0.000000,nomatch
isear_06349,1,2,2,0,0,0.000000,nomatch
isear_06350,2,25,25,1,0,0.271163,nonzero
isear_06351,1,26,26,1,0,-0.458831,nonzero
isear_06352,1,19,19,0,0,0.000000,nomatch
isear_06353,2,21,21,0,0,0.000000,nomatch
isear_06354,1,5,5,0,0,0.000000,nomatch
isear_06355,1,5,5,0,0,0.000000,nomatch
isear_06356,1,5,5,0,0,0.000000,nomatch
isear_06357,1,34,34,0,0,0.000000,nomatch
isear_06358,1,34,34,0,0,0.000000,nomatch
isear_06359,1,30,30,1,0,-0.458831,nonzero
isear_06360,1,30,30,2,0,-0.670478,nonzero
isear_06361,1,20,20,0,0,0.000000,nomatch
isear_06362,1,28,28,0,0,0.000000,nomatch
isear_06363,1,21,21,0,0,0.000000,nomatch
isear_06364,2,36,36,0,0,0.000000,nomatch
isear_06365,2,38,38,1,0,-0.180579,nonzero
isear_06366,1,19,19,0,0,0.000000,nomatch
isear_06367,4,47,47,1,0,-0.114708,nonzero
isear_06368,3,49,49,1,0,-0.152944,nonzero
isear_06369,1,19,19,0,0,0.000000,nomatch
isear_06370,3,35,35,1,0,-0.140488,nonzero
isear_06371,1,13,13,1,0,0.585882,nonzero
isear_06372,1,27,27,1,0,-0.458831,nonzero
isear_06373,2,20,20,0,0,0.000000,nomatch
isear_06374,2,26,26,1,0,-0.238329,nonzero
isear_06375,2,31,31,0,0,0.000000,nomatch
isear_06376,2,28,28,2,0,0.000000,cancel
isear_06377,2,23,23,0,0,0.000000,nomatch
isear_06378,1,21,21,0,0,0.000000,nomatch
isear_06379,1,28,28,1,0,-0.458831,nonzero
isear_06380,2,16,16,1,0,-0.229415,nonzero
isear_06381,1,31,31,0,0,0.000000,nomatch
isear_06382,1,57,57,0,0,0.000000,nomatch
isear_06383,1,44,44,1,0,-0.458831,nonzero
isear_06384,1,38,38,1,0,-0.421464,nonzero
isear_06385,1,19,19,1,0,0.542326,nonzero
isear_06386,1,18,18,2,0,-0.718421,nonzero
isear_06387,2,42,42,1,0,-0.292941,nonzero
isear_06388,2,27,27,1,0,-0.210732,nonzero
isear_06389,2,19,19,1,0,-0.289473,nonzero
isear_06390,2,28,28,1,0,-0.180579,nonzero
isear_06391,1,15,15,1,0,-0.421464,nonzero
isear_06392,1,28,28,1,0,0.704999,nonzero
isear_06393,1,30,30,0,0,0.000000,nomatch
isear_06394,1,39,39,2,0,-0.718421,nonzero
isear_06395,1,23,23,1,0,-0.361158,nonzero
isear_06396,2,30,30,2,0,-0.108895,nonzero
isear_06397,1,41,41,3,0,-0.840168,nonzero
isear_06398,1,26,26,0,0,0.000000,nomatch
isear_06399,1,24,24,1,0,0.542326,nonzero
isear_06400,1,20,20,1,0,-0.493915,nonzero
isear_06401,1,13,13,0,0,0.000000,nomatch
isear_06402,1,26,26,2,0,0.177858,nonzero
isear_06403,1,20,20,0,0,0.000000,nomatch
isear_06404,1,31,31,1,0,-0.458831,nonzero
isear_06405,1,16,16,0,0,0.000000,nomatch
isear_06406,1,13,13,0,0,0.000000,nomatch
isear_06407,1,10,10,0,0,0.000000,nomatch
isear_06408,1,16,16,0,0,0.000000,nomatch
isear_06409,1,10,10,0,0,0.000000,nomatch
isear_06410,1,10,10,0,0,0.000000,nomatch
isear_06411,1,15,15,0,0,0.000000,nomatch
isear_06412,1,15,15,0,0,0.000000,nomatch
isear_06413,2,15,15,0,0,0.000000,nomatch
isear_06414,2,21,21,2,0,-0.391311,nonzero
isear_06415,1,18,18,1,0,-0.458831,nonzero
isear_06416,1,25,25,1,0,-0.361158,nonzero
isear_06417,1,19,19,2,0,-0.502331,nonzero
isear_06418,3,17,17,1,0,-0.164638,nonzero
isear_06419,1,14,14,1,0,-0.421464,nonzero
isear_06420,5,39,39,0,0,0.000000,nomatch
isear_06421,1,22,22,0,0,0.000000,nomatch
isear_06422,1,27,27,0,0,0.000000,nomatch
isear_06423,2,21,21,0,0,0.000000,nomatch
isear_06424,3,27,27,0,0,0.000000,nomatch
isear_06425,2,32,32,0,0,0.000000,nomatch
isear_06426,4,35,35,0,0,0.000000,nomatch
isear_06427,1,17,17,0,0,0.000000,nomatch
isear_06428,1,32,32,2,0,-0.735147,nonzero
isear_06429,1,16,16,0,0,0.000000,nomatch
isear_06430,1,13,13,1,0,-0.449704,nonzero
isear_06431,1,12,12,1,0,-0.578947,nonzero
isear_06432,1,16,16,2,0,0.077228,nonzero
isear_06433,1,14,14,2,0,-0.648557,nonzero
isear_06434,1,12,12,1,0,0.542326,nonzero
isear_06435,1,21,21,0,0,0.000000,nomatch
isear_06436,2,30,30,1,0,-0.229415,nonzero
isear_06437,1,16,16,1,0,-0.476658,nonzero
isear_06438,1,12,12,0,0,0.000000,nomatch
isear_06439,1,19,19,0,0,0.000000,nomatch
isear_06440,2,23,23,1,0,-0.180579,nonzero
isear_06441,1,13,13,0,0,0.000000,nomatch
isear_06442,1,9,9,0,0,0.000000,nomatch
isear_06443,1,7,7,0,0,0.000000,nomatch
isear_06444,1,6,6,0,0,0.000000,nomatch
isear_06445,1,16,16,0,0,0.000000,nomatch
isear_06446,1,15,15,1,0,-0.361158,nonzero
isear_06447,1,6,6,0,0,0.000000,nomatch
isear_06448,2,40,40,1,0,-0.130831,nonzero
isear_06449,2,24,24,2,0,-0.335239,nonzero
isear_06450,1,23,23,2,0,-0.670478,nonzero
isear_06451,1,21,21,1,0,-0.361158,nonzero
isear_06452,1,17,17,1,0,-0.578947,nonzero
isear_06453,2,30,30,2,0,-0.335239,nonzero
isear_06454,3,45,45,2,0,-0.195294,nonzero
isear_06455,1,12,12,1,0,0.542326,nonzero
isear_06456,2,31,31,1,0,-0.263371,nonzero
isear_06457,1,15,15,1,0,-0.585882,nonzero
isear_06458,1,18,18,1,0,-0.476658,nonzero
isear_06459,1,20,20,1,0,-0.578947,nonzero
isear_06460,1,32,32,2,0,-0.690775,nonzero
isear_06461,1,27,27,2,0,0.177858,nonzero
isear_06462,1,8,8,0,0,0.000000,nomatch
isear_06463,4,44,44,1,0,-0.114708,nonzero
isear_06464,3,39,39,0,0,0.000000,nomatch
isear_06465,1,21,21,0,0,0.000000,nomatch
isear_06466,1,16,16,0,0,0.000000,nomatch
isear_06467,4,57,57,1,0,-0.123479,nonzero
isear_06468,1,16,16,0,0,0.000000,nomatch
isear_06469,1,37,37,1,0,0.542326,nonzero
isear_06470,2,33,33,2,0,-0.599127,nonzero
isear_06471,1,44,44,1,0,-0.476658,nonzero
isear_06472,1,22,22,1,0,-0.578947,nonzero
isear_06473,1,18,18,1,0,-0.493915,nonzero
isear_06474,1,17,17,1,0,-0.421464,nonzero
isear_06475,2,29,29,2,0,0.405012,nonzero
isear_06476,1,29,29,2,0,-0.670478,nonzero
isear_06477,1,24,24,1,0,0.542326,nonzero
isear_06478,2,28,28,1,0,-0.180579,nonzero
isear_06479,1,26,26,1,0,-0.578947,nonzero
isear_06480,1,26,26,1,0,-0.594036,nonzero
isear_06481,1,18,18,1,0,-0.421464,nonzero
isear_06482,1,29,29,0,0,0.000000,nomatch
isear_06483,1,25,25,1,0,-0.421464,nonzero
isear_06484,1,29,29,0,0,0.000000,nomatch
isear_06485,1,21,21,0,0,0.000000,nomatch
isear_06486,1,20,20,0,0,0.000000,nomatch
isear_06487,1,44,44,0,0,0.000000,nomatch
isear_06488,1,28,28,0,0,0.000000,nomatch
isear_06489,3,51,51,1,0,0.180775,nonzero
isear_06490,1,6,6,0,0,0.000000,nomatch
isear_06491,2,37,37,0,0,0.000000,nomatch
isear_06492,1,5,5,0,0,0.000000,nomatch
isear_06493,1,17,17,1,0,-0.361158,nonzero
isear_06494,1,26,26,0,0,0.000000,nomatch
isear_06495,1,2,2,0,0,0.000000,nomatch
isear_06496,2,48,48,1,0,0.271163,nonzero
isear_06497,2,24,24,2,0,-0.458831,nonzero
isear_06498,1,25,25,2,0,-0.339950,nonzero
isear_06499,1,21,21,0,0,0.000000,nomatch
isear_06500,1,19,19,2,0,-0.739130,nonzero
isear_06501,1,20,20,2,0,-0.221568,nonzero
isear_06502,1,31,31,2,0,-0.648557,nonzero
isear_06503,1,16,16,0,0,0.000000,nomatch
isear_06504,1,18,18,0,0,0.000000,nomatch
isear_06505,1,13,13,0,0,0.000000,nomatch
isear_06506,1,24,24,0,1,-0.128037,nonzero
isear_06507,2,20,20,0,0,0.000000,nomatch
isear_06508,1,21,21,0,0,0.000000,nomatch
isear_06509,2,22,22,0,0,0.000000,nomatch
isear_06510,3,41,41,3,0,0.464427,nonzero
isear_06511,1,29,29,1,0,-0.458831,nonzero
isear_06512,1,13,13,1,0,-0.585882,nonzero
isear_06513,5,44,44,2,0,-0.136165,nonzero
isear_06514,1,36,36,3,0,-0.642809,nonzero
isear_06515,3,35,35,0,0,0.000000,nomatch
isear_06516,1,19,19,1,0,-0.421464,nonzero
isear_06517,1,19,19,0,0,0.000000,nomatch
isear_06518,1,12,12,0,0,0.000000,nomatch
isear_06519,1,16,16,0,0,0.000000,nomatch
isear_06520,1,9,9,0,0,0.000000,nomatch
isear_06521,1,7,7,0,0,0.000000,nomatch
isear_06522,1,14,14,0,0,0.000000,nomatch
isear_06523,1,23,23,0,0,0.000000,nomatch
isear_06524,1,16,16,0,0,0.000000,nomatch
isear_06525,3,40,40,1,0,-0.152944,nonzero
isear_06526,3,45,45,1,0,-0.185790,nonzero
isear_06527,2,23,23,2,0,-0.332578,nonzero
isear_06528,2,20,20,1,0,-0.339137,nonzero
isear_06529,3,35,35,1,0,-0.120386,nonzero
isear_06530,2,33,33,1,0,-0.210732,nonzero
isear_06531,1,18,18,1,0,0.458831,nonzero
isear_06532,1,26,26,0,0,0.000000,nomatch
isear_06533,1,16,16,0,0,0.000000,nomatch
isear_06534,2,32,32,2,0,-0.340411,nonzero
isear_06535,3,27,27,1,0,-0.152944,nonzero
isear_06536,1,23,23,1,0,-0.361158,nonzero
isear_06537,1,24,24,0,0,0.000000,nomatch
isear_06538,1,34,34,1,0,0.542326,nonzero
isear_06539,2,34,34,0,0,0.000000,nomatch
isear_06540,1,22,22,0,0,0.000000,nomatch
isear_06541,5,54,54,0,0,0.000000,nomatch
isear_06542,1,23,23,1,0,-0.578947,nonzero
isear_06543,2,40,40,1,0,-0.246957,nonzero
isear_06544,1,19,19,0,0,0.000000,nomatch
isear_06545,1,27,27,1,0,0.542326,nonzero
isear_06546,2,35,35,1,0,0.125000,nonzero
isear_06547,2,41,41,0,0,0.000000,nomatch
isear_06548,2,43,43,0,0,0.000000,nomatch
isear_06549,2,34,34,0,0,0.000000,nomatch
isear_06550,1,15,15,1,0,-0.361158,nonzero
isear_06551,3,39,39,0,0,0.000000,nomatch
isear_06552,1,10,10,0,0,0.000000,nomatch
isear_06553,1,20,20,0,0,0.000000,nomatch
isear_06554,1,19,19,0,0,0.000000,nomatch
isear_06555,1,4,4,0,0,0.000000,nomatch
isear_06556,1,7,7,0,0,0.000000,nomatch
isear_06557,1,6,6,0,0,0.000000,nomatch
isear_06558,1,18,18,0,0,0.000000,nomatch
isear_06559,2,42,42,1,0,0.278685,nonzero
isear_06560,4,54,54,0,0,0.000000,nomatch
isear_06561,3,36,36,3,0,-0.422067,nonzero
isear_06562,1,39,39,2,0,0.177858,nonzero
isear_06563,2,33,33,1,0,-0.289473,nonzero
isear_06564,2,33,33,2,0,-0.493915,nonzero
isear_06565,3,28,28,2,0,-0.305126,nonzero
isear_06566,2,43,43,1,0,0.101144,nonzero
isear_06567,2,29,29,0,0,0.000000,nomatch
isear_06568,4,64,64,1,0,0.032009,nonzero
isear_06569,4,38,38,1,0,-0.090289,nonzero
isear_06570,4,55,55,0,0,0.000000,nomatch
isear_06571,2,33,33,2,0,-0.345388,nonzero
isear_06572,2,30,30,1,0,-0.210732,nonzero
isear_06573,2,33,33,2,0,0.125000,nonzero
isear_06574,7,74,74,2,0,-0.079545,nonzero
isear_06575,1,10,10,1,0,-0.458831,nonzero
isear_06576,3,29,29,0,0,0.000000,nomatch
isear_06577,2,24,24,1,0,-0.289473,nonzero
isear_06578,4,31,31,1,0,-0.155607,nonzero
isear_06579,1,14,14,0,0,0.000000,nomatch
isear_06580,1,25,25,1,0,0.542326,nonzero
isear_06581,1,27,27,0,0,0.000000,nomatch
isear_06582,2,34,34,0,0,0.000000,nomatch
isear_06583,2,29,29,0,0,0.000000,nomatch
isear_06584,1,29,29,0,0,0.000000,nomatch
isear_06585,1,36,36,0,0,0.000000,nomatch
isear_06586,2,30,30,1,0,-0.210732,nonzero
isear_06587,1,10,10,0,0,0.000000,nomatch
isear_06588,2,17,17,1,0,-0.229415,nonzero
isear_06589,1,10,10,0,0,0.000000,nomatch
isear_06590,1,14,14,1,0,-0.476658,nonzero
isear_06591,1,24,24,1,0,-0.361158,nonzero
isear_06592,1,16,16,1,0,-0.622427,nonzero
isear_06593,1,20,20,0,0,0.000000,nomatch
isear_06594,1,10,10,0,0,0.000000,nomatch
isear_06595,1,41,41,3,0,-0.850026,nonzero
isear_06596,1,16,16,0,0,0.000000,nomatch
isear_06597,1,10,10,1,0,-0.361158,nonzero
isear_06598,1,30,30,1,0,-0.339950,nonzero
isear_06599,2,27,27,0,0,0.000000,nomatch
isear_06600,1,19,19,2,0,-0.739130,nonzero
isear_06601,1,31,31,1,0,0.542326,nonzero
isear_06602,1,27,27,2,0,-0.670478,nonzero
isear_06603,1,28,28,1,0,-0.458831,nonzero
isear_06604,1,17,17,1,0,-0.361158,nonzero
isear_06605,1,24,24,1,0,-0.578947,nonzero
isear_06606,1,30,30,1,0,-0.458831,nonzero
isear_06607,2,35,35,1,0,-0.210732,nonzero
isear_06608,1,13,13,0,0,0.000000,nomatch
isear_06609,3,30,30,1,0,-0.152944,nonzero
isear_06610,2,34,34,1,0,-0.229415,nonzero
isear_06611,1,19,19,1,0,-0.361158,nonzero
isear_06612,1,15,15,0,0,0.000000,nomatch
isear_06613,3,39,39,1,0,-0.164638,nonzero
isear_06614,3,37,37,1,0,-0.140488,nonzero
isear_06615,1,7,7,0,0,0.000000,nomatch
isear_06616,1,13,13,0,0,0.000000,nomatch
isear_06617,1,17,17,0,0,0.000000,nomatch
isear_06618,1,10,10,0,0,0.000000,nomatch
isear_06619,1,18,18,0,0,0.000000,nomatch
isear_06620,2,30,30,0,0,0.000000,nomatch
isear_06621,1,22,22,0,0,0.000000,nomatch
isear_06622,1,13,13,0,0,0.000000,nomatch
isear_06623,2,18,18,1,0,-0.229415,nonzero
isear_06624,1,9,9,0,0,0.000000,nomatch
isear_06625,1,28,28,0,0,0.000000,nomatch
isear_06626,1,17,17,0,0,0.000000,nomatch
isear_06627,2,26,26,0,0,0.000000,nomatch
isear_06628,1,2,2,0,0,0.000000,nomatch
isear_06629,1,6,6,0,0,0.000000,nomatch
isear_06630,3,36,36,0,0,0.000000,nomatch
isear_06631,4,57,57,2,0,-0.178480,nonzero
isear_06632,5,51,51,1,0,0.091766,nonzero
isear_06633,2,34,34,1,0,-0.289473,nonzero
isear_06634,3,26,26,3,0,-0.369595,nonzero
isear_06635,1,28,28,1,0,-0.421464,nonzero
isear_06636,1,17,17,1,0,0.542326,nonzero
isear_06637,2,30,30,1,0,-0.229415,nonzero
isear_06638,1,36,36,1,0,-0.458831,nonzero
isear_06639,2,41,41,0,0,0.000000,nomatch
isear_06640,1,23,23,2,0,-0.775026,nonzero
isear_06641,1,19,19,1,0,-0.493915,nonzero
isear_06642,4,49,49,0,0,0.000000,nomatch
isear_06643,2,31,31,1,0,0.271163,nonzero
isear_06644,2,17,17,1,0,-0.229415,nonzero
isear_06645,2,25,25,1,0,-0.229415,nonzero
isear_06646,1,9,9,0,0,0.000000,nomatch
isear_06647,1,27,27,1,0,-0.578947,nonzero
isear_06648,1,18,18,1,0,-0.493915,nonzero
isear_06649,1,17,17,1,0,-0.421464,nonzero
isear_06650,1,10,10,0,0,0.000000,nomatch
isear_06651,1,12,12,0,0,0.000000,nomatch
isear_06652,1,10,10,0,0,0.000000,nomatch
isear_06653,1,5,5,0,0,0.000000,nomatch
isear_06654,1,9,9,0,0,0.000000,nomatch
isear_06655,1,11,11,1,0,-0.361158,nonzero
isear_06656,1,13,13,0,0,0.000000,nomatch
isear_06657,2,38,38,1,0,0.352500,nonzero
isear_06658,4,38,38,1,0,-0.114708,nonzero
isear_06659,4,36,36,0,0,0.000000,nomatch
isear_06660,2,15,15,1,0,-0.180579,nonzero
isear_06661,4,34,34,1,0,-0.144737,nonzero
isear_06662,2,25,25,2,0,-0.359210,nonzero
isear_06663,1,17,17,0,0,0.000000,nomatch
isear_06664,4,34,34,1,0,0.135581,nonzero
isear_06665,1,15,15,0,0,0.000000,nomatch
isear_06666,1,22,22,1,0,-0.557370,nonzero
isear_06667,1,14,14,0,0,0.000000,nomatch
isear_06668,2,19,19,1,0,-0.340411,nonzero
isear_06669,1,19,19,0,0,0.000000,nomatch
isear_06670,3,33,33,1,0,-0.140488,nonzero
isear_06671,2,16,16,0,0,0.000000,nomatch
isear_06672,1,25,25,3,0,-0.844215,nonzero
isear_06673,2,28,28,1,0,-0.229415,nonzero
isear_06674,2,16,16,2,0,-0.361158,nonzero
isear_06675,2,21,21,0,0,0.000000,nomatch
isear_06676,1,13,13,0,0,0.000000,nomatch
isear_06677,2,32,32,1,0,-0.210732,nonzero
isear_06678,1,22,22,0,0,0.000000,nomatch
isear_06679,1,19,19,0,0,0.000000,nomatch
isear_06680,1,21,21,1,0,-0.458831,nonzero
isear_06681,1,33,33,0,0,0.000000,nomatch
isear_06682,1,17,17,1,0,-0.578947,nonzero
isear_06683,1,17,17,1,0,-0.493915,nonzero
isear_06684,1,15,15,1,0,-0.421464,nonzero
isear_06685,1,6,6,0,0,0.000000,nomatch
isear_06686,2,27,27,1,0,-0.229415,nonzero
isear_06687,1,28,28,1,0,-0.458831,nonzero
isear_06688,1,5,5,0,0,0.000000,nomatch
isear_06689,1,20,20,0,0,0.000000,nomatch
isear_06690,1,20,20,2,0,-0.690775,nonzero
isear_06691,1,11,11,1,0,-0.421464,nonzero
isear_06692,1,21,21,1,0,0.542326,nonzero
isear_06693,1,18,18,1,0,-0.458831,nonzero
isear_06694,1,9,9,1,0,-0.458831,nonzero
isear_06695,1,8,8,1,0,-0.361158,nonzero
isear_06696,1,14,14,1,0,-0.578947,nonzero
isear_06697,1,22,22,1,0,-0.493915,nonzero
isear_06698,2,21,21,1,0,-0.210732,nonzero
isear_06699,1,14,14,0,0,0.000000,nomatch
isear_06700,1,5,5,1,0,-0.458831,nonzero
isear_06701,1,7,7,0,0,0.000000,nomatch
isear_06702,1,6,6,0,0,0.000000,nomatch
isear_06703,1,6,6,0,0,0.000000,nomatch
isear_06704,1,12,12,1,0,-0.493915,nonzero
isear_06705,1,4,4,1,0,-0.578947,nonzero
isear_06706,1,15,15,0,0,0.000000,nomatch
isear_06707,2,30,30,1,0,-0.229415,nonzero
isear_06708,2,32,32,0,0,0.000000,nomatch
isear_06709,3,25,25,0,0,0.000000,nomatch
isear_06710,2,22,22,1,0,-0.210732,nonzero
isear_06711,2,23,23,0,0,0.000000,nomatch
isear_06712,4,44,44,1,0,-0.114708,nonzero
isear_06713,1,11,11,0,0,0.000000,nomatch
isear_06714,1,25,25,1,0,-0.526742,nonzero
isear_06715,1,18,18,1,0,-0.684850,nonzero
isear_06716,2,28,28,1,0,-0.251165,nonzero
isear_06717,1,32,32,0,0,0.000000,nomatch
isear_06718,2,34,34,3,0,-0.031447,nonzero
isear_06719,1,26,26,1,0,-0.361158,nonzero
isear_06720,1,12,12,0,0,0.000000,nomatch
isear_06721,1,12,12,1,0,-0.361158,nonzero
isear_06722,2,27,27,0,0,0.000000,nomatch
isear_06723,1,18,18,1,0,0.542326,nonzero
isear_06724,1,17,17,2,0,-0.670478,nonzero
isear_06725,1,12,12,1,0,-0.458831,nonzero
isear_06726,1,16,16,1,0,-0.476658,nonzero
isear_06727,2,24,24,1,0,-0.289473,nonzero
isear_06728,2,45,45,1,0,-0.246957,nonzero
isear_06729,1,27,27,1,0,-0.421464,nonzero
isear_06730,1,26,26,1,0,0.585882,nonzero
isear_06731,1,32,32,3,0,0.000000,cancel
isear_06732,1,33,33,2,0,0.790569,nonzero
isear_06733,1,34,34,1,0,-0.421464,nonzero
isear_06734,1,32,32,0,0,0.000000,nomatch
isear_06735,3,34,34,2,0,-0.223493,nonzero
isear_06736,3,40,40,1,0,-0.140488,nonzero
isear_06737,1,32,32,1,0,-0.361158,nonzero
isear_06738,1,21,21,0,0,0.000000,nomatch
isear_06739,1,22,22,0,0,0.000000,nomatch
isear_06740,1,19,19,0,0,0.000000,nomatch
isear_06741,1,32,32,1,0,-0.578947,nonzero
isear_06742,1,27,27,2,0,-0.750630,nonzero
isear_06743,1,26,26,1,0,-0.421464,nonzero
isear_06744,1,12,12,0,0,0.000000,nomatch
isear_06745,1,11,11,0,0,0.000000,nomatch
isear_06746,1,5,5,0,0,0.000000,nomatch
isear_06747,1,8,8,0,0,0.000000,nomatch
isear_06748,1,15,15,0,0,0.000000,nomatch
isear_06749,1,13,13,0,0,0.000000,nomatch
isear_06750,1,10,10,0,0,0.000000,nomatch
isear_06751,2,27,27,1,0,0.352500,nonzero
isear_06752,2,33,33,1,0,-0.210732,nonzero
isear_06753,2,30,30,1,0,-0.229415,nonzero
isear_06754,1,13,13,1,0,-0.476658,nonzero
isear_06755,1,33,33,2,0,-0.817624,nonzero
isear_06756,2,23,23,3,0,-0.152377,nonzero
isear_06757,2,35,35,1,0,-0.210732,nonzero
isear_06758,1,22,22,0,0,0.000000,nomatch
isear_06759,1,22,22,0,0,0.000000,nomatch
isear_06760,2,24,24,1,0,-0.246957,nonzero
isear_06761,3,30,30,1,0,-0.140488,nonzero
isear_06762,1,20,20,0,0,0.000000,nomatch
isear_06763,2,27,27,0,0,0.000000,nomatch
isear_06764,2,31,31,1,0,-0.210732,nonzero
isear_06765,3,36,36,1,0,0.175581,nonzero
isear_06766,2,28,28,1,0,-0.229415,nonzero
isear_06767,2,40,40,1,0,-0.229415,nonzero
isear_06768,1,32,32,1,0,-0.476658,nonzero
isear_06769,1,22,22,0,0,0.000000,nomatch
isear_06770,1,29,29,1,0,-0.493915,nonzero
isear_06771,2,37,37,1,0,-0.210732,nonzero
isear_06772,1,37,37,1,0,0.578947,nonzero
isear_06773,3,44,44,2,0,-0.273330,nonzero
isear_06774,2,33,33,1,0,-0.229415,nonzero
isear_06775,1,19,19,2,0,-0.680823,nonzero
isear_06776,2,37,37,1,0,-0.352500,nonzero
isear_06777,1,23,23,0,0,0.000000,nomatch
isear_06778,1,28,28,1,0,-0.421464,nonzero
isear_06779,1,15,15,1,0,0.458831,nonzero
isear_06780,1,27,27,1,0,-0.458831,nonzero
isear_06781,1,17,17,1,0,-0.458831,nonzero
isear_06782,1,12,12,1,0,-0.361158,nonzero
isear_06783,1,14,14,1,0,-0.578947,nonzero
isear_06784,1,14,14,1,0,-0.493915,nonzero
isear_06785,1,17,17,1,0,-0.421464,nonzero
isear_06786,1,13,13,0,0,0.000000,nomatch
isear_06787,1,30,30,0,0,0.000000,nomatch
isear_06788,1,31,31,0,0,0.000000,nomatch
isear_06789,1,11,11,0,0,0.000000,nomatch
isear_06790,1,23,23,1,0,-0.411765,nonzero
isear_06791,1,17,17,0,0,0.000000,nomatch
isear_06792,1,22,22,0,0,0.000000,nomatch
isear_06793,1,16,16,0,0,0.000000,nomatch
isear_06794,2,27,27,2,0,-0.055579,nonzero
isear_06795,1,17,17,0,0,0.000000,nomatch
isear_06796,1,5,5,0,0,0.000000,nomatch
isear_06797,1,13,13,0,0,0.000000,nomatch
isear_06798,1,14,14,0,0,0.000000,nomatch
isear_06799,2,19,19,0,0,0.000000,nomatch
isear_06800,1,28,28,2,0,0.799218,nonzero
isear_06801,1,34,34,2,0,-0.670478,nonzero
isear_06802,1,12,12,1,0,-0.526742,nonzero
isear_06803,1,23,23,1,0,-0.476658,nonzero
isear_06804,1,21,21,0,0,0.000000,nomatch
isear_06805,3,39,39,1,0,-0.187746,nonzero
isear_06806,3,30,30,1,0,-0.140488,nonzero
isear_06807,1,14,14,1,0,0.578947,nonzero
isear_06808,1,39,39,0,0,0.000000,nomatch
isear_06809,1,14,14,1,0,-0.458831,nonzero
isear_06810,1,14,14,1,0,-0.361158,nonzero
isear_06811,1,12,12,1,0,-0.578947,nonzero
isear_06812,1,17,17,0,0,0.000000,nomatch
isear_06813,1,26,26,1,0,-0.421464,nonzero
isear_06814,1,14,14,1,0,-0.557370,nonzero
isear_06815,2,44,44,3,0,-0.395284,nonzero
isear_06816,2,36,36,0,0,0.000000,nomatch
isear_06817,1,14,14,0,0,0.000000,nomatch
isear_06818,1,11,11,0,0,0.000000,nomatch
isear_06819,1,13,13,0,0,0.000000,nomatch
isear_06820,2,33,33,1,0,-0.180579,nonzero
isear_06821,1,14,14,0,0,0.000000,nomatch
isear_06822,2,30,30,2,0,-0.458831,nonzero
isear_06823,3,33,33,0,0,0.000000,nomatch
isear_06824,2,29,29,0,0,0.000000,nomatch
isear_06825,1,31,31,0,0,0.000000,nomatch
isear_06826,1,20,20,0,0,0.000000,nomatch
isear_06827,2,24,24,2,0,-0.357459,nonzero
isear_06828,1,6,6,0,0,0.000000,nomatch
isear_06829,1,6,6,0,0,0.000000,nomatch
isear_06830,1,4,4,0,0,0.000000,nomatch
isear_06831,1,2,2,0,0,0.000000,nomatch
isear_06832,1,12,12,0,0,0.000000,nomatch
isear_06833,1,4,4,0,0,0.000000,nomatch
isear_06834,1,6,6,0,0,0.000000,nomatch
isear_06835,1,6,6,0,0,0.000000,nomatch
isear_06836,1,8,8,0,0,0.000000,nomatch
isear_06837,1,4,4,0,0,0.000000,nomatch
isear_06838,1,3,3,0,0,0.000000,nomatch
isear_06839,1,9,9,0,0,0.000000,nomatch
isear_06840,1,4,4,0,0,0.000000,nomatch
isear_06841,1,9,9,0,0,0.000000,nomatch
isear_06842,1,13,13,0,0,0.000000,nomatch
isear_06843,1,2,2,0,0,0.000000,nomatch
isear_06844,1,11,11,0,0,0.000000,nomatch
isear_06845,1,5,5,0,0,0.000000,nomatch
isear_06846,1,8,8,0,0,0.000000,nomatch
isear_06847,1,9,9,0,0,0.000000,nomatch
isear_06848,1,13,13,1,0,-0.421464,nonzero
isear_06849,1,5,5,0,0,0.000000,nomatch
isear_06850,1,11,11,0,0,0.000000,nomatch
isear_06851,1,10,10,0,0,0.000000,nomatch
isear_06852,1,7,7,0,0,0.000000,nomatch
isear_06853,1,19,19,0,0,0.000000,nomatch
isear_06854,1,9,9,0,0,0.000000,nomatch
isear_06855,1,6,6,0,0,0.000000,nomatch
isear_06856,1,9,9,0,0,0.000000,nomatch
isear_06857,1,12,12,1,0,-0.361158,nonzero
isear_06858,1,13,13,0,0,0.000000,nomatch
isear_06859,1,12,12,0,0,0.000000,nomatch
isear_06860,1,7,7,0,0,0.000000,nomatch
isear_06861,1,9,9,0,0,0.000000,nomatch
isear_06862,1,10,10,0,0,0.000000,nomatch
isear_06863,1,23,23,1,0,0.526742,nonzero
isear_06864,1,7,7,0,0,0.000000,nomatch
isear_06865,1,17,17,0,0,0.000000,nomatch
isear_06866,2,11,11,1,0,-0.306186,nonzero
isear_06867,1,8,8,1,0,-0.493915,nonzero
isear_06868,1,7,7,1,0,-0.458831,nonzero
isear_06869,1,23,23,0,0,0.000000,nomatch
isear_06870,1,8,8,0,0,0.000000,nomatch
isear_06871,1,14,14,1,0,0.250000,nonzero
isear_06872,1,16,16,0,0,0.000000,nomatch
isear_06873,1,13,13,0,0,0.000000,nomatch
isear_06874,1,11,11,0,0,0.000000,nomatch
isear_06875,1,15,15,0,0,0.000000,nomatch
isear_06876,1,12,12,0,0,0.000000,nomatch
isear_06877,1,10,10,0,0,0.000000,nomatch
isear_06878,1,8,8,1,0,-0.361158,nonzero
isear_06879,1,11,11,0,0,0.000000,nomatch
isear_06880,1,8,8,0,0,0.000000,nomatch
isear_06881,1,13,13,0,0,0.000000,nomatch
isear_06882,1,13,13,0,0,0.000000,nomatch
isear_06883,1,14,14,0,0,0.000000,nomatch
isear_06884,1,6,6,0,0,0.000000,nomatch
isear_06885,1,12,12,0,0,0.000000,nomatch
isear_06886,1,12,12,1,0,-0.721185,nonzero
isear_06887,1,4,4,0,0,0.000000,nomatch
isear_06888,1,14,14,0,0,0.000000,nomatch
isear_06889,1,3,3,0,0,0.000000,nomatch
isear_06890,1,7,7,0,0,0.000000,nomatch
isear_06891,1,8,8,0,0,0.000000,nomatch
isear_06892,1,6,6,1,0,-0.361158,nonzero
isear_06893,1,6,6,1,0,-0.721185,nonzero
isear_06894,1,12,12,0,0,0.000000,nomatch
isear_06895,1,9,9,0,0,0.000000,nomatch
isear_06896,1,10,10,0,0,0.000000,nomatch
isear_06897,1,7,7,0,0,0.000000,nomatch
isear_06898,1,15,15,0,0,0.000000,nomatch
isear_06899,1,7,7,0,0,0.000000,nomatch
isear_06900,1,11,11,0,0,0.000000,nomatch
isear_06901,1,13,13,1,0,0.202289,nonzero
isear_06902,1,9,9,0,0,0.000000,nomatch
isear_06903,1,10,10,0,0,0.000000,nomatch
isear_06904,1,16,16,0,0,0.000000,nomatch
isear_06905,1,7,7,0,0,0.000000,nomatch
isear_06906,1,9,9,1,0,-0.361158,nonzero
isear_06907,1,6,6,1,0,-0.612372,nonzero
isear_06908,1,11,11,0,0,0.000000,nomatch
isear_06909,1,11,11,0,0,0.000000,nomatch
isear_06910,1,12,12,0,0,0.000000,nomatch
isear_06911,1,13,13,0,0,0.000000,nomatch
isear_06912,1,10,10,0,0,0.000000,nomatch
isear_06913,1,9,9,1,0,-0.361158,nonzero
isear_06914,1,7,7,0,0,0.000000,nomatch
isear_06915,1,4,4,0,0,0.000000,nomatch
isear_06916,1,11,11,0,0,0.000000,nomatch
isear_06917,1,11,11,0,0,0.000000,nomatch
isear_06918,1,12,12,2,0,-0.250000,nonzero
isear_06919,1,7,7,0,0,0.000000,nomatch
isear_06920,1,4,4,0,0,0.000000,nomatch
isear_06921,1,6,6,0,0,0.000000,nomatch
isear_06922,1,7,7,0,0,0.000000,nomatch
isear_06923,1,5,5,0,0,0.000000,nomatch
isear_06924,1,9,9,0,0,0.000000,nomatch
isear_06925,1,9,9,1,0,-0.261663,nonzero
isear_06926,1,8,8,0,0,0.000000,nomatch
isear_06927,1,6,6,0,0,0.000000,nomatch
isear_06928,1,6,6,0,0,0.000000,nomatch
isear_06929,1,7,7,0,0,0.000000,nomatch
isear_06930,1,6,6,0,0,0.000000,nomatch
isear_06931,1,7,7,0,0,0.000000,nomatch
isear_06932,1,14,14,0,0,0.000000,nomatch
isear_06933,1,6,6,0,0,0.000000,nomatch
isear_06934,1,13,13,0,0,0.000000,nomatch
isear_06935,1,12,12,0,0,0.000000,nomatch
isear_06936,1,9,9,0,0,0.000000,nomatch
isear_06937,1,4,4,0,0,0.000000,nomatch
isear_06938,1,3,3,0,0,0.000000,nomatch
isear_06939,1,10,10,0,0,0.000000,nomatch
isear_06940,1,14,14,0,0,0.000000,nomatch
isear_06941,1,8,8,0,0,0.000000,nomatch
isear_06942,1,3,3,0,0,0.000000,nomatch
isear_06943,1,7,7,0,0,0.000000,nomatch
isear_06944,1,9,9,0,0,0.000000,nomatch
isear_06945,1,11,11,0,0,0.000000,nomatch
isear_06946,1,8,8,0,0,0.000000,nomatch
isear_06947,1,18,18,0,0,0.000000,nomatch
isear_06948,1,7,7,0,0,0.000000,nomatch
isear_06949,1,11,11,0,0,0.000000,nomatch
isear_06950,1,8,8,0,0,0.000000,nomatch
isear_06951,1,10,10,0,0,0.000000,nomatch
isear_06952,1,12,12,0,0,0.000000,nomatch
isear_06953,1,5,5,0,0,0.000000,nomatch
isear_06954,1,3,3,0,0,0.000000,nomatch
isear_06955,1,3,3,1,0,-0.655311,nonzero
isear_06956,1,7,7,0,0,0.000000,nomatch
isear_06957,1,11,11,0,0,0.000000,nomatch
isear_06958,1,9,9,0,0,0.000000,nomatch
isear_06959,1,13,13,0,0,0.000000,nomatch
isear_06960,1,6,6,0,0,0.000000,nomatch
isear_06961,1,5,5,0,0,0.000000,nomatch
isear_06962,1,11,11,1,0,-0.526742,nonzero
isear_06963,1,8,8,0,0,0.000000,nomatch
isear_06964,1,6,6,0,0,0.000000,nomatch
isear_06965,1,5,5,0,0,0.000000,nomatch
isear_06966,1,11,11,0,0,0.000000,nomatch
isear_06967,1,8,8,0,0,0.000000,nomatch
isear_06968,1,2,2,0,0,0.000000,nomatch
isear_06969,1,23,23,0,0,0.000000,nomatch
isear_06970,1,11,11,0,0,0.000000,nomatch
isear_06971,1,18,18,0,0,0.000000,nomatch
isear_06972,2,21,21,0,0,0.000000,nomatch
isear_06973,1,17,17,0,0,0.000000,nomatch
isear_06974,1,11,11,0,0,0.000000,nomatch
isear_06975,1,12,12,0,0,0.000000,nomatch
isear_06976,1,4,4,0,0,0.000000,nomatch
isear_06977,1,21,21,1,0,0.202289,nonzero
isear_06978,1,8,8,0,0,0.000000,nomatch
isear_06979,1,4,4,0,0,0.000000,nomatch
isear_06980,1,16,16,0,0,0.000000,nomatch
isear_06981,1,3,3,0,0,0.000000,nomatch
isear_06982,1,5,5,0,0,0.000000,nomatch
isear_06983,1,7,7,0,0,0.000000,nomatch
isear_06984,1,6,6,0,0,0.000000,nomatch
isear_06985,1,10,10,0,0,0.000000,nomatch
isear_06986,1,6,6,1,0,-0.361158,nonzero
isear_06987,1,6,6,0,0,0.000000,nomatch
isear_06988,1,11,11,0,0,0.000000,nomatch
isear_06989,1,8,8,0,0,0.000000,nomatch
isear_06990,1,10,10,0,0,0.000000,nomatch
isear_06991,1,10,10,0,0,0.000000,nomatch
isear_06992,1,4,4,0,0,0.000000,nomatch
isear_06993,1,7,7,0,0,0.000000,nomatch
isear_06994,1,4,4,0,0,0.000000,nomatch
isear_06995,1,8,8,2,0,0.190117,nonzero
isear_06996,1,7,7,0,0,0.000000,nomatch
isear_06997,1,4,4,0,0,0.000000,nomatch
isear_06998,1,6,6,0,0,0.000000,nomatch
isear_06999,1,7,7,0,0,0.000000,nomatch
isear_07000,1,4,4,0,0,0.000000,nomatch
isear_07001,1,9,9,0,0,0.000000,nomatch
isear_07002,1,13,13,0,0,0.000000,nomatch
isear_07003,1,12,12,0,0,0.000000,nomatch
isear_07004,1,18,18,2,0,-0.718421,nonzero
isear_07005,1,6,6,0,0,0.000000,nomatch
isear_07006,1,2,2,0,0,0.000000,nomatch
isear_07007,1,2,2,0,0,0.000000,nomatch
isear_07008,1,9,9,0,0,0.000000,nomatch
isear_07009,1,5,5,0,0,0.000000,nomatch
isear_07010,1,5,5,0,0,0.000000,nomatch
isear_07011,1,8,8,0,0,0.000000,nomatch
isear_07012,1,8,8,0,0,0.000000,nomatch
isear_07013,1,6,6,0,0,0.000000,nomatch
isear_07014,1,5,5,1,0,-0.361158,nonzero
isear_07015,1,7,7,0,0,0.000000,nomatch
isear_07016,1,13,13,0,0,0.000000,nomatch
isear_07017,1,7,7,0,0,0.000000,nomatch
isear_07018,1,4,4,0,0,0.000000,nomatch
isear_07019,1,3,3,1,0,-0.493915,nonzero
isear_07020,1,12,12,0,0,0.000000,nomatch
isear_07021,1,7,7,0,0,0.000000,nomatch
isear_07022,1,9,9,1,0,-0.578947,nonzero
isear_07023,1,6,6,0,0,0.000000,nomatch
isear_07024,1,9,9,0,0,0.000000,nomatch
isear_07025,1,10,10,0,0,0.000000,nomatch
isear_07026,1,5,5,0,0,0.000000,nomatch
isear_07027,1,9,9,0,0,0.000000,nomatch
isear_07028,1,13,13,0,0,0.000000,nomatch
isear_07029,1,12,12,1,0,0.128037,nonzero
isear_07030,1,2,2,0,0,0.000000,nomatch
isear_07031,1,6,6,0,0,0.000000,nomatch
isear_07032,1,5,5,0,0,0.000000,nomatch
isear_07033,1,9,9,0,0,0.000000,nomatch
isear_07034,1,3,3,0,0,0.000000,nomatch
isear_07035,1,6,6,1,0,-0.361158,nonzero
isear_07036,1,10,10,0,0,0.000000,nomatch
isear_07037,1,3,3,0,0,0.000000,nomatch
isear_07038,1,5,5,0,0,0.000000,nomatch
isear_07039,1,13,13,0,0,0.000000,nomatch
isear_07040,1,3,3,1,0,0.542326,nonzero
isear_07041,1,12,12,1,0,0.542326,nonzero
isear_07042,1,11,11,2,0,0.128037,nonzero
isear_07043,1,8,8,0,0,0.000000,nomatch
isear_07044,1,5,5,0,0,0.000000,nomatch
isear_07045,1,9,9,0,0,0.000000,nomatch
isear_07046,1,7,7,1,0,0.542326,nonzero
isear_07047,1,6,6,0,0,0.000000,nomatch
isear_07048,1,3,3,0,0,0.000000,nomatch
isear_07049,1,16,16,0,0,0.000000,nomatch
isear_07050,1,19,19,0,0,0.000000,nomatch
isear_07051,1,20,20,0,0,0.000000,nomatch
isear_07052,1,9,9,0,0,0.000000,nomatch
isear_07053,1,8,8,0,0,0.000000,nomatch
isear_07054,1,5,5,0,0,0.000000,nomatch
isear_07055,1,8,8,0,0,0.000000,nomatch
isear_07056,1,4,4,0,0,0.000000,nomatch
isear_07057,1,5,5,0,0,0.000000,nomatch
isear_07058,1,7,7,0,0,0.000000,nomatch
isear_07059,1,10,10,0,0,0.000000,nomatch
isear_07060,1,14,14,0,0,0.000000,nomatch
isear_07061,1,15,15,0,0,0.000000,nomatch
isear_07062,1,11,11,0,0,0.000000,nomatch
isear_07063,1,13,13,0,0,0.000000,nomatch
isear_07064,1,12,12,1,0,-0.421464,nonzero
isear_07065,1,9,9,0,0,0.000000,nomatch
isear_07066,1,5,5,0,0,0.000000,nomatch
isear_07067,1,19,19,0,0,0.000000,nomatch
isear_07068,1,5,5,0,0,0.000000,nomatch
isear_07069,1,2,2,0,0,0.000000,nomatch
isear_07070,1,9,9,1,0,-0.361158,nonzero
isear_07071,1,12,12,1,0,-0.361158,nonzero
isear_07072,1,13,13,0,0,0.000000,nomatch
isear_07073,1,3,3,1,0,-0.458831,nonzero
isear_07074,1,10,10,0,0,0.000000,nomatch
isear_07075,1,7,7,0,0,0.000000,nomatch
isear_07076,1,12,12,0,0,0.000000,nomatch
isear_07077,1,9,9,0,0,0.000000,nomatch
isear_07078,1,12,12,0,0,0.000000,nomatch
isear_07079,1,6,6,0,0,0.000000,nomatch
isear_07080,1,6,6,0,0,0.000000,nomatch
isear_07081,1,5,5,0,0,0.000000,nomatch
isear_07082,1,10,10,1,0,0.542326,nonzero
isear_07083,1,5,5,1,0,-0.361158,nonzero
isear_07084,1,11,11,0,0,0.000000,nomatch
isear_07085,1,11,11,0,0,0.000000,nomatch
isear_07086,1,7,7,0,0,0.000000,nomatch
isear_07087,1,8,8,0,0,0.000000,nomatch
isear_07088,1,12,12,0,0,0.000000,nomatch
isear_07089,1,7,7,0,0,0.000000,nomatch
isear_07090,1,10,10,2,0,-0.670478,nonzero
isear_07091,1,13,13,0,0,0.000000,nomatch
isear_07092,1,5,5,0,0,0.000000,nomatch
isear_07093,1,10,10,0,0,0.000000,nomatch
isear_07094,1,3,3,0,0,0.000000,nomatch
isear_07095,1,8,8,0,0,0.000000,nomatch
isear_07096,1,9,9,0,0,0.000000,nomatch
isear_07097,1,8,8,1,0,-0.361158,nonzero
isear_07098,1,13,13,0,0,0.000000,nomatch
isear_07099,1,4,4,0,0,0.000000,nomatch
isear_07100,1,9,9,1,0,0.421464,nonzero
isear_07101,1,6,6,0,0,0.000000,nomatch
isear_07102,1,5,5,0,0,0.000000,nomatch
isear_07103,1,11,11,0,0,0.000000,nomatch
isear_07104,1,7,7,1,0,-0.361158,nonzero
isear_07105,1,15,15,1,0,-0.493915,nonzero
isear_07106,1,5,5,0,0,0.000000,nomatch
isear_07107,1,9,9,0,0,0.000000,nomatch
isear_07108,1,6,6,0,0,0.000000,nomatch
isear_07109,1,5,5,0,0,0.000000,nomatch
isear_07110,1,19,19,0,0,0.000000,nomatch
isear_07111,2,37,37,3,0,-0.513895,nonzero
isear_07112,2,20,20,0,0,0.000000,nomatch
isear_07113,1,14,14,1,0,-0.309370,nonzero
isear_07114,1,7,7,0,0,0.000000,nomatch
isear_07115,1,15,15,0,0,0.000000,nomatch
isear_07116,1,14,14,0,0,0.000000,nomatch
isear_07117,1,8,8,0,0,0.000000,nomatch
isear_07118,1,9,9,1,0,-0.361158,nonzero
isear_07119,1,11,11,0,0,0.000000,nomatch
isear_07120,1,13,13,0,0,0.000000,nomatch
isear_07121,1,7,7,0,0,0.000000,nomatch
isear_07122,1,22,22,0,0,0.000000,nomatch
isear_07123,1,12,12,0,0,0.000000,nomatch
isear_07124,1,3,3,0,0,0.000000,nomatch
isear_07125,1,12,12,1,0,0.361158,nonzero
isear_07126,1,4,4,0,0,0.000000,nomatch
isear_07127,1,7,7,0,0,0.000000,nomatch
isear_07128,1,13,13,0,0,0.000000,nomatch
isear_07129,1,12,12,0,0,0.000000,nomatch
isear_07130,1,11,11,1,0,-0.458831,nonzero
isear_07131,1,9,9,0,0,0.000000,nomatch
isear_07132,3,25,25,1,0,-0.120386,nonzero
isear_07133,1,4,4,0,0,0.000000,nomatch
isear_07134,1,10,10,0,0,0.000000,nomatch
isear_07135,1,15,15,0,0,0.000000,nomatch
isear_07136,1,6,6,0,0,0.000000,nomatch
isear_07137,1,18,18,1,0,-0.458831,nonzero
isear_07138,1,7,7,0,0,0.000000,nomatch
isear_07139,1,6,6,0,0,0.000000,nomatch
isear_07140,1,4,4,0,0,0.000000,nomatch
isear_07141,1,3,3,0,0,0.000000,nomatch
isear_07142,1,6,6,0,0,0.000000,nomatch
isear_07143,1,6,6,0,0,0.000000,nomatch
isear_07144,1,7,7,0,0,0.000000,nomatch
isear_07145,1,7,7,0,0,0.000000,nomatch
isear_07146,1,11,11,0,0,0.000000,nomatch
isear_07147,1,23,23,0,0,0.000000,nomatch
isear_07148,1,10,10,0,0,0.000000,nomatch
isear_07149,1,15,15,0,0,0.000000,nomatch
isear_07150,1,5,5,0,0,0.000000,nomatch
isear_07151,1,6,6,0,0,0.000000,nomatch
isear_07152,1,2,2,0,0,0.000000,nomatch
isear_07153,1,9,9,0,0,0.000000,nomatch
isear_07154,1,7,7,1,0,-0.493915,nonzero
isear_07155,1,4,4,0,0,0.000000,nomatch
isear_07156,1,9,9,0,0,0.000000,nomatch
isear_07157,1,5,5,1,0,-0.361158,nonzero
isear_07158,1,12,12,0,0,0.000000,nomatch
isear_07159,1,23,23,0,0,0.000000,nomatch
isear_07160,1,16,16,0,0,0.000000,nomatch
isear_07161,1,7,7,0,0,0.000000,nomatch
isear_07162,1,21,21,0,0,0.000000,nomatch
isear_07163,1,9,9,0,0,0.000000,nomatch
isear_07164,1,8,8,0,0,0.000000,nomatch
isear_07165,1,21,21,0,0,0.000000,nomatch
isear_07166,1,4,4,0,0,0.000000,nomatch
isear_07167,1,14,14,1,0,-0.411765,nonzero
isear_07168,1,9,9,0,0,0.000000,nomatch
isear_07169,1,16,16,0,0,0.000000,nomatch
isear_07170,1,5,5,0,0,0.000000,nomatch
isear_07171,1,9,9,0,0,0.000000,nomatch
isear_07172,1,9,9,0,0,0.000000,nomatch
isear_07173,1,5,5,0,0,0.000000,nomatch
isear_07174,1,8,8,0,0,0.000000,nomatch
isear_07175,1,7,7,0,0,0.000000,nomatch
isear_07176,1,5,5,0,0,0.000000,nomatch
isear_07177,1,9,9,0,0,0.000000,nomatch
isear_07178,1,24,24,0,0,0.000000,nomatch
isear_07179,1,16,16,1,0,-0.458831,nonzero
isear_07180,1,9,9,1,0,0.612372,nonzero
isear_07181,1,4,4,0,0,0.000000,nomatch
isear_07182,1,5,5,0,0,0.000000,nomatch
isear_07183,1,8,8,1,0,-0.578947,nonzero
isear_07184,1,8,8,0,0,0.000000,nomatch
isear_07185,1,6,6,0,0,0.000000,nomatch
isear_07186,1,8,8,0,0,0.000000,nomatch
isear_07187,1,10,10,0,0,0.000000,nomatch
isear_07188,1,11,11,1,0,-0.361158,nonzero
isear_07189,1,8,8,0,0,0.000000,nomatch
isear_07190,1,9,9,1,0,-0.361158,nonzero
isear_07191,1,8,8,0,0,0.000000,nomatch
isear_07192,1,13,13,0,0,0.000000,nomatch
isear_07193,1,6,6,0,0,0.000000,nomatch
isear_07194,1,10,10,0,0,0.000000,nomatch
isear_07195,1,8,8,0,0,0.000000,nomatch
isear_07196,1,12,12,0,0,0.000000,nomatch
isear_07197,1,12,12,0,0,0.000000,nomatch
isear_07198,1,12,12,1,0,-0.458831,nonzero
isear_07199,1,6,6,0,0,0.000000,nomatch
isear_07200,1,11,11,1,0,-0.458831,nonzero
isear_07201,1,10,10,0,0,0.000000,nomatch
isear_07202,1,14,14,0,0,0.000000,nomatch
isear_07203,1,10,10,0,0,0.000000,nomatch
isear_07204,2,22,22,1,0,-0.229415,nonzero
isear_07205,1,9,9,0,0,0.000000,nomatch
isear_07206,1,10,10,0,0,0.000000,nomatch
isear_07207,1,10,10,0,0,0.000000,nomatch
isear_07208,1,5,5,0,0,0.000000,nomatch
isear_07209,1,8,8,0,0,0.000000,nomatch
isear_07210,1,18,18,0,0,0.000000,nomatch
isear_07211,1,4,4,0,0,0.000000,nomatch
isear_07212,1,6,6,0,0,0.000000,nomatch
isear_07213,1,9,9,0,0,0.000000,nomatch
isear_07214,1,4,4,0,0,0.000000,nomatch
isear_07215,1,7,7,0,0,0.000000,nomatch
isear_07216,1,4,4,0,0,0.000000,nomatch
isear_07217,1,8,8,0,0,0.000000,nomatch
isear_07218,1,11,11,0,0,0.000000,nomatch
isear_07219,1,6,6,0,0,0.000000,nomatch
isear_07220,1,12,12,0,0,0.000000,nomatch
isear_07221,2,25,25,1,0,-0.180579,nonzero
isear_07222,1,5,5,0,0,0.000000,nomatch
isear_07223,1,10,10,0,0,0.000000,nomatch
isear_07224,1,3,3,0,0,0.000000,nomatch
isear_07225,1,11,11,0,0,0.000000,nomatch
isear_07226,1,15,15,0,0,0.000000,nomatch
isear_07227,1,9,9,0,0,0.000000,nomatch
isear_07228,1,9,9,0,0,0.000000,nomatch
isear_07229,1,5,5,0,0,0.000000,nomatch
isear_07230,1,3,3,0,0,0.000000,nomatch
isear_07231,1,10,10,0,0,0.000000,nomatch
isear_07232,1,11,11,0,0,0.000000,nomatch
isear_07233,1,12,12,0,0,0.000000,nomatch
isear_07234,1,13,13,0,0,0.000000,nomatch
isear_07235,1,25,25,0,0,0.000000,nomatch
isear_07236,1,13,13,0,0,0.000000,nomatch
isear_07237,1,7,7,1,0,-0.361158,nonzero
isear_07238,1,3,3,0,0,0.000000,nomatch
isear_07239,1,12,12,0,0,0.000000,nomatch
isear_07240,1,9,9,0,0,0.000000,nomatch
isear_07241,1,9,9,1,0,-0.578947,nonzero
isear_07242,1,11,11,0,0,0.000000,nomatch
isear_07243,1,10,10,0,0,0.000000,nomatch
isear_07244,1,6,6,0,0,0.000000,nomatch
isear_07245,1,21,21,0,0,0.000000,nomatch
isear_07246,1,5,5,0,0,0.000000,nomatch
isear_07247,1,10,10,0,0,0.000000,nomatch
isear_07248,1,7,7,0,0,0.000000,nomatch
isear_07249,1,26,26,0,0,0.000000,nomatch
isear_07250,1,7,7,1,0,0.578947,nonzero
isear_07251,1,11,11,0,0,0.000000,nomatch
isear_07252,1,11,11,1,0,-0.655311,nonzero
isear_07253,1,4,4,0,0,0.000000,nomatch
isear_07254,1,12,12,0,0,0.000000,nomatch
isear_07255,1,5,5,0,0,0.000000,nomatch
isear_07256,1,10,10,0,0,0.000000,nomatch
isear_07257,1,7,7,0,0,0.000000,nomatch
isear_07258,1,9,9,0,0,0.000000,nomatch
isear_07259,1,5,5,0,0,0.000000,nomatch
isear_07260,1,8,8,0,0,0.000000,nomatch
isear_07261,1,5,5,0,0,0.000000,nomatch
isear_07262,1,3,3,0,0,0.000000,nomatch
isear_07263,1,5,5,0,0,0.000000,nomatch
isear_07264,1,4,4,1,0,-0.361158,nonzero
isear_07265,1,5,5,0,0,0.000000,nomatch
isear_07266,1,6,6,0,0,0.000000,nomatch
isear_07267,1,7,7,0,0,0.000000,nomatch
isear_07268,1,14,14,0,0,0.000000,nomatch
isear_07269,1,10,10,1,0,-0.458831,nonzero
isear_07270,1,5,5,0,0,0.000000,nomatch
isear_07271,1,4,4,0,0,0.000000,nomatch
isear_07272,1,7,7,0,0,0.000000,nomatch
isear_07273,1,13,13,0,0,0.000000,nomatch
isear_07274,1,20,20,0,0,0.000000,nomatch
isear_07275,1,9,9,0,0,0.000000,nomatch
isear_07276,1,4,4,0,0,0.000000,nomatch
isear_07277,1,15,15,0,0,0.000000,nomatch
isear_07278,1,10,10,0,0,0.000000,nomatch
isear_07279,1,6,6,0,0,0.000000,nomatch
isear_07280,1,5,5,0,0,0.000000,nomatch
isear_07281,1,15,15,0,0,0.000000,nomatch
isear_07282,2,26,26,1,0,-0.238329,nonzero
isear_07283,2,33,33,2,0,-0.458831,nonzero
isear_07284,7,93,93,2,0,-0.033303,nonzero
isear_07285,8,101,101,2,0,-0.013895,nonzero
isear_07286,3,45,45,2,0,-0.397106,nonzero
isear_07287,1,25,25,0,0,0.000000,nomatch
isear_07288,3,31,31,1,0,-0.140488,nonzero
isear_07289,2,25,25,0,0,0.000000,nomatch
isear_07290,1,20,20,0,0,0.000000,nomatch
isear_07291,2,23,23,0,0,0.000000,nomatch
isear_07292,1,24,24,0,0,0.000000,nomatch
isear_07293,1,19,19,0,0,0.000000,nomatch
isear_07294,2,30,30,0,0,0.000000,nomatch
isear_07295,2,38,38,0,0,0.000000,nomatch
isear_07296,1,9,9,0,0,0.000000,nomatch
isear_07297,1,9,9,1,0,-0.458831,nonzero
isear_07298,1,17,17,0,0,0.000000,nomatch
isear_07299,1,9,9,0,0,0.000000,nomatch
isear_07300,1,11,11,0,0,0.000000,nomatch
isear_07301,1,8,8,0,0,0.000000,nomatch
isear_07302,1,10,10,0,0,0.000000,nomatch
isear_07303,1,10,10,0,0,0.000000,nomatch
isear_07304,1,14,14,1,0,-0.361158,nonzero
isear_07305,2,31,31,0,0,0.000000,nomatch
isear_07306,1,5,5,0,0,0.000000,nomatch
isear_07307,1,9,9,0,0,0.000000,nomatch
isear_07308,1,19,19,0,0,0.000000,nomatch
isear_07309,1,10,10,1,0,-0.458831,nonzero
isear_07310,1,12,12,0,0,0.000000,nomatch
isear_07311,1,18,18,0,0,0.000000,nomatch
isear_07312,2,34,34,0,0,0.000000,nomatch
isear_07313,1,5,5,0,0,0.000000,nomatch
isear_07314,1,27,27,0,0,0.000000,nomatch
isear_07315,2,38,38,0,0,0.000000,nomatch
isear_07316,2,32,32,1,0,-0.210732,nonzero
isear_07317,1,10,10,0,0,0.000000,nomatch
isear_07318,1,14,14,1,0,-0.361158,nonzero
isear_07319,2,20,20,0,0,0.000000,nomatch
isear_07320,1,25,25,0,0,0.000000,nomatch
isear_07321,1,17,17,1,0,-0.578947,nonzero
isear_07322,1,10,10,1,0,0.361158,nonzero
isear_07323,1,11,11,2,0,0.177858,nonzero
isear_07324,1,10,10,0,0,0.000000,nomatch
isear_07325,1,23,23,0,0,0.000000,nomatch
isear_07326,3,65,65,0,0,0.000000,nomatch
isear_07327,1,11,11,0,0,0.000000,nomatch
isear_07328,2,39,39,0,0,0.000000,nomatch
isear_07329,1,27,27,0,0,0.000000,nomatch
isear_07330,1,29,29,1,0,-0.421464,nonzero
isear_07331,3,40,40,3,0,-0.103196,nonzero
isear_07332,3,41,41,1,0,-0.185790,nonzero
isear_07333,3,29,29,1,0,-0.120386,nonzero
isear_07334,6,89,89,0,0,0.000000,nomatch
isear_07335,3,41,41,1,0,-0.192982,nonzero
isear_07336,3,57,57,1,0,-0.152944,nonzero
isear_07337,1,22,22,1,0,-0.421464,nonzero
isear_07338,1,13,13,0,0,0.000000,nomatch
isear_07339,3,31,31,1,0,-0.152944,nonzero
isear_07340,1,9,9,0,0,0.000000,nomatch
isear_07341,1,11,11,1,0,-0.655311,nonzero
isear_07342,1,17,17,0,0,0.000000,nomatch
isear_07343,1,19,19,0,0,0.000000,nomatch
isear_07344,1,22,22,0,0,0.000000,nomatch
isear_07345,1,7,7,0,0,0.000000,nomatch
isear_07346,2,16,16,1,0,-0.229415,nonzero
isear_07347,2,26,26,1,0,-0.292941,nonzero
isear_07348,1,5,5,0,0,0.000000,nomatch
isear_07349,3,18,18,1,0,-0.226941,nonzero
isear_07350,3,44,44,1,0,-0.164638,nonzero
isear_07351,1,9,9,0,0,0.000000,nomatch
isear_07352,1,2,2,0,0,0.000000,nomatch
isear_07353,3,49,49,0,0,0.000000,nomatch
isear_07354,1,2,2,0,0,0.000000,nomatch
isear_07355,1,2,2,0,0,0.000000,nomatch
isear_07356,3,53,53,0,0,0.000000,nomatch
isear_07357,1,2,2,0,0,0.000000,nomatch
isear_07358,1,2,2,0,0,0.000000,nomatch
isear_07359,1,7,7,0,0,0.000000,nomatch
isear_07360,1,2,2,0,0,0.000000,nomatch
isear_07361,2,28,28,0,0,0.000000,nomatch
isear_07362,5,83,83,3,0,-0.232966,nonzero
isear_07363,2,26,26,2,0,-0.367573,nonzero
isear_07364,4,62,62,0,0,0.000000,nomatch
isear_07365,2,36,36,1,0,0.292941,nonzero
isear_07366,2,36,36,4,0,-0.203630,nonzero
isear_07367,4,56,56,0,0,0.000000,nomatch
isear_07368,4,38,38,0,0,0.000000,nomatch
isear_07369,2,33,33,1,0,-0.367573,nonzero
isear_07370,3,71,71,1,0,-0.152944,nonzero
isear_07371,4,55,55,0,0,0.000000,nomatch
isear_07372,1,6,6,0,0,0.000000,nomatch
isear_07373,1,12,12,0,0,0.000000,nomatch
isear_07374,1,16,16,0,0,0.000000,nomatch
isear_07375,2,44,44,3,0,0.223637,nonzero
isear_07376,2,28,28,1,0,-0.289473,nonzero
isear_07377,1,12,12,0,0,0.000000,nomatch
isear_07378,1,12,12,2,0,-0.778253,nonzero
isear_07379,1,28,28,1,0,0.585882,nonzero
isear_07380,2,34,34,2,0,-0.363473,nonzero
isear_07381,5,44,44,3,0,-0.284740,nonzero
isear_07382,2,26,26,1,0,-0.251165,nonzero
isear_07383,5,67,67,0,0,0.000000,nomatch
isear_07384,2,42,42,0,0,0.000000,nomatch
isear_07385,2,34,34,2,0,-0.421464,nonzero
isear_07386,1,7,7,0,0,0.000000,nomatch
isear_07387,1,14,14,1,0,-0.458831,nonzero
isear_07388,2,35,35,2,0,-0.225580,nonzero
isear_07389,1,22,22,0,0,0.000000,nomatch
isear_07390,1,17,17,2,0,-0.580344,nonzero
isear_07391,1,22,22,0,0,0.000000,nomatch
isear_07392,1,3,3,0,0,0.000000,nomatch
isear_07393,1,15,15,0,0,0.000000,nomatch
isear_07394,1,25,25,1,0,-0.361158,nonzero
isear_07395,1,13,13,0,0,0.000000,nomatch
isear_07396,2,25,25,0,0,0.000000,nomatch
isear_07397,1,20,20,1,0,-0.655311,nonzero
isear_07398,2,29,29,1,0,-0.246957,nonzero
isear_07399,2,35,35,1,0,-0.227599,nonzero
isear_07400,1,21,21,1,0,0.622427,nonzero
isear_07401,3,48,48,1,0,-0.195294,nonzero
isear_07402,1,2,2,0,0,0.000000,nomatch
isear_07403,4,44,44,0,0,0.000000,nomatch
isear_07404,4,68,68,2,0,-0.111567,nonzero
isear_07405,3,46,46,1,0,0.042679,nonzero
isear_07406,1,16,16,1,0,-0.295958,nonzero
isear_07407,1,11,11,0,0,0.000000,nomatch
isear_07408,3,41,41,3,0,-0.392417,nonzero
isear_07409,2,51,51,1,0,-0.229415,nonzero
isear_07410,6,76,76,1,0,-0.079443,nonzero
isear_07411,2,36,36,0,0,0.000000,nomatch
isear_07412,2,36,36,1,0,-0.311213,nonzero
isear_07413,4,56,56,1,0,-0.105366,nonzero
isear_07414,3,41,41,4,0,0.111118,nonzero
isear_07415,2,34,34,0,0,0.000000,nomatch
isear_07416,3,56,56,1,0,-0.175581,nonzero
isear_07417,3,42,42,2,0,-0.242315,nonzero
isear_07418,3,40,40,1,0,-0.204124,nonzero
isear_07419,2,23,23,4,0,-0.409994,nonzero
isear_07420,2,16,16,1,0,-0.210732,nonzero
isear_07421,3,39,39,1,0,0.164638,nonzero
isear_07422,2,24,24,1,0,-0.229415,nonzero
isear_07423,3,49,49,0,0,0.000000,nomatch
isear_07424,2,32,32,0,0,0.000000,nomatch
isear_07425,3,38,38,0,0,0.000000,nomatch
isear_07426,1,13,13,0,0,0.000000,nomatch
isear_07427,3,34,34,1,0,-0.140488,nonzero
isear_07428,1,11,11,1,0,-0.128037,nonzero
isear_07429,2,43,43,0,0,0.000000,nomatch
isear_07430,2,30,30,0,0,0.000000,nomatch
isear_07431,1,10,10,2,0,0.000000,cancel
isear_07432,1,8,8,0,0,0.000000,nomatch
isear_07433,1,17,17,1,0,-0.250000,nonzero
isear_07434,1,8,8,0,0,0.000000,nomatch
isear_07435,4,54,54,0,0,0.000000,nomatch
isear_07436,1,8,8,0,0,0.000000,nomatch
isear_07437,2,29,29,0,0,0.000000,nomatch
isear_07438,1,13,13,0,0,0.000000,nomatch
isear_07439,1,10,10,0,0,0.000000,nomatch
isear_07440,1,21,21,0,0,0.000000,nomatch
isear_07441,1,7,7,0,0,0.000000,nomatch
isear_07442,3,61,61,2,0,0.002430,nonzero
isear_07443,2,28,28,2,0,-0.350174,nonzero
isear_07444,3,53,53,1,0,0.113317,nonzero
isear_07445,1,23,23,1,0,-0.361158,nonzero
isear_07446,3,47,47,1,0,0.152944,nonzero
isear_07447,1,22,22,0,0,0.000000,nomatch
isear_07448,2,36,36,0,0,0.000000,nomatch
isear_07449,1,8,8,0,0,0.000000,nomatch
isear_07450,1,6,6,0,0,0.000000,nomatch
isear_07451,1,3,3,0,0,0.000000,nomatch
isear_07452,1,11,11,0,0,0.000000,nomatch
isear_07453,1,8,8,0,0,0.000000,nomatch
isear_07454,1,3,3,0,0,0.000000,nomatch
isear_07455,1,5,5,1,0,-0.361158,nonzero
isear_07456,1,10,10,0,0,0.000000,nomatch
isear_07457,1,10,10,1,0,-0.458831,nonzero
isear_07458,1,18,18,1,0,0.361158,nonzero
isear_07459,1,12,12,0,0,0.000000,nomatch
isear_07460,1,6,6,0,0,0.000000,nomatch
isear_07461,1,8,8,0,0,0.000000,nomatch
isear_07462,1,2,2,0,0,0.000000,nomatch
isear_07463,1,13,13,0,0,0.000000,nomatch
isear_07464,1,17,17,0,0,0.000000,nomatch
isear_07465,1,6,6,0,0,0.000000,nomatch
isear_07466,1,13,13,1,0,-0.361158,nonzero
isear_07467,1,23,23,0,0,0.000000,nomatch
isear_07468,2,25,25,1,0,-0.180579,nonzero
isear_07469,1,8,8,0,0,0.000000,nomatch
isear_07470,2,29,29,1,0,0.229415,nonzero
isear_07471,1,18,18,0,0,0.000000,nomatch
isear_07472,6,90,90,2,0,-0.120539,nonzero
isear_07473,2,26,26,0,0,0.000000,nomatch
isear_07474,3,37,37,0,0,0.000000,nomatch
isear_07475,2,35,35,1,0,-0.120295,nonzero
isear_07476,3,41,41,3,0,-0.277211,nonzero
isear_07477,4,42,42,1,0,0.135581,nonzero
isear_07478,4,43,43,1,0,-0.114708,nonzero
isear_07479,3,35,35,1,0,-0.195294,nonzero
isear_07480,2,25,25,1,0,-0.238329,nonzero
isear_07481,1,14,14,0,0,0.000000,nomatch
isear_07482,3,64,64,0,0,0.000000,nomatch
isear_07483,3,42,42,2,0,-0.239141,nonzero
isear_07484,3,39,39,0,0,0.000000,nomatch
isear_07485,5,71,71,1,0,-0.091766,nonzero
isear_07486,3,41,41,1,0,-0.140488,nonzero
isear_07487,2,29,29,0,0,0.000000,nomatch
isear_07488,2,30,30,0,0,0.000000,nomatch
isear_07489,4,52,52,0,0,0.000000,nomatch
isear_07490,3,38,38,1,0,-0.140488,nonzero
isear_07491,3,33,33,1,0,0.180775,nonzero
isear_07492,4,51,51,3,0,-0.280453,nonzero
isear_07493,2,48,48,1,0,-0.292941,nonzero
isear_07494,5,51,51,2,0,-0.217806,nonzero
isear_07495,3,34,34,0,0,0.000000,nomatch
isear_07496,3,64,64,1,0,-0.132649,nonzero
isear_07497,5,66,66,3,0,-0.228756,nonzero
isear_07498,1,12,12,0,0,0.000000,nomatch
isear_07499,2,43,43,3,0,-0.378968,nonzero
isear_07500,1,36,36,3,0,0.177858,nonzero
isear_07501,4,43,43,1,0,-0.105366,nonzero
isear_07502,1,13,13,0,0,0.000000,nomatch
isear_07503,3,51,51,2,0,-0.305126,nonzero
isear_07504,1,35,35,1,0,-0.421464,nonzero
isear_07505,1,26,26,1,0,0.493915,nonzero
isear_07506,2,49,49,0,0,0.000000,nomatch
isear_07507,2,29,29,1,0,-0.292941,nonzero
isear_07508,3,41,41,0,0,0.000000,nomatch
isear_07509,1,16,16,1,0,-0.578947,nonzero
isear_07510,1,16,16,1,0,-0.493915,nonzero
isear_07511,1,21,21,3,0,-0.240590,nonzero
isear_07512,2,26,26,1,0,0.101144,nonzero
isear_07513,1,13,13,2,0,-0.670478,nonzero
isear_07514,3,37,37,0,0,0.000000,nomatch
isear_07515,1,26,26,1,0,-0.361158,nonzero
isear_07516,1,19,19,1,0,-0.680823,nonzero
isear_07517,2,37,37,0,0,0.000000,nomatch
isear_07518,3,39,39,1,0,-0.103123,nonzero
isear_07519,1,18,18,1,0,0.458831,nonzero
isear_07520,2,40,40,1,0,-0.229415,nonzero
isear_07521,1,10,10,0,0,0.000000,nomatch
isear_07522,5,77,77,1,0,-0.091766,nonzero
isear_07523,2,41,41,0,0,0.000000,nomatch
isear_07524,1,18,18,0,0,0.000000,nomatch
isear_07525,4,47,47,0,0,0.000000,nomatch
isear_07526,4,85,85,1,0,0.032009,nonzero
isear_07527,3,52,52,1,0,-0.152944,nonzero
isear_07528,2,47,47,0,0,0.000000,nomatch
isear_07529,3,66,66,1,0,-0.120386,nonzero
isear_07530,2,27,27,0,0,0.000000,nomatch
isear_07531,2,49,49,2,0,-0.274958,nonzero
isear_07532,9,160,160,0,0,0.000000,nomatch
isear_07533,4,44,44,0,0,0.000000,nomatch
isear_07534,3,51,51,0,0,0.000000,nomatch
isear_07535,4,68,68,1,0,-0.146471,nonzero
isear_07536,4,48,48,2,0,-0.263901,nonzero
isear_07537,3,56,56,0,0,0.000000,nomatch
isear_07538,4,67,67,0,0,0.000000,nomatch
isear_07539,2,41,41,0,0,0.000000,nomatch
isear_07540,2,31,31,1,0,0.271163,nonzero
isear_07541,3,56,56,1,0,-0.059286,nonzero
isear_07542,5,68,68,0,0,0.000000,nomatch
isear_07543,2,26,26,0,0,0.000000,nomatch
isear_07544,2,36,36,1,0,-0.367573,nonzero
isear_07545,1,14,14,1,0,-0.458831,nonzero
isear_07546,3,48,48,1,0,-0.140488,nonzero
isear_07547,2,23,23,2,0,0.292941,nonzero
isear_07548,1,18,18,1,0,-0.361158,nonzero
isear_07549,4,57,57,2,0,-0.269949,nonzero
isear_07550,2,21,21,1,0,-0.180579,nonzero
isear_07551,3,23,23,0,0,0.000000,nomatch
isear_07552,2,25,25,2,0,0.000000,cancel
isear_07553,2,35,35,0,0,0.000000,nomatch
isear_07554,2,26,26,0,0,0.000000,nomatch
isear_07555,3,42,42,0,0,0.000000,nomatch
isear_07556,2,39,39,0,0,0.000000,nomatch
isear_07557,1,21,21,1,0,-0.361158,nonzero
isear_07558,2,21,21,1,0,-0.367573,nonzero
isear_07559,3,45,45,0,0,0.000000,nomatch
isear_07560,1,20,20,0,0,0.000000,nomatch
isear_07561,1,11,11,1,0,0.202289,nonzero
isear_07562,1,16,16,0,0,0.000000,nomatch
isear_07563,3,51,51,0,0,0.000000,nomatch
isear_07564,1,16,16,0,0,0.000000,nomatch
isear_07565,1,23,23,1,0,-0.309370,nonzero
isear_07566,1,8,8,1,0,-0.421464,nonzero
isear_07567,1,8,8,0,0,0.000000,nomatch
isear_07568,6,81,81,3,0,0.209953,nonzero
isear_07569,1,2,2,0,0,0.000000,nomatch
isear_07570,5,77,77,1,0,-0.117176,nonzero
isear_07571,1,2,2,0,0,0.000000,nomatch
isear_07572,3,77,77,0,0,0.000000,nomatch
isear_07573,4,57,57,1,0,-0.123479,nonzero
isear_07574,5,85,85,1,0,-0.109076,nonzero
isear_07575,3,34,34,1,0,0.195294,nonzero
isear_07576,2,31,31,2,0,-0.556312,nonzero
isear_07577,6,100,100,3,0,-0.052668,nonzero
isear_07578,3,37,37,1,0,0.042679,nonzero
isear_07579,2,23,23,0,0,0.000000,nomatch
isear_07580,2,33,33,0,0,0.000000,nomatch
isear_07581,4,58,58,1,0,-0.105366,nonzero
isear_07582,1,11,11,0,0,0.000000,nomatch
isear_07583,3,63,63,0,0,0.000000,nomatch
isear_07584,3,80,80,3,0,0.127864,nonzero
isear_07585,5,78,78,1,0,-0.100466,nonzero
isear_07586,7,124,124,0,0,0.000000,nomatch
isear_07587,5,79,79,2,0,-0.136165,nonzero
isear_07588,3,64,64,2,0,-0.280976,nonzero
isear_07589,1,34,34,2,0,0.756498,nonzero
isear_07590,1,13,13,0,0,0.000000,nomatch
isear_07591,2,34,34,0,0,0.000000,nomatch
isear_07592,1,16,16,0,0,0.000000,nomatch
isear_07593,9,178,178,3,0,-0.155437,nonzero
isear_07594,4,62,62,3,0,-0.163305,nonzero
isear_07595,1,15,15,0,0,0.000000,nomatch
isear_07596,4,85,85,2,0,-0.052208,nonzero
isear_07597,4,60,60,0,0,0.000000,nomatch
isear_07598,4,73,73,2,0,-0.223813,nonzero
isear_07599,5,74,74,1,0,-0.072232,nonzero
isear_07600,3,46,46,0,0,0.000000,nomatch
isear_07601,2,35,35,1,0,-0.246957,nonzero
isear_07602,4,44,44,2,0,-0.228845,nonzero
isear_07603,7,101,101,3,0,0.104118,nonzero
isear_07604,5,75,75,1,0,-0.084293,nonzero
isear_07605,4,53,53,1,0,-0.131686,nonzero
isear_07606,2,17,17,2,0,0.090584,nonzero
isear_07607,2,27,27,1,0,-0.289473,nonzero
isear_07608,3,44,44,2,0,-0.239474,nonzero
isear_07609,4,99,99,2,0,-0.114461,nonzero
isear_07610,3,54,54,2,0,0.262724,nonzero
isear_07611,2,28,28,0,0,0.000000,nomatch
isear_07612,3,37,37,0,0,0.000000,nomatch
isear_07613,4,45,45,0,0,0.000000,nomatch
isear_07614,4,40,40,1,0,-0.144737,nonzero
isear_07615,4,53,53,0,0,0.000000,nomatch
isear_07616,9,117,117,2,0,-0.086958,nonzero
isear_07617,1,23,23,1,0,0.542326,nonzero
isear_07618,2,36,36,2,0,-0.409994,nonzero
isear_07619,3,61,61,1,0,-0.152944,nonzero
isear_07620,3,41,41,1,0,0.042679,nonzero
isear_07621,3,48,48,1,0,-0.192982,nonzero
isear_07622,2,38,38,1,0,-0.311213,nonzero
isear_07623,4,43,43,1,0,-0.105366,nonzero
isear_07624,2,39,39,1,0,0.292941,nonzero
isear_07625,4,38,38,1,0,-0.114708,nonzero
isear_07626,6,78,78,3,0,-0.096285,nonzero
isear_07627,3,46,46,1,0,-0.075449,nonzero
isear_07628,2,28,28,2,0,-0.495356,nonzero
isear_07629,2,37,37,1,0,-0.161301,nonzero
isear_07630,4,58,58,2,0,-0.195655,nonzero
isear_07631,1,16,16,0,0,0.000000,nomatch
isear_07632,1,11,11,1,0,-0.655311,nonzero
isear_07633,1,5,5,0,0,0.000000,nomatch
isear_07634,1,15,15,1,0,-0.493915,nonzero
isear_07635,4,37,37,0,0,0.000000,nomatch
isear_07636,1,13,13,0,0,0.000000,nomatch
isear_07637,1,1,1,0,0,0.000000,nomatch
isear_07638,1,12,12,0,0,0.000000,nomatch
isear_07639,1,24,24,1,0,-0.361158,nonzero
isear_07640,2,31,31,0,0,0.000000,nomatch
isear_07641,1,22,22,1,0,-0.261663,nonzero
isear_07642,1,19,19,0,0,0.000000,nomatch
isear_07643,1,8,8,0,0,0.000000,nomatch
isear_07644,3,43,43,0,0,0.000000,nomatch
isear_07645,3,39,39,2,0,0.247679,nonzero
isear_07646,7,118,118,5,0,-0.206376,nonzero
isear_07647,3,26,26,2,0,-0.032558,nonzero
isear_07648,3,31,31,3,0,-0.259418,nonzero
isear_07649,6,111,111,1,0,0.070244,nonzero
isear_07650,4,43,43,1,0,-0.123479,nonzero
isear_07651,5,62,62,1,0,-0.084293,nonzero
isear_07652,1,10,10,0,0,0.000000,nomatch
isear_07653,5,80,80,3,0,-0.138390,nonzero
isear_07654,4,50,50,2,0,-0.167620,nonzero
isear_07655,6,65,65,3,0,-0.076775,nonzero
isear_07656,4,72,72,1,0,-0.065416,nonzero
isear_07657,6,85,85,0,0,0.000000,nomatch
isear_07658,1,8,8,1,0,-0.458831,nonzero
isear_07659,1,8,8,0,0,0.000000,nomatch
isear_07660,3,36,36,0,0,0.000000,nomatch
isear_07661,7,113,113,1,0,-0.044196,nonzero
isear_07662,4,53,53,2,0,-0.180579,nonzero
isear_07663,2,35,35,0,0,0.000000,nomatch
isear_07664,2,18,18,0,0,0.000000,nomatch
isear_07665,1,17,17,1,0,-0.458831,nonzero
