id,n_sents,n_words,n_tokens,token_matches,phrase_matches,score,class
meld_tra_00000,1,17,17,0,0,0.000000,nomatch
meld_tra_00001,1,7,7,0,0,0.000000,nomatch
meld_tra_00002,2,6,6,0,0,0.000000,nomatch
meld_tra_00003,1,10,10,0,0,0.000000,nomatch
meld_tra_00004,2,4,4,0,0,0.000000,nomatch
meld_tra_00005,1,16,16,0,0,0.000000,nomatch
meld_tra_00006,1,2,2,0,0,0.000000,nomatch
meld_tra_00007,1,17,17,0,0,0.000000,nomatch
meld_tra_00008,1,3,3,0,0,0.000000,nomatch
meld_tra_00009,1,5,5,0,0,0.000000,nomatch
meld_tra_00010,1,7,7,0,0,0.000000,nomatch
meld_tra_00011,1,28,28,0,0,0.000000,nomatch
meld_tra_00012,1,1,1,0,0,0.000000,nomatch
meld_tra_00013,2,4,4,0,0,0.000000,nomatch
meld_tra_00014,2,11,11,0,0,0.000000,nomatch
meld_tra_00015,2,4,4,0,0,0.000000,nomatch
meld_tra_00016,2,11,11,0,0,0.000000,nomatch
meld_tra_00017,1,10,10,0,1,-0.128037,nonzero
meld_tra_00018,1,1,1,0,0,0.000000,nomatch
meld_tra_00019,1,3,3,0,0,0.000000,nomatch
meld_tra_00020,1,2,2,0,0,0.000000,nomatch
meld_tra_00021,1,2,2,0,0,0.000000,nomatch
meld_tra_00022,2,9,9,0,0,0.000000,nomatch
meld_tra_00023,1,3,3,0,0,0.000000,nomatch
meld_tra_00024,1,8,8,0,0,0.000000,nomatch
meld_tra_00025,1,2,2,0,0,0.000000,nomatch
meld_tra_00026,1,11,11,0,0,0.000000,nomatch
meld_tra_00027,2,9,9,0,0,0.000000,nomatch
meld_tra_00028,1,2,2,0,0,0.000000,nomatch
meld_tra_00029,1,5,5,0,0,0.000000,nomatch
meld_tra_00030,1,6,6,0,0,0.000000,nomatch
meld_tra_00031,1,2,2,0,0,0.000000,nomatch
meld_tra_00032,1,5,5,0,0,0.000000,nomatch
meld_tra_00033,1,4,4,0,0,0.000000,nomatch
meld_tra_00034,2,8,8,0,0,0.000000,nomatch
meld_tra_00035,1,3,3,0,0,0.000000,nomatch
meld_tra_00036,1,1,1,0,0,0.000000,nomatch
meld_tra_00037,1,9,9,0,0,0.000000,nomatch
meld_tra_00038,1,8,8,1,0,-0.526742,nonzero
meld_tra_00039,1,10,10,0,0,0.000000,nomatch
meld_tra_00040,1,10,10,2,0,-0.718421,nonzero
meld_tra_00041,2,10,10,1,0,0.263371,nonzero
meld_tra_00042,1,1,1,0,0,0.000000,nomatch
meld_tra_00043,1,1,1,0,0,0.000000,nomatch
meld_tra_00044,1,1,1,0,0,0.000000,nomatch
meld_tra_00045,1,5,5,0,0,0.000000,nomatch
meld_tra_00046,1,11,11,0,0,0.000000,nomatch
meld_tra_00047,1,1,1,0,0,0.000000,nomatch
meld_tra_00048,1,1,1,0,0,0.000000,nomatch
meld_tra_00049,1,1,1,0,0,0.000000,nomatch
meld_tra_00050,1,5,5,0,0,0.000000,nomatch
meld_tra_00051,1,35,35,1,0,0.458831,nonzero
meld_tra_00052,1,6,6,0,0,0.000000,nomatch
meld_tra_00053,1,2,2,0,0,0.000000,nomatch
meld_tra_00054,1,25,25,1,0,-0.421464,nonzero
meld_tra_00055,1,2,2,0,0,0.000000,nomatch
meld_tra_00056,1,1,1,0,0,0.000000,nomatch
meld_tra_00057,1,1,1,0,0,0.000000,nomatch
meld_tra_00058,1,2,2,0,0,0.000000,nomatch
meld_tra_00059,1,2,2,0,0,0.000000,nomatch
meld_tra_00060,2,6,6,0,0,0.000000,nomatch
meld_tra_00061,1,1,1,0,0,0.000000,nomatch
meld_tra_00062,3,7,7,0,0,0.000000,nomatch
meld_tra_00063,2,7,7,0,0,0.000000,nomatch
meld_tra_00064,1,4,4,0,0,0.000000,nomatch
meld_tra_00065,1,3,3,0,0,0.000000,nomatch
meld_tra_00066,2,6,6,0,0,0.000000,nomatch
meld_tra_00067,1,8,8,0,0,0.000000,nomatch
meld_tra_00068,1,10,10,1,0,0.542326,nonzero
meld_tra_00069,2,14,14,0,0,0.000000,nomatch
meld_tra_00070,1,13,13,0,0,0.000000,nomatch
meld_tra_00071,1,3,3,0,0,0.000000,nomatch
meld_tra_00072,1,4,4,0,0,0.000000,nomatch
meld_tra_00073,1,8,8,0,0,0.000000,nomatch
meld_tra_00074,1,5,5,0,0,0.000000,nomatch
meld_tra_00075,1,5,5,0,0,0.000000,nomatch
meld_tra_00076,1,3,3,0,0,0.000000,nomatch
meld_tra_00077,1,3,3,0,0,0.000000,nomatch
meld_tra_00078,1,4,4,0,0,0.000000,nomatch
meld_tra_00079,1,1,1,0,0,0.000000,nomatch
meld_tra_00080,1,4,4,0,0,0.000000,nomatch
meld_tra_00081,1,4,4,0,0,0.000000,nomatch
meld_tra_00082,1,4,4,0,0,0.000000,nomatch
meld_tra_00083,1,4,4,0,0,0.000000,nomatch
meld_tra_00084,1,14,14,0,0,0.000000,nomatch
meld_tra_00085,3,11,11,0,0,0.000000,nomatch
meld_tra_00086,1,11,11,0,0,0.000000,nomatch
meld_tra_00087,1,22,22,0,0,0.000000,nomatch
meld_tra_00088,1,5,5,0,0,0.000000,nomatch
meld_tra_00089,2,9,9,0,0,0.000000,nomatch
meld_tra_00090,2,3,3,1,0,0.180579,nonzero
meld_tra_00091,1,2,2,0,0,0.000000,nomatch
meld_tra_00092,4,7,7,0,0,0.000000,nomatch
meld_tra_00093,1,5,5,0,0,0.000000,nomatch
meld_tra_00094,1,11,11,0,0,0.000000,nomatch
meld_tra_00095,1,17,17,1,0,0.361158,nonzero
meld_tra_00096,3,13,13,1,0,0.180775,nonzero
meld_tra_00097,1,2,2,0,0,0.000000,nomatch
meld_tra_00098,1,2,2,0,0,0.000000,nomatch
meld_tra_00099,1,8,8,0,0,0.000000,nomatch
meld_tra_00100,3,19,19,0,0,0.000000,nomatch
meld_tra_00101,1,5,5,1,0,0.361158,nonzero
meld_tra_00102,3,9,9,0,0,0.000000,nomatch
meld_tra_00103,1,24,24,0,0,0.000000,nomatch
meld_tra_00104,1,24,24,1,0,0.250000,nonzero
meld_tra_00105,2,7,7,0,0,0.000000,nomatch
meld_tra_00106,2,9,9,1,0,-0.180579,nonzero
meld_tra_00107,1,1,1,0,0,0.000000,nomatch
meld_tra_00108,1,4,4,0,0,0.000000,nomatch
meld_tra_00109,1,8,8,0,0,0.000000,nomatch
meld_tra_00110,1,1,1,0,0,0.000000,nomatch
meld_tra_00111,1,10,10,0,0,0.000000,nomatch
meld_tra_00112,1,1,1,0,0,0.000000,nomatch
meld_tra_00113,1,4,4,0,0,0.000000,nomatch
meld_tra_00114,5,18,18,0,0,0.000000,nomatch
meld_tra_00115,2,13,13,0,0,0.000000,nomatch
meld_tra_00116,4,10,10,0,0,0.000000,nomatch
meld_tra_00117,1,2,2,0,0,0.000000,nomatch
meld_tra_00118,1,2,2,0,0,0.000000,nomatch
meld_tra_00119,2,7,7,0,0,0.000000,nomatch
meld_tra_00120,1,2,2,0,0,0.000000,nomatch
meld_tra_00121,1,2,2,0,0,0.000000,nomatch
meld_tra_00122,2,14,14,0,0,0.000000,nomatch
meld_tra_00123,1,1,1,0,0,0.000000,nomatch
meld_tra_00124,2,23,23,0,0,0.000000,nomatch
meld_tra_00125,1,13,13,1,0,0.361158,nonzero
meld_tra_00126,1,1,1,0,0,0.000000,nomatch
meld_tra_00127,1,5,5,0,0,0.000000,nomatch
meld_tra_00128,1,1,1,0,0,0.000000,nomatch
meld_tra_00129,1,31,31,1,0,-0.458831,nonzero
meld_tra_00130,1,10,10,0,0,0.000000,nomatch
meld_tra_00131,2,14,14,0,0,0.000000,nomatch
meld_tra_00132,2,26,26,0,0,0.000000,nomatch
meld_tra_00133,1,4,4,0,0,0.000000,nomatch
meld_tra_00134,2,12,12,0,0,0.000000,nomatch
meld_tra_00135,2,9,9,1,0,0.271163,nonzero
meld_tra_00136,1,10,10,0,0,0.000000,nomatch
meld_tra_00137,2,9,9,0,0,0.000000,nomatch
meld_tra_00138,1,3,3,0,0,0.000000,nomatch
meld_tra_00139,1,12,12,1,0,0.361158,nonzero
meld_tra_00140,1,1,1,0,0,0.000000,nomatch
meld_tra_00141,2,14,14,0,0,0.000000,nomatch
meld_tra_00142,1,1,1,0,0,0.000000,nomatch
meld_tra_00143,1,1,1,0,0,0.000000,nomatch
meld_tra_00144,1,8,8,0,0,0.000000,nomatch
meld_tra_00145,1,2,2,0,0,0.000000,nomatch
meld_tra_00146,1,9,9,0,0,0.000000,nomatch
meld_tra_00147,2,6,6,0,0,0.000000,nomatch
meld_tra_00148,2,7,7,0,0,0.000000,nomatch
meld_tra_00149,1,6,6,0,0,0.000000,nomatch
meld_tra_00150,3,21,21,3,0,0.163065,nonzero
meld_tra_00151,1,5,5,0,0,0.000000,nomatch
meld_tra_00152,1,10,10,0,0,0.000000,nomatch
meld_tra_00153,1,3,3,0,0,0.000000,nomatch
meld_tra_00154,1,2,2,0,0,0.000000,nomatch
meld_tra_00155,2,18,18,0,0,0.000000,nomatch
meld_tra_00156,1,12,12,0,0,0.000000,nomatch
meld_tra_00157,2,15,15,0,0,0.000000,nomatch
meld_tra_00158,1,13,13,0,0,0.000000,nomatch
meld_tra_00159,1,11,11,0,0,0.000000,nomatch
meld_tra_00160,1,7,7,0,0,0.000000,nomatch
meld_tra_00161,1,2,2,0,0,0.000000,nomatch
meld_tra_00162,1,1,1,0,0,0.000000,nomatch
meld_tra_00163,1,7,7,0,0,0.000000,nomatch
meld_tra_00164,1,5,5,1,0,-0.361158,nonzero
meld_tra_00165,1,2,2,0,0,0.000000,nomatch
meld_tra_00166,2,12,12,0,0,0.000000,nomatch
meld_tra_00167,1,3,3,0,0,0.000000,nomatch
meld_tra_00168,1,3,3,0,0,0.000000,nomatch
meld_tra_00169,1,10,10,0,0,0.000000,nomatch
meld_tra_00170,1,1,1,0,0,0.000000,nomatch
meld_tra_00171,1,6,6,0,0,0.000000,nomatch
meld_tra_00172,1,9,9,0,0,0.000000,nomatch
meld_tra_00173,1,10,10,0,0,0.000000,nomatch
meld_tra_00174,2,14,14,0,0,0.000000,nomatch
meld_tra_00175,2,12,12,0,0,0.000000,nomatch
meld_tra_00176,1,13,13,0,0,0.000000,nomatch
meld_tra_00177,2,5,5,0,0,0.000000,nomatch
meld_tra_00178,2,9,9,0,0,0.000000,nomatch
meld_tra_00179,1,4,4,0,0,0.000000,nomatch
meld_tra_00180,1,9,9,0,0,0.000000,nomatch
meld_tra_00181,1,2,2,0,0,0.000000,nomatch
meld_tra_00182,2,7,7,0,0,0.000000,nomatch
meld_tra_00183,1,1,1,0,0,0.000000,nomatch
meld_tra_00184,1,1,1,0,0,0.000000,nomatch
meld_tra_00185,2,24,24,0,0,0.000000,nomatch
meld_tra_00186,1,4,4,0,0,0.000000,nomatch
meld_tra_00187,1,1,1,0,0,0.000000,nomatch
meld_tra_00188,1,16,16,1,0,-0.261663,nonzero
meld_tra_00189,1,1,1,0,0,0.000000,nomatch
meld_tra_00190,1,1,1,0,0,0.000000,nomatch
meld_tra_00191,1,2,2,0,0,0.000000,nomatch
meld_tra_00192,1,1,1,0,0,0.000000,nomatch
meld_tra_00193,2,9,9,0,0,0.000000,nomatch
meld_tra_00194,1,9,9,0,0,0.000000,nomatch
meld_tra_00195,2,6,6,0,0,0.000000,nomatch
meld_tra_00196,1,1,1,0,0,0.000000,nomatch
meld_tra_00197,1,1,1,0,0,0.000000,nomatch
meld_tra_00198,1,6,6,0,0,0.000000,nomatch
meld_tra_00199,2,7,7,0,0,0.000000,nomatch
meld_tra_00200,2,13,13,0,0,0.000000,nomatch
meld_tra_00201,1,1,1,0,0,0.000000,nomatch
meld_tra_00202,1,1,1,0,0,0.000000,nomatch
meld_tra_00203,1,1,1,0,0,0.000000,nomatch
meld_tra_00204,1,5,5,0,0,0.000000,nomatch
meld_tra_00205,1,12,12,1,0,0.240590,nonzero
meld_tra_00206,1,2,2,0,0,0.000000,nomatch
meld_tra_00207,1,8,8,1,0,-0.449704,nonzero
meld_tra_00208,1,5,5,0,0,0.000000,nomatch
meld_tra_00209,1,6,6,0,0,0.000000,nomatch
meld_tra_00210,1,1,1,0,0,0.000000,nomatch
meld_tra_00211,1,6,6,0,0,0.000000,nomatch
meld_tra_00212,1,28,28,0,0,0.000000,nomatch
meld_tra_00213,4,22,22,0,0,0.000000,nomatch
meld_tra_00214,1,1,1,0,0,0.000000,nomatch
meld_tra_00215,1,5,5,0,0,0.000000,nomatch
meld_tra_00216,1,7,7,0,0,0.000000,nomatch
meld_tra_00217,2,9,9,0,0,0.000000,nomatch
meld_tra_00218,3,5,5,0,0,0.000000,nomatch
meld_tra_00219,1,8,8,0,0,0.000000,nomatch
meld_tra_00220,1,5,5,0,0,0.000000,nomatch
meld_tra_00221,1,6,6,0,0,0.000000,nomatch
meld_tra_00222,1,1,1,0,0,0.000000,nomatch
meld_tra_00223,1,14,14,1,0,-0.309370,nonzero
meld_tra_00224,1,3,3,0,0,0.000000,nomatch
meld_tra_00225,1,15,15,0,0,0.000000,nomatch
meld_tra_00226,1,8,8,0,0,0.000000,nomatch
meld_tra_00227,1,12,12,0,0,0.000000,nomatch
meld_tra_00228,1,1,1,0,0,0.000000,nomatch
meld_tra_00229,3,6,6,0,0,0.000000,nomatch
meld_tra_00230,2,9,9,0,0,0.000000,nomatch
meld_tra_00231,2,10,10,1,0,-0.180579,nonzero
meld_tra_00232,1,3,3,0,0,0.000000,nomatch
meld_tra_00233,2,19,19,1,0,-0.180579,nonzero
meld_tra_00234,2,9,9,0,0,0.000000,nomatch
meld_tra_00235,1,7,7,0,0,0.000000,nomatch
meld_tra_00236,1,5,5,1,0,-0.361158,nonzero
meld_tra_00237,1,5,5,1,0,-0.361158,nonzero
meld_tra_00238,1,4,4,0,0,0.000000,nomatch
meld_tra_00239,1,7,7,0,0,0.000000,nomatch
meld_tra_00240,1,6,6,0,0,0.000000,nomatch
meld_tra_00241,1,12,12,0,0,0.000000,nomatch
meld_tra_00242,1,11,11,0,0,0.000000,nomatch
meld_tra_00243,1,19,19,0,0,0.000000,nomatch
meld_tra_00244,1,12,12,0,0,0.000000,nomatch
meld_tra_00245,2,9,9,1,0,0.271163,nonzero
meld_tra_00246,1,1,1,0,0,0.000000,nomatch
meld_tra_00247,1,11,11,0,0,0.000000,nomatch
meld_tra_00248,2,13,13,1,0,-0.180579,nonzero
meld_tra_00249,3,12,12,1,0,0.180775,nonzero
meld_tra_00250,1,9,9,1,0,-0.361158,nonzero
meld_tra_00251,2,10,10,1,0,0.246957,nonzero
meld_tra_00252,2,14,14,2,0,0.066379,nonzero
meld_tra_00253,2,22,22,0,0,0.000000,nomatch
meld_tra_00254,1,5,5,0,0,0.000000,nomatch
meld_tra_00255,1,1,1,0,0,0.000000,nomatch
meld_tra_00256,2,11,11,0,0,0.000000,nomatch
meld_tra_00257,2,16,16,0,0,0.000000,nomatch
meld_tra_00258,1,1,1,0,0,0.000000,nomatch
meld_tra_00259,1,1,1,0,0,0.000000,nomatch
meld_tra_00260,1,4,4,0,0,0.000000,nomatch
meld_tra_00261,3,10,10,0,0,0.000000,nomatch
meld_tra_00262,1,1,1,0,0,0.000000,nomatch
meld_tra_00263,1,15,15,0,0,0.000000,nomatch
meld_tra_00264,1,4,4,0,0,0.000000,nomatch
meld_tra_00265,2,13,13,0,0,0.000000,nomatch
meld_tra_00266,1,8,8,0,0,0.000000,nomatch
meld_tra_00267,1,15,15,0,0,0.000000,nomatch
meld_tra_00268,1,2,2,0,0,0.000000,nomatch
meld_tra_00269,2,21,21,0,0,0.000000,nomatch
meld_tra_00270,5,9,9,0,0,0.000000,nomatch
meld_tra_00271,2,12,12,1,0,0.180579,nonzero
meld_tra_00272,1,1,1,0,0,0.000000,nomatch
meld_tra_00273,1,4,4,0,0,0.000000,nomatch
meld_tra_00274,1,17,17,0,0,0.000000,nomatch
meld_tra_00275,1,9,9,0,0,0.000000,nomatch
meld_tra_00276,1,7,7,0,0,0.000000,nomatch
meld_tra_00277,1,3,3,0,0,0.000000,nomatch
meld_tra_00278,1,14,14,0,0,0.000000,nomatch
meld_tra_00279,1,19,19,0,0,0.000000,nomatch
meld_tra_00280,3,16,16,0,0,0.000000,nomatch
meld_tra_00281,1,1,1,0,0,0.000000,nomatch
meld_tra_00282,1,3,3,0,0,0.000000,nomatch
meld_tra_00283,1,26,26,2,0,-0.648557,nonzero
meld_tra_00284,1,10,10,2,0,0.787577,nonzero
meld_tra_00285,1,6,6,0,0,0.000000,nomatch
meld_tra_00286,2,7,7,0,0,0.000000,nomatch
meld_tra_00287,3,10,10,1,0,-0.140488,nonzero
meld_tra_00288,3,14,14,1,0,-0.152944,nonzero
meld_tra_00289,3,16,16,0,1,-0.042679,nonzero
meld_tra_00290,4,10,10,0,0,0.000000,nomatch
meld_tra_00291,1,19,19,0,0,0.000000,nomatch
meld_tra_00292,1,7,7,0,0,0.000000,nomatch
meld_tra_00293,2,2,2,0,0,0.000000,nomatch
meld_tra_00294,1,6,6,0,0,0.000000,nomatch
meld_tra_00295,1,8,8,0,0,0.000000,nomatch
meld_tra_00296,1,11,11,0,0,0.000000,nomatch
meld_tra_00297,1,1,1,0,0,0.000000,nomatch
meld_tra_00298,1,17,17,0,0,0.000000,nomatch
meld_tra_00299,1,25,25,2,0,-0.670478,nonzero
meld_tra_00300,1,3,3,0,0,0.000000,nomatch
meld_tra_00301,1,6,6,0,0,0.000000,nomatch
meld_tra_00302,2,11,11,0,0,0.000000,nomatch
meld_tra_00303,1,8,8,1,0,0.361158,nonzero
meld_tra_00304,2,12,12,0,0,0.000000,nomatch
meld_tra_00305,2,6,6,0,0,0.000000,nomatch
meld_tra_00306,1,5,5,0,0,0.000000,nomatch
meld_tra_00307,1,4,4,0,0,0.000000,nomatch
meld_tra_00308,1,10,10,0,0,0.000000,nomatch
meld_tra_00309,3,8,8,0,0,0.000000,nomatch
meld_tra_00310,1,1,1,0,0,0.000000,nomatch
meld_tra_00311,1,1,1,0,0,0.000000,nomatch
meld_tra_00312,1,6,6,0,0,0.000000,nomatch
meld_tra_00313,1,18,18,1,0,0.128037,nonzero
meld_tra_00314,1,1,1,0,0,0.000000,nomatch
meld_tra_00315,1,1,1,0,0,0.000000,nomatch
meld_tra_00316,3,15,15,1,0,0.042679,nonzero
meld_tra_00317,1,1,1,0,0,0.000000,nomatch
meld_tra_00318,1,8,8,0,0,0.000000,nomatch
meld_tra_00319,1,9,9,0,0,0.000000,nomatch
meld_tra_00320,1,9,9,0,0,0.000000,nomatch
meld_tra_00321,3,22,22,0,0,0.000000,nomatch
meld_tra_00322,1,1,1,0,0,0.000000,nomatch
meld_tra_00323,2,15,15,0,0,0.000000,nomatch
meld_tra_00324,1,2,2,0,0,0.000000,nomatch
meld_tra_00325,1,8,8,0,0,0.000000,nomatch
meld_tra_00326,1,2,2,0,0,0.000000,nomatch
meld_tra_00327,1,2,2,0,0,0.000000,nomatch
meld_tra_00328,1,1,1,0,0,0.000000,nomatch
meld_tra_00329,1,2,2,0,0,0.000000,nomatch
meld_tra_00330,1,2,2,0,0,0.000000,nomatch
meld_tra_00331,1,6,6,0,0,0.000000,nomatch
meld_tra_00332,1,5,5,0,0,0.000000,nomatch
meld_tra_00333,1,5,5,0,0,0.000000,nomatch
meld_tra_00334,1,16,16,0,0,0.000000,nomatch
meld_tra_00335,1,1,1,0,0,0.000000,nomatch
meld_tra_00336,1,1,1,0,0,0.000000,nomatch
meld_tra_00337,1,7,7,0,0,0.000000,nomatch
meld_tra_00338,2,6,6,0,0,0.000000,nomatch
meld_tra_00339,1,5,5,1,0,-0.655311,nonzero
meld_tra_00340,1,2,2,0,0,0.000000,nomatch
meld_tra_00341,1,4,4,0,0,0.000000,nomatch
meld_tra_00342,2,12,12,0,0,0.000000,nomatch
meld_tra_00343,1,6,6,0,0,0.000000,nomatch
meld_tra_00344,2,7,7,0,0,0.000000,nomatch
meld_tra_00345,2,2,2,0,0,0.000000,nomatch
meld_tra_00346,2,22,22,0,0,0.000000,nomatch
meld_tra_00347,2,8,8,0,0,0.000000,nomatch
meld_tra_00348,1,2,2,0,0,0.000000,nomatch
meld_tra_00349,1,3,3,0,0,0.000000,nomatch
meld_tra_00350,2,7,7,0,0,0.000000,nomatch
meld_tra_00351,1,16,16,1,0,0.622427,nonzero
meld_tra_00352,1,3,3,0,0,0.000000,nomatch
meld_tra_00353,1,13,13,0,0,0.000000,nomatch
meld_tra_00354,1,9,9,0,0,0.000000,nomatch
meld_tra_00355,2,3,3,0,0,0.000000,nomatch
meld_tra_00356,3,6,6,0,0,0.000000,nomatch
meld_tra_00357,1,8,8,0,0,0.000000,nomatch
meld_tra_00358,2,12,12,1,0,-0.180579,nonzero
meld_tra_00359,2,13,13,0,0,0.000000,nomatch
meld_tra_00360,3,13,13,0,0,0.000000,nomatch
meld_tra_00361,2,5,5,1,0,-0.224852,nonzero
meld_tra_00362,2,15,15,1,0,0.180579,nonzero
meld_tra_00363,1,3,3,0,0,0.000000,nomatch
meld_tra_00364,1,1,1,0,0,0.000000,nomatch
meld_tra_00365,4,13,13,0,0,0.000000,nomatch
meld_tra_00366,1,5,5,0,0,0.000000,nomatch
meld_tra_00367,1,3,3,0,0,0.000000,nomatch
meld_tra_00368,1,4,4,0,0,0.000000,nomatch
meld_tra_00369,1,10,10,0,0,0.000000,nomatch
meld_tra_00370,1,3,3,0,0,0.000000,nomatch
meld_tra_00371,2,20,20,0,0,0.000000,nomatch
meld_tra_00372,1,10,10,0,0,0.000000,nomatch
meld_tra_00373,1,17,17,2,0,-0.612372,nonzero
meld_tra_00374,1,2,2,0,0,0.000000,nomatch
meld_tra_00375,1,7,7,0,0,0.000000,nomatch
meld_tra_00376,1,3,3,0,0,0.000000,nomatch
meld_tra_00377,1,2,2,0,0,0.000000,nomatch
meld_tra_00378,1,17,17,1,0,0.128037,nonzero
meld_tra_00379,2,4,4,1,0,0.180579,nonzero
meld_tra_00380,3,15,15,0,0,0.000000,nomatch
meld_tra_00381,1,7,7,0,0,0.000000,nomatch
meld_tra_00382,1,4,4,0,0,0.000000,nomatch
meld_tra_00383,1,3,3,0,0,0.000000,nomatch
meld_tra_00384,1,1,1,0,0,0.000000,nomatch
meld_tra_00385,1,10,10,0,0,0.000000,nomatch
meld_tra_00386,1,9,9,0,0,0.000000,nomatch
meld_tra_00387,1,9,9,0,0,0.000000,nomatch
meld_tra_00388,1,22,22,0,0,0.000000,nomatch
meld_tra_00389,1,1,1,0,0,0.000000,nomatch
meld_tra_00390,1,2,2,0,0,0.000000,nomatch
meld_tra_00391,1,10,10,0,0,0.000000,nomatch
meld_tra_00392,1,3,3,0,0,0.000000,nomatch
meld_tra_00393,1,3,3,0,0,0.000000,nomatch
meld_tra_00394,3,11,11,2,0,0.305887,nonzero
meld_tra_00395,1,13,13,0,0,0.000000,nomatch
meld_tra_00396,1,1,1,0,0,0.000000,nomatch
meld_tra_00397,1,10,10,0,0,0.000000,nomatch
meld_tra_00398,1,6,6,0,0,0.000000,nomatch
meld_tra_00399,1,8,8,0,0,0.000000,nomatch
meld_tra_00400,1,1,1,0,0,0.000000,nomatch
meld_tra_00401,2,18,18,0,0,0.000000,nomatch
meld_tra_00402,1,7,7,0,0,0.000000,nomatch
meld_tra_00403,1,1,1,0,0,0.000000,nomatch
meld_tra_00404,1,11,11,1,0,0.361158,nonzero
meld_tra_00405,2,10,10,0,0,0.000000,nomatch
meld_tra_00406,1,1,1,0,0,0.000000,nomatch
meld_tra_00407,1,15,15,0,0,0.000000,nomatch
meld_tra_00408,1,6,6,0,0,0.000000,nomatch
meld_tra_00409,1,8,8,0,0,0.000000,nomatch
meld_tra_00410,1,26,26,1,0,-0.361158,nonzero
meld_tra_00411,1,8,8,0,0,0.000000,nomatch
meld_tra_00412,1,4,4,0,0,0.000000,nomatch
meld_tra_00413,1,3,3,0,0,0.000000,nomatch
meld_tra_00414,3,14,14,0,0,0.000000,nomatch
meld_tra_00415,1,8,8,1,0,0.361158,nonzero
meld_tra_00416,1,3,3,0,0,0.000000,nomatch
meld_tra_00417,2,10,10,0,0,0.000000,nomatch
meld_tra_00418,1,4,4,0,0,0.000000,nomatch
meld_tra_00419,2,10,10,0,0,0.000000,nomatch
meld_tra_00420,2,4,4,0,0,0.000000,nomatch
meld_tra_00421,2,12,12,0,0,0.000000,nomatch
meld_tra_00422,1,4,4,0,0,0.000000,nomatch
meld_tra_00423,1,3,3,0,0,0.000000,nomatch
meld_tra_00424,2,6,6,0,0,0.000000,nomatch
meld_tra_00425,2,7,7,0,0,0.000000,nomatch
meld_tra_00426,1,8,8,0,0,0.000000,nomatch
meld_tra_00427,1,3,3,0,0,0.000000,nomatch
meld_tra_00428,2,15,15,2,0,0.229415,nonzero
meld_tra_00429,5,19,19,0,0,0.000000,nomatch
meld_tra_00430,2,7,7,0,0,0.000000,nomatch
meld_tra_00431,2,6,6,0,0,0.000000,nomatch
meld_tra_00432,1,22,22,0,0,0.000000,nomatch
meld_tra_00433,1,2,2,0,0,0.000000,nomatch
meld_tra_00434,1,6,6,0,0,0.000000,nomatch
meld_tra_00435,1,22,22,0,0,0.000000,nomatch
meld_tra_00436,1,1,1,0,0,0.000000,nomatch
meld_tra_00437,1,4,4,1,0,0.542326,nonzero
meld_tra_00438,1,2,2,0,0,0.000000,nomatch
meld_tra_00439,2,6,6,0,0,0.000000,nomatch
meld_tra_00440,1,4,4,0,0,0.000000,nomatch
meld_tra_00441,2,19,19,1,0,0.271163,nonzero
meld_tra_00442,2,10,10,0,0,0.000000,nomatch
meld_tra_00443,2,12,12,0,0,0.000000,nomatch
meld_tra_00444,2,8,8,0,0,0.000000,nomatch
meld_tra_00445,3,23,23,0,0,0.000000,nomatch
meld_tra_00446,1,5,5,0,0,0.000000,nomatch
meld_tra_00447,2,13,13,1,0,-0.180579,nonzero
meld_tra_00448,1,11,11,0,0,0.000000,nomatch
meld_tra_00449,1,9,9,0,0,0.000000,nomatch
meld_tra_00450,1,16,16,0,0,0.000000,nomatch
meld_tra_00451,1,2,2,0,0,0.000000,nomatch
meld_tra_00452,2,2,2,0,0,0.000000,nomatch
meld_tra_00453,1,18,18,0,0,0.000000,nomatch
meld_tra_00454,1,3,3,0,0,0.000000,nomatch
meld_tra_00455,1,1,1,0,0,0.000000,nomatch
meld_tra_00456,1,8,8,0,0,0.000000,nomatch
meld_tra_00457,1,10,10,0,0,0.000000,nomatch
meld_tra_00458,1,5,5,0,0,0.000000,nomatch
meld_tra_00459,2,11,11,0,0,0.000000,nomatch
meld_tra_00460,1,5,5,0,0,0.000000,nomatch
meld_tra_00461,1,6,6,0,0,0.000000,nomatch
meld_tra_00462,3,8,8,0,0,0.000000,nomatch
meld_tra_00463,3,8,8,0,0,0.000000,nomatch
meld_tra_00464,5,10,10,0,0,0.000000,nomatch
meld_tra_00465,1,9,9,0,0,0.000000,nomatch
meld_tra_00466,1,1,1,0,0,0.000000,nomatch
meld_tra_00467,4,12,12,0,0,0.000000,nomatch
meld_tra_00468,2,9,9,0,0,0.000000,nomatch
meld_tra_00469,1,2,2,0,0,0.000000,nomatch
meld_tra_00470,2,7,7,0,0,0.000000,nomatch
meld_tra_00471,1,1,1,0,0,0.000000,nomatch
meld_tra_00472,1,4,4,0,0,0.000000,nomatch
meld_tra_00473,2,6,6,0,0,0.000000,nomatch
meld_tra_00474,4,17,17,0,0,0.000000,nomatch
meld_tra_00475,1,4,4,0,0,0.000000,nomatch
meld_tra_00476,2,17,17,0,0,0.000000,nomatch
meld_tra_00477,1,5,5,0,0,0.000000,nomatch
meld_tra_00478,1,10,10,1,0,0.542326,nonzero
meld_tra_00479,1,6,6,2,0,0.790569,nonzero
meld_tra_00480,1,5,5,0,0,0.000000,nomatch
meld_tra_00481,1,10,10,0,0,0.000000,nomatch
meld_tra_00482,1,7,7,0,0,0.000000,nomatch
meld_tra_00483,1,11,11,0,0,0.000000,nomatch
meld_tra_00484,1,5,5,0,0,0.000000,nomatch
meld_tra_00485,1,4,4,0,0,0.000000,nomatch
meld_tra_00486,1,5,5,0,0,0.000000,nomatch
meld_tra_00487,1,1,1,0,0,0.000000,nomatch
meld_tra_00488,1,8,8,0,0,0.000000,nomatch
meld_tra_00489,1,4,4,0,0,0.000000,nomatch
meld_tra_00490,3,14,14,1,0,0.120386,nonzero
meld_tra_00491,2,8,8,0,0,0.000000,nomatch
meld_tra_00492,1,5,5,1,0,0.361158,nonzero
meld_tra_00493,1,1,1,0,0,0.000000,nomatch
meld_tra_00494,1,3,3,0,0,0.000000,nomatch
meld_tra_00495,1,18,18,1,0,-0.361158,nonzero
meld_tra_00496,1,12,12,0,0,0.000000,nomatch
meld_tra_00497,2,19,19,0,0,0.000000,nomatch
meld_tra_00498,2,6,6,0,0,0.000000,nomatch
meld_tra_00499,1,6,6,0,0,0.000000,nomatch
meld_tra_00500,1,6,6,1,0,-0.361158,nonzero
meld_tra_00501,1,8,8,0,0,0.000000,nomatch
meld_tra_00502,1,6,6,0,0,0.000000,nomatch
meld_tra_00503,1,5,5,0,0,0.000000,nomatch
meld_tra_00504,1,1,1,0,0,0.000000,nomatch
meld_tra_00505,3,22,22,1,0,0.083333,nonzero
meld_tra_00506,1,5,5,0,0,0.000000,nomatch
meld_tra_00507,1,5,5,0,0,0.000000,nomatch
meld_tra_00508,2,13,13,0,0,0.000000,nomatch
meld_tra_00509,2,8,8,0,0,0.000000,nomatch
meld_tra_00510,1,4,4,0,0,0.000000,nomatch
meld_tra_00511,1,5,5,0,0,0.000000,nomatch
meld_tra_00512,2,6,6,0,0,0.000000,nomatch
meld_tra_00513,1,5,5,0,0,0.000000,nomatch
meld_tra_00514,2,7,7,0,0,0.000000,nomatch
meld_tra_00515,1,2,2,0,0,0.000000,nomatch
meld_tra_00516,2,12,12,0,0,0.000000,nomatch
meld_tra_00517,1,4,4,0,0,0.000000,nomatch
meld_tra_00518,1,1,1,0,0,0.000000,nomatch
meld_tra_00519,1,2,2,0,0,0.000000,nomatch
meld_tra_00520,1,7,7,0,0,0.000000,nomatch
meld_tra_00521,1,12,12,0,0,0.000000,nomatch
meld_tra_00522,1,12,12,0,0,0.000000,nomatch
meld_tra_00523,1,12,12,0,0,0.000000,nomatch
meld_tra_00524,1,9,9,3,0,0.670478,nonzero
meld_tra_00525,1,2,2,0,0,0.000000,nomatch
meld_tra_00526,1,13,13,0,0,0.000000,nomatch
meld_tra_00527,1,3,3,0,0,0.000000,nomatch
meld_tra_00528,1,1,1,0,0,0.000000,nomatch
meld_tra_00529,1,1,1,0,0,0.000000,nomatch
meld_tra_00530,1,5,5,0,0,0.000000,nomatch
meld_tra_00531,1,1,1,0,0,0.000000,nomatch
meld_tra_00532,1,4,4,0,0,0.000000,nomatch
meld_tra_00533,1,1,1,0,0,0.000000,nomatch
meld_tra_00534,2,7,7,0,0,0.000000,nomatch
meld_tra_00535,2,12,12,0,0,0.000000,nomatch
meld_tra_00536,1,11,11,0,0,0.000000,nomatch
meld_tra_00537,2,11,11,0,0,0.000000,nomatch
meld_tra_00538,1,3,3,0,0,0.000000,nomatch
meld_tra_00539,1,20,20,0,0,0.000000,nomatch
meld_tra_00540,1,10,10,0,0,0.000000,nomatch
meld_tra_00541,2,21,21,1,1,-0.361158,nonzero
meld_tra_00542,1,8,8,0,0,0.000000,nomatch
meld_tra_00543,1,19,19,0,0,0.000000,nomatch
meld_tra_00544,1,2,2,0,0,0.000000,nomatch
meld_tra_00545,1,7,7,0,0,0.000000,nomatch
meld_tra_00546,1,1,1,0,0,0.000000,nomatch
meld_tra_00547,1,6,6,0,0,0.000000,nomatch
meld_tra_00548,1,19,19,0,0,0.000000,nomatch
meld_tra_00549,2,22,22,0,0,0.000000,nomatch
meld_tra_00550,2,10,10,0,0,0.000000,nomatch
meld_tra_00551,1,1,1,0,0,0.000000,nomatch
meld_tra_00552,1,7,7,0,0,0.000000,nomatch
meld_tra_00553,1,1,1,0,0,0.000000,nomatch
meld_tra_00554,1,17,17,0,0,0.000000,nomatch
meld_tra_00555,1,9,9,0,0,0.000000,nomatch
meld_tra_00556,1,1,1,0,0,0.000000,nomatch
meld_tra_00557,1,1,1,0,0,0.000000,nomatch
meld_tra_00558,1,9,9,0,0,0.000000,nomatch
meld_tra_00559,1,15,15,1,0,-0.655311,nonzero
meld_tra_00560,1,7,7,1,0,-0.143103,nonzero
meld_tra_00561,1,4,4,0,0,0.000000,nomatch
meld_tra_00562,1,9,9,1,0,0.361158,nonzero
meld_tra_00563,2,15,15,0,0,0.000000,nomatch
meld_tra_00564,3,19,19,1,0,0.180775,nonzero
meld_tra_00565,2,14,14,0,0,0.000000,nomatch
meld_tra_00566,1,11,11,0,0,0.000000,nomatch
meld_tra_00567,4,19,19,1,0,-0.105366,nonzero
meld_tra_00568,1,8,8,1,0,-0.458831,nonzero
meld_tra_00569,1,15,15,0,0,0.000000,nomatch
meld_tra_00570,1,9,9,0,0,0.000000,nomatch
meld_tra_00571,2,16,16,0,0,0.000000,nomatch
meld_tra_00572,2,23,23,0,0,0.000000,nomatch
meld_tra_00573,2,8,8,0,0,0.000000,nomatch
meld_tra_00574,1,6,6,0,0,0.000000,nomatch
meld_tra_00575,1,11,11,1,0,-0.361158,nonzero
meld_tra_00576,1,10,10,1,0,0.339950,nonzero
meld_tra_00577,1,6,6,1,0,-0.458831,nonzero
meld_tra_00578,1,10,10,1,0,-0.458831,nonzero
meld_tra_00579,1,16,16,0,0,0.000000,nomatch
meld_tra_00580,1,7,7,0,0,0.000000,nomatch
meld_tra_00581,1,8,8,0,0,0.000000,nomatch
meld_tra_00582,1,9,9,0,0,0.000000,nomatch
meld_tra_00583,3,25,25,2,0,0.094123,nonzero
meld_tra_00584,2,7,7,0,0,0.000000,nomatch
meld_tra_00585,1,3,3,0,0,0.000000,nomatch
meld_tra_00586,1,17,17,0,0,0.000000,nomatch
meld_tra_00587,1,2,2,0,0,0.000000,nomatch
meld_tra_00588,3,7,7,0,0,0.000000,nomatch
meld_tra_00589,1,7,7,0,0,0.000000,nomatch
meld_tra_00590,2,10,10,1,0,0.224852,nonzero
meld_tra_00591,1,19,19,1,0,0.542326,nonzero
meld_tra_00592,4,11,11,0,0,0.000000,nomatch
meld_tra_00593,3,15,15,1,0,0.120386,nonzero
meld_tra_00594,1,1,1,0,0,0.000000,nomatch
meld_tra_00595,2,17,17,0,0,0.000000,nomatch
meld_tra_00596,1,4,4,0,0,0.000000,nomatch
meld_tra_00597,1,4,4,0,0,0.000000,nomatch
meld_tra_00598,1,2,2,0,0,0.000000,nomatch
meld_tra_00599,1,2,2,0,0,0.000000,nomatch
meld_tra_00600,1,2,2,0,0,0.000000,nomatch
meld_tra_00601,1,2,2,0,0,0.000000,nomatch
meld_tra_00602,1,2,2,0,0,0.000000,nomatch
meld_tra_00603,1,2,2,0,0,0.000000,nomatch
meld_tra_00604,2,8,8,0,0,0.000000,nomatch
meld_tra_00605,1,7,7,0,0,0.000000,nomatch
meld_tra_00606,3,11,11,1,0,-0.083333,nonzero
meld_tra_00607,1,4,4,0,0,0.000000,nomatch
meld_tra_00608,4,19,19,1,0,-0.153093,nonzero
meld_tra_00609,2,13,13,1,0,-0.180579,nonzero
meld_tra_00610,2,7,7,0,0,0.000000,nomatch
meld_tra_00611,3,11,11,1,1,0.044542,nonzero
meld_tra_00612,5,18,18,0,0,0.000000,nomatch
meld_tra_00613,1,6,6,0,0,0.000000,nomatch
meld_tra_00614,1,26,26,1,0,-0.361158,nonzero
meld_tra_00615,1,10,10,0,0,0.000000,nomatch
meld_tra_00616,3,20,20,0,0,0.000000,nomatch
meld_tra_00617,1,2,2,0,0,0.000000,nomatch
meld_tra_00618,1,3,3,1,0,0.421464,nonzero
meld_tra_00619,1,1,1,0,0,0.000000,nomatch
meld_tra_00620,2,19,19,0,0,0.000000,nomatch
meld_tra_00621,1,3,3,0,0,0.000000,nomatch
meld_tra_00622,1,17,17,0,0,0.000000,nomatch
meld_tra_00623,1,13,13,0,0,0.000000,nomatch
meld_tra_00624,1,4,4,0,0,0.000000,nomatch
meld_tra_00625,1,8,8,0,0,0.000000,nomatch
meld_tra_00626,1,12,12,1,0,0.458831,nonzero
meld_tra_00627,1,3,3,1,0,0.361158,nonzero
meld_tra_00628,1,2,2,0,0,0.000000,nomatch
meld_tra_00629,1,1,1,0,0,0.000000,nomatch
meld_tra_00630,1,2,2,0,0,0.000000,nomatch
meld_tra_00631,1,1,1,0,0,0.000000,nomatch
meld_tra_00632,1,3,3,0,0,0.000000,nomatch
meld_tra_00633,1,4,4,0,0,0.000000,nomatch
meld_tra_00634,1,3,3,1,0,0.542326,nonzero
meld_tra_00635,1,1,1,0,0,0.000000,nomatch
meld_tra_00636,2,10,10,0,0,0.000000,nomatch
meld_tra_00637,1,4,4,0,0,0.000000,nomatch
meld_tra_00638,1,6,6,0,0,0.000000,nomatch
meld_tra_00639,1,4,4,0,0,0.000000,nomatch
meld_tra_00640,1,10,10,0,0,0.000000,nomatch
meld_tra_00641,2,10,10,0,0,0.000000,nomatch
meld_tra_00642,2,12,12,0,0,0.000000,nomatch
meld_tra_00643,1,6,6,0,0,0.000000,nomatch
meld_tra_00644,1,7,7,0,0,0.000000,nomatch
meld_tra_00645,1,2,2,0,0,0.000000,nomatch
meld_tra_00646,2,8,8,0,0,0.000000,nomatch
meld_tra_00647,1,7,7,0,0,0.000000,nomatch
meld_tra_00648,1,1,1,0,0,0.000000,nomatch
meld_tra_00649,1,1,1,0,0,0.000000,nomatch
meld_tra_00650,1,6,6,0,0,0.000000,nomatch
meld_tra_00651,1,8,8,0,0,0.000000,nomatch
meld_tra_00652,1,10,10,0,0,0.000000,nomatch
meld_tra_00653,4,18,18,0,0,0.000000,nomatch
meld_tra_00654,2,7,7,1,0,0.271163,nonzero
meld_tra_00655,2,12,12,0,0,0.000000,nomatch
meld_tra_00656,2,8,8,0,0,0.000000,nomatch
meld_tra_00657,1,10,10,0,0,0.000000,nomatch
meld_tra_00658,3,16,16,0,0,0.000000,nomatch
meld_tra_00659,1,1,1,0,0,0.000000,nomatch
meld_tra_00660,2,22,22,0,0,0.000000,nomatch
meld_tra_00661,3,15,15,1,0,0.120386,nonzero
meld_tra_00662,1,1,1,0,0,0.000000,nomatch
meld_tra_00663,1,11,11,0,0,0.000000,nomatch
meld_tra_00664,1,23,23,0,0,0.000000,nomatch
meld_tra_00665,1,7,7,0,0,0.000000,nomatch
meld_tra_00666,1,1,1,0,0,0.000000,nomatch
meld_tra_00667,1,2,2,0,0,0.000000,nomatch
meld_tra_00668,1,29,29,1,0,0.128037,nonzero
meld_tra_00669,2,9,9,0,0,0.000000,nomatch
meld_tra_00670,1,4,4,0,0,0.000000,nomatch
meld_tra_00671,4,23,23,0,0,0.000000,nomatch
meld_tra_00672,1,3,3,0,0,0.000000,nomatch
meld_tra_00673,3,6,6,0,0,0.000000,nomatch
meld_tra_00674,1,12,12,0,0,0.000000,nomatch
meld_tra_00675,1,7,7,1,0,0.261663,nonzero
meld_tra_00676,2,25,25,2,0,-0.271163,nonzero
meld_tra_00677,2,8,8,2,0,0.255304,nonzero
meld_tra_00678,1,1,1,0,0,0.000000,nomatch
meld_tra_00679,1,2,2,0,0,0.000000,nomatch
meld_tra_00680,2,13,13,1,0,0.210732,nonzero
meld_tra_00681,1,11,11,0,0,0.000000,nomatch
meld_tra_00682,1,33,33,0,0,0.000000,nomatch
meld_tra_00683,1,9,9,0,0,0.000000,nomatch
meld_tra_00684,1,15,15,0,0,0.000000,nomatch
meld_tra_00685,1,1,1,0,0,0.000000,nomatch
meld_tra_00686,2,21,21,0,0,0.000000,nomatch
meld_tra_00687,2,6,6,0,0,0.000000,nomatch
meld_tra_00688,1,36,36,1,0,0.542326,nonzero
meld_tra_00689,1,4,4,1,0,0.542326,nonzero
meld_tra_00690,2,3,3,0,0,0.000000,nomatch
meld_tra_00691,2,5,5,0,0,0.000000,nomatch
meld_tra_00692,1,11,11,0,0,0.000000,nomatch
meld_tra_00693,2,6,6,0,0,0.000000,nomatch
meld_tra_00694,1,2,2,0,0,0.000000,nomatch
meld_tra_00695,3,15,15,2,0,0.301161,nonzero
meld_tra_00696,1,14,14,1,0,0.361158,nonzero
meld_tra_00697,1,11,11,0,0,0.000000,nomatch
meld_tra_00698,1,9,9,2,0,-0.612372,nonzero
meld_tra_00699,1,4,4,0,0,0.000000,nomatch
meld_tra_00700,1,4,4,0,0,0.000000,nomatch
meld_tra_00701,1,10,10,0,0,0.000000,nomatch
meld_tra_00702,1,13,13,1,0,0.578947,nonzero
meld_tra_00703,2,11,11,0,0,0.000000,nomatch
meld_tra_00704,1,1,1,0,0,0.000000,nomatch
meld_tra_00705,1,4,4,0,0,0.000000,nomatch
meld_tra_00706,1,15,15,0,0,0.000000,nomatch
meld_tra_00707,1,29,29,1,0,0.542326,nonzero
meld_tra_00708,2,7,7,0,0,0.000000,nomatch
meld_tra_00709,1,11,11,1,0,0.361158,nonzero
meld_tra_00710,1,3,3,0,0,0.000000,nomatch
meld_tra_00711,1,1,1,0,0,0.000000,nomatch
meld_tra_00712,1,2,2,1,0,0.361158,nonzero
meld_tra_00713,2,12,12,0,0,0.000000,nomatch
meld_tra_00714,1,7,7,0,0,0.000000,nomatch
meld_tra_00715,1,2,2,0,0,0.000000,nomatch
meld_tra_00716,1,5,5,0,0,0.000000,nomatch
meld_tra_00717,1,7,7,0,0,0.000000,nomatch
meld_tra_00718,1,4,4,0,0,0.000000,nomatch
meld_tra_00719,2,8,8,0,0,0.000000,nomatch
meld_tra_00720,1,2,2,0,0,0.000000,nomatch
meld_tra_00721,1,12,12,0,0,0.000000,nomatch
meld_tra_00722,2,19,19,0,0,0.000000,nomatch
meld_tra_00723,1,11,11,0,0,0.000000,nomatch
meld_tra_00724,1,5,5,0,0,0.000000,nomatch
meld_tra_00725,1,18,18,0,0,0.000000,nomatch
meld_tra_00726,2,10,10,0,0,0.000000,nomatch
meld_tra_00727,1,3,3,0,0,0.000000,nomatch
meld_tra_00728,1,1,1,0,0,0.000000,nomatch
meld_tra_00729,1,1,1,0,0,0.000000,nomatch
meld_tra_00730,4,18,18,0,0,0.000000,nomatch
meld_tra_00731,1,4,4,0,0,0.000000,nomatch
meld_tra_00732,2,16,16,0,0,0.000000,nomatch
meld_tra_00733,1,8,8,0,0,0.000000,nomatch
meld_tra_00734,1,15,15,0,0,0.000000,nomatch
meld_tra_00735,1,6,6,0,0,0.000000,nomatch
meld_tra_00736,1,1,1,0,0,0.000000,nomatch
meld_tra_00737,1,30,30,0,0,0.000000,nomatch
meld_tra_00738,1,7,7,0,0,0.000000,nomatch
meld_tra_00739,1,10,10,0,0,0.000000,nomatch
meld_tra_00740,1,11,11,0,0,0.000000,nomatch
meld_tra_00741,1,1,1,0,0,0.000000,nomatch
meld_tra_00742,1,1,1,0,0,0.000000,nomatch
meld_tra_00743,1,4,4,0,0,0.000000,nomatch
meld_tra_00744,1,1,1,0,0,0.000000,nomatch
meld_tra_00745,1,12,12,0,0,0.000000,nomatch
meld_tra_00746,2,17,17,0,0,0.000000,nomatch
meld_tra_00747,1,17,17,1,0,0.128037,nonzero
meld_tra_00748,1,2,2,0,0,0.000000,nomatch
meld_tra_00749,1,1,1,0,0,0.000000,nomatch
meld_tra_00750,2,9,9,0,0,0.000000,nomatch
meld_tra_00751,1,5,5,0,0,0.000000,nomatch
meld_tra_00752,1,6,6,0,0,0.000000,nomatch
meld_tra_00753,1,1,1,0,0,0.000000,nomatch
meld_tra_00754,1,6,6,0,0,0.000000,nomatch
meld_tra_00755,1,5,5,0,0,0.000000,nomatch
meld_tra_00756,1,8,8,0,0,0.000000,nomatch
meld_tra_00757,1,1,1,0,0,0.000000,nomatch
meld_tra_00758,1,10,10,0,0,0.000000,nomatch
meld_tra_00759,1,1,1,0,0,0.000000,nomatch
meld_tra_00760,1,16,16,0,0,0.000000,nomatch
meld_tra_00761,1,10,10,1,0,-0.361158,nonzero
meld_tra_00762,1,15,15,1,0,-0.361158,nonzero
meld_tra_00763,1,5,5,1,0,0.493915,nonzero
meld_tra_00764,2,7,7,1,0,0.246957,nonzero
meld_tra_00765,1,5,5,1,0,0.493915,nonzero
meld_tra_00766,1,6,6,0,0,0.000000,nomatch
meld_tra_00767,1,3,3,0,0,0.000000,nomatch
meld_tra_00768,1,13,13,0,0,0.000000,nomatch
meld_tra_00769,1,6,6,0,0,0.000000,nomatch
meld_tra_00770,1,3,3,0,0,0.000000,nomatch
meld_tra_00771,1,5,5,0,0,0.000000,nomatch
meld_tra_00772,2,12,12,0,0,0.000000,nomatch
meld_tra_00773,2,6,6,0,0,0.000000,nomatch
meld_tra_00774,1,5,5,0,0,0.000000,nomatch
meld_tra_00775,1,1,1,1,0,-0.458831,nonzero
meld_tra_00776,2,10,10,0,0,0.000000,nomatch
meld_tra_00777,2,10,10,1,0,-0.180579,nonzero
meld_tra_00778,2,9,9,0,0,0.000000,nomatch
meld_tra_00779,4,10,10,0,0,0.000000,nomatch
meld_tra_00780,1,1,1,0,0,0.000000,nomatch
meld_tra_00781,2,2,2,0,0,0.000000,nomatch
meld_tra_00782,1,7,7,0,0,0.000000,nomatch
meld_tra_00783,1,2,2,0,0,0.000000,nomatch
meld_tra_00784,1,11,11,1,0,-0.361158,nonzero
meld_tra_00785,1,11,11,1,0,-0.361158,nonzero
meld_tra_00786,3,22,22,0,1,-0.042679,nonzero
meld_tra_00787,1,24,24,1,0,0.361158,nonzero
meld_tra_00788,1,2,2,0,0,0.000000,nomatch
meld_tra_00789,1,11,11,0,0,0.000000,nomatch
meld_tra_00790,1,13,13,0,0,0.000000,nomatch
meld_tra_00791,1,15,15,0,0,0.000000,nomatch
meld_tra_00792,1,2,2,0,0,0.000000,nomatch
meld_tra_00793,1,5,5,0,0,0.000000,nomatch
meld_tra_00794,2,6,6,1,0,0.271163,nonzero
meld_tra_00795,1,4,4,1,0,0.202289,nonzero
meld_tra_00796,1,2,2,0,0,0.000000,nomatch
meld_tra_00797,1,3,3,0,0,0.000000,nomatch
meld_tra_00798,1,3,3,0,0,0.000000,nomatch
meld_tra_00799,2,7,7,0,0,0.000000,nomatch
meld_tra_00800,1,5,5,0,0,0.000000,nomatch
meld_tra_00801,2,9,9,0,0,0.000000,nomatch
meld_tra_00802,2,12,12,0,0,0.000000,nomatch
meld_tra_00803,2,8,8,0,0,0.000000,nomatch
meld_tra_00804,1,2,2,0,0,0.000000,nomatch
meld_tra_00805,1,17,17,0,0,0.000000,nomatch
meld_tra_00806,1,19,19,0,0,0.000000,nomatch
meld_tra_00807,1,7,7,0,0,0.000000,nomatch
meld_tra_00808,1,11,11,0,0,0.000000,nomatch
meld_tra_00809,3,14,14,0,0,0.000000,nomatch
meld_tra_00810,3,11,11,0,0,0.000000,nomatch
meld_tra_00811,4,20,20,0,0,0.000000,nomatch
meld_tra_00812,1,15,15,0,0,0.000000,nomatch
meld_tra_00813,1,10,10,0,0,0.000000,nomatch
meld_tra_00814,1,15,15,0,0,0.000000,nomatch
meld_tra_00815,1,7,7,0,0,0.000000,nomatch
meld_tra_00816,1,20,20,0,0,0.000000,nomatch
meld_tra_00817,2,19,19,0,0,0.000000,nomatch
meld_tra_00818,1,9,9,0,0,0.000000,nomatch
meld_tra_00819,2,5,5,0,0,0.000000,nomatch
meld_tra_00820,1,3,3,0,0,0.000000,nomatch
meld_tra_00821,1,6,6,0,0,0.000000,nomatch
meld_tra_00822,1,15,15,0,0,0.000000,nomatch
meld_tra_00823,2,12,12,0,0,0.000000,nomatch
meld_tra_00824,2,8,8,0,0,0.000000,nomatch
meld_tra_00825,1,6,6,0,0,0.000000,nomatch
meld_tra_00826,1,3,3,0,0,0.000000,nomatch
meld_tra_00827,2,7,7,0,0,0.000000,nomatch
meld_tra_00828,1,3,3,0,0,0.000000,nomatch
meld_tra_00829,3,10,10,0,0,0.000000,nomatch
meld_tra_00830,1,7,7,0,0,0.000000,nomatch
meld_tra_00831,1,1,1,0,0,0.000000,nomatch
meld_tra_00832,1,7,7,0,0,0.000000,nomatch
meld_tra_00833,1,10,10,0,0,0.000000,nomatch
meld_tra_00834,1,33,33,0,0,0.000000,nomatch
meld_tra_00835,1,10,10,0,0,0.000000,nomatch
meld_tra_00836,1,11,11,0,0,0.000000,nomatch
meld_tra_00837,1,5,5,0,0,0.000000,nomatch
meld_tra_00838,1,9,9,0,0,0.000000,nomatch
meld_tra_00839,1,6,6,1,0,-0.361158,nonzero
meld_tra_00840,1,12,12,0,0,0.000000,nomatch
meld_tra_00841,1,12,12,0,0,0.000000,nomatch
meld_tra_00842,1,3,3,0,0,0.000000,nomatch
meld_tra_00843,1,3,3,0,0,0.000000,nomatch
meld_tra_00844,1,2,2,0,0,0.000000,nomatch
meld_tra_00845,1,3,3,0,0,0.000000,nomatch
meld_tra_00846,1,6,6,0,0,0.000000,nomatch
meld_tra_00847,1,1,1,0,0,0.000000,nomatch
meld_tra_00848,1,4,4,1,0,-0.421464,nonzero
meld_tra_00849,1,1,1,0,0,0.000000,nomatch
meld_tra_00850,3,12,12,0,0,0.000000,nomatch
meld_tra_00851,1,1,1,0,0,0.000000,nomatch
meld_tra_00852,1,4,4,0,0,0.000000,nomatch
meld_tra_00853,1,1,1,0,0,0.000000,nomatch
meld_tra_00854,1,11,11,0,0,0.000000,nomatch
meld_tra_00855,2,10,10,0,0,0.000000,nomatch
meld_tra_00856,3,7,7,0,0,0.000000,nomatch
meld_tra_00857,1,4,4,0,0,0.000000,nomatch
meld_tra_00858,1,1,1,0,0,0.000000,nomatch
meld_tra_00859,1,12,12,1,0,0.261663,nonzero
meld_tra_00860,3,25,25,1,0,-0.116166,nonzero
meld_tra_00861,1,2,2,0,0,0.000000,nomatch
meld_tra_00862,1,1,1,0,0,0.000000,nomatch
meld_tra_00863,1,10,10,0,0,0.000000,nomatch
meld_tra_00864,1,2,2,0,0,0.000000,nomatch
meld_tra_00865,1,6,6,1,0,-0.361158,nonzero
meld_tra_00866,1,5,5,0,0,0.000000,nomatch
meld_tra_00867,1,17,17,0,0,0.000000,nomatch
meld_tra_00868,1,9,9,0,0,0.000000,nomatch
meld_tra_00869,1,1,1,0,0,0.000000,nomatch
meld_tra_00870,1,2,2,0,0,0.000000,nomatch
meld_tra_00871,1,10,10,0,0,0.000000,nomatch
meld_tra_00872,1,23,23,0,0,0.000000,nomatch
meld_tra_00873,1,19,19,0,0,0.000000,nomatch
meld_tra_00874,1,5,5,0,0,0.000000,nomatch
meld_tra_00875,1,24,24,1,0,0.202289,nonzero
meld_tra_00876,1,2,2,0,0,0.000000,nomatch
meld_tra_00877,1,7,7,0,0,0.000000,nomatch
meld_tra_00878,2,20,20,0,0,0.000000,nomatch
meld_tra_00879,1,1,1,0,0,0.000000,nomatch
meld_tra_00880,1,5,5,0,0,0.000000,nomatch
meld_tra_00881,3,16,16,0,0,0.000000,nomatch
meld_tra_00882,1,3,3,0,0,0.000000,nomatch
meld_tra_00883,3,5,5,0,0,0.000000,nomatch
meld_tra_00884,2,2,2,0,0,0.000000,nomatch
meld_tra_00885,3,5,5,0,0,0.000000,nomatch
meld_tra_00886,1,2,2,0,0,0.000000,nomatch
meld_tra_00887,1,9,9,0,0,0.000000,nomatch
meld_tra_00888,2,3,3,0,0,0.000000,nomatch
meld_tra_00889,1,8,8,0,0,0.000000,nomatch
meld_tra_00890,4,16,16,0,0,0.000000,nomatch
meld_tra_00891,1,8,8,0,0,0.000000,nomatch
meld_tra_00892,1,9,9,0,0,0.000000,nomatch
meld_tra_00893,1,7,7,0,0,0.000000,nomatch
meld_tra_00894,1,8,8,0,0,0.000000,nomatch
meld_tra_00895,1,10,10,0,0,0.000000,nomatch
meld_tra_00896,1,5,5,0,0,0.000000,nomatch
meld_tra_00897,2,11,11,0,0,0.000000,nomatch
meld_tra_00898,1,6,6,0,0,0.000000,nomatch
meld_tra_00899,1,1,1,0,0,0.000000,nomatch
meld_tra_00900,1,3,3,0,0,0.000000,nomatch
meld_tra_00901,1,4,4,0,0,0.000000,nomatch
meld_tra_00902,3,18,18,0,0,0.000000,nomatch
meld_tra_00903,1,2,2,0,0,0.000000,nomatch
meld_tra_00904,1,3,3,0,0,0.000000,nomatch
meld_tra_00905,1,4,4,0,0,0.000000,nomatch
meld_tra_00906,2,13,13,0,0,0.000000,nomatch
meld_tra_00907,4,7,7,0,0,0.000000,nomatch
meld_tra_00908,1,1,1,0,0,0.000000,nomatch
meld_tra_00909,1,5,5,0,0,0.000000,nomatch
meld_tra_00910,1,15,15,0,0,0.000000,nomatch
meld_tra_00911,1,9,9,0,0,0.000000,nomatch
meld_tra_00912,1,12,12,0,0,0.000000,nomatch
meld_tra_00913,1,5,5,0,0,0.000000,nomatch
meld_tra_00914,1,1,1,0,0,0.000000,nomatch
meld_tra_00915,2,6,6,0,0,0.000000,nomatch
meld_tra_00916,1,29,29,0,0,0.000000,nomatch
meld_tra_00917,2,5,5,0,0,0.000000,nomatch
meld_tra_00918,1,5,5,0,0,0.000000,nomatch
meld_tra_00919,3,16,16,0,0,0.000000,nomatch
meld_tra_00920,1,4,4,0,0,0.000000,nomatch
meld_tra_00921,1,1,1,0,0,0.000000,nomatch
meld_tra_00922,1,1,1,0,0,0.000000,nomatch
meld_tra_00923,1,9,9,0,0,0.000000,nomatch
meld_tra_00924,1,2,2,0,0,0.000000,nomatch
meld_tra_00925,2,6,6,0,0,0.000000,nomatch
meld_tra_00926,1,12,12,0,0,0.000000,nomatch
meld_tra_00927,1,3,3,0,0,0.000000,nomatch
meld_tra_00928,1,7,7,0,0,0.000000,nomatch
meld_tra_00929,1,15,15,1,0,0.250000,nonzero
meld_tra_00930,1,1,1,0,0,0.000000,nomatch
meld_tra_00931,1,1,1,0,0,0.000000,nomatch
meld_tra_00932,1,17,17,1,0,0.449704,nonzero
meld_tra_00933,1,4,4,0,0,0.000000,nomatch
meld_tra_00934,1,21,21,0,0,0.000000,nomatch
meld_tra_00935,1,1,1,0,0,0.000000,nomatch
meld_tra_00936,2,13,13,0,0,0.000000,nomatch
meld_tra_00937,1,7,7,0,0,0.000000,nomatch
meld_tra_00938,2,5,5,0,0,0.000000,nomatch
meld_tra_00939,3,20,20,0,0,0.000000,nomatch
meld_tra_00940,1,8,8,0,0,0.000000,nomatch
meld_tra_00941,2,6,6,0,0,0.000000,nomatch
meld_tra_00942,2,9,9,0,0,0.000000,nomatch
meld_tra_00943,2,5,5,0,0,0.000000,nomatch
meld_tra_00944,1,5,5,0,0,0.000000,nomatch
meld_tra_00945,1,6,6,0,0,0.000000,nomatch
meld_tra_00946,1,1,1,0,0,0.000000,nomatch
meld_tra_00947,1,1,1,0,0,0.000000,nomatch
meld_tra_00948,1,6,6,0,0,0.000000,nomatch
meld_tra_00949,1,9,9,0,0,0.000000,nomatch
meld_tra_00950,1,8,8,0,0,0.000000,nomatch
meld_tra_00951,1,5,5,0,0,0.000000,nomatch
meld_tra_00952,1,6,6,0,0,0.000000,nomatch
meld_tra_00953,2,16,16,0,0,0.000000,nomatch
meld_tra_00954,1,14,14,0,0,0.000000,nomatch
meld_tra_00955,1,6,6,0,0,0.000000,nomatch
meld_tra_00956,1,1,1,0,0,0.000000,nomatch
meld_tra_00957,1,7,7,0,0,0.000000,nomatch
meld_tra_00958,1,5,5,0,0,0.000000,nomatch
meld_tra_00959,3,13,13,0,0,0.000000,nomatch
meld_tra_00960,1,3,3,0,0,0.000000,nomatch
meld_tra_00961,1,9,9,0,0,0.000000,nomatch
meld_tra_00962,1,5,5,1,0,0.361158,nonzero
meld_tra_00963,2,22,22,0,0,0.000000,nomatch
meld_tra_00964,1,1,1,0,0,0.000000,nomatch
meld_tra_00965,3,12,12,1,0,0.067430,nonzero
meld_tra_00966,1,7,7,0,0,0.000000,nomatch
meld_tra_00967,1,9,9,0,0,0.000000,nomatch
meld_tra_00968,1,3,3,1,0,0.542326,nonzero
meld_tra_00969,2,13,13,1,0,0.180579,nonzero
meld_tra_00970,2,12,12,0,0,0.000000,nomatch
meld_tra_00971,1,5,5,0,0,0.000000,nomatch
meld_tra_00972,2,3,3,0,0,0.000000,nomatch
meld_tra_00973,1,1,1,0,0,0.000000,nomatch
meld_tra_00974,1,17,17,0,0,0.000000,nomatch
meld_tra_00975,1,1,1,0,0,0.000000,nomatch
meld_tra_00976,2,19,19,1,0,0.311213,nonzero
meld_tra_00977,2,6,6,0,0,0.000000,nomatch
meld_tra_00978,1,4,4,0,0,0.000000,nomatch
meld_tra_00979,1,7,7,0,0,0.000000,nomatch
meld_tra_00980,1,4,4,0,0,0.000000,nomatch
meld_tra_00981,1,7,7,0,0,0.000000,nomatch
meld_tra_00982,1,4,4,0,0,0.000000,nomatch
meld_tra_00983,2,7,7,0,0,0.000000,nomatch
meld_tra_00984,1,14,14,0,0,0.000000,nomatch
meld_tra_00985,1,2,2,0,0,0.000000,nomatch
meld_tra_00986,2,3,3,0,0,0.000000,nomatch
meld_tra_00987,1,8,8,0,0,0.000000,nomatch
meld_tra_00988,1,9,9,0,0,0.000000,nomatch
meld_tra_00989,1,10,10,1,0,0.361158,nonzero
meld_tra_00990,2,17,17,0,0,0.000000,nomatch
meld_tra_00991,1,3,3,0,0,0.000000,nomatch
meld_tra_00992,2,7,7,1,0,0.180579,nonzero
meld_tra_00993,2,4,4,0,0,0.000000,nomatch
meld_tra_00994,2,15,15,1,0,-0.180579,nonzero
meld_tra_00995,1,8,8,0,0,0.000000,nomatch
meld_tra_00996,2,17,17,0,0,0.000000,nomatch
meld_tra_00997,1,13,13,0,0,0.000000,nomatch
meld_tra_00998,1,3,3,0,0,0.000000,nomatch
meld_tra_00999,1,10,10,0,0,0.000000,nomatch
meld_tra_01000,1,4,4,0,0,0.000000,nomatch
meld_tra_01001,2,7,7,0,0,0.000000,nomatch
meld_tra_01002,1,11,11,0,0,0.000000,nomatch
meld_tra_01003,1,17,17,2,0,-0.612372,nonzero
meld_tra_01004,1,15,15,1,0,0.458831,nonzero
meld_tra_01005,2,6,6,0,0,0.000000,nomatch
meld_tra_01006,1,9,9,0,0,0.000000,nomatch
meld_tra_01007,1,6,6,0,0,0.000000,nomatch
meld_tra_01008,2,15,15,0,0,0.000000,nomatch
meld_tra_01009,2,20,20,0,0,0.000000,nomatch
meld_tra_01010,1,7,7,0,0,0.000000,nomatch
meld_tra_01011,1,1,1,0,0,0.000000,nomatch
meld_tra_01012,1,4,4,0,0,0.000000,nomatch
meld_tra_01013,1,24,24,0,0,0.000000,nomatch
meld_tra_01014,1,16,16,0,0,0.000000,nomatch
meld_tra_01015,2,5,5,0,0,0.000000,nomatch
meld_tra_01016,1,1,1,0,0,0.000000,nomatch
meld_tra_01017,1,7,7,0,0,0.000000,nomatch
meld_tra_01018,1,6,6,0,0,0.000000,nomatch
meld_tra_01019,1,2,2,0,0,0.000000,nomatch
meld_tra_01020,2,14,14,0,0,0.000000,nomatch
meld_tra_01021,1,3,3,0,0,0.000000,nomatch
meld_tra_01022,1,1,1,0,0,0.000000,nomatch
meld_tra_01023,2,4,4,0,0,0.000000,nomatch
meld_tra_01024,1,2,2,0,0,0.000000,nomatch
meld_tra_01025,1,1,1,0,0,0.000000,nomatch
meld_tra_01026,1,1,1,0,0,0.000000,nomatch
meld_tra_01027,1,9,9,0,0,0.000000,nomatch
meld_tra_01028,3,6,6,0,0,0.000000,nomatch
meld_tra_01029,1,31,31,1,0,-0.361158,nonzero
meld_tra_01030,1,8,8,0,0,0.000000,nomatch
meld_tra_01031,1,8,8,1,0,-0.361158,nonzero
meld_tra_01032,1,5,5,0,0,0.000000,nomatch
meld_tra_01033,2,2,2,0,0,0.000000,nomatch
meld_tra_01034,1,5,5,0,0,0.000000,nomatch
meld_tra_01035,1,4,4,0,0,0.000000,nomatch
meld_tra_01036,2,3,3,0,0,0.000000,nomatch
meld_tra_01037,1,10,10,1,0,-0.421464,nonzero
meld_tra_01038,1,6,6,0,0,0.000000,nomatch
meld_tra_01039,1,16,16,0,0,0.000000,nomatch
meld_tra_01040,1,6,6,0,0,0.000000,nomatch
meld_tra_01041,3,22,22,0,0,0.000000,nomatch
meld_tra_01042,1,5,5,0,0,0.000000,nomatch
meld_tra_01043,1,8,8,0,0,0.000000,nomatch
meld_tra_01044,1,18,18,0,0,0.000000,nomatch
meld_tra_01045,2,23,23,0,0,0.000000,nomatch
meld_tra_01046,2,26,26,1,0,-0.147979,nonzero
meld_tra_01047,1,8,8,1,0,0.309370,nonzero
meld_tra_01048,1,8,8,0,1,-0.361158,nonzero
meld_tra_01049,1,6,6,1,0,0.261663,nonzero
meld_tra_01050,1,1,1,0,0,0.000000,nomatch
meld_tra_01051,1,8,8,0,0,0.000000,nomatch
meld_tra_01052,1,10,10,0,0,0.000000,nomatch
meld_tra_01053,1,14,14,1,0,0.261663,nonzero
meld_tra_01054,1,14,14,0,0,0.000000,nomatch
meld_tra_01055,1,4,4,1,0,0.361158,nonzero
meld_tra_01056,1,27,27,0,0,0.000000,nomatch
meld_tra_01057,1,10,10,1,0,0.339950,nonzero
meld_tra_01058,1,3,3,0,0,0.000000,nomatch
meld_tra_01059,1,18,18,0,0,0.000000,nomatch
meld_tra_01060,1,8,8,0,0,0.000000,nomatch
meld_tra_01061,2,13,13,1,0,0.101144,nonzero
meld_tra_01062,2,9,9,0,0,0.000000,nomatch
meld_tra_01063,1,5,5,0,0,0.000000,nomatch
meld_tra_01064,1,19,19,1,0,-0.361158,nonzero
meld_tra_01065,2,20,20,0,0,0.000000,nomatch
meld_tra_01066,1,10,10,0,0,0.000000,nomatch
meld_tra_01067,1,4,4,0,0,0.000000,nomatch
meld_tra_01068,1,9,9,0,0,0.000000,nomatch
meld_tra_01069,2,7,7,0,0,0.000000,nomatch
meld_tra_01070,1,3,3,0,0,0.000000,nomatch
meld_tra_01071,1,9,9,0,0,0.000000,nomatch
meld_tra_01072,1,27,27,1,0,-0.361158,nonzero
meld_tra_01073,2,25,25,0,0,0.000000,nomatch
meld_tra_01074,1,11,11,1,0,0.000000,cancel
meld_tra_01075,1,1,1,0,0,0.000000,nomatch
meld_tra_01076,1,32,32,1,0,0.000000,cancel
meld_tra_01077,1,19,19,0,0,0.000000,nomatch
meld_tra_01078,3,23,23,0,0,0.000000,nomatch
meld_tra_01079,1,12,12,0,0,0.000000,nomatch
meld_tra_01080,3,11,11,0,0,0.000000,nomatch
meld_tra_01081,1,10,10,0,0,0.000000,nomatch
meld_tra_01082,1,12,12,0,0,0.000000,nomatch
meld_tra_01083,1,13,13,0,0,0.000000,nomatch
meld_tra_01084,1,7,7,0,0,0.000000,nomatch
meld_tra_01085,1,1,1,0,0,0.000000,nomatch
meld_tra_01086,1,11,11,0,0,0.000000,nomatch
meld_tra_01087,2,10,10,0,0,0.000000,nomatch
meld_tra_01088,1,14,14,1,0,-0.421464,nonzero
meld_tra_01089,1,3,3,0,1,-0.128037,nonzero
meld_tra_01090,1,7,7,0,0,0.000000,nomatch
meld_tra_01091,1,4,4,0,0,0.000000,nomatch
meld_tra_01092,1,3,3,0,0,0.000000,nomatch
meld_tra_01093,1,10,10,0,0,0.000000,nomatch
meld_tra_01094,1,1,1,0,0,0.000000,nomatch
meld_tra_01095,2,19,19,0,0,0.000000,nomatch
meld_tra_01096,2,17,17,0,0,0.000000,nomatch
meld_tra_01097,4,7,7,0,0,0.000000,nomatch
meld_tra_01098,1,8,8,0,0,0.000000,nomatch
meld_tra_01099,1,10,10,0,0,0.000000,nomatch
meld_tra_01100,1,4,4,0,0,0.000000,nomatch
meld_tra_01101,1,2,2,0,0,0.000000,nomatch
meld_tra_01102,1,10,10,0,0,0.000000,nomatch
meld_tra_01103,3,18,18,0,0,0.000000,nomatch
meld_tra_01104,2,9,9,0,0,0.000000,nomatch
meld_tra_01105,3,10,10,0,0,0.000000,nomatch
meld_tra_01106,1,6,6,0,0,0.000000,nomatch
meld_tra_01107,1,7,7,0,0,0.000000,nomatch
meld_tra_01108,1,1,1,0,0,0.000000,nomatch
meld_tra_01109,1,1,1,0,0,0.000000,nomatch
meld_tra_01110,3,23,23,0,0,0.000000,nomatch
meld_tra_01111,1,3,3,0,0,0.000000,nomatch
meld_tra_01112,2,3,3,0,0,0.000000,nomatch
meld_tra_01113,1,2,2,1,0,-0.493915,nonzero
meld_tra_01114,2,6,6,0,0,0.000000,nomatch
meld_tra_01115,1,4,4,0,0,0.000000,nomatch
meld_tra_01116,1,20,20,0,0,0.000000,nomatch
meld_tra_01117,1,7,7,0,0,0.000000,nomatch
meld_tra_01118,1,4,4,0,0,0.000000,nomatch
meld_tra_01119,1,18,18,0,0,0.000000,nomatch
meld_tra_01120,1,25,25,0,0,0.000000,nomatch
meld_tra_01121,1,1,1,0,0,0.000000,nomatch
meld_tra_01122,1,3,3,0,0,0.000000,nomatch
meld_tra_01123,1,21,21,0,0,0.000000,nomatch
meld_tra_01124,1,19,19,0,0,0.000000,nomatch
meld_tra_01125,2,21,21,1,0,-0.180579,nonzero
meld_tra_01126,1,7,7,0,0,0.000000,nomatch
meld_tra_01127,1,15,15,0,0,0.000000,nomatch
meld_tra_01128,1,8,8,0,0,0.000000,nomatch
meld_tra_01129,1,10,10,0,0,0.000000,nomatch
meld_tra_01130,1,27,27,0,0,0.000000,nomatch
meld_tra_01131,1,11,11,0,0,0.000000,nomatch
meld_tra_01132,1,11,11,0,0,0.000000,nomatch
meld_tra_01133,1,13,13,0,0,0.000000,nomatch
meld_tra_01134,1,13,13,1,0,-0.361158,nonzero
meld_tra_01135,1,16,16,2,0,-0.612372,nonzero
meld_tra_01136,1,13,13,0,0,0.000000,nomatch
meld_tra_01137,1,6,6,1,0,-0.361158,nonzero
meld_tra_01138,1,4,4,0,0,0.000000,nomatch
meld_tra_01139,1,6,6,0,0,0.000000,nomatch
meld_tra_01140,1,8,8,0,0,0.000000,nomatch
meld_tra_01141,1,1,1,0,0,0.000000,nomatch
meld_tra_01142,1,12,12,0,0,0.000000,nomatch
meld_tra_01143,1,3,3,0,0,0.000000,nomatch
meld_tra_01144,1,3,3,0,0,0.000000,nomatch
meld_tra_01145,1,10,10,0,0,0.000000,nomatch
meld_tra_01146,2,6,6,0,0,0.000000,nomatch
meld_tra_01147,1,15,15,2,0,0.510607,nonzero
meld_tra_01148,1,5,5,0,0,0.000000,nomatch
meld_tra_01149,2,6,6,0,0,0.000000,nomatch
meld_tra_01150,4,16,16,2,0,0.103572,nonzero
meld_tra_01151,2,6,6,0,0,0.000000,nomatch
meld_tra_01152,1,9,9,0,0,0.000000,nomatch
meld_tra_01153,1,2,2,0,0,0.000000,nomatch
meld_tra_01154,2,16,16,1,0,-0.082757,nonzero
meld_tra_01155,2,17,17,0,0,0.000000,nomatch
meld_tra_01156,2,16,16,1,0,0.246957,nonzero
meld_tra_01157,1,11,11,1,0,-0.339950,nonzero
meld_tra_01158,1,11,11,1,0,-0.361158,nonzero
meld_tra_01159,1,1,1,0,0,0.000000,nomatch
meld_tra_01160,1,1,1,0,0,0.000000,nomatch
meld_tra_01161,5,17,17,0,0,0.000000,nomatch
meld_tra_01162,1,24,24,0,0,0.000000,nomatch
meld_tra_01163,1,12,12,0,0,0.000000,nomatch
meld_tra_01164,1,6,6,0,0,0.000000,nomatch
meld_tra_01165,1,16,16,0,0,0.000000,nomatch
meld_tra_01166,1,7,7,0,0,0.000000,nomatch
meld_tra_01167,1,1,1,0,0,0.000000,nomatch
meld_tra_01168,1,4,4,0,0,0.000000,nomatch
meld_tra_01169,1,6,6,0,0,0.000000,nomatch
meld_tra_01170,1,6,6,0,0,0.000000,nomatch
meld_tra_01171,4,18,18,0,0,0.000000,nomatch
meld_tra_01172,2,3,3,0,0,0.000000,nomatch
meld_tra_01173,5,16,16,0,0,0.000000,nomatch
meld_tra_01174,1,1,1,0,0,0.000000,nomatch
meld_tra_01175,4,13,13,1,0,0.135581,nonzero
meld_tra_01176,3,16,16,1,0,-0.218437,nonzero
meld_tra_01177,2,13,13,1,0,0.000000,cancel
meld_tra_01178,1,16,16,0,0,0.000000,nomatch
meld_tra_01179,2,5,5,0,0,0.000000,nomatch
meld_tra_01180,2,7,7,0,0,0.000000,nomatch
meld_tra_01181,1,1,1,0,0,0.000000,nomatch
meld_tra_01182,1,4,4,0,0,0.000000,nomatch
meld_tra_01183,2,7,7,0,0,0.000000,nomatch
meld_tra_01184,1,7,7,0,0,0.000000,nomatch
meld_tra_01185,1,2,2,0,0,0.000000,nomatch
meld_tra_01186,1,6,6,0,0,0.000000,nomatch
meld_tra_01187,1,6,6,0,0,0.000000,nomatch
meld_tra_01188,1,10,10,0,0,0.000000,nomatch
meld_tra_01189,1,5,5,0,0,0.000000,nomatch
meld_tra_01190,1,1,1,0,0,0.000000,nomatch
meld_tra_01191,2,8,8,1,0,0.180579,nonzero
meld_tra_01192,2,6,6,0,0,0.000000,nomatch
meld_tra_01193,2,13,13,0,0,0.000000,nomatch
meld_tra_01194,2,2,2,0,0,0.000000,nomatch
meld_tra_01195,1,6,6,0,0,0.000000,nomatch
meld_tra_01196,5,7,7,0,0,0.000000,nomatch
meld_tra_01197,1,1,1,0,0,0.000000,nomatch
meld_tra_01198,6,16,16,0,0,0.000000,nomatch
meld_tra_01199,1,4,4,0,0,0.000000,nomatch
meld_tra_01200,2,9,9,1,0,-0.210732,nonzero
meld_tra_01201,1,12,12,0,0,0.000000,nomatch
meld_tra_01202,1,2,2,0,0,0.000000,nomatch
meld_tra_01203,3,20,20,0,0,0.000000,nomatch
meld_tra_01204,2,10,10,0,0,0.000000,nomatch
meld_tra_01205,2,2,2,0,0,0.000000,nomatch
meld_tra_01206,1,4,4,0,0,0.000000,nomatch
meld_tra_01207,1,4,4,0,0,0.000000,nomatch
meld_tra_01208,1,5,5,0,0,0.000000,nomatch
meld_tra_01209,1,17,17,0,0,0.000000,nomatch
meld_tra_01210,1,3,3,0,0,0.000000,nomatch
meld_tra_01211,1,7,7,0,0,0.000000,nomatch
meld_tra_01212,2,2,2,0,0,0.000000,nomatch
meld_tra_01213,2,2,2,0,0,0.000000,nomatch
meld_tra_01214,2,7,7,0,0,0.000000,nomatch
meld_tra_01215,2,26,26,0,0,0.000000,nomatch
meld_tra_01216,2,4,4,0,0,0.000000,nomatch
meld_tra_01217,2,7,7,1,0,0.180579,nonzero
meld_tra_01218,1,7,7,0,0,0.000000,nomatch
meld_tra_01219,1,8,8,0,0,0.000000,nomatch
meld_tra_01220,1,9,9,0,0,0.000000,nomatch
meld_tra_01221,1,2,2,0,0,0.000000,nomatch
meld_tra_01222,2,13,13,0,0,0.000000,nomatch
meld_tra_01223,1,25,25,0,0,0.000000,nomatch
meld_tra_01224,1,9,9,0,0,0.000000,nomatch
meld_tra_01225,2,8,8,0,0,0.000000,nomatch
meld_tra_01226,1,19,19,0,0,0.000000,nomatch
meld_tra_01227,1,10,10,0,0,0.000000,nomatch
meld_tra_01228,1,5,5,0,0,0.000000,nomatch
meld_tra_01229,1,2,2,0,0,0.000000,nomatch
meld_tra_01230,1,1,1,0,0,0.000000,nomatch
meld_tra_01231,2,6,6,0,0,0.000000,nomatch
meld_tra_01232,2,15,15,2,0,0.125000,nonzero
meld_tra_01233,1,2,2,0,0,0.000000,nomatch
meld_tra_01234,2,3,3,0,0,0.000000,nomatch
meld_tra_01235,3,10,10,0,0,0.000000,nomatch
meld_tra_01236,2,18,18,0,0,0.000000,nomatch
meld_tra_01237,2,3,3,0,0,0.000000,nomatch
meld_tra_01238,1,4,4,0,0,0.000000,nomatch
meld_tra_01239,1,4,4,0,0,0.000000,nomatch
meld_tra_01240,1,9,9,1,0,-0.361158,nonzero
meld_tra_01241,2,10,10,0,0,0.000000,nomatch
meld_tra_01242,1,14,14,0,0,0.000000,nomatch
meld_tra_01243,1,9,9,0,0,0.000000,nomatch
meld_tra_01244,1,4,4,0,0,0.000000,nomatch
meld_tra_01245,2,3,3,0,0,0.000000,nomatch
meld_tra_01246,1,6,6,0,0,0.000000,nomatch
meld_tra_01247,1,1,1,0,0,0.000000,nomatch
meld_tra_01248,1,2,2,0,0,0.000000,nomatch
meld_tra_01249,1,2,2,0,0,0.000000,nomatch
meld_tra_01250,1,23,23,0,0,0.000000,nomatch
meld_tra_01251,1,4,4,0,0,0.000000,nomatch
meld_tra_01252,1,8,8,1,0,-0.361158,nonzero
meld_tra_01253,1,12,12,0,0,0.000000,nomatch
meld_tra_01254,1,8,8,0,0,0.000000,nomatch
meld_tra_01255,1,7,7,0,0,0.000000,nomatch
meld_tra_01256,1,1,1,0,0,0.000000,nomatch
meld_tra_01257,1,8,8,0,0,0.000000,nomatch
meld_tra_01258,1,1,1,0,0,0.000000,nomatch
meld_tra_01259,1,12,12,0,0,0.000000,nomatch
meld_tra_01260,1,8,8,0,0,0.000000,nomatch
meld_tra_01261,1,3,3,0,0,0.000000,nomatch
meld_tra_01262,1,5,5,0,0,0.000000,nomatch
meld_tra_01263,1,10,10,0,0,0.000000,nomatch
meld_tra_01264,1,12,12,0,0,0.000000,nomatch
meld_tra_01265,1,12,12,0,0,0.000000,nomatch
meld_tra_01266,1,6,6,0,0,0.000000,nomatch
meld_tra_01267,1,7,7,2,0,0.077228,nonzero
meld_tra_01268,1,6,6,0,0,0.000000,nomatch
meld_tra_01269,1,16,16,0,0,0.000000,nomatch
meld_tra_01270,1,21,21,0,0,0.000000,nomatch
meld_tra_01271,1,10,10,0,0,0.000000,nomatch
meld_tra_01272,1,3,3,0,0,0.000000,nomatch
meld_tra_01273,2,8,8,0,0,0.000000,nomatch
meld_tra_01274,1,8,8,0,0,0.000000,nomatch
meld_tra_01275,1,1,1,0,0,0.000000,nomatch
meld_tra_01276,1,26,26,0,0,0.000000,nomatch
meld_tra_01277,1,4,4,0,0,0.000000,nomatch
meld_tra_01278,1,1,1,0,0,0.000000,nomatch
meld_tra_01279,4,20,20,0,0,0.000000,nomatch
meld_tra_01280,1,16,16,0,0,0.000000,nomatch
meld_tra_01281,2,17,17,0,0,0.000000,nomatch
meld_tra_01282,1,1,1,0,0,0.000000,nomatch
meld_tra_01283,3,6,6,0,0,0.000000,nomatch
meld_tra_01284,2,16,16,0,0,0.000000,nomatch
meld_tra_01285,1,3,3,0,0,0.000000,nomatch
meld_tra_01286,2,16,16,1,0,-0.180579,nonzero
meld_tra_01287,1,7,7,0,0,0.000000,nomatch
meld_tra_01288,2,8,8,0,1,-0.064019,nonzero
meld_tra_01289,3,17,17,0,0,0.000000,nomatch
meld_tra_01290,1,2,2,0,0,0.000000,nomatch
meld_tra_01291,4,15,15,1,0,0.050572,nonzero
meld_tra_01292,1,25,25,0,0,0.000000,nomatch
meld_tra_01293,1,23,23,0,0,0.000000,nomatch
meld_tra_01294,4,11,11,0,0,0.000000,nomatch
meld_tra_01295,2,11,11,0,0,0.000000,nomatch
meld_tra_01296,1,6,6,0,0,0.000000,nomatch
meld_tra_01297,1,10,10,0,0,0.000000,nomatch
meld_tra_01298,1,7,7,0,0,0.000000,nomatch
meld_tra_01299,1,12,12,0,0,0.000000,nomatch
meld_tra_01300,1,18,18,0,1,-0.361158,nonzero
meld_tra_01301,1,5,5,0,0,0.000000,nomatch
meld_tra_01302,1,6,6,0,0,0.000000,nomatch
meld_tra_01303,2,13,13,0,0,0.000000,nomatch
meld_tra_01304,1,2,2,0,0,0.000000,nomatch
meld_tra_01305,1,7,7,0,0,0.000000,nomatch
meld_tra_01306,2,11,11,0,0,0.000000,nomatch
meld_tra_01307,2,6,6,0,0,0.000000,nomatch
meld_tra_01308,2,13,13,1,0,0.246957,nonzero
meld_tra_01309,1,9,9,0,0,0.000000,nomatch
meld_tra_01310,1,8,8,0,0,0.000000,nomatch
meld_tra_01311,2,11,11,0,0,0.000000,nomatch
meld_tra_01312,1,6,6,0,0,0.000000,nomatch
meld_tra_01313,3,13,13,0,0,0.000000,nomatch
meld_tra_01314,1,1,1,0,0,0.000000,nomatch
meld_tra_01315,1,3,3,0,0,0.000000,nomatch
meld_tra_01316,5,20,20,0,0,0.000000,nomatch
meld_tra_01317,1,1,1,0,0,0.000000,nomatch
meld_tra_01318,1,4,4,0,0,0.000000,nomatch
meld_tra_01319,1,5,5,0,0,0.000000,nomatch
meld_tra_01320,1,2,2,0,0,0.000000,nomatch
meld_tra_01321,2,12,12,0,0,0.000000,nomatch
meld_tra_01322,1,20,20,0,0,0.000000,nomatch
meld_tra_01323,2,11,11,0,0,0.000000,nomatch
meld_tra_01324,3,9,9,0,0,0.000000,nomatch
meld_tra_01325,1,5,5,1,0,0.361158,nonzero
meld_tra_01326,1,8,8,0,0,0.000000,nomatch
meld_tra_01327,1,9,9,0,0,0.000000,nomatch
meld_tra_01328,1,4,4,0,0,0.000000,nomatch
meld_tra_01329,1,7,7,0,0,0.000000,nomatch
meld_tra_01330,1,3,3,0,0,0.000000,nomatch
meld_tra_01331,2,16,16,1,0,0.125000,nonzero
meld_tra_01332,1,3,3,0,0,0.000000,nomatch
meld_tra_01333,2,6,6,0,0,0.000000,nomatch
meld_tra_01334,2,11,11,0,0,0.000000,nomatch
meld_tra_01335,1,8,8,0,0,0.000000,nomatch
meld_tra_01336,2,20,20,0,0,0.000000,nomatch
meld_tra_01337,2,12,12,0,0,0.000000,nomatch
meld_tra_01338,1,7,7,0,0,0.000000,nomatch
meld_tra_01339,1,5,5,0,0,0.000000,nomatch
meld_tra_01340,1,1,1,0,0,0.000000,nomatch
meld_tra_01341,1,6,6,0,0,0.000000,nomatch
meld_tra_01342,1,5,5,0,0,0.000000,nomatch
meld_tra_01343,1,2,2,0,0,0.000000,nomatch
meld_tra_01344,1,3,3,0,0,0.000000,nomatch
meld_tra_01345,1,3,3,0,0,0.000000,nomatch
meld_tra_01346,1,19,19,2,0,0.273213,nonzero
meld_tra_01347,1,26,26,1,0,0.361158,nonzero
meld_tra_01348,2,13,13,0,0,0.000000,nomatch
meld_tra_01349,2,13,13,0,0,0.000000,nomatch
meld_tra_01350,2,7,7,0,0,0.000000,nomatch
meld_tra_01351,3,19,19,0,0,0.000000,nomatch
meld_tra_01352,1,2,2,0,0,0.000000,nomatch
meld_tra_01353,1,2,2,0,0,0.000000,nomatch
meld_tra_01354,2,14,14,0,0,0.000000,nomatch
meld_tra_01355,1,8,8,0,0,0.000000,nomatch
meld_tra_01356,1,17,17,0,0,0.000000,nomatch
meld_tra_01357,1,1,1,0,0,0.000000,nomatch
meld_tra_01358,1,6,6,0,0,0.000000,nomatch
meld_tra_01359,1,8,8,0,0,0.000000,nomatch
meld_tra_01360,1,16,16,0,0,0.000000,nomatch
meld_tra_01361,1,3,3,0,0,0.000000,nomatch
meld_tra_01362,2,12,12,0,0,0.000000,nomatch
meld_tra_01363,1,5,5,0,0,0.000000,nomatch
meld_tra_01364,1,17,17,0,0,0.000000,nomatch
meld_tra_01365,1,4,4,0,0,0.000000,nomatch
meld_tra_01366,1,16,16,0,0,0.000000,nomatch
meld_tra_01367,1,8,8,0,0,0.000000,nomatch
meld_tra_01368,1,8,8,1,0,-0.361158,nonzero
meld_tra_01369,1,1,1,0,0,0.000000,nomatch
meld_tra_01370,1,8,8,0,0,0.000000,nomatch
meld_tra_01371,1,2,2,0,0,0.000000,nomatch
meld_tra_01372,1,17,17,2,0,0.077228,nonzero
meld_tra_01373,1,5,5,0,0,0.000000,nomatch
meld_tra_01374,1,4,4,0,0,0.000000,nomatch
meld_tra_01375,1,9,9,0,0,0.000000,nomatch
meld_tra_01376,1,10,10,0,0,0.000000,nomatch
meld_tra_01377,1,6,6,0,0,0.000000,nomatch
meld_tra_01378,1,21,21,0,0,0.000000,nomatch
meld_tra_01379,1,13,13,1,0,0.202289,nonzero
meld_tra_01380,1,4,4,0,0,0.000000,nomatch
meld_tra_01381,3,12,12,0,0,0.000000,nomatch
meld_tra_01382,2,13,13,0,0,0.000000,nomatch
meld_tra_01383,2,13,13,0,0,0.000000,nomatch
meld_tra_01384,2,7,7,1,0,0.271163,nonzero
meld_tra_01385,3,10,10,0,0,0.000000,nomatch
meld_tra_01386,1,6,6,0,0,0.000000,nomatch
meld_tra_01387,2,18,18,0,0,0.000000,nomatch
meld_tra_01388,1,11,11,1,0,-0.261663,nonzero
meld_tra_01389,2,7,7,0,0,0.000000,nomatch
meld_tra_01390,1,2,2,0,0,0.000000,nomatch
meld_tra_01391,2,9,9,0,0,0.000000,nomatch
meld_tra_01392,3,19,19,1,0,0.187746,nonzero
meld_tra_01393,1,10,10,0,0,0.000000,nomatch
meld_tra_01394,1,8,8,0,0,0.000000,nomatch
meld_tra_01395,1,1,1,0,0,0.000000,nomatch
meld_tra_01396,1,27,27,1,0,-0.361158,nonzero
meld_tra_01397,1,2,2,0,0,0.000000,nomatch
meld_tra_01398,1,5,5,0,0,0.000000,nomatch
meld_tra_01399,1,3,3,0,0,0.000000,nomatch
meld_tra_01400,1,3,3,0,0,0.000000,nomatch
meld_tra_01401,1,9,9,0,0,0.000000,nomatch
meld_tra_01402,1,8,8,0,0,0.000000,nomatch
meld_tra_01403,1,12,12,0,0,0.000000,nomatch
meld_tra_01404,1,3,3,0,0,0.000000,nomatch
meld_tra_01405,1,8,8,0,0,0.000000,nomatch
meld_tra_01406,2,17,17,0,0,0.000000,nomatch
meld_tra_01407,1,12,12,1,0,0.128037,nonzero
meld_tra_01408,1,1,1,0,0,0.000000,nomatch
meld_tra_01409,2,10,10,0,0,0.000000,nomatch
meld_tra_01410,1,5,5,0,0,0.000000,nomatch
meld_tra_01411,1,3,3,0,0,0.000000,nomatch
meld_tra_01412,1,4,4,0,0,0.000000,nomatch
meld_tra_01413,3,42,42,1,0,0.180775,nonzero
meld_tra_01414,1,12,12,0,0,0.000000,nomatch
meld_tra_01415,1,12,12,1,0,0.361158,nonzero
meld_tra_01416,1,3,3,0,0,0.000000,nomatch
meld_tra_01417,1,5,5,0,0,0.000000,nomatch
meld_tra_01418,1,6,6,0,0,0.000000,nomatch
meld_tra_01419,1,4,4,0,0,0.000000,nomatch
meld_tra_01420,1,7,7,0,0,0.000000,nomatch
meld_tra_01421,1,9,9,0,0,0.000000,nomatch
meld_tra_01422,1,24,24,0,0,0.000000,nomatch
meld_tra_01423,2,12,12,0,0,0.000000,nomatch
meld_tra_01424,1,6,6,0,0,0.000000,nomatch
meld_tra_01425,1,6,6,0,0,0.000000,nomatch
meld_tra_01426,1,5,5,0,0,0.000000,nomatch
meld_tra_01427,2,5,5,0,0,0.000000,nomatch
meld_tra_01428,2,39,39,1,0,-0.180579,nonzero
meld_tra_01429,2,8,8,0,0,0.000000,nomatch
meld_tra_01430,1,4,4,0,0,0.000000,nomatch
meld_tra_01431,2,7,7,0,0,0.000000,nomatch
meld_tra_01432,1,1,1,0,0,0.000000,nomatch
meld_tra_01433,1,15,15,1,0,0.128037,nonzero
meld_tra_01434,1,10,10,0,0,0.000000,nomatch
meld_tra_01435,1,2,2,0,0,0.000000,nomatch
meld_tra_01436,1,1,1,0,0,0.000000,nomatch
meld_tra_01437,1,1,1,0,0,0.000000,nomatch
meld_tra_01438,2,7,7,0,0,0.000000,nomatch
meld_tra_01439,1,2,2,0,0,0.000000,nomatch
meld_tra_01440,1,1,1,0,0,0.000000,nomatch
meld_tra_01441,2,5,5,0,0,0.000000,nomatch
meld_tra_01442,1,11,11,0,0,0.000000,nomatch
meld_tra_01443,2,15,15,0,0,0.000000,nomatch
meld_tra_01444,2,5,5,0,0,0.000000,nomatch
meld_tra_01445,2,3,3,1,0,0.180579,nonzero
meld_tra_01446,1,10,10,0,0,0.000000,nomatch
meld_tra_01447,2,8,8,0,0,0.000000,nomatch
meld_tra_01448,1,1,1,0,0,0.000000,nomatch
meld_tra_01449,1,29,29,0,0,0.000000,nomatch
meld_tra_01450,1,1,1,0,0,0.000000,nomatch
meld_tra_01451,3,15,15,0,0,0.000000,nomatch
meld_tra_01452,1,25,25,0,0,0.000000,nomatch
meld_tra_01453,1,10,10,0,0,0.000000,nomatch
meld_tra_01454,1,9,9,0,0,0.000000,nomatch
meld_tra_01455,3,25,25,0,0,0.000000,nomatch
meld_tra_01456,1,4,4,0,0,0.000000,nomatch
meld_tra_01457,2,4,4,0,0,0.000000,nomatch
meld_tra_01458,1,2,2,0,0,0.000000,nomatch
meld_tra_01459,2,3,3,0,0,0.000000,nomatch
meld_tra_01460,1,2,2,0,0,0.000000,nomatch
meld_tra_01461,1,9,9,0,0,0.000000,nomatch
meld_tra_01462,1,18,18,0,0,0.000000,nomatch
meld_tra_01463,1,4,4,1,0,0.648557,nonzero
meld_tra_01464,1,10,10,0,0,0.000000,nomatch
meld_tra_01465,1,2,2,0,0,0.000000,nomatch
meld_tra_01466,1,1,1,0,0,0.000000,nomatch
meld_tra_01467,1,2,2,0,0,0.000000,nomatch
meld_tra_01468,1,4,4,0,0,0.000000,nomatch
meld_tra_01469,2,7,7,0,0,0.000000,nomatch
meld_tra_01470,1,5,5,0,0,0.000000,nomatch
meld_tra_01471,1,3,3,1,0,0.612372,nonzero
meld_tra_01472,1,1,1,0,0,0.000000,nomatch
meld_tra_01473,1,6,6,0,0,0.000000,nomatch
meld_tra_01474,1,19,19,0,0,0.000000,nomatch
meld_tra_01475,1,4,4,0,0,0.000000,nomatch
meld_tra_01476,2,16,16,0,0,0.000000,nomatch
meld_tra_01477,1,3,3,0,0,0.000000,nomatch
meld_tra_01478,2,21,21,0,0,0.000000,nomatch
meld_tra_01479,1,4,4,1,0,0.361158,nonzero
meld_tra_01480,1,4,4,0,0,0.000000,nomatch
meld_tra_01481,1,1,1,0,0,0.000000,nomatch
meld_tra_01482,1,2,2,0,0,0.000000,nomatch
meld_tra_01483,1,1,1,0,0,0.000000,nomatch
meld_tra_01484,1,2,2,0,0,0.000000,nomatch
meld_tra_01485,1,2,2,0,0,0.000000,nomatch
meld_tra_01486,1,6,6,0,0,0.000000,nomatch
meld_tra_01487,1,1,1,0,0,0.000000,nomatch
meld_tra_01488,1,17,17,0,0,0.000000,nomatch
meld_tra_01489,2,21,21,0,0,0.000000,nomatch
meld_tra_01490,4,22,22,1,0,-0.090289,nonzero
meld_tra_01491,1,8,8,1,0,0.202289,nonzero
meld_tra_01492,3,19,19,1,0,0.120386,nonzero
meld_tra_01493,1,2,2,0,0,0.000000,nomatch
meld_tra_01494,1,1,1,0,0,0.000000,nomatch
meld_tra_01495,1,8,8,1,0,-0.128037,nonzero
meld_tra_01496,1,3,3,0,0,0.000000,nomatch
meld_tra_01497,1,5,5,0,0,0.000000,nomatch
meld_tra_01498,1,3,3,0,0,0.000000,nomatch
meld_tra_01499,1,1,1,0,0,0.000000,nomatch
meld_tra_01500,1,4,4,0,0,0.000000,nomatch
meld_tra_01501,1,7,7,0,0,0.000000,nomatch
meld_tra_01502,1,5,5,0,0,0.000000,nomatch
meld_tra_01503,1,16,16,0,0,0.000000,nomatch
meld_tra_01504,1,4,4,1,0,-0.339950,nonzero
meld_tra_01505,1,8,8,0,0,0.000000,nomatch
meld_tra_01506,1,1,1,0,0,0.000000,nomatch
meld_tra_01507,2,12,12,0,0,0.000000,nomatch
meld_tra_01508,1,11,11,0,0,0.000000,nomatch
meld_tra_01509,1,2,2,0,0,0.000000,nomatch
meld_tra_01510,2,2,2,0,0,0.000000,nomatch
meld_tra_01511,2,20,20,0,0,0.000000,nomatch
meld_tra_01512,1,3,3,0,0,0.000000,nomatch
meld_tra_01513,1,1,1,0,0,0.000000,nomatch
meld_tra_01514,1,8,8,0,0,0.000000,nomatch
meld_tra_01515,1,15,15,0,0,0.000000,nomatch
meld_tra_01516,1,10,10,0,0,0.000000,nomatch
meld_tra_01517,1,2,2,0,0,0.000000,nomatch
meld_tra_01518,1,20,20,0,0,0.000000,nomatch
meld_tra_01519,1,2,2,0,0,0.000000,nomatch
meld_tra_01520,3,15,15,0,0,0.000000,nomatch
meld_tra_01521,1,2,2,0,0,0.000000,nomatch
meld_tra_01522,1,1,1,0,0,0.000000,nomatch
meld_tra_01523,1,32,32,1,0,0.128037,nonzero
meld_tra_01524,1,1,1,0,0,0.000000,nomatch
meld_tra_01525,1,1,1,0,0,0.000000,nomatch
meld_tra_01526,1,2,2,0,0,0.000000,nomatch
meld_tra_01527,2,5,5,0,0,0.000000,nomatch
meld_tra_01528,1,17,17,0,0,0.000000,nomatch
meld_tra_01529,1,4,4,1,0,0.493915,nonzero
meld_tra_01530,1,4,4,0,0,0.000000,nomatch
meld_tra_01531,3,19,19,1,0,0.083333,nonzero
meld_tra_01532,2,12,12,1,0,-0.180579,nonzero
meld_tra_01533,1,10,10,0,0,0.000000,nomatch
meld_tra_01534,1,5,5,0,0,0.000000,nomatch
meld_tra_01535,1,6,6,0,0,0.000000,nomatch
meld_tra_01536,1,30,30,1,0,0.361158,nonzero
meld_tra_01537,1,4,4,1,0,-0.361158,nonzero
meld_tra_01538,2,18,18,0,0,0.000000,nomatch
meld_tra_01539,1,2,2,0,0,0.000000,nomatch
meld_tra_01540,1,3,3,0,0,0.000000,nomatch
meld_tra_01541,1,3,3,0,0,0.000000,nomatch
meld_tra_01542,2,3,3,0,0,0.000000,nomatch
meld_tra_01543,1,2,2,0,0,0.000000,nomatch
meld_tra_01544,1,10,10,0,0,0.000000,nomatch
meld_tra_01545,1,7,7,0,0,0.000000,nomatch
meld_tra_01546,1,4,4,0,0,0.000000,nomatch
meld_tra_01547,1,12,12,0,0,0.000000,nomatch
meld_tra_01548,1,18,18,0,0,0.000000,nomatch
meld_tra_01549,1,5,5,0,0,0.000000,nomatch
meld_tra_01550,1,4,4,0,0,0.000000,nomatch
meld_tra_01551,2,17,17,0,0,0.000000,nomatch
meld_tra_01552,2,5,5,0,0,0.000000,nomatch
meld_tra_01553,3,15,15,0,0,0.000000,nomatch
meld_tra_01554,1,3,3,0,0,0.000000,nomatch
meld_tra_01555,2,15,15,0,0,0.000000,nomatch
meld_tra_01556,1,13,13,0,0,0.000000,nomatch
meld_tra_01557,2,5,5,1,0,-0.210732,nonzero
meld_tra_01558,3,19,19,0,0,0.000000,nomatch
meld_tra_01559,1,5,5,0,0,0.000000,nomatch
meld_tra_01560,1,10,10,1,0,0.458831,nonzero
meld_tra_01561,1,12,12,0,0,0.000000,nomatch
meld_tra_01562,1,17,17,1,0,0.594036,nonzero
meld_tra_01563,1,11,11,1,0,-0.250000,nonzero
meld_tra_01564,1,2,2,0,0,0.000000,nomatch
meld_tra_01565,1,4,4,0,0,0.000000,nomatch
meld_tra_01566,1,11,11,0,0,0.000000,nomatch
meld_tra_01567,1,5,5,0,0,0.000000,nomatch
meld_tra_01568,1,2,2,0,0,0.000000,nomatch
meld_tra_01569,1,1,1,0,0,0.000000,nomatch
meld_tra_01570,2,6,6,0,0,0.000000,nomatch
meld_tra_01571,1,8,8,0,0,0.000000,nomatch
meld_tra_01572,1,20,20,1,0,0.421464,nonzero
meld_tra_01573,2,4,4,0,0,0.000000,nomatch
meld_tra_01574,2,9,9,0,0,0.000000,nomatch
meld_tra_01575,1,6,6,0,0,0.000000,nomatch
meld_tra_01576,1,16,16,2,0,0.000000,cancel
meld_tra_01577,1,10,10,0,0,0.000000,nomatch
meld_tra_01578,1,3,3,0,0,0.000000,nomatch
meld_tra_01579,1,2,2,0,0,0.000000,nomatch
meld_tra_01580,1,12,12,0,0,0.000000,nomatch
meld_tra_01581,2,19,19,0,0,0.000000,nomatch
meld_tra_01582,2,7,7,0,0,0.000000,nomatch
meld_tra_01583,1,9,9,0,0,0.000000,nomatch
meld_tra_01584,1,1,1,0,0,0.000000,nomatch
meld_tra_01585,2,11,11,0,0,0.000000,nomatch
meld_tra_01586,2,5,5,0,0,0.000000,nomatch
meld_tra_01587,1,3,3,0,0,0.000000,nomatch
meld_tra_01588,2,21,21,0,0,0.000000,nomatch
meld_tra_01589,1,3,3,0,0,0.000000,nomatch
meld_tra_01590,1,8,8,0,0,0.000000,nomatch
meld_tra_01591,1,9,9,0,0,0.000000,nomatch
meld_tra_01592,1,5,5,0,0,0.000000,nomatch
meld_tra_01593,3,23,23,0,0,0.000000,nomatch
meld_tra_01594,2,5,5,0,0,0.000000,nomatch
meld_tra_01595,4,20,20,0,0,0.000000,nomatch
meld_tra_01596,1,1,1,0,0,0.000000,nomatch
meld_tra_01597,3,12,12,0,0,0.000000,nomatch
meld_tra_01598,1,1,1,0,0,0.000000,nomatch
meld_tra_01599,1,4,4,0,0,0.000000,nomatch
meld_tra_01600,1,6,6,0,0,0.000000,nomatch
meld_tra_01601,2,2,2,0,0,0.000000,nomatch
meld_tra_01602,1,11,11,0,0,0.000000,nomatch
meld_tra_01603,1,3,3,1,0,0.261663,nonzero
meld_tra_01604,1,2,2,1,0,0.493915,nonzero
meld_tra_01605,1,9,9,0,0,0.000000,nomatch
meld_tra_01606,1,9,9,0,0,0.000000,nomatch
meld_tra_01607,1,3,3,0,0,0.000000,nomatch
meld_tra_01608,1,1,1,0,0,0.000000,nomatch
meld_tra_01609,2,7,7,1,0,0.180579,nonzero
meld_tra_01610,1,4,4,0,0,0.000000,nomatch
meld_tra_01611,4,21,21,0,0,0.000000,nomatch
meld_tra_01612,1,1,1,0,0,0.000000,nomatch
meld_tra_01613,1,8,8,1,0,0.361158,nonzero
meld_tra_01614,1,18,18,0,0,0.000000,nomatch
meld_tra_01615,1,9,9,0,0,0.000000,nomatch
meld_tra_01616,2,4,4,0,0,0.000000,nomatch
meld_tra_01617,2,25,25,1,0,-0.229415,nonzero
meld_tra_01618,2,4,4,0,0,0.000000,nomatch
meld_tra_01619,1,1,1,0,0,0.000000,nomatch
meld_tra_01620,1,1,1,0,0,0.000000,nomatch
meld_tra_01621,1,3,3,0,0,0.000000,nomatch
meld_tra_01622,1,2,2,0,0,0.000000,nomatch
meld_tra_01623,2,8,8,0,0,0.000000,nomatch
meld_tra_01624,2,6,6,0,0,0.000000,nomatch
meld_tra_01625,1,7,7,0,0,0.000000,nomatch
meld_tra_01626,1,6,6,1,0,-0.361158,nonzero
meld_tra_01627,1,12,12,0,0,0.000000,nomatch
meld_tra_01628,1,2,2,0,0,0.000000,nomatch
meld_tra_01629,1,2,2,0,0,0.000000,nomatch
meld_tra_01630,1,4,4,0,0,0.000000,nomatch
meld_tra_01631,2,6,6,0,0,0.000000,nomatch
meld_tra_01632,1,25,25,0,0,0.000000,nomatch
meld_tra_01633,1,11,11,0,0,0.000000,nomatch
meld_tra_01634,1,10,10,0,0,0.000000,nomatch
meld_tra_01635,1,6,6,0,0,0.000000,nomatch
meld_tra_01636,1,5,5,1,0,-0.655311,nonzero
meld_tra_01637,1,7,7,1,0,0.612372,nonzero
meld_tra_01638,1,27,27,0,0,0.000000,nomatch
meld_tra_01639,1,3,3,0,0,0.000000,nomatch
meld_tra_01640,2,15,15,0,0,0.000000,nomatch
meld_tra_01641,1,6,6,0,0,0.000000,nomatch
meld_tra_01642,1,7,7,0,0,0.000000,nomatch
meld_tra_01643,1,6,6,0,0,0.000000,nomatch
meld_tra_01644,1,4,4,0,0,0.000000,nomatch
meld_tra_01645,1,2,2,0,0,0.000000,nomatch
meld_tra_01646,2,15,15,0,0,0.000000,nomatch
meld_tra_01647,2,13,13,0,0,0.000000,nomatch
meld_tra_01648,2,3,3,0,0,0.000000,nomatch
meld_tra_01649,1,5,5,1,0,0.361158,nonzero
meld_tra_01650,2,10,10,0,0,0.000000,nomatch
meld_tra_01651,1,5,5,0,0,0.000000,nomatch
meld_tra_01652,1,19,19,0,0,0.000000,nomatch
meld_tra_01653,2,6,6,0,0,0.000000,nomatch
meld_tra_01654,5,15,15,0,0,0.000000,nomatch
meld_tra_01655,1,5,5,0,0,0.000000,nomatch
meld_tra_01656,3,24,24,0,0,0.000000,nomatch
meld_tra_01657,1,8,8,1,0,0.361158,nonzero
meld_tra_01658,1,26,26,0,0,0.000000,nomatch
meld_tra_01659,1,8,8,0,0,0.000000,nomatch
meld_tra_01660,1,5,5,0,0,0.000000,nomatch
meld_tra_01661,1,1,1,0,0,0.000000,nomatch
meld_tra_01662,1,1,1,0,0,0.000000,nomatch
meld_tra_01663,1,14,14,0,0,0.000000,nomatch
meld_tra_01664,1,2,2,0,0,0.000000,nomatch
meld_tra_01665,1,1,1,0,0,0.000000,nomatch
meld_tra_01666,1,5,5,0,0,0.000000,nomatch
meld_tra_01667,1,6,6,0,0,0.000000,nomatch
meld_tra_01668,1,1,1,0,0,0.000000,nomatch
meld_tra_01669,1,1,1,0,0,0.000000,nomatch
meld_tra_01670,1,1,1,0,0,0.000000,nomatch
meld_tra_01671,1,1,1,0,0,0.000000,nomatch
meld_tra_01672,1,1,1,0,0,0.000000,nomatch
meld_tra_01673,1,1,1,0,0,0.000000,nomatch
meld_tra_01674,1,1,1,0,0,0.000000,nomatch
meld_tra_01675,2,7,7,0,0,0.000000,nomatch
meld_tra_01676,1,7,7,0,0,0.000000,nomatch
meld_tra_01677,1,4,4,0,0,0.000000,nomatch
meld_tra_01678,1,12,12,0,0,0.000000,nomatch
meld_tra_01679,1,2,2,0,0,0.000000,nomatch
meld_tra_01680,2,14,14,1,0,0.101144,nonzero
meld_tra_01681,1,1,1,0,0,0.000000,nomatch
meld_tra_01682,1,5,5,0,0,0.000000,nomatch
meld_tra_01683,1,2,2,0,0,0.000000,nomatch
meld_tra_01684,1,5,5,0,0,0.000000,nomatch
meld_tra_01685,1,1,1,0,0,0.000000,nomatch
meld_tra_01686,2,13,13,0,0,0.000000,nomatch
meld_tra_01687,2,20,20,1,0,0.064019,nonzero
meld_tra_01688,2,11,11,0,0,0.000000,nomatch
meld_tra_01689,1,2,2,0,0,0.000000,nomatch
meld_tra_01690,1,1,1,0,0,0.000000,nomatch
meld_tra_01691,1,9,9,0,0,0.000000,nomatch
meld_tra_01692,3,14,14,0,0,0.000000,nomatch
meld_tra_01693,2,20,20,0,0,0.000000,nomatch
meld_tra_01694,2,6,6,0,0,0.000000,nomatch
meld_tra_01695,1,1,1,0,0,0.000000,nomatch
meld_tra_01696,2,12,12,1,0,-0.180579,nonzero
meld_tra_01697,3,12,12,2,0,-0.280976,nonzero
meld_tra_01698,4,22,22,0,0,0.000000,nomatch
meld_tra_01699,1,16,16,0,0,0.000000,nomatch
meld_tra_01700,1,15,15,0,0,0.000000,nomatch
meld_tra_01701,3,6,6,0,0,0.000000,nomatch
meld_tra_01702,3,11,11,0,0,0.000000,nomatch
meld_tra_01703,1,3,3,0,0,0.000000,nomatch
meld_tra_01704,1,18,18,0,0,0.000000,nomatch
meld_tra_01705,1,4,4,0,0,0.000000,nomatch
meld_tra_01706,2,14,14,0,0,0.000000,nomatch
meld_tra_01707,1,4,4,0,0,0.000000,nomatch
meld_tra_01708,1,15,15,0,0,0.000000,nomatch
meld_tra_01709,1,6,6,0,0,0.000000,nomatch
meld_tra_01710,1,10,10,0,0,0.000000,nomatch
meld_tra_01711,1,2,2,0,0,0.000000,nomatch
meld_tra_01712,1,4,4,1,0,0.261663,nonzero
meld_tra_01713,1,28,28,0,0,0.000000,nomatch
meld_tra_01714,1,4,4,0,0,0.000000,nomatch
meld_tra_01715,1,2,2,0,0,0.000000,nomatch
meld_tra_01716,1,9,9,0,0,0.000000,nomatch
meld_tra_01717,1,6,6,0,0,0.000000,nomatch
meld_tra_01718,1,5,5,0,0,0.000000,nomatch
meld_tra_01719,1,1,1,0,0,0.000000,nomatch
meld_tra_01720,1,1,1,0,0,0.000000,nomatch
meld_tra_01721,1,2,2,0,0,0.000000,nomatch
meld_tra_01722,1,1,1,0,0,0.000000,nomatch
meld_tra_01723,1,1,1,0,0,0.000000,nomatch
meld_tra_01724,1,7,7,1,0,0.361158,nonzero
meld_tra_01725,2,7,7,0,0,0.000000,nomatch
meld_tra_01726,1,1,1,0,0,0.000000,nomatch
meld_tra_01727,1,1,1,0,0,0.000000,nomatch
meld_tra_01728,1,7,7,0,0,0.000000,nomatch
meld_tra_01729,2,4,4,0,0,0.000000,nomatch
meld_tra_01730,2,16,16,0,0,0.000000,nomatch
meld_tra_01731,1,6,6,0,1,-0.361158,nonzero
meld_tra_01732,2,11,11,0,0,0.000000,nomatch
meld_tra_01733,2,7,7,0,0,0.000000,nomatch
meld_tra_01734,1,1,1,0,0,0.000000,nomatch
meld_tra_01735,2,3,3,0,0,0.000000,nomatch
meld_tra_01736,2,4,4,0,0,0.000000,nomatch
meld_tra_01737,1,1,1,0,0,0.000000,nomatch
meld_tra_01738,2,7,7,0,0,0.000000,nomatch
meld_tra_01739,1,11,11,0,0,0.000000,nomatch
meld_tra_01740,1,11,11,0,0,0.000000,nomatch
meld_tra_01741,1,2,2,0,0,0.000000,nomatch
meld_tra_01742,1,1,1,0,0,0.000000,nomatch
meld_tra_01743,1,1,1,0,0,0.000000,nomatch
meld_tra_01744,1,2,2,0,0,0.000000,nomatch
meld_tra_01745,1,15,15,1,0,-0.458831,nonzero
meld_tra_01746,1,22,22,1,0,0.542326,nonzero
meld_tra_01747,1,4,4,0,0,0.000000,nomatch
meld_tra_01748,1,11,11,0,0,0.000000,nomatch
meld_tra_01749,1,3,3,0,0,0.000000,nomatch
meld_tra_01750,1,6,6,0,0,0.000000,nomatch
meld_tra_01751,2,12,12,0,0,0.000000,nomatch
meld_tra_01752,2,18,18,0,0,0.000000,nomatch
meld_tra_01753,1,5,5,0,0,0.000000,nomatch
meld_tra_01754,1,5,5,0,0,0.000000,nomatch
meld_tra_01755,2,12,12,0,0,0.000000,nomatch
meld_tra_01756,1,15,15,0,0,0.000000,nomatch
meld_tra_01757,1,1,1,0,0,0.000000,nomatch
meld_tra_01758,1,14,14,0,0,0.000000,nomatch
meld_tra_01759,1,1,1,0,0,0.000000,nomatch
meld_tra_01760,2,17,17,0,0,0.000000,nomatch
meld_tra_01761,1,3,3,0,0,0.000000,nomatch
meld_tra_01762,1,3,3,0,0,0.000000,nomatch
meld_tra_01763,3,6,6,0,0,0.000000,nomatch
meld_tra_01764,1,2,2,0,0,0.000000,nomatch
meld_tra_01765,1,5,5,0,0,0.000000,nomatch
meld_tra_01766,1,34,34,0,0,0.000000,nomatch
meld_tra_01767,1,1,1,0,0,0.000000,nomatch
meld_tra_01768,1,5,5,0,0,0.000000,nomatch
meld_tra_01769,2,11,11,0,0,0.000000,nomatch
meld_tra_01770,1,6,6,0,0,0.000000,nomatch
meld_tra_01771,2,22,22,1,0,0.271163,nonzero
meld_tra_01772,1,5,5,0,0,0.000000,nomatch
meld_tra_01773,2,3,3,0,0,0.000000,nomatch
meld_tra_01774,2,3,3,0,0,0.000000,nomatch
meld_tra_01775,1,7,7,0,0,0.000000,nomatch
meld_tra_01776,4,20,20,0,0,0.000000,nomatch
meld_tra_01777,1,4,4,1,0,0.361158,nonzero
meld_tra_01778,1,6,6,0,0,0.000000,nomatch
meld_tra_01779,1,4,4,0,0,0.000000,nomatch
meld_tra_01780,3,4,4,0,0,0.000000,nomatch
meld_tra_01781,1,18,18,0,0,0.000000,nomatch
meld_tra_01782,3,7,7,0,0,0.000000,nomatch
meld_tra_01783,1,1,1,0,0,0.000000,nomatch
meld_tra_01784,3,9,9,0,0,0.000000,nomatch
meld_tra_01785,1,9,9,0,0,0.000000,nomatch
meld_tra_01786,1,18,18,0,0,0.000000,nomatch
meld_tra_01787,1,9,9,0,0,0.000000,nomatch
meld_tra_01788,1,5,5,0,0,0.000000,nomatch
meld_tra_01789,1,7,7,2,0,0.612372,nonzero
meld_tra_01790,2,3,3,0,0,0.000000,nomatch
meld_tra_01791,1,3,3,0,0,0.000000,nomatch
meld_tra_01792,1,3,3,0,0,0.000000,nomatch
meld_tra_01793,1,13,13,0,0,0.000000,nomatch
meld_tra_01794,1,11,11,0,1,-0.361158,nonzero
meld_tra_01795,1,9,9,0,0,0.000000,nomatch
meld_tra_01796,1,2,2,0,0,0.000000,nomatch
meld_tra_01797,2,13,13,0,0,0.000000,nomatch
meld_tra_01798,1,7,7,0,0,0.000000,nomatch
meld_tra_01799,1,7,7,0,0,0.000000,nomatch
meld_tra_01800,2,13,13,1,0,-0.180579,nonzero
meld_tra_01801,1,1,1,0,0,0.000000,nomatch
meld_tra_01802,1,3,3,0,0,0.000000,nomatch
meld_tra_01803,2,9,9,0,0,0.000000,nomatch
meld_tra_01804,1,3,3,0,0,0.000000,nomatch
meld_tra_01805,1,14,14,0,1,-0.128037,nonzero
meld_tra_01806,1,4,4,0,0,0.000000,nomatch
meld_tra_01807,2,17,17,0,0,0.000000,nomatch
meld_tra_01808,2,8,8,0,0,0.000000,nomatch
meld_tra_01809,3,19,19,0,0,0.000000,nomatch
meld_tra_01810,2,7,7,0,0,0.000000,nomatch
meld_tra_01811,1,9,9,0,0,0.000000,nomatch
meld_tra_01812,1,5,5,0,0,0.000000,nomatch
meld_tra_01813,1,4,4,0,0,0.000000,nomatch
meld_tra_01814,1,5,5,1,0,0.361158,nonzero
meld_tra_01815,1,1,1,0,0,0.000000,nomatch
meld_tra_01816,2,8,8,0,0,0.000000,nomatch
meld_tra_01817,1,8,8,0,0,0.000000,nomatch
meld_tra_01818,1,4,4,0,0,0.000000,nomatch
meld_tra_01819,1,4,4,0,0,0.000000,nomatch
meld_tra_01820,3,7,7,0,0,0.000000,nomatch
meld_tra_01821,1,2,2,0,0,0.000000,nomatch
meld_tra_01822,2,4,4,0,0,0.000000,nomatch
meld_tra_01823,1,8,8,1,0,0.493915,nonzero
meld_tra_01824,1,12,12,1,0,0.542326,nonzero
meld_tra_01825,1,3,3,0,0,0.000000,nomatch
meld_tra_01826,1,12,12,0,0,0.000000,nomatch
meld_tra_01827,1,5,5,0,0,0.000000,nomatch
meld_tra_01828,1,5,5,0,0,0.000000,nomatch
meld_tra_01829,1,8,8,0,0,0.000000,nomatch
meld_tra_01830,1,10,10,0,0,0.000000,nomatch
meld_tra_01831,1,1,1,0,0,0.000000,nomatch
meld_tra_01832,4,10,10,0,0,0.000000,nomatch
meld_tra_01833,1,4,4,1,0,0.361158,nonzero
meld_tra_01834,1,1,1,0,0,0.000000,nomatch
meld_tra_01835,2,18,18,0,0,0.000000,nomatch
meld_tra_01836,1,4,4,1,0,0.361158,nonzero
meld_tra_01837,1,2,2,0,0,0.000000,nomatch
meld_tra_01838,2,17,17,0,0,0.000000,nomatch
meld_tra_01839,2,8,8,0,0,0.000000,nomatch
meld_tra_01840,3,10,10,0,0,0.000000,nomatch
meld_tra_01841,1,18,18,0,0,0.000000,nomatch
meld_tra_01842,1,11,11,0,0,0.000000,nomatch
meld_tra_01843,2,10,10,0,0,0.000000,nomatch
meld_tra_01844,3,22,22,1,0,-0.149901,nonzero
meld_tra_01845,1,11,11,0,0,0.000000,nomatch
meld_tra_01846,1,22,22,0,0,0.000000,nomatch
meld_tra_01847,1,2,2,1,0,0.361158,nonzero
meld_tra_01848,1,2,2,0,0,0.000000,nomatch
meld_tra_01849,1,2,2,0,0,0.000000,nomatch
meld_tra_01850,1,5,5,0,0,0.000000,nomatch
meld_tra_01851,1,2,2,0,0,0.000000,nomatch
meld_tra_01852,2,6,6,0,0,0.000000,nomatch
meld_tra_01853,2,11,11,0,0,0.000000,nomatch
meld_tra_01854,2,8,8,0,0,0.000000,nomatch
meld_tra_01855,1,2,2,0,0,0.000000,nomatch
meld_tra_01856,1,4,4,1,0,-0.458831,nonzero
meld_tra_01857,1,11,11,0,0,0.000000,nomatch
meld_tra_01858,1,12,12,0,0,0.000000,nomatch
meld_tra_01859,1,11,11,2,0,0.510607,nonzero
meld_tra_01860,1,13,13,0,0,0.000000,nomatch
meld_tra_01861,1,4,4,0,0,0.000000,nomatch
meld_tra_01862,1,1,1,0,0,0.000000,nomatch
meld_tra_01863,1,9,9,0,0,0.000000,nomatch
meld_tra_01864,2,19,19,0,0,0.000000,nomatch
meld_tra_01865,1,4,4,0,0,0.000000,nomatch
meld_tra_01866,1,6,6,0,0,0.000000,nomatch
meld_tra_01867,1,2,2,0,0,0.000000,nomatch
meld_tra_01868,2,13,13,0,0,0.000000,nomatch
meld_tra_01869,1,2,2,0,0,0.000000,nomatch
meld_tra_01870,1,3,3,0,0,0.000000,nomatch
meld_tra_01871,1,4,4,0,0,0.000000,nomatch
meld_tra_01872,1,1,1,0,0,0.000000,nomatch
meld_tra_01873,2,7,7,0,0,0.000000,nomatch
meld_tra_01874,1,4,4,0,0,0.000000,nomatch
meld_tra_01875,1,2,2,0,0,0.000000,nomatch
meld_tra_01876,1,1,1,0,0,0.000000,nomatch
meld_tra_01877,1,2,2,0,0,0.000000,nomatch
meld_tra_01878,2,3,3,0,0,0.000000,nomatch
meld_tra_01879,1,3,3,0,0,0.000000,nomatch
meld_tra_01880,1,1,1,0,0,0.000000,nomatch
meld_tra_01881,2,5,5,0,0,0.000000,nomatch
meld_tra_01882,1,2,2,0,0,0.000000,nomatch
meld_tra_01883,1,10,10,0,0,0.000000,nomatch
meld_tra_01884,1,5,5,0,0,0.000000,nomatch
meld_tra_01885,1,10,10,0,0,0.000000,nomatch
meld_tra_01886,1,17,17,0,0,0.000000,nomatch
meld_tra_01887,1,6,6,0,0,0.000000,nomatch
meld_tra_01888,1,5,5,0,0,0.000000,nomatch
meld_tra_01889,1,1,1,0,0,0.000000,nomatch
meld_tra_01890,1,1,1,0,0,0.000000,nomatch
meld_tra_01891,2,13,13,0,0,0.000000,nomatch
meld_tra_01892,2,7,7,0,0,0.000000,nomatch
meld_tra_01893,1,4,4,0,0,0.000000,nomatch
meld_tra_01894,1,4,4,0,0,0.000000,nomatch
meld_tra_01895,2,9,9,1,0,0.246957,nonzero
meld_tra_01896,2,5,5,0,0,0.000000,nomatch
meld_tra_01897,1,1,1,0,0,0.000000,nomatch
meld_tra_01898,1,2,2,0,0,0.000000,nomatch
meld_tra_01899,3,18,18,0,0,0.000000,nomatch
meld_tra_01900,2,7,7,0,0,0.000000,nomatch
meld_tra_01901,2,22,22,1,0,-0.229415,nonzero
meld_tra_01902,2,4,4,0,0,0.000000,nomatch
meld_tra_01903,1,3,3,0,0,0.000000,nomatch
meld_tra_01904,1,3,3,0,0,0.000000,nomatch
meld_tra_01905,1,1,1,0,0,0.000000,nomatch
meld_tra_01906,2,18,18,0,0,0.000000,nomatch
meld_tra_01907,1,2,2,0,0,0.000000,nomatch
meld_tra_01908,1,29,29,1,0,0.361158,nonzero
meld_tra_01909,1,15,15,0,0,0.000000,nomatch
meld_tra_01910,1,6,6,0,0,0.000000,nomatch
meld_tra_01911,2,25,25,0,0,0.000000,nomatch
meld_tra_01912,2,6,6,0,0,0.000000,nomatch
meld_tra_01913,1,4,4,0,0,0.000000,nomatch
meld_tra_01914,2,6,6,0,0,0.000000,nomatch
meld_tra_01915,1,1,1,0,0,0.000000,nomatch
meld_tra_01916,1,4,4,0,0,0.000000,nomatch
meld_tra_01917,1,21,21,0,0,0.000000,nomatch
meld_tra_01918,1,3,3,0,0,0.000000,nomatch
meld_tra_01919,1,6,6,0,0,0.000000,nomatch
meld_tra_01920,1,3,3,0,0,0.000000,nomatch
meld_tra_01921,1,6,6,0,0,0.000000,nomatch
meld_tra_01922,1,5,5,0,0,0.000000,nomatch
meld_tra_01923,2,12,12,0,0,0.000000,nomatch
meld_tra_01924,1,3,3,0,0,0.000000,nomatch
meld_tra_01925,1,17,17,0,0,0.000000,nomatch
meld_tra_01926,1,11,11,0,0,0.000000,nomatch
meld_tra_01927,1,12,12,0,0,0.000000,nomatch
meld_tra_01928,1,4,4,0,0,0.000000,nomatch
meld_tra_01929,1,9,9,0,0,0.000000,nomatch
meld_tra_01930,2,6,6,0,0,0.000000,nomatch
meld_tra_01931,2,3,3,0,0,0.000000,nomatch
meld_tra_01932,2,16,16,1,0,0.271163,nonzero
meld_tra_01933,2,8,8,0,0,0.000000,nomatch
meld_tra_01934,2,17,17,0,0,0.000000,nomatch
meld_tra_01935,1,3,3,0,0,0.000000,nomatch
meld_tra_01936,1,9,9,0,0,0.000000,nomatch
meld_tra_01937,1,12,12,0,0,0.000000,nomatch
meld_tra_01938,2,7,7,0,0,0.000000,nomatch
meld_tra_01939,1,1,1,0,0,0.000000,nomatch
meld_tra_01940,1,5,5,0,0,0.000000,nomatch
meld_tra_01941,2,4,4,0,0,0.000000,nomatch
meld_tra_01942,1,4,4,0,0,0.000000,nomatch
meld_tra_01943,3,12,12,0,0,0.000000,nomatch
meld_tra_01944,1,1,1,0,0,0.000000,nomatch
meld_tra_01945,1,5,5,0,0,0.000000,nomatch
meld_tra_01946,1,1,1,0,0,0.000000,nomatch
meld_tra_01947,1,2,2,0,0,0.000000,nomatch
meld_tra_01948,2,13,13,0,0,0.000000,nomatch
meld_tra_01949,2,25,25,0,0,0.000000,nomatch
meld_tra_01950,1,12,12,0,0,0.000000,nomatch
meld_tra_01951,1,7,7,0,0,0.000000,nomatch
meld_tra_01952,1,7,7,0,0,0.000000,nomatch
meld_tra_01953,1,3,3,0,0,0.000000,nomatch
meld_tra_01954,1,7,7,0,0,0.000000,nomatch
meld_tra_01955,1,3,3,0,0,0.000000,nomatch
meld_tra_01956,1,4,4,0,0,0.000000,nomatch
meld_tra_01957,1,2,2,0,0,0.000000,nomatch
meld_tra_01958,3,18,18,0,0,0.000000,nomatch
meld_tra_01959,1,15,15,0,0,0.000000,nomatch
meld_tra_01960,2,9,9,1,0,-0.180579,nonzero
meld_tra_01961,1,10,10,0,0,0.000000,nomatch
meld_tra_01962,1,3,3,0,0,0.000000,nomatch
meld_tra_01963,1,3,3,0,0,0.000000,nomatch
meld_tra_01964,2,14,14,0,0,0.000000,nomatch
meld_tra_01965,1,3,3,0,0,0.000000,nomatch
meld_tra_01966,2,10,10,0,0,0.000000,nomatch
meld_tra_01967,1,1,1,0,0,0.000000,nomatch
meld_tra_01968,1,3,3,0,0,0.000000,nomatch
meld_tra_01969,1,4,4,0,0,0.000000,nomatch
meld_tra_01970,2,22,22,1,0,0.064019,nonzero
meld_tra_01971,1,2,2,0,0,0.000000,nomatch
meld_tra_01972,1,3,3,0,0,0.000000,nomatch
meld_tra_01973,1,4,4,0,0,0.000000,nomatch
meld_tra_01974,1,2,2,0,0,0.000000,nomatch
meld_tra_01975,1,1,1,0,0,0.000000,nomatch
meld_tra_01976,4,21,21,0,0,0.000000,nomatch
meld_tra_01977,1,14,14,0,0,0.000000,nomatch
meld_tra_01978,2,13,13,1,0,0.180579,nonzero
meld_tra_01979,1,5,5,0,0,0.000000,nomatch
meld_tra_01980,1,22,22,0,0,0.000000,nomatch
meld_tra_01981,1,7,7,0,0,0.000000,nomatch
meld_tra_01982,1,3,3,0,0,0.000000,nomatch
meld_tra_01983,1,5,5,0,0,0.000000,nomatch
meld_tra_01984,1,1,1,0,0,0.000000,nomatch
meld_tra_01985,1,4,4,0,0,0.000000,nomatch
meld_tra_01986,1,21,21,0,0,0.000000,nomatch
meld_tra_01987,1,20,20,0,0,0.000000,nomatch
meld_tra_01988,1,4,4,0,0,0.000000,nomatch
meld_tra_01989,1,10,10,0,0,0.000000,nomatch
meld_tra_01990,1,2,2,0,0,0.000000,nomatch
meld_tra_01991,2,14,14,0,0,0.000000,nomatch
meld_tra_01992,1,6,6,0,0,0.000000,nomatch
meld_tra_01993,1,23,23,0,0,0.000000,nomatch
meld_tra_01994,2,17,17,0,0,0.000000,nomatch
meld_tra_01995,2,6,6,1,0,0.180579,nonzero
meld_tra_01996,1,16,16,0,0,0.000000,nomatch
meld_tra_01997,1,10,10,0,0,0.000000,nomatch
meld_tra_01998,1,6,6,0,0,0.000000,nomatch
meld_tra_01999,1,28,28,0,0,0.000000,nomatch
meld_tra_02000,2,11,11,0,0,0.000000,nomatch
meld_tra_02001,1,11,11,1,0,0.128037,nonzero
meld_tra_02002,2,8,8,0,0,0.000000,nomatch
meld_tra_02003,1,4,4,0,0,0.000000,nomatch
meld_tra_02004,1,12,12,1,0,0.202289,nonzero
meld_tra_02005,2,9,9,0,0,0.000000,nomatch
meld_tra_02006,1,2,2,1,0,-0.361158,nonzero
meld_tra_02007,2,5,5,0,0,0.000000,nomatch
meld_tra_02008,1,3,3,0,0,0.000000,nomatch
meld_tra_02009,1,4,4,0,0,0.000000,nomatch
meld_tra_02010,1,7,7,0,0,0.000000,nomatch
meld_tra_02011,1,4,4,0,0,0.000000,nomatch
meld_tra_02012,1,1,1,0,0,0.000000,nomatch
meld_tra_02013,1,4,4,0,0,0.000000,nomatch
meld_tra_02014,1,2,2,0,0,0.000000,nomatch
meld_tra_02015,2,8,8,0,0,0.000000,nomatch
meld_tra_02016,1,6,6,0,0,0.000000,nomatch
meld_tra_02017,1,10,10,0,0,0.000000,nomatch
meld_tra_02018,2,8,8,0,0,0.000000,nomatch
meld_tra_02019,2,2,2,1,0,0.289473,nonzero
meld_tra_02020,1,3,3,1,0,0.361158,nonzero
meld_tra_02021,3,12,12,0,0,0.000000,nomatch
meld_tra_02022,1,7,7,0,0,0.000000,nomatch
meld_tra_02023,1,2,2,0,0,0.000000,nomatch
meld_tra_02024,1,15,15,0,0,0.000000,nomatch
meld_tra_02025,1,7,7,0,0,0.000000,nomatch
meld_tra_02026,1,7,7,0,0,0.000000,nomatch
meld_tra_02027,1,10,10,0,0,0.000000,nomatch
meld_tra_02028,2,14,14,0,0,0.000000,nomatch
meld_tra_02029,2,16,16,0,0,0.000000,nomatch
meld_tra_02030,1,4,4,0,0,0.000000,nomatch
meld_tra_02031,1,18,18,0,0,0.000000,nomatch
meld_tra_02032,2,6,6,0,0,0.000000,nomatch
meld_tra_02033,1,27,27,1,0,0.594036,nonzero
meld_tra_02034,1,1,1,0,0,0.000000,nomatch
meld_tra_02035,1,9,9,0,0,0.000000,nomatch
meld_tra_02036,2,12,12,0,0,0.000000,nomatch
meld_tra_02037,2,11,11,0,0,0.000000,nomatch
meld_tra_02038,1,11,11,0,0,0.000000,nomatch
meld_tra_02039,1,2,2,0,0,0.000000,nomatch
meld_tra_02040,1,21,21,1,0,-0.458831,nonzero
meld_tra_02041,3,5,5,0,0,0.000000,nomatch
meld_tra_02042,1,5,5,1,0,0.339950,nonzero
meld_tra_02043,3,18,18,2,0,-0.317582,nonzero
meld_tra_02044,1,20,20,0,0,0.000000,nomatch
meld_tra_02045,1,12,12,0,0,0.000000,nomatch
meld_tra_02046,1,13,13,0,0,0.000000,nomatch
meld_tra_02047,2,7,7,0,0,0.000000,nomatch
meld_tra_02048,1,7,7,0,0,0.000000,nomatch
meld_tra_02049,1,4,4,0,0,0.000000,nomatch
meld_tra_02050,2,6,6,0,0,0.000000,nomatch
meld_tra_02051,1,1,1,0,0,0.000000,nomatch
meld_tra_02052,1,1,1,0,0,0.000000,nomatch
meld_tra_02053,2,6,6,0,0,0.000000,nomatch
meld_tra_02054,1,2,2,0,0,0.000000,nomatch
meld_tra_02055,1,21,21,1,0,0.542326,nonzero
meld_tra_02056,1,3,3,0,0,0.000000,nomatch
meld_tra_02057,1,10,10,0,0,0.000000,nomatch
meld_tra_02058,1,1,1,0,0,0.000000,nomatch
meld_tra_02059,3,15,15,0,0,0.000000,nomatch
meld_tra_02060,2,13,13,0,0,0.000000,nomatch
meld_tra_02061,3,11,11,1,0,0.120386,nonzero
meld_tra_02062,2,9,9,0,0,0.000000,nomatch
meld_tra_02063,1,1,1,0,0,0.000000,nomatch
meld_tra_02064,2,3,3,0,0,0.000000,nomatch
meld_tra_02065,1,14,14,0,0,0.000000,nomatch
meld_tra_02066,3,15,15,0,0,0.000000,nomatch
meld_tra_02067,1,15,15,1,0,0.261663,nonzero
meld_tra_02068,1,1,1,0,0,0.000000,nomatch
meld_tra_02069,1,6,6,0,0,0.000000,nomatch
meld_tra_02070,1,11,11,0,0,0.000000,nomatch
meld_tra_02071,1,9,9,0,0,0.000000,nomatch
meld_tra_02072,1,11,11,0,0,0.000000,nomatch
meld_tra_02073,1,10,10,0,0,0.000000,nomatch
meld_tra_02074,1,26,26,0,0,0.000000,nomatch
meld_tra_02075,1,5,5,0,0,0.000000,nomatch
meld_tra_02076,1,2,2,0,0,0.000000,nomatch
meld_tra_02077,1,20,20,0,0,0.000000,nomatch
meld_tra_02078,1,11,11,0,0,0.000000,nomatch
meld_tra_02079,1,5,5,0,0,0.000000,nomatch
meld_tra_02080,1,17,17,0,0,0.000000,nomatch
meld_tra_02081,1,6,6,0,0,0.000000,nomatch
meld_tra_02082,1,11,11,0,0,0.000000,nomatch
meld_tra_02083,1,2,2,0,0,0.000000,nomatch
meld_tra_02084,1,8,8,0,0,0.000000,nomatch
meld_tra_02085,1,6,6,0,0,0.000000,nomatch
meld_tra_02086,1,4,4,0,0,0.000000,nomatch
meld_tra_02087,2,6,6,0,0,0.000000,nomatch
meld_tra_02088,4,21,21,0,0,0.000000,nomatch
meld_tra_02089,1,10,10,0,0,0.000000,nomatch
meld_tra_02090,1,16,16,2,0,-0.790569,nonzero
meld_tra_02091,1,4,4,0,0,0.000000,nomatch
meld_tra_02092,1,5,5,0,0,0.000000,nomatch
meld_tra_02093,1,14,14,0,0,0.000000,nomatch
meld_tra_02094,1,2,2,0,0,0.000000,nomatch
meld_tra_02095,2,2,2,0,0,0.000000,nomatch
meld_tra_02096,1,2,2,0,0,0.000000,nomatch
meld_tra_02097,2,26,26,0,0,0.000000,nomatch
meld_tra_02098,1,2,2,0,0,0.000000,nomatch
meld_tra_02099,1,1,1,0,0,0.000000,nomatch
meld_tra_02100,1,2,2,0,0,0.000000,nomatch
meld_tra_02101,1,2,2,0,0,0.000000,nomatch
meld_tra_02102,1,6,6,0,0,0.000000,nomatch
meld_tra_02103,1,1,1,0,0,0.000000,nomatch
meld_tra_02104,1,5,5,0,0,0.000000,nomatch
meld_tra_02105,1,3,3,0,0,0.000000,nomatch
meld_tra_02106,1,6,6,1,0,-0.458831,nonzero
meld_tra_02107,3,6,6,0,0,0.000000,nomatch
meld_tra_02108,1,7,7,0,0,0.000000,nomatch
meld_tra_02109,1,2,2,0,0,0.000000,nomatch
meld_tra_02110,3,15,15,0,0,0.000000,nomatch
meld_tra_02111,1,13,13,0,0,0.000000,nomatch
meld_tra_02112,3,16,16,0,0,0.000000,nomatch
meld_tra_02113,1,6,6,0,0,0.000000,nomatch
meld_tra_02114,1,5,5,0,0,0.000000,nomatch
meld_tra_02115,1,12,12,0,0,0.000000,nomatch
meld_tra_02116,1,10,10,0,0,0.000000,nomatch
meld_tra_02117,1,13,13,0,0,0.000000,nomatch
meld_tra_02118,1,18,18,0,0,0.000000,nomatch
meld_tra_02119,1,6,6,0,0,0.000000,nomatch
meld_tra_02120,1,10,10,0,0,0.000000,nomatch
meld_tra_02121,1,9,9,0,0,0.000000,nomatch
meld_tra_02122,1,9,9,0,0,0.000000,nomatch
meld_tra_02123,1,1,1,0,0,0.000000,nomatch
meld_tra_02124,1,17,17,0,0,0.000000,nomatch
meld_tra_02125,2,5,5,0,0,0.000000,nomatch
meld_tra_02126,3,20,20,0,0,0.000000,nomatch
meld_tra_02127,1,9,9,0,0,0.000000,nomatch
meld_tra_02128,1,2,2,0,0,0.000000,nomatch
meld_tra_02129,1,1,1,0,0,0.000000,nomatch
meld_tra_02130,1,13,13,0,0,0.000000,nomatch
meld_tra_02131,2,16,16,0,0,0.000000,nomatch
meld_tra_02132,1,2,2,0,0,0.000000,nomatch
meld_tra_02133,1,4,4,0,0,0.000000,nomatch
meld_tra_02134,1,22,22,0,0,0.000000,nomatch
meld_tra_02135,1,2,2,0,0,0.000000,nomatch
meld_tra_02136,1,16,16,0,0,0.000000,nomatch
meld_tra_02137,2,7,7,0,0,0.000000,nomatch
meld_tra_02138,1,1,1,0,0,0.000000,nomatch
meld_tra_02139,1,1,1,0,0,0.000000,nomatch
meld_tra_02140,1,3,3,0,0,0.000000,nomatch
meld_tra_02141,1,6,6,0,0,0.000000,nomatch
meld_tra_02142,1,2,2,0,0,0.000000,nomatch
meld_tra_02143,2,8,8,0,0,0.000000,nomatch
meld_tra_02144,1,3,3,0,0,0.000000,nomatch
meld_tra_02145,2,12,12,0,0,0.000000,nomatch
meld_tra_02146,2,15,15,1,0,0.180579,nonzero
meld_tra_02147,2,2,2,0,0,0.000000,nomatch
meld_tra_02148,3,8,8,0,0,0.000000,nomatch
meld_tra_02149,1,2,2,0,0,0.000000,nomatch
meld_tra_02150,1,2,2,1,0,-0.361158,nonzero
meld_tra_02151,1,11,11,0,0,0.000000,nomatch
meld_tra_02152,1,17,17,0,0,0.000000,nomatch
meld_tra_02153,1,5,5,0,0,0.000000,nomatch
meld_tra_02154,1,15,15,0,0,0.000000,nomatch
meld_tra_02155,1,6,6,0,0,0.000000,nomatch
meld_tra_02156,1,15,15,0,0,0.000000,nomatch
meld_tra_02157,1,3,3,0,0,0.000000,nomatch
meld_tra_02158,1,7,7,0,0,0.000000,nomatch
meld_tra_02159,2,7,7,0,0,0.000000,nomatch
meld_tra_02160,2,10,10,2,0,0.361158,nonzero
meld_tra_02161,1,9,9,0,0,0.000000,nomatch
meld_tra_02162,1,7,7,0,0,0.000000,nomatch
meld_tra_02163,2,11,11,0,0,0.000000,nomatch
meld_tra_02164,1,6,6,0,0,0.000000,nomatch
meld_tra_02165,2,21,21,1,0,0.180579,nonzero
meld_tra_02166,1,6,6,0,0,0.000000,nomatch
meld_tra_02167,2,8,8,0,0,0.000000,nomatch
meld_tra_02168,2,11,11,0,0,0.000000,nomatch
meld_tra_02169,1,4,4,0,0,0.000000,nomatch
meld_tra_02170,1,5,5,0,0,0.000000,nomatch
meld_tra_02171,1,2,2,0,0,0.000000,nomatch
meld_tra_02172,1,11,11,0,0,0.000000,nomatch
meld_tra_02173,1,8,8,0,0,0.000000,nomatch
meld_tra_02174,2,13,13,1,0,0.064019,nonzero
meld_tra_02175,2,18,18,0,0,0.000000,nomatch
meld_tra_02176,1,6,6,0,0,0.000000,nomatch
meld_tra_02177,1,1,1,0,0,0.000000,nomatch
meld_tra_02178,1,2,2,0,0,0.000000,nomatch
meld_tra_02179,2,16,16,0,0,0.000000,nomatch
meld_tra_02180,1,25,25,0,0,0.000000,nomatch
meld_tra_02181,1,14,14,0,0,0.000000,nomatch
meld_tra_02182,1,5,5,0,0,0.000000,nomatch
meld_tra_02183,1,2,2,0,0,0.000000,nomatch
meld_tra_02184,2,2,2,0,0,0.000000,nomatch
meld_tra_02185,1,6,6,0,0,0.000000,nomatch
meld_tra_02186,1,1,1,0,0,0.000000,nomatch
meld_tra_02187,1,5,5,1,0,0.361158,nonzero
meld_tra_02188,3,14,14,0,0,0.000000,nomatch
meld_tra_02189,3,10,10,1,0,0.120386,nonzero
meld_tra_02190,1,5,5,0,0,0.000000,nomatch
meld_tra_02191,1,21,21,0,1,-0.128037,nonzero
meld_tra_02192,2,23,23,0,0,0.000000,nomatch
meld_tra_02193,3,13,13,2,0,0.330677,nonzero
meld_tra_02194,3,9,9,0,0,0.000000,nomatch
meld_tra_02195,1,21,21,0,0,0.000000,nomatch
meld_tra_02196,1,4,4,0,0,0.000000,nomatch
meld_tra_02197,1,3,3,0,0,0.000000,nomatch
meld_tra_02198,1,24,24,0,0,0.000000,nomatch
meld_tra_02199,1,14,14,0,0,0.000000,nomatch
meld_tra_02200,1,10,10,0,0,0.000000,nomatch
meld_tra_02201,1,6,6,0,0,0.000000,nomatch
meld_tra_02202,2,7,7,0,0,0.000000,nomatch
meld_tra_02203,2,8,8,0,0,0.000000,nomatch
meld_tra_02204,1,16,16,1,0,-0.421464,nonzero
meld_tra_02205,1,24,24,0,0,0.000000,nomatch
meld_tra_02206,1,3,3,0,0,0.000000,nomatch
meld_tra_02207,1,2,2,0,0,0.000000,nomatch
meld_tra_02208,1,7,7,0,0,0.000000,nomatch
meld_tra_02209,2,3,3,0,0,0.000000,nomatch
meld_tra_02210,1,4,4,0,0,0.000000,nomatch
meld_tra_02211,1,21,21,0,0,0.000000,nomatch
meld_tra_02212,1,7,7,0,0,0.000000,nomatch
meld_tra_02213,2,7,7,0,0,0.000000,nomatch
meld_tra_02214,1,9,9,0,0,0.000000,nomatch
meld_tra_02215,1,3,3,0,0,0.000000,nomatch
meld_tra_02216,2,10,10,0,0,0.000000,nomatch
meld_tra_02217,1,2,2,0,0,0.000000,nomatch
meld_tra_02218,1,1,1,0,0,0.000000,nomatch
meld_tra_02219,2,7,7,0,0,0.000000,nomatch
meld_tra_02220,1,1,1,0,0,0.000000,nomatch
meld_tra_02221,2,7,7,0,0,0.000000,nomatch
meld_tra_02222,1,6,6,1,0,0.128037,nonzero
meld_tra_02223,4,17,17,0,0,0.000000,nomatch
meld_tra_02224,1,5,5,0,0,0.000000,nomatch
meld_tra_02225,3,16,16,0,0,0.000000,nomatch
meld_tra_02226,2,16,16,0,0,0.000000,nomatch
meld_tra_02227,1,2,2,0,0,0.000000,nomatch
meld_tra_02228,1,2,2,0,0,0.000000,nomatch
meld_tra_02229,2,20,20,0,0,0.000000,nomatch
meld_tra_02230,1,6,6,0,0,0.000000,nomatch
meld_tra_02231,3,8,8,0,0,0.000000,nomatch
meld_tra_02232,1,4,4,0,0,0.000000,nomatch
meld_tra_02233,1,2,2,0,0,0.000000,nomatch
meld_tra_02234,2,13,13,0,0,0.000000,nomatch
meld_tra_02235,1,5,5,0,0,0.000000,nomatch
meld_tra_02236,1,3,3,0,0,0.000000,nomatch
meld_tra_02237,1,5,5,1,0,-0.361158,nonzero
meld_tra_02238,1,1,1,0,0,0.000000,nomatch
meld_tra_02239,2,13,13,0,0,0.000000,nomatch
meld_tra_02240,1,15,15,0,0,0.000000,nomatch
meld_tra_02241,1,19,19,0,0,0.000000,nomatch
meld_tra_02242,1,16,16,0,0,0.000000,nomatch
meld_tra_02243,3,21,21,1,0,0.120386,nonzero
meld_tra_02244,1,23,23,0,0,0.000000,nomatch
meld_tra_02245,2,5,5,0,0,0.000000,nomatch
meld_tra_02246,1,16,16,2,0,-0.612372,nonzero
meld_tra_02247,2,10,10,0,0,0.000000,nomatch
meld_tra_02248,1,0,0,0,0,0.000000,nomatch
meld_tra_02249,1,5,5,0,0,0.000000,nomatch
meld_tra_02250,1,8,8,0,0,0.000000,nomatch
meld_tra_02251,1,1,1,0,0,0.000000,nomatch
meld_tra_02252,2,17,17,0,0,0.000000,nomatch
meld_tra_02253,5,13,13,0,0,0.000000,nomatch
meld_tra_02254,1,15,15,0,0,0.000000,nomatch
meld_tra_02255,2,7,7,0,0,0.000000,nomatch
meld_tra_02256,2,24,24,1,0,-0.180579,nonzero
meld_tra_02257,1,4,4,0,0,0.000000,nomatch
meld_tra_02258,1,14,14,0,0,0.000000,nomatch
meld_tra_02259,2,11,11,0,0,0.000000,nomatch
meld_tra_02260,1,4,4,0,0,0.000000,nomatch
meld_tra_02261,1,25,25,0,0,0.000000,nomatch
meld_tra_02262,3,18,18,0,0,0.000000,nomatch
meld_tra_02263,1,2,2,0,0,0.000000,nomatch
meld_tra_02264,1,1,1,0,0,0.000000,nomatch
meld_tra_02265,3,21,21,1,0,0.087221,nonzero
meld_tra_02266,2,7,7,1,0,-0.229415,nonzero
meld_tra_02267,1,1,1,0,0,0.000000,nomatch
meld_tra_02268,1,31,31,0,0,0.000000,nomatch
meld_tra_02269,1,13,13,1,0,0.493915,nonzero
meld_tra_02270,1,3,3,0,0,0.000000,nomatch
meld_tra_02271,1,5,5,0,0,0.000000,nomatch
meld_tra_02272,1,9,9,0,0,0.000000,nomatch
meld_tra_02273,1,1,1,0,0,0.000000,nomatch
meld_tra_02274,2,19,19,2,0,-0.440148,nonzero
meld_tra_02275,1,5,5,0,0,0.000000,nomatch
meld_tra_02276,3,13,13,1,0,0.067430,nonzero
meld_tra_02277,1,2,2,0,0,0.000000,nomatch
meld_tra_02278,6,12,12,3,0,0.064019,nonzero
meld_tra_02279,1,8,8,0,0,0.000000,nomatch
meld_tra_02280,1,14,14,0,0,0.000000,nomatch
meld_tra_02281,1,13,13,1,0,0.128037,nonzero
meld_tra_02282,1,1,1,0,0,0.000000,nomatch
meld_tra_02283,1,5,5,0,0,0.000000,nomatch
meld_tra_02284,1,2,2,0,0,0.000000,nomatch
meld_tra_02285,1,24,24,0,0,0.000000,nomatch
meld_tra_02286,1,13,13,0,0,0.000000,nomatch
meld_tra_02287,1,6,6,0,0,0.000000,nomatch
meld_tra_02288,1,15,15,0,0,0.000000,nomatch
meld_tra_02289,1,5,5,0,0,0.000000,nomatch
meld_tra_02290,1,4,4,0,0,0.000000,nomatch
meld_tra_02291,1,4,4,0,0,0.000000,nomatch
meld_tra_02292,2,18,18,1,0,0.064019,nonzero
meld_tra_02293,2,14,14,0,0,0.000000,nomatch
meld_tra_02294,1,1,1,0,0,0.000000,nomatch
meld_tra_02295,1,12,12,0,0,0.000000,nomatch
meld_tra_02296,1,12,12,0,0,0.000000,nomatch
meld_tra_02297,1,5,5,0,0,0.000000,nomatch
meld_tra_02298,2,22,22,0,0,0.000000,nomatch
meld_tra_02299,2,14,14,0,0,0.000000,nomatch
meld_tra_02300,1,7,7,1,0,0.261663,nonzero
meld_tra_02301,1,3,3,0,0,0.000000,nomatch
meld_tra_02302,1,6,6,0,0,0.000000,nomatch
meld_tra_02303,1,16,16,0,0,0.000000,nomatch
meld_tra_02304,1,10,10,0,0,0.000000,nomatch
meld_tra_02305,1,1,1,0,0,0.000000,nomatch
meld_tra_02306,1,17,17,0,0,0.000000,nomatch
meld_tra_02307,2,7,7,0,0,0.000000,nomatch
meld_tra_02308,1,17,17,0,0,0.000000,nomatch
meld_tra_02309,1,4,4,1,0,0.361158,nonzero
meld_tra_02310,2,13,13,1,0,0.064019,nonzero
meld_tra_02311,1,6,6,0,0,0.000000,nomatch
meld_tra_02312,1,9,9,0,0,0.000000,nomatch
meld_tra_02313,2,10,10,0,0,0.000000,nomatch
meld_tra_02314,1,2,2,0,0,0.000000,nomatch
meld_tra_02315,1,8,8,0,0,0.000000,nomatch
meld_tra_02316,1,4,4,0,0,0.000000,nomatch
meld_tra_02317,2,21,21,1,0,0.169975,nonzero
meld_tra_02318,1,8,8,0,0,0.000000,nomatch
meld_tra_02319,2,15,15,0,0,0.000000,nomatch
meld_tra_02320,1,4,4,0,0,0.000000,nomatch
meld_tra_02321,2,7,7,0,0,0.000000,nomatch
meld_tra_02322,1,2,2,0,0,0.000000,nomatch
meld_tra_02323,1,14,14,0,0,0.000000,nomatch
meld_tra_02324,1,15,15,0,0,0.000000,nomatch
meld_tra_02325,1,6,6,0,0,0.000000,nomatch
meld_tra_02326,1,14,14,0,0,0.000000,nomatch
meld_tra_02327,1,25,25,0,0,0.000000,nomatch
meld_tra_02328,1,2,2,1,0,-0.361158,nonzero
meld_tra_02329,1,33,33,0,0,0.000000,nomatch
meld_tra_02330,1,10,10,0,0,0.000000,nomatch
meld_tra_02331,2,18,18,0,0,0.000000,nomatch
meld_tra_02332,1,3,3,0,0,0.000000,nomatch
meld_tra_02333,2,17,17,0,0,0.000000,nomatch
meld_tra_02334,2,8,8,0,0,0.000000,nomatch
meld_tra_02335,1,22,22,0,0,0.000000,nomatch
meld_tra_02336,1,15,15,0,0,0.000000,nomatch
meld_tra_02337,1,11,11,0,0,0.000000,nomatch
meld_tra_02338,1,5,5,0,0,0.000000,nomatch
meld_tra_02339,1,16,16,0,0,0.000000,nomatch
meld_tra_02340,1,3,3,0,0,0.000000,nomatch
meld_tra_02341,1,10,10,0,0,0.000000,nomatch
meld_tra_02342,1,21,21,0,0,0.000000,nomatch
meld_tra_02343,1,12,12,1,0,-0.361158,nonzero
meld_tra_02344,1,6,6,0,0,0.000000,nomatch
meld_tra_02345,1,8,8,0,0,0.000000,nomatch
meld_tra_02346,2,17,17,1,0,-0.180579,nonzero
meld_tra_02347,1,7,7,0,0,0.000000,nomatch
meld_tra_02348,1,21,21,1,0,-0.421464,nonzero
meld_tra_02349,1,11,11,0,0,0.000000,nomatch
meld_tra_02350,1,1,1,0,0,0.000000,nomatch
meld_tra_02351,4,22,22,0,0,0.000000,nomatch
meld_tra_02352,1,6,6,0,0,0.000000,nomatch
meld_tra_02353,2,6,6,0,0,0.000000,nomatch
meld_tra_02354,2,7,7,0,0,0.000000,nomatch
meld_tra_02355,1,1,1,0,0,0.000000,nomatch
meld_tra_02356,1,1,1,0,0,0.000000,nomatch
meld_tra_02357,1,7,7,0,0,0.000000,nomatch
meld_tra_02358,1,11,11,1,0,-0.361158,nonzero
meld_tra_02359,5,17,17,0,0,0.000000,nomatch
meld_tra_02360,2,13,13,0,0,0.000000,nomatch
meld_tra_02361,2,6,6,0,0,0.000000,nomatch
meld_tra_02362,1,16,16,0,0,0.000000,nomatch
meld_tra_02363,2,22,22,0,0,0.000000,nomatch
meld_tra_02364,3,24,24,0,0,0.000000,nomatch
meld_tra_02365,1,7,7,0,0,0.000000,nomatch
meld_tra_02366,1,16,16,1,0,-0.361158,nonzero
meld_tra_02367,1,6,6,0,0,0.000000,nomatch
meld_tra_02368,3,20,20,0,0,0.000000,nomatch
meld_tra_02369,2,11,11,0,0,0.000000,nomatch
meld_tra_02370,1,16,16,0,0,0.000000,nomatch
meld_tra_02371,1,3,3,0,0,0.000000,nomatch
meld_tra_02372,1,5,5,0,0,0.000000,nomatch
meld_tra_02373,1,6,6,0,0,0.000000,nomatch
meld_tra_02374,1,3,3,0,0,0.000000,nomatch
meld_tra_02375,4,15,15,0,0,0.000000,nomatch
meld_tra_02376,1,3,3,0,0,0.000000,nomatch
meld_tra_02377,2,5,5,0,0,0.000000,nomatch
meld_tra_02378,2,7,7,0,0,0.000000,nomatch
meld_tra_02379,2,5,5,0,0,0.000000,nomatch
meld_tra_02380,1,1,1,0,0,0.000000,nomatch
meld_tra_02381,1,1,1,0,0,0.000000,nomatch
meld_tra_02382,3,18,18,0,0,0.000000,nomatch
meld_tra_02383,2,6,6,0,0,0.000000,nomatch
meld_tra_02384,2,3,3,0,0,0.000000,nomatch
meld_tra_02385,1,1,1,0,0,0.000000,nomatch
meld_tra_02386,1,2,2,0,0,0.000000,nomatch
meld_tra_02387,5,17,17,0,0,0.000000,nomatch
meld_tra_02388,1,2,2,0,0,0.000000,nomatch
meld_tra_02389,1,5,5,0,0,0.000000,nomatch
meld_tra_02390,1,15,15,0,0,0.000000,nomatch
meld_tra_02391,1,11,11,0,0,0.000000,nomatch
meld_tra_02392,1,1,1,0,0,0.000000,nomatch
meld_tra_02393,1,7,7,0,0,0.000000,nomatch
meld_tra_02394,1,6,6,0,0,0.000000,nomatch
meld_tra_02395,2,5,5,0,0,0.000000,nomatch
meld_tra_02396,2,6,6,0,1,-0.064019,nonzero
meld_tra_02397,1,8,8,0,0,0.000000,nomatch
meld_tra_02398,1,9,9,1,0,-0.361158,nonzero
meld_tra_02399,1,8,8,0,0,0.000000,nomatch
meld_tra_02400,1,4,4,1,0,-0.612372,nonzero
meld_tra_02401,1,12,12,0,0,0.000000,nomatch
meld_tra_02402,1,13,13,0,0,0.000000,nomatch
meld_tra_02403,1,2,2,0,0,0.000000,nomatch
meld_tra_02404,4,12,12,0,0,0.000000,nomatch
meld_tra_02405,1,6,6,0,0,0.000000,nomatch
meld_tra_02406,1,31,31,1,0,-0.361158,nonzero
meld_tra_02407,1,22,22,0,0,0.000000,nomatch
meld_tra_02408,1,6,6,0,0,0.000000,nomatch
meld_tra_02409,1,1,1,0,0,0.000000,nomatch
meld_tra_02410,2,3,3,0,0,0.000000,nomatch
meld_tra_02411,1,6,6,0,0,0.000000,nomatch
meld_tra_02412,1,14,14,0,0,0.000000,nomatch
meld_tra_02413,1,5,5,0,0,0.000000,nomatch
meld_tra_02414,1,5,5,0,0,0.000000,nomatch
meld_tra_02415,3,7,7,0,0,0.000000,nomatch
meld_tra_02416,2,21,21,2,0,-0.057707,nonzero
meld_tra_02417,3,19,19,0,0,0.000000,nomatch
meld_tra_02418,3,8,8,0,0,0.000000,nomatch
meld_tra_02419,1,4,4,0,0,0.000000,nomatch
meld_tra_02420,2,6,6,0,0,0.000000,nomatch
meld_tra_02421,1,4,4,0,0,0.000000,nomatch
meld_tra_02422,1,4,4,0,0,0.000000,nomatch
meld_tra_02423,1,1,1,0,0,0.000000,nomatch
meld_tra_02424,1,4,4,0,0,0.000000,nomatch
meld_tra_02425,1,2,2,0,0,0.000000,nomatch
meld_tra_02426,1,3,3,0,0,0.000000,nomatch
meld_tra_02427,1,1,1,0,0,0.000000,nomatch
meld_tra_02428,1,6,6,0,0,0.000000,nomatch
meld_tra_02429,2,19,19,0,0,0.000000,nomatch
meld_tra_02430,1,4,4,0,0,0.000000,nomatch
meld_tra_02431,2,8,8,0,0,0.000000,nomatch
meld_tra_02432,1,9,9,0,1,-0.361158,nonzero
meld_tra_02433,3,18,18,1,0,-0.152944,nonzero
meld_tra_02434,2,8,8,0,0,0.000000,nomatch
meld_tra_02435,1,3,3,0,0,0.000000,nomatch
meld_tra_02436,1,4,4,1,0,0.542326,nonzero
meld_tra_02437,1,1,1,0,0,0.000000,nomatch
meld_tra_02438,1,1,1,0,0,0.000000,nomatch
meld_tra_02439,1,5,5,0,0,0.000000,nomatch
meld_tra_02440,1,11,11,0,0,0.000000,nomatch
meld_tra_02441,1,4,4,0,0,0.000000,nomatch
meld_tra_02442,1,12,12,0,0,0.000000,nomatch
meld_tra_02443,1,3,3,0,0,0.000000,nomatch
meld_tra_02444,1,1,1,0,0,0.000000,nomatch
meld_tra_02445,3,13,13,0,0,0.000000,nomatch
meld_tra_02446,1,9,9,0,0,0.000000,nomatch
meld_tra_02447,2,7,7,0,0,0.000000,nomatch
meld_tra_02448,1,16,16,1,0,-0.612372,nonzero
meld_tra_02449,1,8,8,1,0,-0.361158,nonzero
meld_tra_02450,1,11,11,0,0,0.000000,nomatch
meld_tra_02451,1,12,12,0,0,0.000000,nomatch
meld_tra_02452,2,11,11,0,0,0.000000,nomatch
meld_tra_02453,2,12,12,0,0,0.000000,nomatch
meld_tra_02454,1,7,7,1,0,0.361158,nonzero
meld_tra_02455,1,14,14,0,0,0.000000,nomatch
meld_tra_02456,1,4,4,0,0,0.000000,nomatch
meld_tra_02457,1,2,2,0,0,0.000000,nomatch
meld_tra_02458,1,2,2,0,0,0.000000,nomatch
meld_tra_02459,1,2,2,0,0,0.000000,nomatch
meld_tra_02460,1,2,2,0,0,0.000000,nomatch
meld_tra_02461,3,11,11,0,0,0.000000,nomatch
meld_tra_02462,1,9,9,0,0,0.000000,nomatch
meld_tra_02463,1,4,4,0,0,0.000000,nomatch
meld_tra_02464,1,1,1,0,0,0.000000,nomatch
meld_tra_02465,1,6,6,0,0,0.000000,nomatch
meld_tra_02466,1,4,4,1,0,-0.458831,nonzero
meld_tra_02467,1,1,1,1,0,-0.684850,nonzero
meld_tra_02468,2,7,7,0,0,0.000000,nomatch
meld_tra_02469,1,9,9,0,0,0.000000,nomatch
meld_tra_02470,1,9,9,0,0,0.000000,nomatch
meld_tra_02471,1,11,11,0,0,0.000000,nomatch
meld_tra_02472,1,13,13,1,0,-0.361158,nonzero
meld_tra_02473,1,30,30,0,0,0.000000,nomatch
meld_tra_02474,2,5,5,0,0,0.000000,nomatch
meld_tra_02475,2,17,17,0,0,0.000000,nomatch
meld_tra_02476,1,8,8,0,0,0.000000,nomatch
meld_tra_02477,1,2,2,0,0,0.000000,nomatch
meld_tra_02478,1,2,2,0,0,0.000000,nomatch
meld_tra_02479,1,5,5,0,0,0.000000,nomatch
meld_tra_02480,2,7,7,0,0,0.000000,nomatch
meld_tra_02481,1,1,1,0,0,0.000000,nomatch
meld_tra_02482,1,11,11,0,0,0.000000,nomatch
meld_tra_02483,1,15,15,0,0,0.000000,nomatch
meld_tra_02484,1,8,8,0,0,0.000000,nomatch
meld_tra_02485,1,4,4,0,0,0.000000,nomatch
meld_tra_02486,1,10,10,0,0,0.000000,nomatch
meld_tra_02487,1,3,3,0,0,0.000000,nomatch
meld_tra_02488,1,22,22,0,0,0.000000,nomatch
meld_tra_02489,1,9,9,0,0,0.000000,nomatch
meld_tra_02490,1,7,7,0,0,0.000000,nomatch
meld_tra_02491,1,6,6,0,0,0.000000,nomatch
meld_tra_02492,1,4,4,0,0,0.000000,nomatch
meld_tra_02493,3,8,8,0,0,0.000000,nomatch
meld_tra_02494,1,3,3,0,0,0.000000,nomatch
meld_tra_02495,2,13,13,0,0,0.000000,nomatch
meld_tra_02496,2,8,8,0,0,0.000000,nomatch
meld_tra_02497,2,13,13,0,0,0.000000,nomatch
meld_tra_02498,2,3,3,0,0,0.000000,nomatch
meld_tra_02499,2,14,14,0,0,0.000000,nomatch
meld_tra_02500,1,5,5,0,0,0.000000,nomatch
meld_tra_02501,1,8,8,0,0,0.000000,nomatch
meld_tra_02502,1,11,11,0,0,0.000000,nomatch
meld_tra_02503,5,16,16,0,0,0.000000,nomatch
meld_tra_02504,3,12,12,0,0,0.000000,nomatch
meld_tra_02505,2,13,13,0,0,0.000000,nomatch
meld_tra_02506,2,7,7,0,0,0.000000,nomatch
meld_tra_02507,1,3,3,0,0,0.000000,nomatch
meld_tra_02508,1,4,4,0,0,0.000000,nomatch
meld_tra_02509,1,10,10,0,0,0.000000,nomatch
meld_tra_02510,1,31,31,0,0,0.000000,nomatch
meld_tra_02511,2,14,14,0,0,0.000000,nomatch
meld_tra_02512,1,5,5,1,0,-0.361158,nonzero
meld_tra_02513,1,7,7,1,0,0.449704,nonzero
meld_tra_02514,1,1,1,0,0,0.000000,nomatch
meld_tra_02515,2,6,6,0,0,0.000000,nomatch
meld_tra_02516,1,1,1,0,0,0.000000,nomatch
meld_tra_02517,2,5,5,0,0,0.000000,nomatch
meld_tra_02518,1,8,8,0,0,0.000000,nomatch
meld_tra_02519,1,3,3,0,0,0.000000,nomatch
meld_tra_02520,1,9,9,0,0,0.000000,nomatch
meld_tra_02521,1,12,12,0,0,0.000000,nomatch
meld_tra_02522,3,15,15,0,0,0.000000,nomatch
meld_tra_02523,1,3,3,0,0,0.000000,nomatch
meld_tra_02524,1,6,6,1,0,0.542326,nonzero
meld_tra_02525,1,8,8,0,0,0.000000,nomatch
meld_tra_02526,1,7,7,0,0,0.000000,nomatch
meld_tra_02527,2,18,18,1,0,0.271163,nonzero
meld_tra_02528,1,11,11,0,0,0.000000,nomatch
meld_tra_02529,1,19,19,1,0,0.542326,nonzero
meld_tra_02530,1,10,10,0,0,0.000000,nomatch
meld_tra_02531,1,2,2,0,0,0.000000,nomatch
meld_tra_02532,1,15,15,1,0,-0.655311,nonzero
meld_tra_02533,2,10,10,0,0,0.000000,nomatch
meld_tra_02534,1,5,5,0,0,0.000000,nomatch
meld_tra_02535,2,10,10,0,0,0.000000,nomatch
meld_tra_02536,1,3,3,0,0,0.000000,nomatch
meld_tra_02537,2,19,19,0,0,0.000000,nomatch
meld_tra_02538,1,14,14,0,0,0.000000,nomatch
meld_tra_02539,1,9,9,0,0,0.000000,nomatch
meld_tra_02540,1,2,2,0,0,0.000000,nomatch
meld_tra_02541,1,10,10,0,0,0.000000,nomatch
meld_tra_02542,1,8,8,0,0,0.000000,nomatch
meld_tra_02543,2,26,26,1,0,0.229415,nonzero
meld_tra_02544,2,11,11,0,0,0.000000,nomatch
meld_tra_02545,2,5,5,0,0,0.000000,nomatch
meld_tra_02546,2,6,6,1,0,-0.180579,nonzero
meld_tra_02547,1,7,7,0,0,0.000000,nomatch
meld_tra_02548,3,21,21,0,0,0.000000,nomatch
meld_tra_02549,1,6,6,0,0,0.000000,nomatch
meld_tra_02550,1,5,5,0,0,0.000000,nomatch
meld_tra_02551,1,3,3,0,0,0.000000,nomatch
meld_tra_02552,1,4,4,0,0,0.000000,nomatch
meld_tra_02553,2,6,6,0,0,0.000000,nomatch
meld_tra_02554,1,1,1,0,0,0.000000,nomatch
meld_tra_02555,2,6,6,0,0,0.000000,nomatch
meld_tra_02556,1,1,1,0,0,0.000000,nomatch
meld_tra_02557,3,17,17,1,0,0.067430,nonzero
meld_tra_02558,1,1,1,0,0,0.000000,nomatch
meld_tra_02559,2,19,19,0,0,0.000000,nomatch
meld_tra_02560,1,12,12,0,0,0.000000,nomatch
meld_tra_02561,4,20,20,0,0,0.000000,nomatch
meld_tra_02562,1,1,1,0,0,0.000000,nomatch
meld_tra_02563,1,5,5,0,0,0.000000,nomatch
meld_tra_02564,1,7,7,0,0,0.000000,nomatch
meld_tra_02565,1,1,1,0,0,0.000000,nomatch
meld_tra_02566,2,7,7,0,0,0.000000,nomatch
meld_tra_02567,4,9,9,0,1,-0.032009,nonzero
meld_tra_02568,1,12,12,0,0,0.000000,nomatch
meld_tra_02569,1,6,6,0,0,0.000000,nomatch
meld_tra_02570,1,4,4,0,0,0.000000,nomatch
meld_tra_02571,1,15,15,0,0,0.000000,nomatch
meld_tra_02572,1,2,2,0,0,0.000000,nomatch
meld_tra_02573,1,6,6,0,0,0.000000,nomatch
meld_tra_02574,1,18,18,0,0,0.000000,nomatch
meld_tra_02575,1,3,3,0,0,0.000000,nomatch
meld_tra_02576,1,27,27,1,0,0.458831,nonzero
meld_tra_02577,2,18,18,0,0,0.000000,nomatch
meld_tra_02578,1,2,2,0,0,0.000000,nomatch
meld_tra_02579,1,1,1,0,0,0.000000,nomatch
meld_tra_02580,1,1,1,0,0,0.000000,nomatch
meld_tra_02581,2,8,8,0,0,0.000000,nomatch
meld_tra_02582,1,3,3,0,0,0.000000,nomatch
meld_tra_02583,1,12,12,0,0,0.000000,nomatch
meld_tra_02584,1,12,12,0,0,0.000000,nomatch
meld_tra_02585,1,2,2,0,0,0.000000,nomatch
meld_tra_02586,2,7,7,0,0,0.000000,nomatch
meld_tra_02587,6,21,21,0,0,0.000000,nomatch
meld_tra_02588,1,1,1,0,0,0.000000,nomatch
meld_tra_02589,1,4,4,0,0,0.000000,nomatch
meld_tra_02590,1,1,1,0,0,0.000000,nomatch
meld_tra_02591,1,15,15,0,0,0.000000,nomatch
meld_tra_02592,1,4,4,1,0,-0.361158,nonzero
meld_tra_02593,1,7,7,0,0,0.000000,nomatch
meld_tra_02594,1,5,5,0,0,0.000000,nomatch
meld_tra_02595,1,5,5,0,0,0.000000,nomatch
meld_tra_02596,1,9,9,0,0,0.000000,nomatch
meld_tra_02597,1,14,14,0,0,0.000000,nomatch
meld_tra_02598,1,5,5,0,0,0.000000,nomatch
meld_tra_02599,1,2,2,0,0,0.000000,nomatch
meld_tra_02600,1,5,5,0,0,0.000000,nomatch
meld_tra_02601,1,24,24,0,0,0.000000,nomatch
meld_tra_02602,1,6,6,0,0,0.000000,nomatch
meld_tra_02603,1,5,5,0,0,0.000000,nomatch
meld_tra_02604,1,14,14,0,0,0.000000,nomatch
meld_tra_02605,1,7,7,0,0,0.000000,nomatch
meld_tra_02606,2,16,16,1,0,-0.071552,nonzero
meld_tra_02607,4,6,6,0,0,0.000000,nomatch
meld_tra_02608,1,7,7,0,0,0.000000,nomatch
meld_tra_02609,1,18,18,0,0,0.000000,nomatch
meld_tra_02610,2,11,11,0,0,0.000000,nomatch
meld_tra_02611,4,11,11,0,0,0.000000,nomatch
meld_tra_02612,2,21,21,1,0,-0.147979,nonzero
meld_tra_02613,4,9,9,0,0,0.000000,nomatch
meld_tra_02614,1,7,7,0,0,0.000000,nomatch
meld_tra_02615,2,17,17,0,0,0.000000,nomatch
meld_tra_02616,1,5,5,0,0,0.000000,nomatch
meld_tra_02617,4,14,14,0,0,0.000000,nomatch
meld_tra_02618,1,4,4,0,0,0.000000,nomatch
meld_tra_02619,1,6,6,0,0,0.000000,nomatch
meld_tra_02620,1,15,15,0,0,0.000000,nomatch
meld_tra_02621,2,9,9,0,0,0.000000,nomatch
meld_tra_02622,3,25,25,0,0,0.000000,nomatch
meld_tra_02623,1,17,17,0,0,0.000000,nomatch
meld_tra_02624,1,9,9,0,0,0.000000,nomatch
meld_tra_02625,2,8,8,1,0,0.180579,nonzero
meld_tra_02626,1,5,5,0,0,0.000000,nomatch
meld_tra_02627,1,1,1,0,0,0.000000,nomatch
meld_tra_02628,1,5,5,0,0,0.000000,nomatch
meld_tra_02629,1,3,3,1,0,0.361158,nonzero
meld_tra_02630,1,15,15,1,0,-0.361158,nonzero
meld_tra_02631,1,6,6,0,0,0.000000,nomatch
meld_tra_02632,1,2,2,0,0,0.000000,nomatch
meld_tra_02633,3,16,16,0,0,0.000000,nomatch
meld_tra_02634,1,1,1,0,0,0.000000,nomatch
meld_tra_02635,1,2,2,1,0,0.361158,nonzero
meld_tra_02636,1,6,6,1,0,-0.361158,nonzero
meld_tra_02637,2,12,12,1,0,-0.224852,nonzero
meld_tra_02638,1,12,12,0,0,0.000000,nomatch
meld_tra_02639,2,17,17,0,0,0.000000,nomatch
meld_tra_02640,1,13,13,0,0,0.000000,nomatch
meld_tra_02641,1,9,9,0,0,0.000000,nomatch
meld_tra_02642,2,7,7,0,0,0.000000,nomatch
meld_tra_02643,2,19,19,1,0,0.064019,nonzero
meld_tra_02644,1,6,6,0,0,0.000000,nomatch
meld_tra_02645,2,10,10,0,0,0.000000,nomatch
meld_tra_02646,1,3,3,0,0,0.000000,nomatch
meld_tra_02647,2,18,18,0,0,0.000000,nomatch
meld_tra_02648,1,13,13,0,0,0.000000,nomatch
meld_tra_02649,1,1,1,0,0,0.000000,nomatch
meld_tra_02650,1,11,11,0,0,0.000000,nomatch
meld_tra_02651,1,7,7,0,0,0.000000,nomatch
meld_tra_02652,1,9,9,0,0,0.000000,nomatch
meld_tra_02653,2,6,6,0,0,0.000000,nomatch
meld_tra_02654,1,4,4,0,0,0.000000,nomatch
meld_tra_02655,1,1,1,0,0,0.000000,nomatch
meld_tra_02656,1,1,1,0,0,0.000000,nomatch
meld_tra_02657,1,19,19,1,0,0.128037,nonzero
meld_tra_02658,1,1,1,0,0,0.000000,nomatch
meld_tra_02659,1,14,14,0,0,0.000000,nomatch
meld_tra_02660,2,5,5,0,0,0.000000,nomatch
meld_tra_02661,3,7,7,0,0,0.000000,nomatch
meld_tra_02662,2,17,17,1,0,0.064019,nonzero
meld_tra_02663,1,3,3,0,0,0.000000,nomatch
meld_tra_02664,1,7,7,0,0,0.000000,nomatch
meld_tra_02665,1,4,4,0,0,0.000000,nomatch
meld_tra_02666,3,13,13,1,0,0.120386,nonzero
meld_tra_02667,1,7,7,0,0,0.000000,nomatch
meld_tra_02668,4,25,25,0,0,0.000000,nomatch
meld_tra_02669,1,20,20,0,0,0.000000,nomatch
meld_tra_02670,4,18,18,0,0,0.000000,nomatch
meld_tra_02671,1,12,12,0,0,0.000000,nomatch
meld_tra_02672,1,20,20,1,0,0.449704,nonzero
meld_tra_02673,1,9,9,0,0,0.000000,nomatch
meld_tra_02674,2,2,2,0,0,0.000000,nomatch
meld_tra_02675,1,2,2,0,0,0.000000,nomatch
meld_tra_02676,1,4,4,0,0,0.000000,nomatch
meld_tra_02677,1,1,1,0,0,0.000000,nomatch
meld_tra_02678,2,7,7,0,0,0.000000,nomatch
meld_tra_02679,1,8,8,0,0,0.000000,nomatch
meld_tra_02680,2,13,13,1,0,0.271163,nonzero
meld_tra_02681,1,11,11,0,0,0.000000,nomatch
meld_tra_02682,1,1,1,0,0,0.000000,nomatch
meld_tra_02683,2,8,8,1,0,0.064019,nonzero
meld_tra_02684,3,14,14,0,0,0.000000,nomatch
meld_tra_02685,2,21,21,1,0,-0.180579,nonzero
meld_tra_02686,1,1,1,0,0,0.000000,nomatch
meld_tra_02687,2,15,15,1,0,0.125000,nonzero
meld_tra_02688,1,2,2,0,0,0.000000,nomatch
meld_tra_02689,1,8,8,0,0,0.000000,nomatch
meld_tra_02690,1,7,7,0,0,0.000000,nomatch
meld_tra_02691,1,11,11,0,0,0.000000,nomatch
meld_tra_02692,1,3,3,1,0,-0.458831,nonzero
meld_tra_02693,1,5,5,1,0,-0.458831,nonzero
meld_tra_02694,1,8,8,0,0,0.000000,nomatch
meld_tra_02695,1,8,8,0,0,0.000000,nomatch
meld_tra_02696,2,9,9,1,0,0.130831,nonzero
meld_tra_02697,2,7,7,0,0,0.000000,nomatch
meld_tra_02698,3,19,19,0,0,0.000000,nomatch
meld_tra_02699,1,9,9,0,0,0.000000,nomatch
meld_tra_02700,1,5,5,0,0,0.000000,nomatch
meld_tra_02701,1,9,9,0,0,0.000000,nomatch
meld_tra_02702,1,20,20,0,0,0.000000,nomatch
meld_tra_02703,1,10,10,0,0,0.000000,nomatch
meld_tra_02704,1,2,2,1,0,-0.612372,nonzero
meld_tra_02705,1,10,10,1,0,-0.295958,nonzero
meld_tra_02706,1,4,4,0,0,0.000000,nomatch
meld_tra_02707,1,1,1,0,0,0.000000,nomatch
meld_tra_02708,1,11,11,0,0,0.000000,nomatch
meld_tra_02709,1,3,3,0,0,0.000000,nomatch
meld_tra_02710,2,4,4,0,0,0.000000,nomatch
meld_tra_02711,3,10,10,0,0,0.000000,nomatch
meld_tra_02712,1,4,4,1,0,0.458831,nonzero
meld_tra_02713,1,5,5,0,0,0.000000,nomatch
meld_tra_02714,2,7,7,0,0,0.000000,nomatch
meld_tra_02715,1,9,9,1,0,0.458831,nonzero
meld_tra_02716,1,3,3,0,0,0.000000,nomatch
meld_tra_02717,1,9,9,0,0,0.000000,nomatch
meld_tra_02718,1,1,1,0,0,0.000000,nomatch
meld_tra_02719,2,2,2,0,0,0.000000,nomatch
meld_tra_02720,1,1,1,0,0,0.000000,nomatch
meld_tra_02721,1,9,9,0,0,0.000000,nomatch
meld_tra_02722,1,2,2,0,0,0.000000,nomatch
meld_tra_02723,1,2,2,0,0,0.000000,nomatch
meld_tra_02724,1,3,3,1,0,-0.361158,nonzero
meld_tra_02725,1,22,22,1,0,-0.361158,nonzero
meld_tra_02726,1,1,1,0,0,0.000000,nomatch
meld_tra_02727,1,12,12,0,0,0.000000,nomatch
meld_tra_02728,1,6,6,0,0,0.000000,nomatch
meld_tra_02729,1,13,13,0,0,0.000000,nomatch
meld_tra_02730,1,20,20,1,0,-0.361158,nonzero
meld_tra_02731,1,14,14,0,0,0.000000,nomatch
meld_tra_02732,1,4,4,0,0,0.000000,nomatch
meld_tra_02733,3,17,17,0,0,0.000000,nomatch
meld_tra_02734,2,16,16,0,0,0.000000,nomatch
meld_tra_02735,2,9,9,0,0,0.000000,nomatch
meld_tra_02736,1,26,26,0,0,0.000000,nomatch
meld_tra_02737,1,1,1,0,0,0.000000,nomatch
meld_tra_02738,1,4,4,0,0,0.000000,nomatch
meld_tra_02739,1,11,11,0,0,0.000000,nomatch
meld_tra_02740,1,2,2,0,0,0.000000,nomatch
meld_tra_02741,1,8,8,0,0,0.000000,nomatch
meld_tra_02742,1,23,23,0,0,0.000000,nomatch
meld_tra_02743,1,3,3,0,0,0.000000,nomatch
meld_tra_02744,1,2,2,0,0,0.000000,nomatch
meld_tra_02745,1,6,6,0,0,0.000000,nomatch
meld_tra_02746,1,3,3,0,0,0.000000,nomatch
meld_tra_02747,1,27,27,0,0,0.000000,nomatch
meld_tra_02748,1,9,9,0,0,0.000000,nomatch
meld_tra_02749,1,6,6,0,0,0.000000,nomatch
meld_tra_02750,1,10,10,0,0,0.000000,nomatch
meld_tra_02751,1,11,11,0,0,0.000000,nomatch
meld_tra_02752,2,27,27,0,0,0.000000,nomatch
meld_tra_02753,1,6,6,0,0,0.000000,nomatch
meld_tra_02754,1,23,23,0,0,0.000000,nomatch
meld_tra_02755,1,11,11,0,0,0.000000,nomatch
meld_tra_02756,1,11,11,0,0,0.000000,nomatch
meld_tra_02757,2,12,12,0,0,0.000000,nomatch
meld_tra_02758,1,3,3,0,0,0.000000,nomatch
meld_tra_02759,1,2,2,0,0,0.000000,nomatch
meld_tra_02760,1,4,4,1,0,-0.421464,nonzero
meld_tra_02761,1,2,2,0,0,0.000000,nomatch
meld_tra_02762,1,5,5,0,0,0.000000,nomatch
meld_tra_02763,1,5,5,0,0,0.000000,nomatch
meld_tra_02764,1,2,2,0,0,0.000000,nomatch
meld_tra_02765,1,27,27,0,0,0.000000,nomatch
meld_tra_02766,1,11,11,0,0,0.000000,nomatch
meld_tra_02767,1,4,4,0,0,0.000000,nomatch
meld_tra_02768,1,3,3,0,0,0.000000,nomatch
meld_tra_02769,1,13,13,1,0,-0.517127,nonzero
meld_tra_02770,1,9,9,0,0,0.000000,nomatch
meld_tra_02771,1,9,9,0,0,0.000000,nomatch
meld_tra_02772,2,9,9,0,0,0.000000,nomatch
meld_tra_02773,2,15,15,0,0,0.000000,nomatch
meld_tra_02774,1,2,2,0,0,0.000000,nomatch
meld_tra_02775,1,6,6,0,0,0.000000,nomatch
meld_tra_02776,1,2,2,0,0,0.000000,nomatch
meld_tra_02777,1,3,3,0,0,0.000000,nomatch
meld_tra_02778,1,23,23,0,0,0.000000,nomatch
meld_tra_02779,1,1,1,0,0,0.000000,nomatch
meld_tra_02780,1,1,1,0,0,0.000000,nomatch
meld_tra_02781,1,1,1,0,0,0.000000,nomatch
meld_tra_02782,1,1,1,0,0,0.000000,nomatch
meld_tra_02783,2,11,11,0,0,0.000000,nomatch
meld_tra_02784,4,15,15,1,0,-0.090289,nonzero
meld_tra_02785,1,1,1,0,0,0.000000,nomatch
meld_tra_02786,1,4,4,0,0,0.000000,nomatch
meld_tra_02787,1,4,4,0,0,0.000000,nomatch
meld_tra_02788,1,1,1,0,0,0.000000,nomatch
meld_tra_02789,4,12,12,0,0,0.000000,nomatch
meld_tra_02790,2,2,2,0,0,0.000000,nomatch
meld_tra_02791,4,6,6,0,0,0.000000,nomatch
meld_tra_02792,1,1,1,0,0,0.000000,nomatch
meld_tra_02793,2,10,10,0,0,0.000000,nomatch
meld_tra_02794,1,5,5,1,0,0.545378,nonzero
meld_tra_02795,2,6,6,1,0,0.180579,nonzero
meld_tra_02796,1,1,1,0,0,0.000000,nomatch
meld_tra_02797,1,2,2,0,0,0.000000,nomatch
meld_tra_02798,2,5,5,0,0,0.000000,nomatch
meld_tra_02799,1,1,1,0,0,0.000000,nomatch
meld_tra_02800,1,2,2,0,0,0.000000,nomatch
meld_tra_02801,1,3,3,0,0,0.000000,nomatch
meld_tra_02802,3,11,11,0,0,0.000000,nomatch
meld_tra_02803,1,1,1,0,0,0.000000,nomatch
meld_tra_02804,1,4,4,0,0,0.000000,nomatch
meld_tra_02805,6,20,20,0,0,0.000000,nomatch
meld_tra_02806,5,17,17,0,0,0.000000,nomatch
meld_tra_02807,1,5,5,0,0,0.000000,nomatch
meld_tra_02808,1,1,1,0,0,0.000000,nomatch
meld_tra_02809,1,1,1,0,0,0.000000,nomatch
meld_tra_02810,1,8,8,0,0,0.000000,nomatch
meld_tra_02811,1,9,9,0,0,0.000000,nomatch
meld_tra_02812,1,3,3,1,0,-0.361158,nonzero
meld_tra_02813,1,1,1,0,0,0.000000,nomatch
meld_tra_02814,1,2,2,0,0,0.000000,nomatch
meld_tra_02815,1,2,2,0,0,0.000000,nomatch
meld_tra_02816,2,4,4,0,0,0.000000,nomatch
meld_tra_02817,1,13,13,0,0,0.000000,nomatch
meld_tra_02818,2,14,14,0,0,0.000000,nomatch
meld_tra_02819,2,6,6,0,0,0.000000,nomatch
meld_tra_02820,1,3,3,0,0,0.000000,nomatch
meld_tra_02821,1,2,2,0,0,0.000000,nomatch
meld_tra_02822,1,2,2,0,0,0.000000,nomatch
meld_tra_02823,1,1,1,0,0,0.000000,nomatch
meld_tra_02824,1,9,9,0,0,0.000000,nomatch
meld_tra_02825,1,9,9,0,0,0.000000,nomatch
meld_tra_02826,5,11,11,0,0,0.000000,nomatch
meld_tra_02827,1,2,2,0,0,0.000000,nomatch
meld_tra_02828,1,2,2,0,0,0.000000,nomatch
meld_tra_02829,1,5,5,0,0,0.000000,nomatch
meld_tra_02830,1,4,4,0,0,0.000000,nomatch
meld_tra_02831,3,22,22,0,0,0.000000,nomatch
meld_tra_02832,2,7,7,0,0,0.000000,nomatch
meld_tra_02833,1,2,2,0,0,0.000000,nomatch
meld_tra_02834,4,13,13,0,0,0.000000,nomatch
meld_tra_02835,4,11,11,0,0,0.000000,nomatch
meld_tra_02836,5,19,19,0,0,0.000000,nomatch
meld_tra_02837,1,4,4,0,0,0.000000,nomatch
meld_tra_02838,1,4,4,0,0,0.000000,nomatch
meld_tra_02839,3,17,17,0,0,0.000000,nomatch
meld_tra_02840,1,1,1,0,0,0.000000,nomatch
meld_tra_02841,2,17,17,0,0,0.000000,nomatch
meld_tra_02842,2,17,17,0,0,0.000000,nomatch
meld_tra_02843,1,2,2,0,0,0.000000,nomatch
meld_tra_02844,1,5,5,0,0,0.000000,nomatch
meld_tra_02845,1,7,7,0,0,0.000000,nomatch
meld_tra_02846,1,1,1,0,0,0.000000,nomatch
meld_tra_02847,1,4,4,0,0,0.000000,nomatch
meld_tra_02848,1,2,2,0,0,0.000000,nomatch
meld_tra_02849,1,13,13,0,0,0.000000,nomatch
meld_tra_02850,1,26,26,0,0,0.000000,nomatch
meld_tra_02851,2,9,9,0,0,0.000000,nomatch
meld_tra_02852,3,16,16,0,0,0.000000,nomatch
meld_tra_02853,3,28,28,0,0,0.000000,nomatch
meld_tra_02854,1,2,2,0,0,0.000000,nomatch
meld_tra_02855,2,22,22,3,0,0.515818,nonzero
meld_tra_02856,1,12,12,1,0,0.361158,nonzero
meld_tra_02857,1,16,16,0,0,0.000000,nomatch
meld_tra_02858,1,1,1,0,0,0.000000,nomatch
meld_tra_02859,1,21,21,0,0,0.000000,nomatch
meld_tra_02860,2,21,21,0,0,0.000000,nomatch
meld_tra_02861,1,11,11,0,0,0.000000,nomatch
meld_tra_02862,1,1,1,0,0,0.000000,nomatch
meld_tra_02863,1,1,1,0,0,0.000000,nomatch
meld_tra_02864,2,19,19,0,0,0.000000,nomatch
meld_tra_02865,1,7,7,0,0,0.000000,nomatch
meld_tra_02866,1,1,1,0,0,0.000000,nomatch
meld_tra_02867,1,3,3,0,0,0.000000,nomatch
meld_tra_02868,1,7,7,0,0,0.000000,nomatch
meld_tra_02869,1,7,7,0,0,0.000000,nomatch
meld_tra_02870,1,7,7,0,0,0.000000,nomatch
meld_tra_02871,1,4,4,0,0,0.000000,nomatch
meld_tra_02872,1,4,4,0,0,0.000000,nomatch
meld_tra_02873,2,18,18,0,0,0.000000,nomatch
meld_tra_02874,1,10,10,0,0,0.000000,nomatch
meld_tra_02875,1,4,4,0,0,0.000000,nomatch
meld_tra_02876,1,5,5,0,0,0.000000,nomatch
meld_tra_02877,3,5,5,0,0,0.000000,nomatch
meld_tra_02878,1,11,11,0,0,0.000000,nomatch
meld_tra_02879,1,4,4,0,0,0.000000,nomatch
meld_tra_02880,1,8,8,0,0,0.000000,nomatch
meld_tra_02881,4,15,15,0,0,0.000000,nomatch
meld_tra_02882,1,4,4,0,0,0.000000,nomatch
meld_tra_02883,1,2,2,0,0,0.000000,nomatch
meld_tra_02884,2,24,24,0,0,0.000000,nomatch
meld_tra_02885,1,15,15,0,0,0.000000,nomatch
meld_tra_02886,1,4,4,1,0,-0.421464,nonzero
meld_tra_02887,2,10,10,0,0,0.000000,nomatch
meld_tra_02888,1,3,3,0,0,0.000000,nomatch
meld_tra_02889,1,8,8,0,0,0.000000,nomatch
meld_tra_02890,1,3,3,0,0,0.000000,nomatch
meld_tra_02891,2,5,5,0,0,0.000000,nomatch
meld_tra_02892,3,15,15,0,0,0.000000,nomatch
meld_tra_02893,1,4,4,0,0,0.000000,nomatch
meld_tra_02894,2,7,7,1,0,0.180579,nonzero
meld_tra_02895,1,4,4,0,0,0.000000,nomatch
meld_tra_02896,1,7,7,1,0,0.361158,nonzero
meld_tra_02897,1,7,7,1,0,0.542326,nonzero
meld_tra_02898,1,16,16,0,0,0.000000,nomatch
meld_tra_02899,1,7,7,0,0,0.000000,nomatch
meld_tra_02900,1,32,32,0,0,0.000000,nomatch
meld_tra_02901,1,6,6,1,0,0.542326,nonzero
meld_tra_02902,2,4,4,1,0,-0.180579,nonzero
meld_tra_02903,1,11,11,0,0,0.000000,nomatch
meld_tra_02904,1,7,7,0,0,0.000000,nomatch
meld_tra_02905,2,9,9,0,0,0.000000,nomatch
meld_tra_02906,1,5,5,0,0,0.000000,nomatch
meld_tra_02907,2,3,3,0,0,0.000000,nomatch
meld_tra_02908,1,18,18,0,0,0.000000,nomatch
meld_tra_02909,1,12,12,0,0,0.000000,nomatch
meld_tra_02910,1,4,4,1,0,0.542326,nonzero
meld_tra_02911,1,12,12,0,0,0.000000,nomatch
meld_tra_02912,1,3,3,1,0,0.542326,nonzero
meld_tra_02913,1,5,5,1,0,0.542326,nonzero
meld_tra_02914,1,2,2,0,0,0.000000,nomatch
meld_tra_02915,1,5,5,0,0,0.000000,nomatch
meld_tra_02916,1,29,29,0,0,0.000000,nomatch
meld_tra_02917,2,22,22,1,0,0.064019,nonzero
meld_tra_02918,2,10,10,0,0,0.000000,nomatch
meld_tra_02919,1,8,8,0,0,0.000000,nomatch
meld_tra_02920,3,21,21,0,0,0.000000,nomatch
meld_tra_02921,1,5,5,0,0,0.000000,nomatch
meld_tra_02922,1,13,13,0,0,0.000000,nomatch
meld_tra_02923,6,20,20,0,0,0.000000,nomatch
meld_tra_02924,2,7,7,0,0,0.000000,nomatch
meld_tra_02925,1,7,7,0,0,0.000000,nomatch
meld_tra_02926,1,1,1,0,0,0.000000,nomatch
meld_tra_02927,1,1,1,0,0,0.000000,nomatch
meld_tra_02928,1,16,16,0,0,0.000000,nomatch
meld_tra_02929,2,10,10,0,0,0.000000,nomatch
meld_tra_02930,1,10,10,0,0,0.000000,nomatch
meld_tra_02931,3,25,25,0,0,0.000000,nomatch
meld_tra_02932,1,2,2,0,0,0.000000,nomatch
meld_tra_02933,1,9,9,0,0,0.000000,nomatch
meld_tra_02934,2,12,12,1,0,0.130831,nonzero
meld_tra_02935,1,1,1,0,0,0.000000,nomatch
meld_tra_02936,1,4,4,0,0,0.000000,nomatch
meld_tra_02937,2,14,14,0,0,0.000000,nomatch
meld_tra_02938,1,3,3,1,0,0.250000,nonzero
meld_tra_02939,2,14,14,0,0,0.000000,nomatch
meld_tra_02940,1,7,7,0,0,0.000000,nomatch
meld_tra_02941,1,6,6,0,0,0.000000,nomatch
meld_tra_02942,1,13,13,0,0,0.000000,nomatch
meld_tra_02943,1,1,1,0,0,0.000000,nomatch
meld_tra_02944,1,14,14,0,0,0.000000,nomatch
meld_tra_02945,1,1,1,0,0,0.000000,nomatch
meld_tra_02946,1,11,11,0,0,0.000000,nomatch
meld_tra_02947,1,6,6,0,0,0.000000,nomatch
meld_tra_02948,2,9,9,0,0,0.000000,nomatch
meld_tra_02949,2,17,17,0,0,0.000000,nomatch
meld_tra_02950,2,10,10,0,0,0.000000,nomatch
meld_tra_02951,1,4,4,0,0,0.000000,nomatch
meld_tra_02952,1,4,4,1,0,0.542326,nonzero
meld_tra_02953,1,1,1,0,0,0.000000,nomatch
meld_tra_02954,1,4,4,1,0,0.542326,nonzero
meld_tra_02955,1,8,8,1,0,0.542326,nonzero
meld_tra_02956,3,17,17,2,0,-0.240772,nonzero
meld_tra_02957,1,1,1,0,0,0.000000,nomatch
meld_tra_02958,1,1,1,0,0,0.000000,nomatch
meld_tra_02959,1,5,5,0,0,0.000000,nomatch
meld_tra_02960,1,28,28,0,0,0.000000,nomatch
meld_tra_02961,1,1,1,0,0,0.000000,nomatch
meld_tra_02962,1,7,7,0,0,0.000000,nomatch
meld_tra_02963,1,1,1,0,0,0.000000,nomatch
meld_tra_02964,1,2,2,0,0,0.000000,nomatch
meld_tra_02965,3,22,22,0,0,0.000000,nomatch
meld_tra_02966,1,4,4,0,0,0.000000,nomatch
meld_tra_02967,3,7,7,0,0,0.000000,nomatch
meld_tra_02968,1,2,2,0,0,0.000000,nomatch
meld_tra_02969,1,6,6,0,0,0.000000,nomatch
meld_tra_02970,1,4,4,0,0,0.000000,nomatch
meld_tra_02971,1,7,7,1,0,-0.361158,nonzero
meld_tra_02972,4,10,10,0,0,0.000000,nomatch
meld_tra_02973,1,5,5,0,0,0.000000,nomatch
meld_tra_02974,2,9,9,1,0,0.246957,nonzero
meld_tra_02975,1,6,6,0,0,0.000000,nomatch
meld_tra_02976,1,14,14,2,0,0.250000,nonzero
meld_tra_02977,1,1,1,0,0,0.000000,nomatch
meld_tra_02978,2,7,7,1,0,0.263371,nonzero
meld_tra_02979,2,6,6,1,0,0.263371,nonzero
meld_tra_02980,2,7,7,1,0,0.154685,nonzero
meld_tra_02981,3,16,16,4,0,-0.226456,nonzero
meld_tra_02982,2,4,4,0,0,0.000000,nomatch
meld_tra_02983,1,3,3,0,0,0.000000,nomatch
meld_tra_02984,1,7,7,0,0,0.000000,nomatch
meld_tra_02985,1,14,14,0,0,0.000000,nomatch
meld_tra_02986,1,15,15,0,0,0.000000,nomatch
meld_tra_02987,1,4,4,0,0,0.000000,nomatch
meld_tra_02988,1,15,15,0,0,0.000000,nomatch
meld_tra_02989,2,11,11,1,0,0.246957,nonzero
meld_tra_02990,1,10,10,0,0,0.000000,nomatch
meld_tra_02991,1,23,23,0,0,0.000000,nomatch
meld_tra_02992,1,1,1,0,0,0.000000,nomatch
meld_tra_02993,2,11,11,0,0,0.000000,nomatch
meld_tra_02994,1,1,1,0,0,0.000000,nomatch
meld_tra_02995,3,14,14,0,0,0.000000,nomatch
meld_tra_02996,1,1,1,0,0,0.000000,nomatch
meld_tra_02997,1,4,4,0,0,0.000000,nomatch
meld_tra_02998,1,26,26,1,0,0.128037,nonzero
meld_tra_02999,1,1,1,0,0,0.000000,nomatch
meld_tra_03000,1,11,11,0,0,0.000000,nomatch
meld_tra_03001,1,2,2,0,0,0.000000,nomatch
meld_tra_03002,4,12,12,0,0,0.000000,nomatch
meld_tra_03003,1,2,2,0,0,0.000000,nomatch
meld_tra_03004,1,16,16,0,0,0.000000,nomatch
meld_tra_03005,1,7,7,0,0,0.000000,nomatch
meld_tra_03006,2,10,10,0,0,0.000000,nomatch
meld_tra_03007,1,20,20,0,0,0.000000,nomatch
meld_tra_03008,3,16,16,0,0,0.000000,nomatch
meld_tra_03009,1,9,9,1,0,0.128037,nonzero
meld_tra_03010,2,12,12,0,0,0.000000,nomatch
meld_tra_03011,1,1,1,0,0,0.000000,nomatch
meld_tra_03012,2,5,5,0,0,0.000000,nomatch
meld_tra_03013,3,15,15,0,0,0.000000,nomatch
meld_tra_03014,2,12,12,0,0,0.000000,nomatch
meld_tra_03015,1,14,14,1,0,0.250000,nonzero
meld_tra_03016,1,8,8,0,0,0.000000,nomatch
meld_tra_03017,1,6,6,0,0,0.000000,nomatch
meld_tra_03018,1,10,10,0,0,0.000000,nomatch
meld_tra_03019,1,16,16,1,0,0.240590,nonzero
meld_tra_03020,1,13,13,0,0,0.000000,nomatch
meld_tra_03021,1,7,7,0,0,0.000000,nomatch
meld_tra_03022,1,1,1,0,0,0.000000,nomatch
meld_tra_03023,1,6,6,0,0,0.000000,nomatch
meld_tra_03024,1,5,5,0,0,0.000000,nomatch
meld_tra_03025,1,1,1,1,0,0.542326,nonzero
meld_tra_03026,2,4,4,1,0,0.210732,nonzero
meld_tra_03027,1,2,2,0,0,0.000000,nomatch
meld_tra_03028,1,13,13,0,0,0.000000,nomatch
meld_tra_03029,2,7,7,0,0,0.000000,nomatch
meld_tra_03030,1,16,16,0,0,0.000000,nomatch
meld_tra_03031,1,1,1,0,0,0.000000,nomatch
meld_tra_03032,1,32,32,0,0,0.000000,nomatch
meld_tra_03033,1,1,1,0,0,0.000000,nomatch
meld_tra_03034,1,5,5,1,0,-0.128037,nonzero
meld_tra_03035,1,3,3,0,0,0.000000,nomatch
meld_tra_03036,1,10,10,0,0,0.000000,nomatch
meld_tra_03037,1,1,1,0,0,0.000000,nomatch
meld_tra_03038,1,9,9,0,0,0.000000,nomatch
meld_tra_03039,1,3,3,0,0,0.000000,nomatch
meld_tra_03040,2,23,23,0,0,0.000000,nomatch
meld_tra_03041,1,5,5,0,0,0.000000,nomatch
meld_tra_03042,1,28,28,0,0,0.000000,nomatch
meld_tra_03043,1,10,10,0,0,0.000000,nomatch
meld_tra_03044,1,1,1,0,0,0.000000,nomatch
meld_tra_03045,1,12,12,0,0,0.000000,nomatch
meld_tra_03046,1,9,9,0,0,0.000000,nomatch
meld_tra_03047,1,4,4,0,0,0.000000,nomatch
meld_tra_03048,1,6,6,1,0,0.526742,nonzero
meld_tra_03049,1,4,4,0,0,0.000000,nomatch
meld_tra_03050,3,12,12,0,0,0.000000,nomatch
meld_tra_03051,1,7,7,0,0,0.000000,nomatch
meld_tra_03052,1,1,1,0,0,0.000000,nomatch
meld_tra_03053,1,5,5,0,0,0.000000,nomatch
meld_tra_03054,1,5,5,0,0,0.000000,nomatch
meld_tra_03055,2,12,12,0,0,0.000000,nomatch
meld_tra_03056,1,1,1,0,0,0.000000,nomatch
meld_tra_03057,1,10,10,0,0,0.000000,nomatch
meld_tra_03058,1,10,10,0,0,0.000000,nomatch
meld_tra_03059,1,6,6,0,0,0.000000,nomatch
meld_tra_03060,1,39,39,1,0,-0.458831,nonzero
meld_tra_03061,1,1,1,0,0,0.000000,nomatch
meld_tra_03062,1,38,38,0,0,0.000000,nomatch
meld_tra_03063,1,8,8,0,0,0.000000,nomatch
meld_tra_03064,1,4,4,0,0,0.000000,nomatch
meld_tra_03065,1,2,2,0,0,0.000000,nomatch
meld_tra_03066,1,2,2,0,0,0.000000,nomatch
meld_tra_03067,1,1,1,0,0,0.000000,nomatch
meld_tra_03068,1,2,2,0,0,0.000000,nomatch
meld_tra_03069,2,9,9,0,0,0.000000,nomatch
meld_tra_03070,1,13,13,1,0,-0.295958,nonzero
meld_tra_03071,1,1,1,0,0,0.000000,nomatch
meld_tra_03072,1,3,3,0,0,0.000000,nomatch
meld_tra_03073,1,2,2,0,0,0.000000,nomatch
meld_tra_03074,1,2,2,0,0,0.000000,nomatch
meld_tra_03075,1,5,5,0,0,0.000000,nomatch
meld_tra_03076,1,20,20,0,0,0.000000,nomatch
meld_tra_03077,6,6,6,0,0,0.000000,nomatch
meld_tra_03078,7,11,11,0,0,0.000000,nomatch
meld_tra_03079,3,21,21,0,0,0.000000,nomatch
meld_tra_03080,1,14,14,0,0,0.000000,nomatch
meld_tra_03081,3,19,19,0,0,0.000000,nomatch
meld_tra_03082,1,4,4,0,0,0.000000,nomatch
meld_tra_03083,1,1,1,0,0,0.000000,nomatch
meld_tra_03084,1,16,16,0,0,0.000000,nomatch
meld_tra_03085,1,2,2,0,0,0.000000,nomatch
meld_tra_03086,2,18,18,0,0,0.000000,nomatch
meld_tra_03087,1,17,17,0,0,0.000000,nomatch
meld_tra_03088,1,27,27,0,0,0.000000,nomatch
meld_tra_03089,1,9,9,0,0,0.000000,nomatch
meld_tra_03090,2,11,11,0,0,0.000000,nomatch
meld_tra_03091,1,5,5,1,0,-0.458831,nonzero
meld_tra_03092,1,1,1,0,0,0.000000,nomatch
meld_tra_03093,1,2,2,0,0,0.000000,nomatch
meld_tra_03094,1,9,9,0,0,0.000000,nomatch
meld_tra_03095,1,8,8,0,0,0.000000,nomatch
meld_tra_03096,1,6,6,0,0,0.000000,nomatch
meld_tra_03097,4,19,19,0,0,0.000000,nomatch
meld_tra_03098,1,2,2,0,0,0.000000,nomatch
meld_tra_03099,1,7,7,0,0,0.000000,nomatch
meld_tra_03100,1,6,6,0,0,0.000000,nomatch
meld_tra_03101,1,7,7,0,0,0.000000,nomatch
meld_tra_03102,2,10,10,0,0,0.000000,nomatch
meld_tra_03103,2,5,5,0,0,0.000000,nomatch
meld_tra_03104,1,3,3,0,0,0.000000,nomatch
meld_tra_03105,1,8,8,0,0,0.000000,nomatch
meld_tra_03106,1,22,22,0,0,0.000000,nomatch
meld_tra_03107,1,3,3,0,0,0.000000,nomatch
meld_tra_03108,1,5,5,0,0,0.000000,nomatch
meld_tra_03109,1,19,19,0,0,0.000000,nomatch
meld_tra_03110,1,4,4,0,0,0.000000,nomatch
meld_tra_03111,1,4,4,0,0,0.000000,nomatch
meld_tra_03112,2,15,15,0,0,0.000000,nomatch
meld_tra_03113,1,4,4,0,0,0.000000,nomatch
meld_tra_03114,1,3,3,0,0,0.000000,nomatch
meld_tra_03115,1,2,2,0,0,0.000000,nomatch
meld_tra_03116,2,17,17,0,0,0.000000,nomatch
meld_tra_03117,1,5,5,0,0,0.000000,nomatch
meld_tra_03118,3,9,9,0,0,0.000000,nomatch
meld_tra_03119,1,6,6,0,0,0.000000,nomatch
meld_tra_03120,2,4,4,1,0,0.180579,nonzero
meld_tra_03121,1,3,3,0,0,0.000000,nomatch
meld_tra_03122,2,12,12,0,0,0.000000,nomatch
meld_tra_03123,3,17,17,0,0,0.000000,nomatch
meld_tra_03124,1,5,5,0,0,0.000000,nomatch
meld_tra_03125,1,5,5,0,0,0.000000,nomatch
meld_tra_03126,1,5,5,0,0,0.000000,nomatch
meld_tra_03127,1,3,3,0,0,0.000000,nomatch
meld_tra_03128,1,1,1,0,0,0.000000,nomatch
meld_tra_03129,1,9,9,0,0,0.000000,nomatch
meld_tra_03130,3,7,7,1,0,-0.120386,nonzero
meld_tra_03131,1,1,1,0,0,0.000000,nomatch
meld_tra_03132,2,3,3,0,0,0.000000,nomatch
meld_tra_03133,1,13,13,0,0,0.000000,nomatch
meld_tra_03134,1,2,2,0,0,0.000000,nomatch
meld_tra_03135,1,7,7,0,0,0.000000,nomatch
meld_tra_03136,1,16,16,0,0,0.000000,nomatch
meld_tra_03137,1,1,1,0,0,0.000000,nomatch
meld_tra_03138,1,2,2,0,0,0.000000,nomatch
meld_tra_03139,2,16,16,0,0,0.000000,nomatch
meld_tra_03140,2,10,10,0,0,0.000000,nomatch
meld_tra_03141,1,2,2,0,0,0.000000,nomatch
meld_tra_03142,1,9,9,0,0,0.000000,nomatch
meld_tra_03143,1,1,1,0,0,0.000000,nomatch
meld_tra_03144,1,1,1,0,0,0.000000,nomatch
meld_tra_03145,1,22,22,1,0,0.128037,nonzero
meld_tra_03146,1,3,3,0,0,0.000000,nomatch
meld_tra_03147,1,4,4,0,0,0.000000,nomatch
meld_tra_03148,1,1,1,0,0,0.000000,nomatch
meld_tra_03149,2,13,13,1,0,0.130831,nonzero
meld_tra_03150,1,16,16,0,0,0.000000,nomatch
meld_tra_03151,1,4,4,0,0,0.000000,nomatch
meld_tra_03152,1,1,1,0,0,0.000000,nomatch
meld_tra_03153,1,3,3,0,0,0.000000,nomatch
meld_tra_03154,1,1,1,0,0,0.000000,nomatch
meld_tra_03155,1,5,5,0,0,0.000000,nomatch
meld_tra_03156,1,11,11,0,0,0.000000,nomatch
meld_tra_03157,1,6,6,0,0,0.000000,nomatch
meld_tra_03158,2,16,16,0,0,0.000000,nomatch
meld_tra_03159,2,4,4,1,0,-0.180579,nonzero
meld_tra_03160,3,10,10,0,0,0.000000,nomatch
meld_tra_03161,1,6,6,0,0,0.000000,nomatch
meld_tra_03162,1,20,20,0,0,0.000000,nomatch
meld_tra_03163,2,17,17,0,0,0.000000,nomatch
meld_tra_03164,1,1,1,0,0,0.000000,nomatch
meld_tra_03165,1,10,10,0,0,0.000000,nomatch
meld_tra_03166,2,4,4,0,0,0.000000,nomatch
meld_tra_03167,1,1,1,0,0,0.000000,nomatch
meld_tra_03168,1,10,10,1,0,-0.361158,nonzero
meld_tra_03169,1,7,7,0,0,0.000000,nomatch
meld_tra_03170,1,6,6,0,0,0.000000,nomatch
meld_tra_03171,1,5,5,0,0,0.000000,nomatch
meld_tra_03172,3,3,3,0,0,0.000000,nomatch
meld_tra_03173,1,4,4,0,0,0.000000,nomatch
meld_tra_03174,1,1,1,0,0,0.000000,nomatch
meld_tra_03175,1,7,7,0,0,0.000000,nomatch
meld_tra_03176,2,22,22,0,0,0.000000,nomatch
meld_tra_03177,1,12,12,0,0,0.000000,nomatch
meld_tra_03178,2,13,13,1,0,-0.354780,nonzero
meld_tra_03179,1,14,14,0,0,0.000000,nomatch
meld_tra_03180,2,3,3,0,0,0.000000,nomatch
meld_tra_03181,1,4,4,0,0,0.000000,nomatch
meld_tra_03182,2,18,18,0,0,0.000000,nomatch
meld_tra_03183,2,8,8,0,0,0.000000,nomatch
meld_tra_03184,1,1,1,0,0,0.000000,nomatch
meld_tra_03185,1,1,1,0,0,0.000000,nomatch
meld_tra_03186,1,8,8,0,0,0.000000,nomatch
meld_tra_03187,1,14,14,0,0,0.000000,nomatch
meld_tra_03188,1,10,10,0,0,0.000000,nomatch
meld_tra_03189,2,10,10,0,0,0.000000,nomatch
meld_tra_03190,1,2,2,0,0,0.000000,nomatch
meld_tra_03191,1,8,8,0,0,0.000000,nomatch
meld_tra_03192,2,8,8,0,0,0.000000,nomatch
meld_tra_03193,1,8,8,0,0,0.000000,nomatch
meld_tra_03194,1,25,25,1,0,-0.090003,nonzero
meld_tra_03195,1,24,24,0,0,0.000000,nomatch
meld_tra_03196,1,7,7,0,0,0.000000,nomatch
meld_tra_03197,1,6,6,0,0,0.000000,nomatch
meld_tra_03198,1,14,14,0,0,0.000000,nomatch
meld_tra_03199,1,8,8,0,0,0.000000,nomatch
meld_tra_03200,2,4,4,0,0,0.000000,nomatch
meld_tra_03201,1,1,1,0,0,0.000000,nomatch
meld_tra_03202,4,10,10,0,0,0.000000,nomatch
meld_tra_03203,2,11,11,0,0,0.000000,nomatch
meld_tra_03204,1,9,9,0,0,0.000000,nomatch
meld_tra_03205,1,1,1,0,0,0.000000,nomatch
meld_tra_03206,2,6,6,0,0,0.000000,nomatch
meld_tra_03207,1,3,3,0,0,0.000000,nomatch
meld_tra_03208,2,11,11,0,0,0.000000,nomatch
meld_tra_03209,1,4,4,0,0,0.000000,nomatch
meld_tra_03210,3,16,16,0,0,0.000000,nomatch
meld_tra_03211,1,31,31,0,0,0.000000,nomatch
meld_tra_03212,1,11,11,0,0,0.000000,nomatch
meld_tra_03213,1,4,4,0,0,0.000000,nomatch
meld_tra_03214,1,5,5,0,0,0.000000,nomatch
meld_tra_03215,1,7,7,0,0,0.000000,nomatch
meld_tra_03216,2,3,3,0,0,0.000000,nomatch
meld_tra_03217,5,10,10,0,0,0.000000,nomatch
meld_tra_03218,2,21,21,0,0,0.000000,nomatch
meld_tra_03219,1,1,1,1,0,0.361158,nonzero
meld_tra_03220,1,4,4,0,0,0.000000,nomatch
meld_tra_03221,1,4,4,0,0,0.000000,nomatch
meld_tra_03222,3,9,9,0,0,0.000000,nomatch
meld_tra_03223,2,7,7,0,0,0.000000,nomatch
meld_tra_03224,1,1,1,0,0,0.000000,nomatch
meld_tra_03225,1,19,19,0,0,0.000000,nomatch
meld_tra_03226,1,16,16,0,0,0.000000,nomatch
meld_tra_03227,1,38,38,0,0,0.000000,nomatch
meld_tra_03228,1,4,4,0,0,0.000000,nomatch
meld_tra_03229,1,1,1,0,0,0.000000,nomatch
meld_tra_03230,1,3,3,0,0,0.000000,nomatch
meld_tra_03231,1,6,6,0,0,0.000000,nomatch
meld_tra_03232,1,12,12,1,0,-0.361158,nonzero
meld_tra_03233,1,14,14,0,0,0.000000,nomatch
meld_tra_03234,1,14,14,0,0,0.000000,nomatch
meld_tra_03235,1,4,4,0,0,0.000000,nomatch
meld_tra_03236,1,1,1,0,0,0.000000,nomatch
meld_tra_03237,2,16,16,0,0,0.000000,nomatch
meld_tra_03238,1,19,19,0,0,0.000000,nomatch
meld_tra_03239,1,1,1,0,0,0.000000,nomatch
meld_tra_03240,1,1,1,0,0,0.000000,nomatch
meld_tra_03241,1,3,3,0,0,0.000000,nomatch
meld_tra_03242,1,4,4,0,0,0.000000,nomatch
meld_tra_03243,1,4,4,0,0,0.000000,nomatch
meld_tra_03244,1,1,1,0,0,0.000000,nomatch
meld_tra_03245,1,3,3,1,0,-0.458831,nonzero
meld_tra_03246,2,6,6,1,0,0.169975,nonzero
meld_tra_03247,1,8,8,0,0,0.000000,nomatch
meld_tra_03248,1,6,6,0,0,0.000000,nomatch
meld_tra_03249,1,18,18,0,0,0.000000,nomatch
meld_tra_03250,1,5,5,0,0,0.000000,nomatch
meld_tra_03251,2,11,11,0,0,0.000000,nomatch
meld_tra_03252,1,11,11,0,0,0.000000,nomatch
meld_tra_03253,2,14,14,0,0,0.000000,nomatch
meld_tra_03254,3,11,11,0,0,0.000000,nomatch
meld_tra_03255,2,6,6,0,0,0.000000,nomatch
meld_tra_03256,1,5,5,0,0,0.000000,nomatch
meld_tra_03257,1,3,3,0,0,0.000000,nomatch
meld_tra_03258,1,5,5,0,0,0.000000,nomatch
meld_tra_03259,2,13,13,0,0,0.000000,nomatch
meld_tra_03260,1,1,1,0,0,0.000000,nomatch
meld_tra_03261,1,5,5,1,0,0.361158,nonzero
meld_tra_03262,1,18,18,0,0,0.000000,nomatch
meld_tra_03263,1,13,13,0,0,0.000000,nomatch
meld_tra_03264,4,9,9,0,0,0.000000,nomatch
meld_tra_03265,1,3,3,0,0,0.000000,nomatch
meld_tra_03266,1,5,5,0,0,0.000000,nomatch
meld_tra_03267,1,1,1,0,0,0.000000,nomatch
meld_tra_03268,1,10,10,0,0,0.000000,nomatch
meld_tra_03269,1,4,4,0,0,0.000000,nomatch
meld_tra_03270,2,9,9,0,0,0.000000,nomatch
meld_tra_03271,1,7,7,0,0,0.000000,nomatch
meld_tra_03272,1,3,3,0,0,0.000000,nomatch
meld_tra_03273,1,4,4,0,0,0.000000,nomatch
meld_tra_03274,1,2,2,0,0,0.000000,nomatch
meld_tra_03275,1,4,4,0,0,0.000000,nomatch
meld_tra_03276,1,7,7,0,0,0.000000,nomatch
meld_tra_03277,1,7,7,0,0,0.000000,nomatch
meld_tra_03278,2,5,5,0,0,0.000000,nomatch
meld_tra_03279,3,17,17,0,0,0.000000,nomatch
meld_tra_03280,1,1,1,0,0,0.000000,nomatch
meld_tra_03281,1,1,1,0,0,0.000000,nomatch
meld_tra_03282,1,11,11,1,0,0.361158,nonzero
meld_tra_03283,2,18,18,0,0,0.000000,nomatch
meld_tra_03284,6,20,20,2,0,0.029643,nonzero
meld_tra_03285,3,19,19,0,0,0.000000,nomatch
meld_tra_03286,2,6,6,0,0,0.000000,nomatch
meld_tra_03287,1,4,4,0,0,0.000000,nomatch
meld_tra_03288,1,9,9,0,0,0.000000,nomatch
meld_tra_03289,2,22,22,1,0,-0.180579,nonzero
meld_tra_03290,2,5,5,0,0,0.000000,nomatch
meld_tra_03291,2,9,9,0,0,0.000000,nomatch
meld_tra_03292,2,6,6,0,0,0.000000,nomatch
meld_tra_03293,1,9,9,0,0,0.000000,nomatch
meld_tra_03294,1,1,1,0,0,0.000000,nomatch
meld_tra_03295,3,13,13,0,0,0.000000,nomatch
meld_tra_03296,1,12,12,0,0,0.000000,nomatch
meld_tra_03297,1,6,6,0,0,0.000000,nomatch
meld_tra_03298,1,6,6,0,0,0.000000,nomatch
meld_tra_03299,1,11,11,0,0,0.000000,nomatch
meld_tra_03300,2,16,16,0,0,0.000000,nomatch
meld_tra_03301,2,11,11,1,0,-0.180579,nonzero
meld_tra_03302,1,1,1,0,0,0.000000,nomatch
meld_tra_03303,1,1,1,0,0,0.000000,nomatch
meld_tra_03304,3,6,6,3,0,0.250000,nonzero
meld_tra_03305,1,2,2,0,0,0.000000,nomatch
meld_tra_03306,1,9,9,0,0,0.000000,nomatch
meld_tra_03307,2,15,15,0,0,0.000000,nomatch
meld_tra_03308,1,1,1,0,0,0.000000,nomatch
meld_tra_03309,1,1,1,0,0,0.000000,nomatch
meld_tra_03310,1,1,1,0,0,0.000000,nomatch
meld_tra_03311,1,18,18,0,0,0.000000,nomatch
meld_tra_03312,1,1,1,0,0,0.000000,nomatch
meld_tra_03313,1,3,3,1,0,0.542326,nonzero
meld_tra_03314,1,2,2,0,0,0.000000,nomatch
meld_tra_03315,1,14,14,0,0,0.000000,nomatch
meld_tra_03316,1,3,3,0,0,0.000000,nomatch
meld_tra_03317,1,18,18,0,0,0.000000,nomatch
meld_tra_03318,2,10,10,0,0,0.000000,nomatch
meld_tra_03319,1,11,11,0,0,0.000000,nomatch
meld_tra_03320,1,4,4,0,0,0.000000,nomatch
meld_tra_03321,1,7,7,0,0,0.000000,nomatch
meld_tra_03322,2,14,14,1,0,0.130831,nonzero
meld_tra_03323,2,8,8,0,0,0.000000,nomatch
meld_tra_03324,1,16,16,0,0,0.000000,nomatch
meld_tra_03325,1,10,10,0,0,0.000000,nomatch
meld_tra_03326,2,14,14,1,0,0.210732,nonzero
meld_tra_03327,2,3,3,0,0,0.000000,nomatch
meld_tra_03328,4,12,12,0,0,0.000000,nomatch
meld_tra_03329,1,4,4,0,0,0.000000,nomatch
meld_tra_03330,1,2,2,0,0,0.000000,nomatch
meld_tra_03331,1,2,2,0,0,0.000000,nomatch
meld_tra_03332,4,19,19,0,0,0.000000,nomatch
meld_tra_03333,4,11,11,0,0,0.000000,nomatch
meld_tra_03334,3,18,18,2,0,0.083333,nonzero
meld_tra_03335,1,1,1,0,0,0.000000,nomatch
meld_tra_03336,3,24,24,4,0,-0.077567,nonzero
meld_tra_03337,3,19,19,0,0,0.000000,nomatch
meld_tra_03338,2,6,6,0,0,0.000000,nomatch
meld_tra_03339,1,1,1,0,0,0.000000,nomatch
meld_tra_03340,1,6,6,0,0,0.000000,nomatch
meld_tra_03341,2,12,12,0,0,0.000000,nomatch
meld_tra_03342,1,1,1,0,0,0.000000,nomatch
meld_tra_03343,5,9,9,0,0,0.000000,nomatch
meld_tra_03344,1,2,2,0,0,0.000000,nomatch
meld_tra_03345,1,16,16,1,0,-0.339950,nonzero
meld_tra_03346,1,4,4,0,0,0.000000,nomatch
meld_tra_03347,2,16,16,0,0,0.000000,nomatch
meld_tra_03348,1,3,3,0,0,0.000000,nomatch
meld_tra_03349,1,1,1,0,0,0.000000,nomatch
meld_tra_03350,1,1,1,0,0,0.000000,nomatch
meld_tra_03351,3,9,9,0,0,0.000000,nomatch
meld_tra_03352,2,10,10,0,0,0.000000,nomatch
meld_tra_03353,1,4,4,0,0,0.000000,nomatch
meld_tra_03354,2,9,9,1,0,0.064019,nonzero
meld_tra_03355,2,9,9,0,0,0.000000,nomatch
meld_tra_03356,1,4,4,0,0,0.000000,nomatch
meld_tra_03357,4,13,13,0,0,0.000000,nomatch
meld_tra_03358,1,4,4,0,0,0.000000,nomatch
meld_tra_03359,2,7,7,1,0,-0.064019,nonzero
meld_tra_03360,1,3,3,0,0,0.000000,nomatch
meld_tra_03361,2,8,8,0,0,0.000000,nomatch
meld_tra_03362,1,8,8,0,0,0.000000,nomatch
meld_tra_03363,2,4,4,0,0,0.000000,nomatch
meld_tra_03364,2,2,2,0,0,0.000000,nomatch
meld_tra_03365,1,4,4,0,0,0.000000,nomatch
meld_tra_03366,2,11,11,0,0,0.000000,nomatch
meld_tra_03367,1,2,2,0,0,0.000000,nomatch
meld_tra_03368,3,10,10,0,0,0.000000,nomatch
meld_tra_03369,2,6,6,0,1,-0.180579,nonzero
meld_tra_03370,1,3,3,0,1,-0.361158,nonzero
meld_tra_03371,1,3,3,0,0,0.000000,nomatch
meld_tra_03372,1,2,2,0,0,0.000000,nomatch
meld_tra_03373,1,7,7,1,0,-0.542326,nonzero
meld_tra_03374,2,4,4,0,0,0.000000,nomatch
meld_tra_03375,1,4,4,0,0,0.000000,nomatch
meld_tra_03376,2,14,14,0,0,0.000000,nomatch
meld_tra_03377,1,9,9,0,0,0.000000,nomatch
meld_tra_03378,2,14,14,0,0,0.000000,nomatch
meld_tra_03379,1,6,6,0,0,0.000000,nomatch
meld_tra_03380,1,1,1,0,0,0.000000,nomatch
meld_tra_03381,1,1,1,0,0,0.000000,nomatch
meld_tra_03382,1,4,4,1,0,-0.458831,nonzero
meld_tra_03383,1,10,10,0,0,0.000000,nomatch
meld_tra_03384,1,15,15,0,0,0.000000,nomatch
meld_tra_03385,2,14,14,0,0,0.000000,nomatch
meld_tra_03386,2,20,20,0,0,0.000000,nomatch
meld_tra_03387,2,4,4,0,0,0.000000,nomatch
meld_tra_03388,1,3,3,0,0,0.000000,nomatch
meld_tra_03389,3,15,15,1,0,0.180775,nonzero
meld_tra_03390,1,6,6,0,0,0.000000,nomatch
meld_tra_03391,1,5,5,0,0,0.000000,nomatch
meld_tra_03392,1,9,9,2,0,-0.735147,nonzero
meld_tra_03393,1,11,11,0,0,0.000000,nomatch
meld_tra_03394,1,5,5,0,0,0.000000,nomatch
meld_tra_03395,1,1,1,0,0,0.000000,nomatch
meld_tra_03396,1,3,3,0,0,0.000000,nomatch
meld_tra_03397,1,4,4,0,0,0.000000,nomatch
meld_tra_03398,1,6,6,0,0,0.000000,nomatch
meld_tra_03399,2,10,10,0,0,0.000000,nomatch
meld_tra_03400,1,15,15,0,0,0.000000,nomatch
meld_tra_03401,2,5,5,0,0,0.000000,nomatch
meld_tra_03402,2,13,13,0,0,0.000000,nomatch
meld_tra_03403,1,4,4,0,0,0.000000,nomatch
meld_tra_03404,1,7,7,0,0,0.000000,nomatch
meld_tra_03405,1,7,7,0,0,0.000000,nomatch
meld_tra_03406,1,6,6,0,0,0.000000,nomatch
meld_tra_03407,2,15,15,0,0,0.000000,nomatch
meld_tra_03408,2,16,16,0,0,0.000000,nomatch
meld_tra_03409,1,8,8,0,0,0.000000,nomatch
meld_tra_03410,2,8,8,0,0,0.000000,nomatch
meld_tra_03411,1,10,10,0,0,0.000000,nomatch
meld_tra_03412,1,19,19,0,0,0.000000,nomatch
meld_tra_03413,2,4,4,0,0,0.000000,nomatch
meld_tra_03414,1,24,24,0,0,0.000000,nomatch
meld_tra_03415,1,6,6,0,0,0.000000,nomatch
meld_tra_03416,1,7,7,0,0,0.000000,nomatch
meld_tra_03417,1,24,24,0,0,0.000000,nomatch
meld_tra_03418,1,20,20,0,0,0.000000,nomatch
meld_tra_03419,1,10,10,0,0,0.000000,nomatch
meld_tra_03420,3,11,11,0,0,0.000000,nomatch
meld_tra_03421,1,1,1,0,0,0.000000,nomatch
meld_tra_03422,1,1,1,0,0,0.000000,nomatch
meld_tra_03423,2,16,16,1,0,0.289473,nonzero
meld_tra_03424,2,15,15,1,0,0.180579,nonzero
meld_tra_03425,1,18,18,0,0,0.000000,nomatch
meld_tra_03426,1,13,13,1,0,-0.361158,nonzero
meld_tra_03427,2,11,11,0,0,0.000000,nomatch
meld_tra_03428,2,11,11,0,0,0.000000,nomatch
meld_tra_03429,1,3,3,0,0,0.000000,nomatch
meld_tra_03430,1,11,11,0,0,0.000000,nomatch
meld_tra_03431,1,14,14,1,0,-0.361158,nonzero
meld_tra_03432,1,10,10,1,0,0.361158,nonzero
meld_tra_03433,1,8,8,0,0,0.000000,nomatch
meld_tra_03434,1,5,5,0,0,0.000000,nomatch
meld_tra_03435,1,7,7,0,0,0.000000,nomatch
meld_tra_03436,2,11,11,0,0,0.000000,nomatch
meld_tra_03437,1,11,11,0,0,0.000000,nomatch
meld_tra_03438,1,11,11,0,0,0.000000,nomatch
meld_tra_03439,1,3,3,0,0,0.000000,nomatch
meld_tra_03440,1,5,5,0,0,0.000000,nomatch
meld_tra_03441,1,2,2,0,0,0.000000,nomatch
meld_tra_03442,1,23,23,0,0,0.000000,nomatch
meld_tra_03443,2,3,3,0,0,0.000000,nomatch
meld_tra_03444,3,20,20,0,0,0.000000,nomatch
meld_tra_03445,1,1,1,0,0,0.000000,nomatch
meld_tra_03446,1,19,19,0,0,0.000000,nomatch
meld_tra_03447,1,12,12,0,0,0.000000,nomatch
meld_tra_03448,4,25,25,0,0,0.000000,nomatch
meld_tra_03449,1,7,7,0,0,0.000000,nomatch
meld_tra_03450,1,24,24,0,0,0.000000,nomatch
meld_tra_03451,3,11,11,0,0,0.000000,nomatch
meld_tra_03452,1,7,7,0,0,0.000000,nomatch
meld_tra_03453,2,26,26,0,0,0.000000,nomatch
meld_tra_03454,1,12,12,0,0,0.000000,nomatch
meld_tra_03455,1,1,1,0,0,0.000000,nomatch
meld_tra_03456,1,9,9,0,0,0.000000,nomatch
meld_tra_03457,4,9,9,0,0,0.000000,nomatch
meld_tra_03458,1,4,4,0,0,0.000000,nomatch
meld_tra_03459,1,25,25,1,0,0.261663,nonzero
meld_tra_03460,1,1,1,0,0,0.000000,nomatch
meld_tra_03461,1,1,1,0,0,0.000000,nomatch
meld_tra_03462,1,6,6,0,0,0.000000,nomatch
meld_tra_03463,2,15,15,0,0,0.000000,nomatch
meld_tra_03464,3,17,17,0,0,0.000000,nomatch
meld_tra_03465,1,9,9,0,0,0.000000,nomatch
meld_tra_03466,2,14,14,0,0,0.000000,nomatch
meld_tra_03467,2,5,5,0,0,0.000000,nomatch
meld_tra_03468,5,19,19,0,0,0.000000,nomatch
meld_tra_03469,2,4,4,0,0,0.000000,nomatch
meld_tra_03470,2,4,4,0,1,-0.064019,nonzero
meld_tra_03471,5,12,12,0,0,0.000000,nomatch
meld_tra_03472,1,1,1,0,0,0.000000,nomatch
meld_tra_03473,2,19,19,1,0,0.246957,nonzero
meld_tra_03474,2,12,12,0,1,-0.064019,nonzero
meld_tra_03475,1,3,3,0,0,0.000000,nomatch
meld_tra_03476,1,4,4,0,0,0.000000,nomatch
meld_tra_03477,1,8,8,1,0,-0.361158,nonzero
meld_tra_03478,1,6,6,0,0,0.000000,nomatch
meld_tra_03479,2,6,6,0,0,0.000000,nomatch
meld_tra_03480,1,1,1,0,0,0.000000,nomatch
meld_tra_03481,2,9,9,0,0,0.000000,nomatch
meld_tra_03482,4,14,14,0,0,0.000000,nomatch
meld_tra_03483,3,24,24,0,0,0.000000,nomatch
meld_tra_03484,2,10,10,0,0,0.000000,nomatch
meld_tra_03485,1,6,6,0,1,-0.128037,nonzero
meld_tra_03486,3,15,15,1,0,0.152944,nonzero
meld_tra_03487,1,2,2,0,0,0.000000,nomatch
meld_tra_03488,1,2,2,0,0,0.000000,nomatch
meld_tra_03489,2,6,6,0,0,0.000000,nomatch
meld_tra_03490,2,3,3,0,0,0.000000,nomatch
meld_tra_03491,1,5,5,0,0,0.000000,nomatch
meld_tra_03492,1,4,4,0,0,0.000000,nomatch
meld_tra_03493,1,7,7,0,0,0.000000,nomatch
meld_tra_03494,1,4,4,0,0,0.000000,nomatch
meld_tra_03495,1,2,2,0,0,0.000000,nomatch
meld_tra_03496,1,5,5,0,0,0.000000,nomatch
meld_tra_03497,1,12,12,0,0,0.000000,nomatch
meld_tra_03498,1,6,6,0,0,0.000000,nomatch
meld_tra_03499,1,8,8,0,0,0.000000,nomatch
meld_tra_03500,1,2,2,0,0,0.000000,nomatch
meld_tra_03501,1,2,2,0,0,0.000000,nomatch
meld_tra_03502,1,1,1,0,0,0.000000,nomatch
meld_tra_03503,1,2,2,0,0,0.000000,nomatch
meld_tra_03504,1,1,1,0,0,0.000000,nomatch
meld_tra_03505,1,13,13,0,0,0.000000,nomatch
meld_tra_03506,1,1,1,0,0,0.000000,nomatch
meld_tra_03507,1,8,8,0,0,0.000000,nomatch
meld_tra_03508,1,12,12,0,0,0.000000,nomatch
meld_tra_03509,1,11,11,0,0,0.000000,nomatch
meld_tra_03510,1,16,16,1,0,0.493915,nonzero
meld_tra_03511,1,26,26,0,0,0.000000,nomatch
meld_tra_03512,1,8,8,0,0,0.000000,nomatch
meld_tra_03513,1,0,0,0,0,0.000000,nomatch
meld_tra_03514,2,10,10,0,0,0.000000,nomatch
meld_tra_03515,3,11,11,0,0,0.000000,nomatch
meld_tra_03516,2,8,8,0,0,0.000000,nomatch
meld_tra_03517,2,4,4,0,0,0.000000,nomatch
meld_tra_03518,1,1,1,0,0,0.000000,nomatch
meld_tra_03519,1,1,1,0,0,0.000000,nomatch
meld_tra_03520,1,3,3,0,0,0.000000,nomatch
meld_tra_03521,1,3,3,0,0,0.000000,nomatch
meld_tra_03522,1,3,3,0,0,0.000000,nomatch
meld_tra_03523,1,1,1,0,0,0.000000,nomatch
meld_tra_03524,1,6,6,0,0,0.000000,nomatch
meld_tra_03525,1,5,5,0,0,0.000000,nomatch
meld_tra_03526,1,2,2,0,0,0.000000,nomatch
meld_tra_03527,2,6,6,0,0,0.000000,nomatch
meld_tra_03528,1,3,3,0,0,0.000000,nomatch
meld_tra_03529,1,1,1,0,0,0.000000,nomatch
meld_tra_03530,1,3,3,0,0,0.000000,nomatch
meld_tra_03531,1,2,2,0,0,0.000000,nomatch
meld_tra_03532,1,4,4,0,0,0.000000,nomatch
meld_tra_03533,1,7,7,1,0,-0.361158,nonzero
meld_tra_03534,1,3,3,0,0,0.000000,nomatch
meld_tra_03535,1,8,8,0,0,0.000000,nomatch
meld_tra_03536,1,5,5,0,0,0.000000,nomatch
meld_tra_03537,2,3,3,0,0,0.000000,nomatch
meld_tra_03538,1,10,10,0,0,0.000000,nomatch
meld_tra_03539,1,12,12,0,0,0.000000,nomatch
meld_tra_03540,1,6,6,0,0,0.000000,nomatch
meld_tra_03541,1,1,1,0,0,0.000000,nomatch
meld_tra_03542,1,3,3,0,0,0.000000,nomatch
meld_tra_03543,1,3,3,0,0,0.000000,nomatch
meld_tra_03544,2,2,2,0,0,0.000000,nomatch
meld_tra_03545,3,14,14,0,0,0.000000,nomatch
meld_tra_03546,1,7,7,0,0,0.000000,nomatch
meld_tra_03547,1,8,8,0,0,0.000000,nomatch
meld_tra_03548,1,1,1,0,0,0.000000,nomatch
meld_tra_03549,1,16,16,0,0,0.000000,nomatch
meld_tra_03550,2,8,8,0,0,0.000000,nomatch
meld_tra_03551,1,3,3,0,0,0.000000,nomatch
meld_tra_03552,1,7,7,0,0,0.000000,nomatch
meld_tra_03553,2,11,11,0,0,0.000000,nomatch
meld_tra_03554,1,8,8,1,0,-0.361158,nonzero
meld_tra_03555,1,11,11,1,0,-0.361158,nonzero
meld_tra_03556,1,9,9,0,0,0.000000,nomatch
meld_tra_03557,1,8,8,0,0,0.000000,nomatch
meld_tra_03558,1,8,8,1,0,0.542326,nonzero
meld_tra_03559,1,8,8,0,0,0.000000,nomatch
meld_tra_03560,1,6,6,0,0,0.000000,nomatch
meld_tra_03561,1,4,4,0,0,0.000000,nomatch
meld_tra_03562,1,1,1,0,0,0.000000,nomatch
meld_tra_03563,1,7,7,0,0,0.000000,nomatch
meld_tra_03564,1,4,4,0,0,0.000000,nomatch
meld_tra_03565,1,4,4,0,0,0.000000,nomatch
meld_tra_03566,1,9,9,2,0,-0.115413,nonzero
meld_tra_03567,1,2,2,0,0,0.000000,nomatch
meld_tra_03568,1,1,1,0,0,0.000000,nomatch
meld_tra_03569,2,10,10,0,0,0.000000,nomatch
meld_tra_03570,3,9,9,0,0,0.000000,nomatch
meld_tra_03571,1,12,12,0,0,0.000000,nomatch
meld_tra_03572,1,7,7,0,0,0.000000,nomatch
meld_tra_03573,1,10,10,0,0,0.000000,nomatch
meld_tra_03574,1,9,9,0,0,0.000000,nomatch
meld_tra_03575,2,21,21,0,0,0.000000,nomatch
meld_tra_03576,2,7,7,0,0,0.000000,nomatch
meld_tra_03577,5,11,11,0,0,0.000000,nomatch
meld_tra_03578,1,1,1,0,0,0.000000,nomatch
meld_tra_03579,1,4,4,0,0,0.000000,nomatch
meld_tra_03580,1,15,15,0,0,0.000000,nomatch
meld_tra_03581,2,11,11,0,0,0.000000,nomatch
meld_tra_03582,1,5,5,0,0,0.000000,nomatch
meld_tra_03583,2,11,11,0,0,0.000000,nomatch
meld_tra_03584,1,12,12,0,0,0.000000,nomatch
meld_tra_03585,1,10,10,0,0,0.000000,nomatch
meld_tra_03586,1,10,10,0,0,0.000000,nomatch
meld_tra_03587,1,1,1,0,0,0.000000,nomatch
meld_tra_03588,1,2,2,0,0,0.000000,nomatch
meld_tra_03589,1,1,1,0,0,0.000000,nomatch
meld_tra_03590,1,14,14,0,0,0.000000,nomatch
meld_tra_03591,1,1,1,0,0,0.000000,nomatch
meld_tra_03592,1,17,17,0,0,0.000000,nomatch
meld_tra_03593,1,2,2,0,0,0.000000,nomatch
meld_tra_03594,2,7,7,0,0,0.000000,nomatch
meld_tra_03595,1,3,3,0,0,0.000000,nomatch
meld_tra_03596,1,2,2,0,0,0.000000,nomatch
meld_tra_03597,2,13,13,0,0,0.000000,nomatch
meld_tra_03598,2,6,6,1,0,0.064019,nonzero
meld_tra_03599,1,6,6,0,0,0.000000,nomatch
meld_tra_03600,1,4,4,0,0,0.000000,nomatch
meld_tra_03601,1,4,4,0,0,0.000000,nomatch
meld_tra_03602,1,41,41,1,0,0.250000,nonzero
meld_tra_03603,1,13,13,1,0,0.421464,nonzero
meld_tra_03604,1,5,5,0,0,0.000000,nomatch
meld_tra_03605,3,13,13,0,0,0.000000,nomatch
meld_tra_03606,1,17,17,0,0,0.000000,nomatch
meld_tra_03607,1,1,1,0,0,0.000000,nomatch
meld_tra_03608,1,1,1,0,0,0.000000,nomatch
meld_tra_03609,1,17,17,1,0,0.458831,nonzero
meld_tra_03610,1,3,3,0,0,0.000000,nomatch
meld_tra_03611,1,3,3,0,0,0.000000,nomatch
meld_tra_03612,1,3,3,0,0,0.000000,nomatch
meld_tra_03613,1,2,2,0,0,0.000000,nomatch
meld_tra_03614,3,13,13,0,0,0.000000,nomatch
meld_tra_03615,2,20,20,0,0,0.000000,nomatch
meld_tra_03616,2,17,17,0,0,0.000000,nomatch
meld_tra_03617,2,5,5,0,0,0.000000,nomatch
meld_tra_03618,1,10,10,0,0,0.000000,nomatch
meld_tra_03619,2,7,7,0,0,0.000000,nomatch
meld_tra_03620,1,1,1,0,0,0.000000,nomatch
meld_tra_03621,1,6,6,0,0,0.000000,nomatch
meld_tra_03622,2,11,11,0,0,0.000000,nomatch
meld_tra_03623,1,6,6,0,0,0.000000,nomatch
meld_tra_03624,1,1,1,0,0,0.000000,nomatch
meld_tra_03625,1,17,17,0,0,0.000000,nomatch
meld_tra_03626,1,4,4,0,0,0.000000,nomatch
meld_tra_03627,1,5,5,0,0,0.000000,nomatch
meld_tra_03628,1,1,1,0,0,0.000000,nomatch
meld_tra_03629,2,4,4,0,0,0.000000,nomatch
meld_tra_03630,3,7,7,0,0,0.000000,nomatch
meld_tra_03631,1,19,19,0,0,0.000000,nomatch
meld_tra_03632,1,9,9,0,0,0.000000,nomatch
meld_tra_03633,1,8,8,0,0,0.000000,nomatch
meld_tra_03634,2,10,10,0,0,0.000000,nomatch
meld_tra_03635,1,4,4,1,0,-0.250000,nonzero
meld_tra_03636,3,18,18,0,0,0.000000,nomatch
meld_tra_03637,3,16,16,0,0,0.000000,nomatch
meld_tra_03638,3,11,11,0,0,0.000000,nomatch
meld_tra_03639,1,10,10,0,0,0.000000,nomatch
meld_tra_03640,1,1,1,0,0,0.000000,nomatch
meld_tra_03641,1,11,11,0,0,0.000000,nomatch
meld_tra_03642,1,8,8,0,0,0.000000,nomatch
meld_tra_03643,1,8,8,0,0,0.000000,nomatch
meld_tra_03644,2,13,13,0,0,0.000000,nomatch
meld_tra_03645,2,4,4,0,0,0.000000,nomatch
meld_tra_03646,1,20,20,0,0,0.000000,nomatch
meld_tra_03647,1,1,1,0,0,0.000000,nomatch
meld_tra_03648,1,1,1,0,0,0.000000,nomatch
meld_tra_03649,1,1,1,0,0,0.000000,nomatch
meld_tra_03650,1,5,5,0,0,0.000000,nomatch
meld_tra_03651,1,1,1,0,0,0.000000,nomatch
meld_tra_03652,1,4,4,0,0,0.000000,nomatch
meld_tra_03653,2,18,18,1,0,0.210732,nonzero
meld_tra_03654,2,10,10,0,0,0.000000,nomatch
meld_tra_03655,3,11,11,0,0,0.000000,nomatch
meld_tra_03656,1,1,1,0,0,0.000000,nomatch
meld_tra_03657,1,5,5,0,0,0.000000,nomatch
meld_tra_03658,1,2,2,0,0,0.000000,nomatch
meld_tra_03659,1,4,4,0,0,0.000000,nomatch
meld_tra_03660,2,6,6,0,0,0.000000,nomatch
meld_tra_03661,2,12,12,0,0,0.000000,nomatch
meld_tra_03662,1,5,5,0,0,0.000000,nomatch
meld_tra_03663,1,1,1,0,0,0.000000,nomatch
meld_tra_03664,2,5,5,0,0,0.000000,nomatch
meld_tra_03665,1,2,2,0,0,0.000000,nomatch
meld_tra_03666,1,1,1,0,0,0.000000,nomatch
meld_tra_03667,1,1,1,0,0,0.000000,nomatch
meld_tra_03668,1,1,1,0,0,0.000000,nomatch
meld_tra_03669,1,14,14,0,0,0.000000,nomatch
meld_tra_03670,1,22,22,0,0,0.000000,nomatch
meld_tra_03671,2,22,22,0,0,0.000000,nomatch
meld_tra_03672,1,5,5,0,0,0.000000,nomatch
meld_tra_03673,1,11,11,1,0,0.361158,nonzero
meld_tra_03674,1,6,6,0,0,0.000000,nomatch
meld_tra_03675,1,6,6,0,0,0.000000,nomatch
meld_tra_03676,1,8,8,1,0,-0.128037,nonzero
meld_tra_03677,1,1,1,0,0,0.000000,nomatch
meld_tra_03678,1,3,3,0,0,0.000000,nomatch
meld_tra_03679,2,18,18,0,0,0.000000,nomatch
meld_tra_03680,1,4,4,0,0,0.000000,nomatch
meld_tra_03681,1,3,3,0,0,0.000000,nomatch
meld_tra_03682,6,10,10,0,0,0.000000,nomatch
meld_tra_03683,3,11,11,0,0,0.000000,nomatch
meld_tra_03684,1,1,1,0,0,0.000000,nomatch
meld_tra_03685,1,13,13,0,0,0.000000,nomatch
meld_tra_03686,1,21,21,0,0,0.000000,nomatch
meld_tra_03687,3,12,12,0,0,0.000000,nomatch
meld_tra_03688,1,4,4,1,0,0.202289,nonzero
meld_tra_03689,2,2,2,0,0,0.000000,nomatch
meld_tra_03690,3,10,10,0,0,0.000000,nomatch
meld_tra_03691,1,2,2,0,0,0.000000,nomatch
meld_tra_03692,3,10,10,0,0,0.000000,nomatch
meld_tra_03693,1,6,6,0,0,0.000000,nomatch
meld_tra_03694,1,1,1,0,0,0.000000,nomatch
meld_tra_03695,1,2,2,0,0,0.000000,nomatch
meld_tra_03696,1,4,4,0,0,0.000000,nomatch
meld_tra_03697,2,7,7,0,0,0.000000,nomatch
meld_tra_03698,1,5,5,0,0,0.000000,nomatch
meld_tra_03699,1,3,3,0,0,0.000000,nomatch
meld_tra_03700,1,3,3,0,0,0.000000,nomatch
meld_tra_03701,1,4,4,0,0,0.000000,nomatch
meld_tra_03702,3,9,9,1,0,0.067430,nonzero
meld_tra_03703,1,1,1,0,0,0.000000,nomatch
meld_tra_03704,1,9,9,1,0,-0.421464,nonzero
meld_tra_03705,1,12,12,0,0,0.000000,nomatch
meld_tra_03706,4,12,12,0,0,0.000000,nomatch
meld_tra_03707,1,8,8,0,0,0.000000,nomatch
meld_tra_03708,1,7,7,0,1,-0.128037,nonzero
meld_tra_03709,1,3,3,0,0,0.000000,nomatch
meld_tra_03710,1,6,6,0,0,0.000000,nomatch
meld_tra_03711,1,4,4,0,0,0.000000,nomatch
meld_tra_03712,1,5,5,1,0,-0.612372,nonzero
meld_tra_03713,1,2,2,0,0,0.000000,nomatch
meld_tra_03714,1,3,3,0,0,0.000000,nomatch
meld_tra_03715,2,3,3,0,0,0.000000,nomatch
meld_tra_03716,1,13,13,0,0,0.000000,nomatch
meld_tra_03717,4,16,16,0,0,0.000000,nomatch
meld_tra_03718,1,3,3,0,0,0.000000,nomatch
meld_tra_03719,1,2,2,0,0,0.000000,nomatch
meld_tra_03720,1,2,2,0,0,0.000000,nomatch
meld_tra_03721,1,6,6,0,0,0.000000,nomatch
meld_tra_03722,1,12,12,2,0,-0.153093,nonzero
meld_tra_03723,1,10,10,2,0,0.381819,nonzero
meld_tra_03724,1,9,9,0,0,0.000000,nomatch
meld_tra_03725,1,10,10,0,0,0.000000,nomatch
meld_tra_03726,1,7,7,0,0,0.000000,nomatch
meld_tra_03727,1,3,3,0,0,0.000000,nomatch
meld_tra_03728,3,20,20,0,0,0.000000,nomatch
meld_tra_03729,1,5,5,0,0,0.000000,nomatch
meld_tra_03730,1,2,2,0,0,0.000000,nomatch
meld_tra_03731,1,9,9,0,0,0.000000,nomatch
meld_tra_03732,1,5,5,0,0,0.000000,nomatch
meld_tra_03733,3,15,15,1,0,0.087221,nonzero
meld_tra_03734,4,14,14,0,0,0.000000,nomatch
meld_tra_03735,4,11,11,0,0,0.000000,nomatch
meld_tra_03736,4,8,8,0,0,0.000000,nomatch
meld_tra_03737,1,7,7,0,0,0.000000,nomatch
meld_tra_03738,1,8,8,0,0,0.000000,nomatch
meld_tra_03739,2,19,19,1,0,-0.064019,nonzero
meld_tra_03740,2,19,19,0,0,0.000000,nomatch
meld_tra_03741,4,12,12,0,0,0.000000,nomatch
meld_tra_03742,1,3,3,0,0,0.000000,nomatch
meld_tra_03743,1,6,6,0,0,0.000000,nomatch
meld_tra_03744,2,12,12,0,0,0.000000,nomatch
meld_tra_03745,1,15,15,0,0,0.000000,nomatch
meld_tra_03746,1,2,2,0,0,0.000000,nomatch
meld_tra_03747,1,5,5,0,0,0.000000,nomatch
meld_tra_03748,1,13,13,0,0,0.000000,nomatch
meld_tra_03749,1,4,4,0,0,0.000000,nomatch
meld_tra_03750,1,2,2,0,0,0.000000,nomatch
meld_tra_03751,1,2,2,0,0,0.000000,nomatch
meld_tra_03752,1,7,7,0,0,0.000000,nomatch
meld_tra_03753,1,2,2,0,0,0.000000,nomatch
meld_tra_03754,1,8,8,0,0,0.000000,nomatch
meld_tra_03755,1,10,10,1,0,0.361158,nonzero
meld_tra_03756,1,1,1,0,0,0.000000,nomatch
meld_tra_03757,1,4,4,0,0,0.000000,nomatch
meld_tra_03758,1,3,3,0,0,0.000000,nomatch
meld_tra_03759,1,8,8,0,0,0.000000,nomatch
meld_tra_03760,1,5,5,0,0,0.000000,nomatch
meld_tra_03761,1,4,4,0,0,0.000000,nomatch
meld_tra_03762,1,1,1,0,0,0.000000,nomatch
meld_tra_03763,1,1,1,0,0,0.000000,nomatch
meld_tra_03764,1,3,3,0,0,0.000000,nomatch
meld_tra_03765,1,13,13,1,0,0.202289,nonzero
meld_tra_03766,1,5,5,0,0,0.000000,nomatch
meld_tra_03767,1,1,1,0,0,0.000000,nomatch
meld_tra_03768,1,2,2,0,0,0.000000,nomatch
meld_tra_03769,1,2,2,0,0,0.000000,nomatch
meld_tra_03770,2,8,8,0,0,0.000000,nomatch
meld_tra_03771,2,22,22,1,0,0.229415,nonzero
meld_tra_03772,1,10,10,0,0,0.000000,nomatch
meld_tra_03773,1,2,2,0,0,0.000000,nomatch
meld_tra_03774,1,5,5,0,0,0.000000,nomatch
meld_tra_03775,1,9,9,0,0,0.000000,nomatch
meld_tra_03776,1,8,8,0,0,0.000000,nomatch
meld_tra_03777,2,8,8,0,0,0.000000,nomatch
meld_tra_03778,1,7,7,0,0,0.000000,nomatch
meld_tra_03779,1,3,3,0,0,0.000000,nomatch
meld_tra_03780,2,14,14,0,0,0.000000,nomatch
meld_tra_03781,1,1,1,0,0,0.000000,nomatch
meld_tra_03782,1,1,1,0,0,0.000000,nomatch
meld_tra_03783,1,12,12,0,0,0.000000,nomatch
meld_tra_03784,1,9,9,0,0,0.000000,nomatch
meld_tra_03785,2,10,10,0,0,0.000000,nomatch
meld_tra_03786,1,4,4,0,0,0.000000,nomatch
meld_tra_03787,1,33,33,0,0,0.000000,nomatch
meld_tra_03788,2,21,21,0,0,0.000000,nomatch
meld_tra_03789,1,2,2,0,0,0.000000,nomatch
meld_tra_03790,1,1,1,0,0,0.000000,nomatch
meld_tra_03791,1,8,8,0,0,0.000000,nomatch
meld_tra_03792,1,15,15,0,0,0.000000,nomatch
meld_tra_03793,1,2,2,0,0,0.000000,nomatch
meld_tra_03794,2,15,15,0,0,0.000000,nomatch
meld_tra_03795,1,1,1,0,0,0.000000,nomatch
meld_tra_03796,1,11,11,1,0,-0.361158,nonzero
meld_tra_03797,2,15,15,0,0,0.000000,nomatch
meld_tra_03798,1,11,11,0,0,0.000000,nomatch
meld_tra_03799,2,12,12,1,0,0.064019,nonzero
meld_tra_03800,1,6,6,0,0,0.000000,nomatch
meld_tra_03801,1,5,5,0,0,0.000000,nomatch
meld_tra_03802,2,7,7,0,0,0.000000,nomatch
meld_tra_03803,2,12,12,0,0,0.000000,nomatch
meld_tra_03804,3,9,9,0,0,0.000000,nomatch
meld_tra_03805,1,7,7,1,0,-0.361158,nonzero
meld_tra_03806,2,7,7,0,0,0.000000,nomatch
meld_tra_03807,1,4,4,0,0,0.000000,nomatch
meld_tra_03808,2,12,12,0,0,0.000000,nomatch
meld_tra_03809,1,4,4,0,0,0.000000,nomatch
meld_tra_03810,1,4,4,0,0,0.000000,nomatch
meld_tra_03811,1,13,13,1,0,0.542326,nonzero
meld_tra_03812,1,6,6,0,0,0.000000,nomatch
meld_tra_03813,1,2,2,0,0,0.000000,nomatch
meld_tra_03814,1,8,8,1,0,-0.361158,nonzero
meld_tra_03815,1,2,2,0,0,0.000000,nomatch
meld_tra_03816,4,18,18,0,0,0.000000,nomatch
meld_tra_03817,4,13,13,1,0,-0.105366,nonzero
meld_tra_03818,2,14,14,0,0,0.000000,nomatch
meld_tra_03819,1,2,2,0,0,0.000000,nomatch
meld_tra_03820,1,4,4,0,0,0.000000,nomatch
meld_tra_03821,2,6,6,0,0,0.000000,nomatch
meld_tra_03822,1,17,17,0,0,0.000000,nomatch
meld_tra_03823,1,16,16,0,0,0.000000,nomatch
meld_tra_03824,1,5,5,0,0,0.000000,nomatch
meld_tra_03825,1,3,3,0,0,0.000000,nomatch
meld_tra_03826,1,1,1,0,0,0.000000,nomatch
meld_tra_03827,2,7,7,0,0,0.000000,nomatch
meld_tra_03828,1,10,10,0,0,0.000000,nomatch
meld_tra_03829,2,5,5,1,0,0.271163,nonzero
meld_tra_03830,1,3,3,0,0,0.000000,nomatch
meld_tra_03831,1,2,2,0,0,0.000000,nomatch
meld_tra_03832,2,6,6,0,0,0.000000,nomatch
meld_tra_03833,1,6,6,1,0,-0.361158,nonzero
meld_tra_03834,1,13,13,0,0,0.000000,nomatch
meld_tra_03835,2,12,12,0,0,0.000000,nomatch
meld_tra_03836,1,1,1,0,0,0.000000,nomatch
meld_tra_03837,2,5,5,0,0,0.000000,nomatch
meld_tra_03838,1,11,11,0,0,0.000000,nomatch
meld_tra_03839,1,5,5,0,0,0.000000,nomatch
meld_tra_03840,1,8,8,0,0,0.000000,nomatch
meld_tra_03841,1,8,8,1,0,-0.493915,nonzero
meld_tra_03842,3,6,6,0,0,0.000000,nomatch
meld_tra_03843,1,1,1,0,0,0.000000,nomatch
meld_tra_03844,1,1,1,0,0,0.000000,nomatch
meld_tra_03845,1,1,1,0,0,0.000000,nomatch
meld_tra_03846,1,6,6,0,0,0.000000,nomatch
meld_tra_03847,2,22,22,0,0,0.000000,nomatch
meld_tra_03848,2,20,20,0,0,0.000000,nomatch
meld_tra_03849,1,5,5,0,0,0.000000,nomatch
meld_tra_03850,1,6,6,0,0,0.000000,nomatch
meld_tra_03851,1,2,2,0,0,0.000000,nomatch
meld_tra_03852,1,8,8,0,0,0.000000,nomatch
meld_tra_03853,1,1,1,0,0,0.000000,nomatch
meld_tra_03854,1,3,3,0,0,0.000000,nomatch
meld_tra_03855,1,3,3,0,1,-0.128037,nonzero
meld_tra_03856,1,7,7,0,0,0.000000,nomatch
meld_tra_03857,1,11,11,0,0,0.000000,nomatch
meld_tra_03858,1,1,1,0,0,0.000000,nomatch
meld_tra_03859,1,1,1,0,0,0.000000,nomatch
meld_tra_03860,1,8,8,1,0,0.202289,nonzero
meld_tra_03861,1,1,1,0,0,0.000000,nomatch
meld_tra_03862,1,9,9,0,0,0.000000,nomatch
meld_tra_03863,1,4,4,0,0,0.000000,nomatch
meld_tra_03864,2,11,11,0,0,0.000000,nomatch
meld_tra_03865,1,5,5,1,0,-0.361158,nonzero
meld_tra_03866,2,7,7,0,0,0.000000,nomatch
meld_tra_03867,5,11,11,0,0,0.000000,nomatch
meld_tra_03868,1,9,9,0,0,0.000000,nomatch
meld_tra_03869,1,3,3,0,0,0.000000,nomatch
meld_tra_03870,3,18,18,0,0,0.000000,nomatch
meld_tra_03871,3,8,8,0,0,0.000000,nomatch
meld_tra_03872,1,7,7,0,0,0.000000,nomatch
meld_tra_03873,2,22,22,1,0,0.180579,nonzero
meld_tra_03874,2,5,5,0,0,0.000000,nomatch
meld_tra_03875,3,10,10,0,0,0.000000,nomatch
meld_tra_03876,1,2,2,0,0,0.000000,nomatch
meld_tra_03877,1,3,3,0,0,0.000000,nomatch
meld_tra_03878,1,1,1,0,0,0.000000,nomatch
meld_tra_03879,1,1,1,0,0,0.000000,nomatch
meld_tra_03880,1,12,12,0,0,0.000000,nomatch
meld_tra_03881,1,8,8,0,0,0.000000,nomatch
meld_tra_03882,1,2,2,0,0,0.000000,nomatch
meld_tra_03883,2,6,6,0,0,0.000000,nomatch
meld_tra_03884,1,1,1,0,0,0.000000,nomatch
meld_tra_03885,2,13,13,1,1,0.019350,nonzero
meld_tra_03886,1,6,6,0,0,0.000000,nomatch
meld_tra_03887,1,1,1,0,0,0.000000,nomatch
meld_tra_03888,1,10,10,0,0,0.000000,nomatch
meld_tra_03889,2,10,10,0,0,0.000000,nomatch
meld_tra_03890,1,1,1,0,0,0.000000,nomatch
meld_tra_03891,2,11,11,0,0,0.000000,nomatch
meld_tra_03892,1,1,1,0,0,0.000000,nomatch
meld_tra_03893,2,13,13,0,0,0.000000,nomatch
meld_tra_03894,3,17,17,0,0,0.000000,nomatch
meld_tra_03895,1,4,4,1,0,0.361158,nonzero
meld_tra_03896,1,2,2,0,0,0.000000,nomatch
meld_tra_03897,1,10,10,0,0,0.000000,nomatch
meld_tra_03898,2,13,13,0,0,0.000000,nomatch
meld_tra_03899,8,18,18,0,0,0.000000,nomatch
meld_tra_03900,2,18,18,0,0,0.000000,nomatch
meld_tra_03901,1,9,9,0,0,0.000000,nomatch
meld_tra_03902,1,1,1,0,0,0.000000,nomatch
meld_tra_03903,1,5,5,0,0,0.000000,nomatch
meld_tra_03904,1,7,7,0,0,0.000000,nomatch
meld_tra_03905,1,6,6,0,0,0.000000,nomatch
meld_tra_03906,1,5,5,0,0,0.000000,nomatch
meld_tra_03907,1,2,2,0,0,0.000000,nomatch
meld_tra_03908,2,4,4,0,0,0.000000,nomatch
meld_tra_03909,1,16,16,0,0,0.000000,nomatch
meld_tra_03910,1,4,4,0,0,0.000000,nomatch
meld_tra_03911,1,19,19,1,0,0.361158,nonzero
meld_tra_03912,2,12,12,0,0,0.000000,nomatch
meld_tra_03913,1,9,9,0,0,0.000000,nomatch
meld_tra_03914,1,3,3,0,0,0.000000,nomatch
meld_tra_03915,1,1,1,0,0,0.000000,nomatch
meld_tra_03916,2,7,7,1,0,-0.180579,nonzero
meld_tra_03917,1,1,1,0,0,0.000000,nomatch
meld_tra_03918,2,12,12,1,0,0.180579,nonzero
meld_tra_03919,1,6,6,0,0,0.000000,nomatch
meld_tra_03920,1,4,4,1,0,0.361158,nonzero
meld_tra_03921,1,8,8,0,0,0.000000,nomatch
meld_tra_03922,1,3,3,0,0,0.000000,nomatch
meld_tra_03923,1,9,9,0,0,0.000000,nomatch
meld_tra_03924,1,10,10,1,0,-0.361158,nonzero
meld_tra_03925,1,3,3,0,0,0.000000,nomatch
meld_tra_03926,1,9,9,0,0,0.000000,nomatch
meld_tra_03927,1,4,4,0,0,0.000000,nomatch
meld_tra_03928,1,5,5,0,0,0.000000,nomatch
meld_tra_03929,1,2,2,0,0,0.000000,nomatch
meld_tra_03930,3,12,12,0,0,0.000000,nomatch
meld_tra_03931,2,4,4,0,0,0.000000,nomatch
meld_tra_03932,1,13,13,0,0,0.000000,nomatch
meld_tra_03933,1,2,2,0,0,0.000000,nomatch
meld_tra_03934,1,18,18,0,0,0.000000,nomatch
meld_tra_03935,1,27,27,1,0,0.361158,nonzero
meld_tra_03936,1,9,9,0,0,0.000000,nomatch
meld_tra_03937,1,19,19,0,0,0.000000,nomatch
meld_tra_03938,1,14,14,1,0,-0.261663,nonzero
meld_tra_03939,1,11,11,0,0,0.000000,nomatch
meld_tra_03940,1,4,4,0,0,0.000000,nomatch
meld_tra_03941,1,23,23,0,0,0.000000,nomatch
meld_tra_03942,1,21,21,1,0,-0.261663,nonzero
meld_tra_03943,1,1,1,0,0,0.000000,nomatch
meld_tra_03944,2,11,11,0,0,0.000000,nomatch
meld_tra_03945,1,1,1,0,0,0.000000,nomatch
meld_tra_03946,1,6,6,0,0,0.000000,nomatch
meld_tra_03947,1,22,22,1,0,-0.361158,nonzero
meld_tra_03948,1,12,12,1,0,-0.361158,nonzero
meld_tra_03949,1,3,3,0,0,0.000000,nomatch
meld_tra_03950,1,1,1,0,0,0.000000,nomatch
meld_tra_03951,3,24,24,1,0,-0.149901,nonzero
meld_tra_03952,1,1,1,0,0,0.000000,nomatch
meld_tra_03953,1,10,10,0,0,0.000000,nomatch
meld_tra_03954,1,29,29,0,0,0.000000,nomatch
meld_tra_03955,1,6,6,0,0,0.000000,nomatch
meld_tra_03956,1,1,1,0,0,0.000000,nomatch
meld_tra_03957,1,9,9,0,0,0.000000,nomatch
meld_tra_03958,1,6,6,0,0,0.000000,nomatch
meld_tra_03959,1,13,13,0,0,0.000000,nomatch
meld_tra_03960,1,18,18,0,0,0.000000,nomatch
meld_tra_03961,1,13,13,0,0,0.000000,nomatch
meld_tra_03962,1,10,10,0,0,0.000000,nomatch
meld_tra_03963,1,9,9,0,0,0.000000,nomatch
meld_tra_03964,2,12,12,0,0,0.000000,nomatch
meld_tra_03965,1,7,7,0,0,0.000000,nomatch
meld_tra_03966,2,14,14,0,0,0.000000,nomatch
meld_tra_03967,1,11,11,0,0,0.000000,nomatch
meld_tra_03968,1,6,6,0,0,0.000000,nomatch
meld_tra_03969,1,12,12,0,0,0.000000,nomatch
meld_tra_03970,1,17,17,0,0,0.000000,nomatch
meld_tra_03971,1,4,4,0,0,0.000000,nomatch
meld_tra_03972,3,5,5,0,0,0.000000,nomatch
meld_tra_03973,1,5,5,0,0,0.000000,nomatch
meld_tra_03974,1,9,9,0,0,0.000000,nomatch
meld_tra_03975,3,10,10,0,0,0.000000,nomatch
meld_tra_03976,1,5,5,0,0,0.000000,nomatch
meld_tra_03977,1,4,4,0,0,0.000000,nomatch
meld_tra_03978,1,11,11,0,0,0.000000,nomatch
meld_tra_03979,1,14,14,0,0,0.000000,nomatch
meld_tra_03980,1,1,1,0,0,0.000000,nomatch
meld_tra_03981,3,3,3,0,0,0.000000,nomatch
meld_tra_03982,1,3,3,0,0,0.000000,nomatch
meld_tra_03983,2,21,21,0,0,0.000000,nomatch
meld_tra_03984,3,23,23,0,0,0.000000,nomatch
meld_tra_03985,2,4,4,0,0,0.000000,nomatch
meld_tra_03986,1,2,2,0,0,0.000000,nomatch
meld_tra_03987,1,3,3,0,0,0.000000,nomatch
meld_tra_03988,2,8,8,0,0,0.000000,nomatch
meld_tra_03989,1,6,6,0,0,0.000000,nomatch
meld_tra_03990,4,10,10,1,0,0.050572,nonzero
meld_tra_03991,1,1,1,0,0,0.000000,nomatch
meld_tra_03992,2,3,3,0,0,0.000000,nomatch
meld_tra_03993,1,3,3,0,0,0.000000,nomatch
meld_tra_03994,1,1,1,0,0,0.000000,nomatch
meld_tra_03995,1,26,26,0,0,0.000000,nomatch
meld_tra_03996,1,1,1,0,0,0.000000,nomatch
meld_tra_03997,1,20,20,0,0,0.000000,nomatch
meld_tra_03998,4,11,11,1,0,0.090289,nonzero
meld_tra_03999,1,13,13,0,0,0.000000,nomatch
meld_tra_04000,2,6,6,0,0,0.000000,nomatch
meld_tra_04001,1,2,2,0,0,0.000000,nomatch
meld_tra_04002,1,4,4,0,0,0.000000,nomatch
meld_tra_04003,1,6,6,0,0,0.000000,nomatch
meld_tra_04004,1,12,12,0,0,0.000000,nomatch
meld_tra_04005,1,8,8,0,0,0.000000,nomatch
meld_tra_04006,1,15,15,0,0,0.000000,nomatch
meld_tra_04007,2,9,9,0,0,0.000000,nomatch
meld_tra_04008,1,38,38,0,0,0.000000,nomatch
meld_tra_04009,1,12,12,1,0,0.128037,nonzero
meld_tra_04010,1,9,9,0,0,0.000000,nomatch
meld_tra_04011,1,4,4,0,0,0.000000,nomatch
meld_tra_04012,1,4,4,0,0,0.000000,nomatch
meld_tra_04013,2,10,10,0,0,0.000000,nomatch
meld_tra_04014,1,5,5,0,0,0.000000,nomatch
meld_tra_04015,1,12,12,0,0,0.000000,nomatch
meld_tra_04016,1,13,13,0,0,0.000000,nomatch
meld_tra_04017,1,3,3,0,0,0.000000,nomatch
meld_tra_04018,1,3,3,0,0,0.000000,nomatch
meld_tra_04019,1,30,30,1,0,0.542326,nonzero
meld_tra_04020,1,2,2,0,0,0.000000,nomatch
meld_tra_04021,1,13,13,0,0,0.000000,nomatch
meld_tra_04022,1,4,4,0,0,0.000000,nomatch
meld_tra_04023,1,2,2,0,0,0.000000,nomatch
meld_tra_04024,1,7,7,0,0,0.000000,nomatch
meld_tra_04025,1,14,14,0,0,0.000000,nomatch
meld_tra_04026,1,7,7,0,0,0.000000,nomatch
meld_tra_04027,1,8,8,0,0,0.000000,nomatch
meld_tra_04028,2,3,3,0,0,0.000000,nomatch
meld_tra_04029,1,2,2,0,0,0.000000,nomatch
meld_tra_04030,1,1,1,0,0,0.000000,nomatch
meld_tra_04031,2,3,3,0,0,0.000000,nomatch
meld_tra_04032,3,17,17,1,0,0.120386,nonzero
meld_tra_04033,1,1,1,0,0,0.000000,nomatch
meld_tra_04034,1,10,10,0,0,0.000000,nomatch
meld_tra_04035,2,11,11,0,0,0.000000,nomatch
meld_tra_04036,1,3,3,0,0,0.000000,nomatch
meld_tra_04037,1,6,6,1,0,0.563239,nonzero
meld_tra_04038,1,6,6,0,0,0.000000,nomatch
meld_tra_04039,1,2,2,0,0,0.000000,nomatch
meld_tra_04040,1,4,4,0,0,0.000000,nomatch
meld_tra_04041,1,17,17,0,0,0.000000,nomatch
meld_tra_04042,1,6,6,0,0,0.000000,nomatch
meld_tra_04043,1,7,7,0,0,0.000000,nomatch
meld_tra_04044,1,1,1,0,0,0.000000,nomatch
meld_tra_04045,2,14,14,0,0,0.000000,nomatch
meld_tra_04046,1,1,1,0,0,0.000000,nomatch
meld_tra_04047,4,17,17,0,0,0.000000,nomatch
meld_tra_04048,2,9,9,1,0,0.064019,nonzero
meld_tra_04049,1,1,1,0,0,0.000000,nomatch
meld_tra_04050,3,17,17,1,0,-0.083333,nonzero
meld_tra_04051,2,14,14,0,0,0.000000,nomatch
meld_tra_04052,2,6,6,0,0,0.000000,nomatch
meld_tra_04053,1,7,7,0,0,0.000000,nomatch
meld_tra_04054,2,6,6,0,0,0.000000,nomatch
meld_tra_04055,3,10,10,0,0,0.000000,nomatch
meld_tra_04056,1,9,9,0,0,0.000000,nomatch
meld_tra_04057,1,2,2,0,0,0.000000,nomatch
meld_tra_04058,1,9,9,0,0,0.000000,nomatch
meld_tra_04059,3,10,10,0,0,0.000000,nomatch
meld_tra_04060,1,5,5,0,0,0.000000,nomatch
meld_tra_04061,1,18,18,0,0,0.000000,nomatch
meld_tra_04062,2,19,19,0,0,0.000000,nomatch
meld_tra_04063,1,4,4,0,0,0.000000,nomatch
meld_tra_04064,1,7,7,0,0,0.000000,nomatch
meld_tra_04065,1,15,15,1,0,-0.361158,nonzero
meld_tra_04066,1,13,13,0,0,0.000000,nomatch
meld_tra_04067,1,7,7,1,0,0.421464,nonzero
meld_tra_04068,1,1,1,0,0,0.000000,nomatch
meld_tra_04069,1,3,3,1,0,0.493915,nonzero
meld_tra_04070,2,8,8,0,0,0.000000,nomatch
meld_tra_04071,1,12,12,0,0,0.000000,nomatch
meld_tra_04072,1,8,8,0,0,0.000000,nomatch
meld_tra_04073,4,15,15,0,0,0.000000,nomatch
meld_tra_04074,1,19,19,0,0,0.000000,nomatch
meld_tra_04075,1,7,7,0,0,0.000000,nomatch
meld_tra_04076,2,5,5,0,0,0.000000,nomatch
meld_tra_04077,2,7,7,0,0,0.000000,nomatch
meld_tra_04078,1,15,15,0,0,0.000000,nomatch
meld_tra_04079,1,8,8,0,0,0.000000,nomatch
meld_tra_04080,1,5,5,0,0,0.000000,nomatch
meld_tra_04081,1,1,1,0,0,0.000000,nomatch
meld_tra_04082,1,1,1,0,0,0.000000,nomatch
meld_tra_04083,1,9,9,0,0,0.000000,nomatch
meld_tra_04084,1,7,7,0,0,0.000000,nomatch
meld_tra_04085,2,12,12,0,0,0.000000,nomatch
meld_tra_04086,1,11,11,0,0,0.000000,nomatch
meld_tra_04087,1,4,4,0,0,0.000000,nomatch
meld_tra_04088,1,5,5,0,0,0.000000,nomatch
meld_tra_04089,1,8,8,0,0,0.000000,nomatch
meld_tra_04090,1,7,7,0,0,0.000000,nomatch
meld_tra_04091,1,1,1,0,0,0.000000,nomatch
meld_tra_04092,1,16,16,0,0,0.000000,nomatch
meld_tra_04093,1,8,8,0,0,0.000000,nomatch
meld_tra_04094,1,4,4,0,0,0.000000,nomatch
meld_tra_04095,1,3,3,0,0,0.000000,nomatch
meld_tra_04096,1,3,3,0,0,0.000000,nomatch
meld_tra_04097,1,5,5,0,0,0.000000,nomatch
meld_tra_04098,2,19,19,0,0,0.000000,nomatch
meld_tra_04099,1,4,4,0,0,0.000000,nomatch
meld_tra_04100,3,22,22,1,0,0.042679,nonzero
meld_tra_04101,1,7,7,0,0,0.000000,nomatch
meld_tra_04102,1,9,9,0,0,0.000000,nomatch
meld_tra_04103,1,13,13,0,0,0.000000,nomatch
meld_tra_04104,1,3,3,0,0,0.000000,nomatch
meld_tra_04105,2,10,10,0,0,0.000000,nomatch
meld_tra_04106,1,11,11,0,0,0.000000,nomatch
meld_tra_04107,1,3,3,0,0,0.000000,nomatch
meld_tra_04108,4,22,22,0,0,0.000000,nomatch
meld_tra_04109,1,9,9,0,0,0.000000,nomatch
meld_tra_04110,2,8,8,0,0,0.000000,nomatch
meld_tra_04111,1,5,5,0,0,0.000000,nomatch
meld_tra_04112,1,9,9,0,0,0.000000,nomatch
meld_tra_04113,3,22,22,0,0,0.000000,nomatch
meld_tra_04114,2,6,6,0,0,0.000000,nomatch
meld_tra_04115,1,5,5,0,0,0.000000,nomatch
meld_tra_04116,1,18,18,0,0,0.000000,nomatch
meld_tra_04117,4,23,23,1,0,-0.105366,nonzero
meld_tra_04118,2,10,10,0,0,0.000000,nomatch
meld_tra_04119,2,20,20,0,0,0.000000,nomatch
meld_tra_04120,1,7,7,0,0,0.000000,nomatch
meld_tra_04121,1,1,1,0,0,0.000000,nomatch
meld_tra_04122,1,8,8,0,0,0.000000,nomatch
meld_tra_04123,1,1,1,0,0,0.000000,nomatch
meld_tra_04124,1,4,4,0,0,0.000000,nomatch
meld_tra_04125,2,14,14,0,0,0.000000,nomatch
meld_tra_04126,1,4,4,0,0,0.000000,nomatch
meld_tra_04127,1,5,5,0,0,0.000000,nomatch
meld_tra_04128,2,6,6,0,0,0.000000,nomatch
meld_tra_04129,1,2,2,0,0,0.000000,nomatch
meld_tra_04130,1,8,8,0,0,0.000000,nomatch
meld_tra_04131,1,4,4,0,0,0.000000,nomatch
meld_tra_04132,1,5,5,0,0,0.000000,nomatch
meld_tra_04133,1,10,10,0,0,0.000000,nomatch
meld_tra_04134,1,3,3,0,0,0.000000,nomatch
meld_tra_04135,1,3,3,0,0,0.000000,nomatch
meld_tra_04136,2,8,8,0,0,0.000000,nomatch
meld_tra_04137,1,6,6,0,0,0.000000,nomatch
meld_tra_04138,2,9,9,0,0,0.000000,nomatch
meld_tra_04139,1,17,17,0,0,0.000000,nomatch
meld_tra_04140,1,4,4,0,0,0.000000,nomatch
meld_tra_04141,1,6,6,0,0,0.000000,nomatch
meld_tra_04142,2,7,7,0,0,0.000000,nomatch
meld_tra_04143,1,6,6,0,0,0.000000,nomatch
meld_tra_04144,1,5,5,0,0,0.000000,nomatch
meld_tra_04145,1,12,12,0,0,0.000000,nomatch
meld_tra_04146,1,1,1,0,0,0.000000,nomatch
meld_tra_04147,1,4,4,0,0,0.000000,nomatch
meld_tra_04148,1,6,6,0,0,0.000000,nomatch
meld_tra_04149,1,1,1,0,0,0.000000,nomatch
meld_tra_04150,1,6,6,0,0,0.000000,nomatch
meld_tra_04151,1,11,11,0,0,0.000000,nomatch
meld_tra_04152,1,7,7,0,0,0.000000,nomatch
meld_tra_04153,1,14,14,3,0,-0.090003,nonzero
meld_tra_04154,1,36,36,0,0,0.000000,nomatch
meld_tra_04155,1,12,12,1,0,-0.361158,nonzero
meld_tra_04156,1,1,1,0,0,0.000000,nomatch
meld_tra_04157,1,7,7,0,0,0.000000,nomatch
meld_tra_04158,1,26,26,0,0,0.000000,nomatch
meld_tra_04159,1,27,27,0,0,0.000000,nomatch
meld_tra_04160,2,17,17,2,0,-0.088929,nonzero
meld_tra_04161,1,9,9,1,0,0.090003,nonzero
meld_tra_04162,1,3,3,0,0,0.000000,nomatch
meld_tra_04163,1,7,7,0,0,0.000000,nomatch
meld_tra_04164,1,6,6,0,0,0.000000,nomatch
meld_tra_04165,3,19,19,1,0,0.067430,nonzero
meld_tra_04166,2,13,13,0,0,0.000000,nomatch
meld_tra_04167,2,4,4,0,0,0.000000,nomatch
meld_tra_04168,4,15,15,4,0,-0.056493,nonzero
meld_tra_04169,1,9,9,0,0,0.000000,nomatch
meld_tra_04170,1,20,20,0,0,0.000000,nomatch
meld_tra_04171,1,14,14,0,0,0.000000,nomatch
meld_tra_04172,1,5,5,0,0,0.000000,nomatch
meld_tra_04173,1,7,7,0,0,0.000000,nomatch
meld_tra_04174,1,7,7,0,0,0.000000,nomatch
meld_tra_04175,1,5,5,0,0,0.000000,nomatch
meld_tra_04176,1,5,5,0,0,0.000000,nomatch
meld_tra_04177,2,14,14,0,0,0.000000,nomatch
meld_tra_04178,1,2,2,0,0,0.000000,nomatch
meld_tra_04179,1,7,7,0,0,0.000000,nomatch
meld_tra_04180,1,12,12,1,0,0.458831,nonzero
meld_tra_04181,1,14,14,0,0,0.000000,nomatch
meld_tra_04182,1,21,21,0,0,0.000000,nomatch
meld_tra_04183,1,5,5,0,0,0.000000,nomatch
meld_tra_04184,4,18,18,0,0,0.000000,nomatch
meld_tra_04185,1,1,1,0,0,0.000000,nomatch
meld_tra_04186,1,20,20,0,0,0.000000,nomatch
meld_tra_04187,2,17,17,0,0,0.000000,nomatch
meld_tra_04188,1,18,18,0,0,0.000000,nomatch
meld_tra_04189,1,2,2,0,0,0.000000,nomatch
meld_tra_04190,2,13,13,0,0,0.000000,nomatch
meld_tra_04191,1,2,2,0,0,0.000000,nomatch
meld_tra_04192,1,30,30,1,0,0.421464,nonzero
meld_tra_04193,3,13,13,0,0,0.000000,nomatch
meld_tra_04194,1,31,31,1,0,-0.458831,nonzero
meld_tra_04195,1,33,33,1,0,-0.361158,nonzero
meld_tra_04196,1,1,1,0,0,0.000000,nomatch
meld_tra_04197,1,30,30,2,0,0.273213,nonzero
meld_tra_04198,1,3,3,0,0,0.000000,nomatch
meld_tra_04199,2,6,6,0,0,0.000000,nomatch
meld_tra_04200,1,13,13,0,0,0.000000,nomatch
meld_tra_04201,1,8,8,0,0,0.000000,nomatch
meld_tra_04202,1,8,8,0,0,0.000000,nomatch
meld_tra_04203,1,15,15,0,0,0.000000,nomatch
meld_tra_04204,1,11,11,0,0,0.000000,nomatch
meld_tra_04205,1,1,1,0,0,0.000000,nomatch
meld_tra_04206,1,18,18,0,0,0.000000,nomatch
meld_tra_04207,1,8,8,0,0,0.000000,nomatch
meld_tra_04208,1,27,27,0,0,0.000000,nomatch
meld_tra_04209,1,8,8,0,0,0.000000,nomatch
meld_tra_04210,1,7,7,0,0,0.000000,nomatch
meld_tra_04211,2,5,5,0,0,0.000000,nomatch
meld_tra_04212,1,12,12,0,0,0.000000,nomatch
meld_tra_04213,1,6,6,0,0,0.000000,nomatch
meld_tra_04214,2,10,10,0,0,0.000000,nomatch
meld_tra_04215,1,9,9,0,0,0.000000,nomatch
meld_tra_04216,1,10,10,0,0,0.000000,nomatch
meld_tra_04217,1,5,5,0,0,0.000000,nomatch
meld_tra_04218,1,5,5,0,0,0.000000,nomatch
meld_tra_04219,1,9,9,1,0,-0.361158,nonzero
meld_tra_04220,1,5,5,0,0,0.000000,nomatch
meld_tra_04221,2,8,8,0,0,0.000000,nomatch
meld_tra_04222,2,21,21,0,0,0.000000,nomatch
meld_tra_04223,1,11,11,0,0,0.000000,nomatch
meld_tra_04224,3,7,7,0,0,0.000000,nomatch
meld_tra_04225,1,8,8,1,0,-0.361158,nonzero
meld_tra_04226,2,22,22,0,0,0.000000,nomatch
meld_tra_04227,2,13,13,1,1,0.242678,nonzero
meld_tra_04228,1,1,1,0,0,0.000000,nomatch
meld_tra_04229,1,1,1,0,0,0.000000,nomatch
meld_tra_04230,1,13,13,0,0,0.000000,nomatch
meld_tra_04231,1,8,8,1,0,-0.361158,nonzero
meld_tra_04232,1,14,14,0,0,0.000000,nomatch
meld_tra_04233,1,17,17,0,0,0.000000,nomatch
meld_tra_04234,2,2,2,0,0,0.000000,nomatch
meld_tra_04235,1,6,6,0,0,0.000000,nomatch
meld_tra_04236,1,31,31,1,0,-0.663213,nonzero
meld_tra_04237,1,5,5,1,0,0.527122,nonzero
meld_tra_04238,1,1,1,0,0,0.000000,nomatch
meld_tra_04239,1,69,69,2,0,-0.331317,nonzero
meld_tra_04240,2,14,14,0,0,0.000000,nomatch
meld_tra_04241,2,7,7,2,0,0.451742,nonzero
meld_tra_04242,3,14,14,1,0,0.180775,nonzero
meld_tra_04243,1,3,3,0,0,0.000000,nomatch
meld_tra_04244,1,1,1,0,0,0.000000,nomatch
meld_tra_04245,2,5,5,1,0,-0.306186,nonzero
meld_tra_04246,1,6,6,0,0,0.000000,nomatch
meld_tra_04247,1,19,19,0,0,0.000000,nomatch
meld_tra_04248,2,13,13,0,0,0.000000,nomatch
meld_tra_04249,1,1,1,0,0,0.000000,nomatch
meld_tra_04250,3,18,18,1,0,-0.098653,nonzero
meld_tra_04251,1,5,5,0,0,0.000000,nomatch
meld_tra_04252,1,6,6,0,0,0.000000,nomatch
meld_tra_04253,1,8,8,0,0,0.000000,nomatch
meld_tra_04254,3,19,19,1,0,0.067430,nonzero
meld_tra_04255,1,14,14,0,0,0.000000,nomatch
meld_tra_04256,1,5,5,0,0,0.000000,nomatch
meld_tra_04257,1,4,4,0,0,0.000000,nomatch
meld_tra_04258,1,10,10,1,0,0.261663,nonzero
meld_tra_04259,1,13,13,0,0,0.000000,nomatch
meld_tra_04260,4,17,17,2,0,-0.024874,nonzero
meld_tra_04261,2,9,9,0,0,0.000000,nomatch
meld_tra_04262,2,7,7,0,0,0.000000,nomatch
meld_tra_04263,2,9,9,0,0,0.000000,nomatch
meld_tra_04264,1,7,7,0,0,0.000000,nomatch
meld_tra_04265,2,18,18,0,0,0.000000,nomatch
meld_tra_04266,1,4,4,0,0,0.000000,nomatch
meld_tra_04267,1,4,4,0,0,0.000000,nomatch
meld_tra_04268,2,3,3,0,0,0.000000,nomatch
meld_tra_04269,2,18,18,1,0,-0.064019,nonzero
meld_tra_04270,1,1,1,0,0,0.000000,nomatch
meld_tra_04271,1,5,5,0,0,0.000000,nomatch
meld_tra_04272,2,5,5,0,0,0.000000,nomatch
meld_tra_04273,1,6,6,0,0,0.000000,nomatch
meld_tra_04274,1,5,5,0,0,0.000000,nomatch
meld_tra_04275,2,4,4,0,0,0.000000,nomatch
meld_tra_04276,1,4,4,0,0,0.000000,nomatch
meld_tra_04277,2,6,6,0,0,0.000000,nomatch
meld_tra_04278,1,5,5,0,0,0.000000,nomatch
meld_tra_04279,1,2,2,0,0,0.000000,nomatch
meld_tra_04280,1,2,2,0,0,0.000000,nomatch
meld_tra_04281,1,1,1,0,0,0.000000,nomatch
meld_tra_04282,2,15,15,0,0,0.000000,nomatch
meld_tra_04283,1,1,1,0,0,0.000000,nomatch
meld_tra_04284,1,8,8,0,0,0.000000,nomatch
meld_tra_04285,1,5,5,1,0,-0.458831,nonzero
meld_tra_04286,3,21,21,0,0,0.000000,nomatch
meld_tra_04287,1,7,7,0,0,0.000000,nomatch
meld_tra_04288,2,16,16,1,0,-0.130831,nonzero
meld_tra_04289,1,6,6,0,0,0.000000,nomatch
meld_tra_04290,1,2,2,0,0,0.000000,nomatch
meld_tra_04291,1,1,1,0,0,0.000000,nomatch
meld_tra_04292,2,15,15,0,0,0.000000,nomatch
meld_tra_04293,1,1,1,0,0,0.000000,nomatch
meld_tra_04294,1,1,1,0,0,0.000000,nomatch
meld_tra_04295,2,14,14,0,0,0.000000,nomatch
meld_tra_04296,2,16,16,0,0,0.000000,nomatch
meld_tra_04297,1,6,6,0,0,0.000000,nomatch
meld_tra_04298,2,18,18,0,0,0.000000,nomatch
meld_tra_04299,3,6,6,0,0,0.000000,nomatch
meld_tra_04300,2,11,11,0,0,0.000000,nomatch
meld_tra_04301,1,8,8,0,0,0.000000,nomatch
meld_tra_04302,1,1,1,0,0,0.000000,nomatch
meld_tra_04303,2,11,11,0,0,0.000000,nomatch
meld_tra_04304,1,10,10,0,0,0.000000,nomatch
meld_tra_04305,1,7,7,0,0,0.000000,nomatch
meld_tra_04306,2,16,16,0,0,0.000000,nomatch
meld_tra_04307,1,9,9,0,0,0.000000,nomatch
meld_tra_04308,1,3,3,0,0,0.000000,nomatch
meld_tra_04309,1,3,3,0,0,0.000000,nomatch
meld_tra_04310,1,18,18,0,0,0.000000,nomatch
meld_tra_04311,1,7,7,0,0,0.000000,nomatch
meld_tra_04312,2,5,5,0,0,0.000000,nomatch
meld_tra_04313,1,14,14,0,0,0.000000,nomatch
meld_tra_04314,2,10,10,0,0,0.000000,nomatch
meld_tra_04315,1,6,6,0,0,0.000000,nomatch
meld_tra_04316,1,5,5,0,0,0.000000,nomatch
meld_tra_04317,1,1,1,0,0,0.000000,nomatch
meld_tra_04318,1,15,15,1,0,0.449704,nonzero
meld_tra_04319,1,2,2,0,0,0.000000,nomatch
meld_tra_04320,2,9,9,0,0,0.000000,nomatch
meld_tra_04321,3,8,8,1,0,-0.137255,nonzero
meld_tra_04322,2,7,7,2,0,0.250000,nonzero
meld_tra_04323,1,1,1,0,0,0.000000,nomatch
meld_tra_04324,1,15,15,0,0,0.000000,nomatch
meld_tra_04325,1,8,8,0,0,0.000000,nomatch
meld_tra_04326,1,1,1,0,0,0.000000,nomatch
meld_tra_04327,1,3,3,1,0,0.458831,nonzero
meld_tra_04328,1,12,12,1,0,0.202289,nonzero
meld_tra_04329,1,6,6,1,0,0.542326,nonzero
meld_tra_04330,1,4,4,0,0,0.000000,nomatch
meld_tra_04331,2,8,8,0,0,0.000000,nomatch
meld_tra_04332,3,9,9,0,0,0.000000,nomatch
meld_tra_04333,1,7,7,0,0,0.000000,nomatch
meld_tra_04334,1,25,25,0,0,0.000000,nomatch
meld_tra_04335,1,7,7,0,0,0.000000,nomatch
meld_tra_04336,1,9,9,0,0,0.000000,nomatch
meld_tra_04337,2,5,5,0,0,0.000000,nomatch
meld_tra_04338,2,12,12,0,0,0.000000,nomatch
meld_tra_04339,2,7,7,0,0,0.000000,nomatch
meld_tra_04340,2,3,3,0,0,0.000000,nomatch
meld_tra_04341,1,2,2,0,0,0.000000,nomatch
meld_tra_04342,2,3,3,0,0,0.000000,nomatch
meld_tra_04343,2,11,11,0,0,0.000000,nomatch
meld_tra_04344,2,9,9,2,0,0.391311,nonzero
meld_tra_04345,1,1,1,0,0,0.000000,nomatch
meld_tra_04346,2,7,7,0,0,0.000000,nomatch
meld_tra_04347,1,2,2,0,0,0.000000,nomatch
meld_tra_04348,1,3,3,0,0,0.000000,nomatch
meld_tra_04349,3,23,23,2,0,0.240772,nonzero
meld_tra_04350,4,17,17,3,0,0.270868,nonzero
meld_tra_04351,1,6,6,0,0,0.000000,nomatch
meld_tra_04352,2,9,9,0,0,0.000000,nomatch
meld_tra_04353,1,5,5,0,0,0.000000,nomatch
meld_tra_04354,3,17,17,0,0,0.000000,nomatch
meld_tra_04355,3,5,5,0,0,0.000000,nomatch
meld_tra_04356,3,8,8,0,0,0.000000,nomatch
meld_tra_04357,1,4,4,0,0,0.000000,nomatch
meld_tra_04358,1,1,1,0,0,0.000000,nomatch
meld_tra_04359,1,5,5,0,0,0.000000,nomatch
meld_tra_04360,1,2,2,0,0,0.000000,nomatch
meld_tra_04361,1,9,9,0,0,0.000000,nomatch
meld_tra_04362,2,14,14,0,0,0.000000,nomatch
meld_tra_04363,2,11,11,0,0,0.000000,nomatch
meld_tra_04364,4,13,13,0,0,0.000000,nomatch
meld_tra_04365,1,1,1,0,0,0.000000,nomatch
meld_tra_04366,1,8,8,1,0,0.421464,nonzero
meld_tra_04367,3,18,18,0,0,0.000000,nomatch
meld_tra_04368,2,6,6,1,0,0.064019,nonzero
meld_tra_04369,1,4,4,0,0,0.000000,nomatch
meld_tra_04370,3,17,17,1,0,0.120386,nonzero
meld_tra_04371,2,13,13,0,0,0.000000,nomatch
meld_tra_04372,1,8,8,0,0,0.000000,nomatch
meld_tra_04373,2,20,20,0,0,0.000000,nomatch
meld_tra_04374,1,7,7,0,0,0.000000,nomatch
meld_tra_04375,1,10,10,0,0,0.000000,nomatch
meld_tra_04376,1,6,6,0,0,0.000000,nomatch
meld_tra_04377,1,15,15,0,0,0.000000,nomatch
meld_tra_04378,1,3,3,0,0,0.000000,nomatch
meld_tra_04379,2,4,4,0,0,0.000000,nomatch
meld_tra_04380,2,4,4,0,0,0.000000,nomatch
meld_tra_04381,1,1,1,0,0,0.000000,nomatch
meld_tra_04382,1,5,5,0,0,0.000000,nomatch
meld_tra_04383,4,9,9,0,0,0.000000,nomatch
meld_tra_04384,1,4,4,1,0,0.128037,nonzero
meld_tra_04385,1,4,4,0,0,0.000000,nomatch
meld_tra_04386,1,8,8,0,0,0.000000,nomatch
meld_tra_04387,2,17,17,0,0,0.000000,nomatch
meld_tra_04388,1,1,1,0,0,0.000000,nomatch
meld_tra_04389,5,19,19,0,0,0.000000,nomatch
meld_tra_04390,1,6,6,0,0,0.000000,nomatch
meld_tra_04391,1,2,2,0,0,0.000000,nomatch
meld_tra_04392,1,10,10,0,0,0.000000,nomatch
meld_tra_04393,1,9,9,0,0,0.000000,nomatch
meld_tra_04394,1,6,6,0,0,0.000000,nomatch
meld_tra_04395,1,30,30,0,0,0.000000,nomatch
meld_tra_04396,1,20,20,1,0,0.361158,nonzero
meld_tra_04397,1,3,3,0,0,0.000000,nomatch
meld_tra_04398,1,1,1,0,0,0.000000,nomatch
meld_tra_04399,1,9,9,0,0,0.000000,nomatch
meld_tra_04400,1,7,7,0,0,0.000000,nomatch
meld_tra_04401,1,8,8,0,0,0.000000,nomatch
meld_tra_04402,1,7,7,1,0,-0.361158,nonzero
meld_tra_04403,1,15,15,1,0,0.642809,nonzero
meld_tra_04404,1,18,18,1,0,-0.361158,nonzero
meld_tra_04405,1,1,1,0,0,0.000000,nomatch
meld_tra_04406,1,1,1,0,0,0.000000,nomatch
meld_tra_04407,1,1,1,0,0,0.000000,nomatch
meld_tra_04408,2,10,10,0,0,0.000000,nomatch
meld_tra_04409,1,18,18,0,0,0.000000,nomatch
meld_tra_04410,1,3,3,0,0,0.000000,nomatch
meld_tra_04411,1,5,5,0,0,0.000000,nomatch
meld_tra_04412,1,7,7,0,0,0.000000,nomatch
meld_tra_04413,2,10,10,0,0,0.000000,nomatch
meld_tra_04414,3,9,9,0,0,0.000000,nomatch
meld_tra_04415,1,4,4,0,0,0.000000,nomatch
meld_tra_04416,1,2,2,0,0,0.000000,nomatch
meld_tra_04417,1,18,18,1,0,-0.458831,nonzero
meld_tra_04418,1,5,5,0,0,0.000000,nomatch
meld_tra_04419,1,1,1,0,0,0.000000,nomatch
meld_tra_04420,1,3,3,0,0,0.000000,nomatch
meld_tra_04421,1,1,1,0,0,0.000000,nomatch
meld_tra_04422,2,1,1,0,0,0.000000,nomatch
meld_tra_04423,2,1,1,0,0,0.000000,nomatch
meld_tra_04424,1,5,5,0,0,0.000000,nomatch
meld_tra_04425,1,8,8,1,0,-0.458831,nonzero
meld_tra_04426,2,14,14,0,0,0.000000,nomatch
meld_tra_04427,1,1,1,0,0,0.000000,nomatch
meld_tra_04428,1,1,1,0,0,0.000000,nomatch
meld_tra_04429,2,12,12,0,0,0.000000,nomatch
meld_tra_04430,4,8,8,0,0,0.000000,nomatch
meld_tra_04431,2,10,10,0,0,0.000000,nomatch
meld_tra_04432,2,7,7,0,0,0.000000,nomatch
meld_tra_04433,2,10,10,0,0,0.000000,nomatch
meld_tra_04434,2,4,4,0,0,0.000000,nomatch
meld_tra_04435,2,15,15,0,0,0.000000,nomatch
meld_tra_04436,1,5,5,0,0,0.000000,nomatch
meld_tra_04437,2,7,7,0,0,0.000000,nomatch
meld_tra_04438,3,24,24,0,0,0.000000,nomatch
meld_tra_04439,1,2,2,0,0,0.000000,nomatch
meld_tra_04440,3,8,8,1,0,-0.149901,nonzero
meld_tra_04441,1,10,10,0,0,0.000000,nomatch
meld_tra_04442,1,31,31,1,0,-0.361158,nonzero
meld_tra_04443,1,5,5,0,0,0.000000,nomatch
meld_tra_04444,1,8,8,0,0,0.000000,nomatch
meld_tra_04445,1,10,10,0,0,0.000000,nomatch
meld_tra_04446,3,12,12,1,0,0.120386,nonzero
meld_tra_04447,2,13,13,0,0,0.000000,nomatch
meld_tra_04448,2,7,7,0,0,0.000000,nomatch
meld_tra_04449,2,8,8,0,0,0.000000,nomatch
meld_tra_04450,1,5,5,0,0,0.000000,nomatch
meld_tra_04451,2,17,17,1,0,0.064019,nonzero
meld_tra_04452,1,2,2,0,0,0.000000,nomatch
meld_tra_04453,1,7,7,0,0,0.000000,nomatch
meld_tra_04454,1,27,27,0,0,0.000000,nomatch
meld_tra_04455,1,3,3,0,0,0.000000,nomatch
meld_tra_04456,3,22,22,0,0,0.000000,nomatch
meld_tra_04457,3,14,14,0,0,0.000000,nomatch
meld_tra_04458,1,2,2,0,0,0.000000,nomatch
meld_tra_04459,1,1,1,0,0,0.000000,nomatch
meld_tra_04460,1,5,5,0,0,0.000000,nomatch
meld_tra_04461,1,8,8,0,0,0.000000,nomatch
meld_tra_04462,1,29,29,0,0,0.000000,nomatch
meld_tra_04463,1,3,3,0,0,0.000000,nomatch
meld_tra_04464,2,27,27,1,0,0.180579,nonzero
meld_tra_04465,1,19,19,0,0,0.000000,nomatch
meld_tra_04466,4,19,19,2,0,0.257352,nonzero
meld_tra_04467,1,1,1,0,0,0.000000,nomatch
meld_tra_04468,1,7,7,0,0,0.000000,nomatch
meld_tra_04469,2,5,5,0,0,0.000000,nomatch
meld_tra_04470,1,12,12,1,0,0.361158,nonzero
meld_tra_04471,2,9,9,0,0,0.000000,nomatch
meld_tra_04472,1,6,6,0,0,0.000000,nomatch
meld_tra_04473,1,5,5,0,0,0.000000,nomatch
meld_tra_04474,1,17,17,0,0,0.000000,nomatch
meld_tra_04475,1,4,4,0,0,0.000000,nomatch
meld_tra_04476,1,21,21,0,0,0.000000,nomatch
meld_tra_04477,1,7,7,0,0,0.000000,nomatch
meld_tra_04478,1,15,15,1,0,-0.361158,nonzero
meld_tra_04479,1,3,3,0,0,0.000000,nomatch
meld_tra_04480,1,1,1,0,0,0.000000,nomatch
meld_tra_04481,1,1,1,0,0,0.000000,nomatch
meld_tra_04482,2,4,4,0,0,0.000000,nomatch
meld_tra_04483,2,6,6,0,0,0.000000,nomatch
meld_tra_04484,1,3,3,0,0,0.000000,nomatch
meld_tra_04485,1,6,6,0,0,0.000000,nomatch
meld_tra_04486,1,7,7,0,0,0.000000,nomatch
meld_tra_04487,2,8,8,0,0,0.000000,nomatch
meld_tra_04488,1,4,4,0,0,0.000000,nomatch
meld_tra_04489,3,16,16,0,0,0.000000,nomatch
meld_tra_04490,1,1,1,0,0,0.000000,nomatch
meld_tra_04491,1,4,4,0,0,0.000000,nomatch
meld_tra_04492,1,6,6,0,0,0.000000,nomatch
meld_tra_04493,1,1,1,0,0,0.000000,nomatch
meld_tra_04494,1,18,18,1,0,0.250000,nonzero
meld_tra_04495,1,11,11,0,0,0.000000,nomatch
meld_tra_04496,2,12,12,0,0,0.000000,nomatch
meld_tra_04497,2,10,10,0,0,0.000000,nomatch
meld_tra_04498,1,4,4,0,0,0.000000,nomatch
meld_tra_04499,1,5,5,0,0,0.000000,nomatch
meld_tra_04500,1,3,3,0,0,0.000000,nomatch
meld_tra_04501,1,4,4,0,0,0.000000,nomatch
meld_tra_04502,1,2,2,0,0,0.000000,nomatch
meld_tra_04503,1,10,10,0,1,-0.128037,nonzero
meld_tra_04504,1,6,6,0,0,0.000000,nomatch
meld_tra_04505,1,6,6,0,0,0.000000,nomatch
meld_tra_04506,1,6,6,0,0,0.000000,nomatch
meld_tra_04507,2,9,9,0,0,0.000000,nomatch
meld_tra_04508,3,11,11,0,0,0.000000,nomatch
meld_tra_04509,1,9,9,0,0,0.000000,nomatch
meld_tra_04510,1,4,4,0,0,0.000000,nomatch
meld_tra_04511,1,3,3,0,0,0.000000,nomatch
meld_tra_04512,1,4,4,0,0,0.000000,nomatch
meld_tra_04513,1,29,29,0,0,0.000000,nomatch
meld_tra_04514,2,20,20,0,0,0.000000,nomatch
meld_tra_04515,1,11,11,0,0,0.000000,nomatch
meld_tra_04516,3,13,13,0,0,0.000000,nomatch
meld_tra_04517,1,9,9,0,0,0.000000,nomatch
meld_tra_04518,1,5,5,0,0,0.000000,nomatch
meld_tra_04519,1,2,2,0,0,0.000000,nomatch
meld_tra_04520,1,6,6,0,0,0.000000,nomatch
meld_tra_04521,1,10,10,0,0,0.000000,nomatch
meld_tra_04522,1,4,4,0,0,0.000000,nomatch
meld_tra_04523,1,1,1,0,0,0.000000,nomatch
meld_tra_04524,1,2,2,0,0,0.000000,nomatch
meld_tra_04525,1,5,5,0,0,0.000000,nomatch
meld_tra_04526,1,3,3,0,0,0.000000,nomatch
meld_tra_04527,1,1,1,0,0,0.000000,nomatch
meld_tra_04528,1,7,7,0,0,0.000000,nomatch
meld_tra_04529,1,1,1,0,0,0.000000,nomatch
meld_tra_04530,1,14,14,0,0,0.000000,nomatch
meld_tra_04531,2,11,11,0,0,0.000000,nomatch
meld_tra_04532,3,12,12,0,0,0.000000,nomatch
meld_tra_04533,2,23,23,0,0,0.000000,nomatch
meld_tra_04534,1,1,1,0,0,0.000000,nomatch
meld_tra_04535,2,13,13,0,0,0.000000,nomatch
meld_tra_04536,1,2,2,0,0,0.000000,nomatch
meld_tra_04537,1,1,1,0,0,0.000000,nomatch
meld_tra_04538,1,2,2,0,0,0.000000,nomatch
meld_tra_04539,1,1,1,0,0,0.000000,nomatch
meld_tra_04540,3,10,10,0,0,0.000000,nomatch
meld_tra_04541,1,7,7,0,0,0.000000,nomatch
meld_tra_04542,1,8,8,0,0,0.000000,nomatch
meld_tra_04543,1,3,3,0,0,0.000000,nomatch
meld_tra_04544,1,3,3,0,0,0.000000,nomatch
meld_tra_04545,1,1,1,0,0,0.000000,nomatch
meld_tra_04546,2,4,4,0,0,0.000000,nomatch
meld_tra_04547,1,10,10,0,0,0.000000,nomatch
meld_tra_04548,1,17,17,1,0,0.250000,nonzero
meld_tra_04549,1,2,2,0,0,0.000000,nomatch
meld_tra_04550,2,15,15,0,0,0.000000,nomatch
meld_tra_04551,2,21,21,0,0,0.000000,nomatch
meld_tra_04552,1,4,4,0,0,0.000000,nomatch
meld_tra_04553,1,2,2,0,0,0.000000,nomatch
meld_tra_04554,1,6,6,0,0,0.000000,nomatch
meld_tra_04555,1,2,2,0,0,0.000000,nomatch
meld_tra_04556,1,17,17,0,0,0.000000,nomatch
meld_tra_04557,1,5,5,0,0,0.000000,nomatch
meld_tra_04558,1,5,5,0,0,0.000000,nomatch
meld_tra_04559,1,15,15,0,0,0.000000,nomatch
meld_tra_04560,2,18,18,0,0,0.000000,nomatch
meld_tra_04561,1,12,12,0,0,0.000000,nomatch
meld_tra_04562,1,8,8,0,0,0.000000,nomatch
meld_tra_04563,1,8,8,0,0,0.000000,nomatch
meld_tra_04564,2,5,5,1,0,0.246957,nonzero
meld_tra_04565,1,24,24,1,0,-0.361158,nonzero
meld_tra_04566,1,6,6,0,0,0.000000,nomatch
meld_tra_04567,1,1,1,0,0,0.000000,nomatch
meld_tra_04568,1,3,3,0,0,0.000000,nomatch
meld_tra_04569,1,1,1,0,0,0.000000,nomatch
meld_tra_04570,2,13,13,1,0,0.180579,nonzero
meld_tra_04571,2,7,7,0,0,0.000000,nomatch
meld_tra_04572,1,1,1,0,0,0.000000,nomatch
meld_tra_04573,1,1,1,0,0,0.000000,nomatch
meld_tra_04574,1,4,4,0,0,0.000000,nomatch
meld_tra_04575,1,2,2,0,0,0.000000,nomatch
meld_tra_04576,1,4,4,0,0,0.000000,nomatch
meld_tra_04577,1,8,8,1,0,-0.165514,nonzero
meld_tra_04578,2,7,7,0,0,0.000000,nomatch
meld_tra_04579,1,2,2,1,0,0.542326,nonzero
meld_tra_04580,1,5,5,0,0,0.000000,nomatch
meld_tra_04581,1,3,3,0,0,0.000000,nomatch
meld_tra_04582,1,4,4,0,0,0.000000,nomatch
meld_tra_04583,2,6,6,0,0,0.000000,nomatch
meld_tra_04584,1,2,2,1,0,-0.421464,nonzero
meld_tra_04585,1,2,2,0,0,0.000000,nomatch
meld_tra_04586,2,20,20,0,0,0.000000,nomatch
meld_tra_04587,1,5,5,0,0,0.000000,nomatch
meld_tra_04588,1,13,13,0,0,0.000000,nomatch
meld_tra_04589,1,17,17,0,0,0.000000,nomatch
meld_tra_04590,1,4,4,0,0,0.000000,nomatch
meld_tra_04591,1,4,4,0,0,0.000000,nomatch
meld_tra_04592,1,4,4,1,0,0.361158,nonzero
meld_tra_04593,1,18,18,0,0,0.000000,nomatch
meld_tra_04594,1,4,4,0,0,0.000000,nomatch
meld_tra_04595,1,4,4,0,0,0.000000,nomatch
meld_tra_04596,2,8,8,0,0,0.000000,nomatch
meld_tra_04597,1,6,6,0,0,0.000000,nomatch
meld_tra_04598,2,5,5,0,0,0.000000,nomatch
meld_tra_04599,2,15,15,0,0,0.000000,nomatch
meld_tra_04600,1,6,6,0,0,0.000000,nomatch
meld_tra_04601,5,17,17,0,0,0.000000,nomatch
meld_tra_04602,1,18,18,0,0,0.000000,nomatch
meld_tra_04603,1,16,16,0,0,0.000000,nomatch
meld_tra_04604,1,1,1,0,0,0.000000,nomatch
meld_tra_04605,1,7,7,0,0,0.000000,nomatch
meld_tra_04606,1,9,9,0,0,0.000000,nomatch
meld_tra_04607,1,1,1,0,0,0.000000,nomatch
meld_tra_04608,1,17,17,1,0,-0.361158,nonzero
meld_tra_04609,1,17,17,0,0,0.000000,nomatch
meld_tra_04610,2,18,18,0,0,0.000000,nomatch
meld_tra_04611,1,2,2,0,0,0.000000,nomatch
meld_tra_04612,1,20,20,0,0,0.000000,nomatch
meld_tra_04613,1,8,8,0,0,0.000000,nomatch
meld_tra_04614,1,7,7,0,0,0.000000,nomatch
meld_tra_04615,1,8,8,0,0,0.000000,nomatch
meld_tra_04616,2,9,9,0,0,0.000000,nomatch
meld_tra_04617,4,22,22,0,0,0.000000,nomatch
meld_tra_04618,1,2,2,0,0,0.000000,nomatch
meld_tra_04619,1,9,9,1,0,0.128037,nonzero
meld_tra_04620,1,21,21,1,0,0.128037,nonzero
meld_tra_04621,1,1,1,0,0,0.000000,nomatch
meld_tra_04622,1,7,7,0,0,0.000000,nomatch
meld_tra_04623,1,20,20,1,0,-0.361158,nonzero
meld_tra_04624,1,1,1,0,0,0.000000,nomatch
meld_tra_04625,1,5,5,1,0,0.458831,nonzero
meld_tra_04626,1,2,2,0,0,0.000000,nomatch
meld_tra_04627,1,5,5,1,0,0.542326,nonzero
meld_tra_04628,1,1,1,0,0,0.000000,nomatch
meld_tra_04629,1,7,7,0,0,0.000000,nomatch
meld_tra_04630,1,16,16,1,0,0.458831,nonzero
meld_tra_04631,1,10,10,0,0,0.000000,nomatch
meld_tra_04632,1,4,4,1,0,-0.361158,nonzero
meld_tra_04633,1,26,26,0,0,0.000000,nomatch
meld_tra_04634,1,4,4,1,0,-0.361158,nonzero
meld_tra_04635,1,1,1,0,0,0.000000,nomatch
meld_tra_04636,1,5,5,0,0,0.000000,nomatch
meld_tra_04637,1,2,2,0,0,0.000000,nomatch
meld_tra_04638,1,2,2,0,0,0.000000,nomatch
meld_tra_04639,1,1,1,0,0,0.000000,nomatch
meld_tra_04640,1,1,1,0,0,0.000000,nomatch
meld_tra_04641,1,3,3,0,0,0.000000,nomatch
meld_tra_04642,1,6,6,0,0,0.000000,nomatch
meld_tra_04643,1,18,18,0,0,0.000000,nomatch
meld_tra_04644,2,19,19,0,0,0.000000,nomatch
meld_tra_04645,1,2,2,0,0,0.000000,nomatch
meld_tra_04646,1,7,7,0,0,0.000000,nomatch
meld_tra_04647,2,9,9,0,0,0.000000,nomatch
meld_tra_04648,1,1,1,0,0,0.000000,nomatch
meld_tra_04649,1,2,2,0,0,0.000000,nomatch
meld_tra_04650,2,14,14,1,0,0.180579,nonzero
meld_tra_04651,2,8,8,0,0,0.000000,nomatch
meld_tra_04652,1,4,4,0,0,0.000000,nomatch
meld_tra_04653,1,15,15,0,0,0.000000,nomatch
meld_tra_04654,2,7,7,1,0,-0.180579,nonzero
meld_tra_04655,1,4,4,0,0,0.000000,nomatch
meld_tra_04656,1,1,1,0,0,0.000000,nomatch
meld_tra_04657,1,22,22,0,0,0.000000,nomatch
meld_tra_04658,2,15,15,1,0,0.180579,nonzero
meld_tra_04659,1,2,2,0,0,0.000000,nomatch
meld_tra_04660,1,1,1,0,0,0.000000,nomatch
meld_tra_04661,1,3,3,0,0,0.000000,nomatch
meld_tra_04662,2,9,9,1,0,0.246957,nonzero
meld_tra_04663,1,2,2,0,0,0.000000,nomatch
meld_tra_04664,1,10,10,1,0,-0.517127,nonzero
meld_tra_04665,1,5,5,0,0,0.000000,nomatch
meld_tra_04666,1,11,11,0,0,0.000000,nomatch
meld_tra_04667,1,3,3,0,0,0.000000,nomatch
meld_tra_04668,3,14,14,3,0,0.260972,nonzero
meld_tra_04669,1,10,10,2,0,0.240590,nonzero
meld_tra_04670,1,17,17,0,0,0.000000,nomatch
meld_tra_04671,1,4,4,0,0,0.000000,nomatch
meld_tra_04672,1,1,1,0,0,0.000000,nomatch
meld_tra_04673,4,7,7,0,0,0.000000,nomatch
meld_tra_04674,3,10,10,0,0,0.000000,nomatch
meld_tra_04675,1,5,5,0,0,0.000000,nomatch
meld_tra_04676,2,11,11,0,0,0.000000,nomatch
meld_tra_04677,2,6,6,0,0,0.000000,nomatch
meld_tra_04678,2,11,11,0,0,0.000000,nomatch
meld_tra_04679,1,3,3,0,0,0.000000,nomatch
meld_tra_04680,1,4,4,0,0,0.000000,nomatch
meld_tra_04681,4,13,13,0,0,0.000000,nomatch
meld_tra_04682,1,12,12,0,0,0.000000,nomatch
meld_tra_04683,1,14,14,0,0,0.000000,nomatch
meld_tra_04684,1,8,8,0,0,0.000000,nomatch
meld_tra_04685,1,7,7,0,0,0.000000,nomatch
meld_tra_04686,1,8,8,0,0,0.000000,nomatch
meld_tra_04687,3,13,13,0,0,0.000000,nomatch
meld_tra_04688,1,4,4,0,0,0.000000,nomatch
meld_tra_04689,1,7,7,0,0,0.000000,nomatch
meld_tra_04690,1,3,3,0,0,0.000000,nomatch
meld_tra_04691,1,2,2,0,0,0.000000,nomatch
meld_tra_04692,1,1,1,0,0,0.000000,nomatch
meld_tra_04693,1,8,8,1,0,-0.458831,nonzero
meld_tra_04694,1,5,5,0,0,0.000000,nomatch
meld_tra_04695,2,11,11,0,0,0.000000,nomatch
meld_tra_04696,2,16,16,0,0,0.000000,nomatch
meld_tra_04697,1,3,3,0,0,0.000000,nomatch
meld_tra_04698,1,4,4,0,0,0.000000,nomatch
meld_tra_04699,1,9,9,0,0,0.000000,nomatch
meld_tra_04700,1,8,8,0,0,0.000000,nomatch
meld_tra_04701,1,9,9,0,0,0.000000,nomatch
meld_tra_04702,1,4,4,0,0,0.000000,nomatch
meld_tra_04703,1,25,25,0,0,0.000000,nomatch
meld_tra_04704,1,12,12,0,0,0.000000,nomatch
meld_tra_04705,2,13,13,0,0,0.000000,nomatch
meld_tra_04706,1,2,2,0,0,0.000000,nomatch
meld_tra_04707,1,6,6,0,0,0.000000,nomatch
meld_tra_04708,2,17,17,0,0,0.000000,nomatch
meld_tra_04709,1,10,10,0,0,0.000000,nomatch
meld_tra_04710,3,16,16,0,0,0.000000,nomatch
meld_tra_04711,1,14,14,0,0,0.000000,nomatch
meld_tra_04712,1,13,13,0,0,0.000000,nomatch
meld_tra_04713,1,10,10,0,0,0.000000,nomatch
meld_tra_04714,1,6,6,0,0,0.000000,nomatch
meld_tra_04715,1,1,1,0,0,0.000000,nomatch
meld_tra_04716,1,12,12,0,0,0.000000,nomatch
meld_tra_04717,1,15,15,1,0,0.309370,nonzero
meld_tra_04718,1,26,26,0,0,0.000000,nomatch
meld_tra_04719,1,5,5,0,0,0.000000,nomatch
meld_tra_04720,1,1,1,0,0,0.000000,nomatch
meld_tra_04721,1,9,9,1,0,-0.361158,nonzero
meld_tra_04722,1,5,5,0,0,0.000000,nomatch
meld_tra_04723,1,6,6,0,0,0.000000,nomatch
meld_tra_04724,1,8,8,1,0,0.128037,nonzero
meld_tra_04725,1,5,5,0,0,0.000000,nomatch
meld_tra_04726,1,5,5,0,0,0.000000,nomatch
meld_tra_04727,1,5,5,1,0,-0.250000,nonzero
meld_tra_04728,1,3,3,0,0,0.000000,nomatch
meld_tra_04729,1,4,4,0,1,-0.202289,nonzero
meld_tra_04730,2,12,12,1,0,-0.180579,nonzero
meld_tra_04731,2,10,10,1,0,-0.180579,nonzero
meld_tra_04732,1,1,1,0,0,0.000000,nomatch
meld_tra_04733,1,5,5,0,0,0.000000,nomatch
meld_tra_04734,1,3,3,0,1,-0.128037,nonzero
meld_tra_04735,2,14,14,2,0,0.359210,nonzero
meld_tra_04736,1,5,5,0,0,0.000000,nomatch
meld_tra_04737,1,5,5,0,0,0.000000,nomatch
meld_tra_04738,1,6,6,0,0,0.000000,nomatch
meld_tra_04739,1,1,1,0,0,0.000000,nomatch
meld_tra_04740,1,1,1,0,0,0.000000,nomatch
meld_tra_04741,1,5,5,0,0,0.000000,nomatch
meld_tra_04742,1,1,1,0,0,0.000000,nomatch
meld_tra_04743,2,11,11,1,0,0.064019,nonzero
meld_tra_04744,1,2,2,0,0,0.000000,nomatch
meld_tra_04745,1,4,4,0,0,0.000000,nomatch
meld_tra_04746,1,12,12,0,0,0.000000,nomatch
meld_tra_04747,1,5,5,0,0,0.000000,nomatch
meld_tra_04748,1,2,2,0,0,0.000000,nomatch
meld_tra_04749,1,3,3,0,0,0.000000,nomatch
meld_tra_04750,1,10,10,0,0,0.000000,nomatch
meld_tra_04751,1,5,5,0,0,0.000000,nomatch
meld_tra_04752,1,3,3,0,0,0.000000,nomatch
meld_tra_04753,3,5,5,0,0,0.000000,nomatch
meld_tra_04754,1,5,5,1,0,0.128037,nonzero
meld_tra_04755,1,3,3,0,0,0.000000,nomatch
meld_tra_04756,2,5,5,0,0,0.000000,nomatch
meld_tra_04757,1,1,1,0,0,0.000000,nomatch
meld_tra_04758,3,9,9,2,0,-0.240772,nonzero
meld_tra_04759,1,2,2,0,0,0.000000,nomatch
meld_tra_04760,2,7,7,0,0,0.000000,nomatch
meld_tra_04761,7,16,16,0,0,0.000000,nomatch
meld_tra_04762,3,7,7,0,0,0.000000,nomatch
meld_tra_04763,1,1,1,0,0,0.000000,nomatch
meld_tra_04764,1,4,4,0,0,0.000000,nomatch
meld_tra_04765,1,8,8,0,0,0.000000,nomatch
meld_tra_04766,4,21,21,0,0,0.000000,nomatch
meld_tra_04767,1,18,18,0,0,0.000000,nomatch
meld_tra_04768,1,1,1,0,0,0.000000,nomatch
meld_tra_04769,1,21,21,0,0,0.000000,nomatch
meld_tra_04770,1,4,4,0,0,0.000000,nomatch
meld_tra_04771,1,3,3,0,0,0.000000,nomatch
meld_tra_04772,1,13,13,0,0,0.000000,nomatch
meld_tra_04773,1,17,17,0,0,0.000000,nomatch
meld_tra_04774,1,2,2,0,0,0.000000,nomatch
meld_tra_04775,1,2,2,0,0,0.000000,nomatch
meld_tra_04776,5,7,7,0,0,0.000000,nomatch
meld_tra_04777,1,9,9,0,0,0.000000,nomatch
meld_tra_04778,1,7,7,1,0,-0.421464,nonzero
meld_tra_04779,1,48,48,0,0,0.000000,nomatch
meld_tra_04780,2,5,5,0,0,0.000000,nomatch
meld_tra_04781,2,17,17,0,0,0.000000,nomatch
meld_tra_04782,1,4,4,1,0,-0.361158,nonzero
meld_tra_04783,1,8,8,0,0,0.000000,nomatch
meld_tra_04784,1,7,7,0,0,0.000000,nomatch
meld_tra_04785,1,7,7,0,0,0.000000,nomatch
meld_tra_04786,1,4,4,1,0,-0.493915,nonzero
meld_tra_04787,6,11,11,1,0,0.086511,nonzero
meld_tra_04788,2,4,4,0,0,0.000000,nomatch
meld_tra_04789,1,2,2,0,0,0.000000,nomatch
meld_tra_04790,1,1,1,0,0,0.000000,nomatch
meld_tra_04791,2,9,9,1,0,-0.130831,nonzero
meld_tra_04792,1,2,2,0,0,0.000000,nomatch
meld_tra_04793,1,1,1,0,0,0.000000,nomatch
meld_tra_04794,1,3,3,0,0,0.000000,nomatch
meld_tra_04795,1,1,1,0,0,0.000000,nomatch
meld_tra_04796,1,26,26,0,0,0.000000,nomatch
meld_tra_04797,1,1,1,0,0,0.000000,nomatch
meld_tra_04798,1,25,25,0,0,0.000000,nomatch
meld_tra_04799,1,1,1,0,0,0.000000,nomatch
meld_tra_04800,1,12,12,0,0,0.000000,nomatch
meld_tra_04801,1,5,5,1,0,-0.361158,nonzero
meld_tra_04802,1,4,4,0,0,0.000000,nomatch
meld_tra_04803,1,4,4,0,0,0.000000,nomatch
meld_tra_04804,2,14,14,0,0,0.000000,nomatch
meld_tra_04805,4,22,22,0,0,0.000000,nomatch
meld_tra_04806,1,1,1,0,0,0.000000,nomatch
meld_tra_04807,1,4,4,0,0,0.000000,nomatch
meld_tra_04808,3,22,22,0,0,0.000000,nomatch
meld_tra_04809,1,10,10,0,0,0.000000,nomatch
meld_tra_04810,5,22,22,0,0,0.000000,nomatch
meld_tra_04811,1,1,1,0,0,0.000000,nomatch
meld_tra_04812,3,8,8,0,0,0.000000,nomatch
meld_tra_04813,1,5,5,0,0,0.000000,nomatch
meld_tra_04814,2,12,12,1,0,0.180579,nonzero
meld_tra_04815,1,7,7,0,0,0.000000,nomatch
meld_tra_04816,1,4,4,0,0,0.000000,nomatch
meld_tra_04817,2,11,11,0,0,0.000000,nomatch
meld_tra_04818,3,11,11,0,0,0.000000,nomatch
meld_tra_04819,1,5,5,0,0,0.000000,nomatch
meld_tra_04820,1,2,2,0,0,0.000000,nomatch
meld_tra_04821,3,17,17,1,0,-0.120386,nonzero
meld_tra_04822,1,5,5,0,0,0.000000,nomatch
meld_tra_04823,1,28,28,1,0,-0.655311,nonzero
meld_tra_04824,1,8,8,1,0,0.128037,nonzero
meld_tra_04825,1,4,4,0,0,0.000000,nomatch
meld_tra_04826,1,12,12,0,0,0.000000,nomatch
meld_tra_04827,2,7,7,0,0,0.000000,nomatch
meld_tra_04828,4,5,5,0,0,0.000000,nomatch
meld_tra_04829,2,9,9,0,0,0.000000,nomatch
meld_tra_04830,3,17,17,0,0,0.000000,nomatch
meld_tra_04831,2,13,13,0,0,0.000000,nomatch
meld_tra_04832,3,21,21,0,0,0.000000,nomatch
meld_tra_04833,1,3,3,0,0,0.000000,nomatch
meld_tra_04834,1,2,2,0,0,0.000000,nomatch
meld_tra_04835,1,7,7,0,0,0.000000,nomatch
meld_tra_04836,1,4,4,0,0,0.000000,nomatch
meld_tra_04837,2,9,9,0,0,0.000000,nomatch
meld_tra_04838,1,2,2,0,0,0.000000,nomatch
meld_tra_04839,3,24,24,0,0,0.000000,nomatch
meld_tra_04840,3,11,11,2,0,0.305887,nonzero
meld_tra_04841,1,13,13,0,0,0.000000,nomatch
meld_tra_04842,1,1,1,0,0,0.000000,nomatch
meld_tra_04843,1,10,10,0,0,0.000000,nomatch
meld_tra_04844,1,8,8,0,0,0.000000,nomatch
meld_tra_04845,1,6,6,0,0,0.000000,nomatch
meld_tra_04846,1,1,1,0,0,0.000000,nomatch
meld_tra_04847,3,15,15,0,0,0.000000,nomatch
meld_tra_04848,1,4,4,0,0,0.000000,nomatch
meld_tra_04849,2,5,5,0,0,0.000000,nomatch
meld_tra_04850,1,6,6,0,0,0.000000,nomatch
meld_tra_04851,2,10,10,0,0,0.000000,nomatch
meld_tra_04852,2,9,9,0,0,0.000000,nomatch
meld_tra_04853,4,15,15,0,0,0.000000,nomatch
meld_tra_04854,1,11,11,1,0,0.261663,nonzero
meld_tra_04855,1,11,11,0,0,0.000000,nomatch
meld_tra_04856,1,6,6,0,0,0.000000,nomatch
meld_tra_04857,1,3,3,0,0,0.000000,nomatch
meld_tra_04858,1,3,3,0,0,0.000000,nomatch
meld_tra_04859,1,6,6,0,0,0.000000,nomatch
meld_tra_04860,4,13,13,0,0,0.000000,nomatch
meld_tra_04861,1,23,23,0,0,0.000000,nomatch
meld_tra_04862,1,9,9,0,0,0.000000,nomatch
meld_tra_04863,1,20,20,1,0,-0.493915,nonzero
meld_tra_04864,1,24,24,0,0,0.000000,nomatch
meld_tra_04865,1,41,41,1,0,-0.361158,nonzero
meld_tra_04866,1,9,9,0,0,0.000000,nomatch
meld_tra_04867,1,2,2,0,0,0.000000,nomatch
meld_tra_04868,1,1,1,0,0,0.000000,nomatch
meld_tra_04869,1,7,7,0,0,0.000000,nomatch
meld_tra_04870,3,25,25,0,0,0.000000,nomatch
meld_tra_04871,2,9,9,0,0,0.000000,nomatch
meld_tra_04872,3,15,15,0,0,0.000000,nomatch
meld_tra_04873,2,15,15,0,0,0.000000,nomatch
meld_tra_04874,2,10,10,0,0,0.000000,nomatch
meld_tra_04875,1,8,8,0,0,0.000000,nomatch
meld_tra_04876,1,19,19,2,0,-0.115413,nonzero
meld_tra_04877,1,3,3,0,0,0.000000,nomatch
meld_tra_04878,1,10,10,0,0,0.000000,nomatch
meld_tra_04879,1,14,14,0,0,0.000000,nomatch
meld_tra_04880,1,5,5,0,0,0.000000,nomatch
meld_tra_04881,1,13,13,1,1,-0.458831,nonzero
meld_tra_04882,1,9,9,1,0,0.493915,nonzero
meld_tra_04883,1,3,3,0,0,0.000000,nomatch
meld_tra_04884,1,2,2,0,0,0.000000,nomatch
meld_tra_04885,1,2,2,0,0,0.000000,nomatch
meld_tra_04886,1,1,1,0,0,0.000000,nomatch
meld_tra_04887,1,1,1,0,0,0.000000,nomatch
meld_tra_04888,1,4,4,0,0,0.000000,nomatch
meld_tra_04889,1,9,9,0,0,0.000000,nomatch
meld_tra_04890,1,4,4,0,0,0.000000,nomatch
meld_tra_04891,1,9,9,0,0,0.000000,nomatch
meld_tra_04892,1,1,1,0,0,0.000000,nomatch
meld_tra_04893,1,4,4,0,0,0.000000,nomatch
meld_tra_04894,1,5,5,0,0,0.000000,nomatch
meld_tra_04895,1,6,6,0,0,0.000000,nomatch
meld_tra_04896,1,7,7,0,0,0.000000,nomatch
meld_tra_04897,1,6,6,1,0,0.250000,nonzero
meld_tra_04898,1,5,5,0,0,0.000000,nomatch
meld_tra_04899,1,1,1,0,0,0.000000,nomatch
meld_tra_04900,2,7,7,0,0,0.000000,nomatch
meld_tra_04901,1,23,23,0,0,0.000000,nomatch
meld_tra_04902,1,4,4,0,0,0.000000,nomatch
meld_tra_04903,1,10,10,0,0,0.000000,nomatch
meld_tra_04904,1,1,1,0,0,0.000000,nomatch
meld_tra_04905,1,1,1,0,0,0.000000,nomatch
meld_tra_04906,1,1,1,0,0,0.000000,nomatch
meld_tra_04907,1,2,2,0,0,0.000000,nomatch
meld_tra_04908,3,9,9,1,0,0.195294,nonzero
meld_tra_04909,1,19,19,0,0,0.000000,nomatch
meld_tra_04910,1,12,12,0,0,0.000000,nomatch
meld_tra_04911,1,10,10,0,0,0.000000,nomatch
meld_tra_04912,1,7,7,0,0,0.000000,nomatch
meld_tra_04913,1,6,6,0,0,0.000000,nomatch
meld_tra_04914,3,16,16,1,0,-0.113317,nonzero
meld_tra_04915,2,2,2,0,0,0.000000,nomatch
meld_tra_04916,1,3,3,0,0,0.000000,nomatch
meld_tra_04917,1,1,1,0,0,0.000000,nomatch
meld_tra_04918,2,4,4,0,0,0.000000,nomatch
meld_tra_04919,1,5,5,0,0,0.000000,nomatch
meld_tra_04920,1,2,2,0,0,0.000000,nomatch
meld_tra_04921,1,6,6,0,0,0.000000,nomatch
meld_tra_04922,1,4,4,0,0,0.000000,nomatch
meld_tra_04923,1,1,1,0,0,0.000000,nomatch
meld_tra_04924,3,18,18,0,0,0.000000,nomatch
meld_tra_04925,3,21,21,1,0,-0.120386,nonzero
meld_tra_04926,1,8,8,0,0,0.000000,nomatch
meld_tra_04927,1,3,3,0,0,0.000000,nomatch
meld_tra_04928,1,29,29,1,0,0.361158,nonzero
meld_tra_04929,1,6,6,0,0,0.000000,nomatch
meld_tra_04930,1,7,7,0,0,0.000000,nomatch
meld_tra_04931,1,9,9,1,0,-0.361158,nonzero
meld_tra_04932,1,10,10,1,0,-0.361158,nonzero
meld_tra_04933,2,7,7,0,0,0.000000,nomatch
meld_tra_04934,1,2,2,0,0,0.000000,nomatch
meld_tra_04935,1,4,4,0,0,0.000000,nomatch
meld_tra_04936,1,2,2,0,0,0.000000,nomatch
meld_tra_04937,1,2,2,0,0,0.000000,nomatch
meld_tra_04938,1,2,2,0,0,0.000000,nomatch
meld_tra_04939,1,6,6,0,0,0.000000,nomatch
meld_tra_04940,1,9,9,0,0,0.000000,nomatch
meld_tra_04941,1,3,3,0,0,0.000000,nomatch
meld_tra_04942,1,33,33,0,0,0.000000,nomatch
meld_tra_04943,1,4,4,0,0,0.000000,nomatch
meld_tra_04944,1,21,21,0,0,0.000000,nomatch
meld_tra_04945,1,6,6,0,0,0.000000,nomatch
meld_tra_04946,3,9,9,0,0,0.000000,nomatch
meld_tra_04947,1,2,2,0,0,0.000000,nomatch
meld_tra_04948,2,4,4,0,0,0.000000,nomatch
meld_tra_04949,1,10,10,0,0,0.000000,nomatch
meld_tra_04950,1,8,8,1,0,-0.411765,nonzero
meld_tra_04951,1,4,4,0,0,0.000000,nomatch
meld_tra_04952,1,3,3,0,0,0.000000,nomatch
meld_tra_04953,2,4,4,0,0,0.000000,nomatch
meld_tra_04954,1,7,7,0,0,0.000000,nomatch
meld_tra_04955,1,19,19,0,0,0.000000,nomatch
meld_tra_04956,2,7,7,0,0,0.000000,nomatch
meld_tra_04957,5,18,18,1,0,-0.072232,nonzero
meld_tra_04958,1,14,14,0,0,0.000000,nomatch
meld_tra_04959,3,26,26,0,0,0.000000,nomatch
meld_tra_04960,2,17,17,1,0,0.064019,nonzero
meld_tra_04961,1,11,11,0,0,0.000000,nomatch
meld_tra_04962,1,25,25,0,0,0.000000,nomatch
meld_tra_04963,1,15,15,0,0,0.000000,nomatch
meld_tra_04964,1,14,14,0,0,0.000000,nomatch
meld_tra_04965,1,2,2,0,0,0.000000,nomatch
meld_tra_04966,1,1,1,0,0,0.000000,nomatch
meld_tra_04967,1,6,6,0,0,0.000000,nomatch
meld_tra_04968,1,9,9,0,0,0.000000,nomatch
meld_tra_04969,1,1,1,0,0,0.000000,nomatch
meld_tra_04970,1,3,3,0,0,0.000000,nomatch
meld_tra_04971,1,5,5,0,0,0.000000,nomatch
meld_tra_04972,1,9,9,0,0,0.000000,nomatch
meld_tra_04973,1,1,1,0,0,0.000000,nomatch
meld_tra_04974,1,4,4,0,0,0.000000,nomatch
meld_tra_04975,1,7,7,0,0,0.000000,nomatch
meld_tra_04976,1,9,9,0,0,0.000000,nomatch
meld_tra_04977,1,14,14,0,0,0.000000,nomatch
meld_tra_04978,1,10,10,0,0,0.000000,nomatch
meld_tra_04979,1,2,2,0,0,0.000000,nomatch
meld_tra_04980,1,12,12,0,0,0.000000,nomatch
meld_tra_04981,1,5,5,1,0,-0.361158,nonzero
meld_tra_04982,1,6,6,0,0,0.000000,nomatch
meld_tra_04983,1,10,10,0,0,0.000000,nomatch
meld_tra_04984,1,5,5,0,0,0.000000,nomatch
meld_tra_04985,1,15,15,0,0,0.000000,nomatch
meld_tra_04986,1,19,19,0,0,0.000000,nomatch
meld_tra_04987,1,1,1,0,0,0.000000,nomatch
meld_tra_04988,1,5,5,0,0,0.000000,nomatch
meld_tra_04989,1,11,11,0,0,0.000000,nomatch
meld_tra_04990,1,8,8,0,0,0.000000,nomatch
meld_tra_04991,1,4,4,0,0,0.000000,nomatch
meld_tra_04992,1,1,1,0,0,0.000000,nomatch
meld_tra_04993,1,16,16,0,0,0.000000,nomatch
meld_tra_04994,1,6,6,0,0,0.000000,nomatch
meld_tra_04995,1,2,2,0,0,0.000000,nomatch
meld_tra_04996,1,6,6,0,0,0.000000,nomatch
meld_tra_04997,1,8,8,0,0,0.000000,nomatch
meld_tra_04998,1,5,5,0,0,0.000000,nomatch
meld_tra_04999,1,12,12,1,0,-0.449704,nonzero
meld_tra_05000,1,3,3,0,0,0.000000,nomatch
meld_tra_05001,1,10,10,0,0,0.000000,nomatch
meld_tra_05002,1,5,5,0,0,0.000000,nomatch
meld_tra_05003,1,2,2,0,0,0.000000,nomatch
meld_tra_05004,1,13,13,1,0,0.128037,nonzero
meld_tra_05005,1,4,4,0,0,0.000000,nomatch
meld_tra_05006,1,22,22,0,0,0.000000,nomatch
meld_tra_05007,1,13,13,0,0,0.000000,nomatch
meld_tra_05008,3,6,6,0,0,0.000000,nomatch
meld_tra_05009,1,3,3,0,0,0.000000,nomatch
meld_tra_05010,1,4,4,0,0,0.000000,nomatch
meld_tra_05011,1,3,3,0,0,0.000000,nomatch
meld_tra_05012,2,7,7,0,0,0.000000,nomatch
meld_tra_05013,2,14,14,0,0,0.000000,nomatch
meld_tra_05014,2,3,3,0,0,0.000000,nomatch
meld_tra_05015,2,16,16,0,0,0.000000,nomatch
meld_tra_05016,1,9,9,1,0,-0.458831,nonzero
meld_tra_05017,1,8,8,0,0,0.000000,nomatch
meld_tra_05018,1,5,5,0,0,0.000000,nomatch
meld_tra_05019,1,3,3,0,0,0.000000,nomatch
meld_tra_05020,3,17,17,0,0,0.000000,nomatch
meld_tra_05021,1,11,11,0,0,0.000000,nomatch
meld_tra_05022,1,14,14,0,0,0.000000,nomatch
meld_tra_05023,5,24,24,1,0,0.072232,nonzero
meld_tra_05024,1,2,2,1,0,0.361158,nonzero
meld_tra_05025,2,3,3,0,0,0.000000,nomatch
meld_tra_05026,2,25,25,0,0,0.000000,nomatch
meld_tra_05027,1,27,27,0,0,0.000000,nomatch
meld_tra_05028,1,4,4,1,0,-0.361158,nonzero
meld_tra_05029,3,24,24,1,0,-0.120386,nonzero
meld_tra_05030,1,2,2,0,0,0.000000,nomatch
meld_tra_05031,1,3,3,0,0,0.000000,nomatch
meld_tra_05032,1,7,7,0,0,0.000000,nomatch
meld_tra_05033,5,16,16,0,0,0.000000,nomatch
meld_tra_05034,1,11,11,0,0,0.000000,nomatch
meld_tra_05035,4,15,15,0,0,0.000000,nomatch
meld_tra_05036,1,8,8,0,0,0.000000,nomatch
meld_tra_05037,2,10,10,0,0,0.000000,nomatch
meld_tra_05038,3,4,4,0,0,0.000000,nomatch
meld_tra_05039,1,1,1,0,0,0.000000,nomatch
meld_tra_05040,1,3,3,0,0,0.000000,nomatch
meld_tra_05041,1,3,3,0,0,0.000000,nomatch
meld_tra_05042,1,23,23,1,0,0.361158,nonzero
meld_tra_05043,2,17,17,0,0,0.000000,nomatch
meld_tra_05044,1,14,14,1,0,-0.361158,nonzero
meld_tra_05045,1,9,9,0,0,0.000000,nomatch
meld_tra_05046,1,14,14,0,0,0.000000,nomatch
meld_tra_05047,1,22,22,0,0,0.000000,nomatch
meld_tra_05048,1,16,16,0,0,0.000000,nomatch
meld_tra_05049,1,7,7,0,0,0.000000,nomatch
meld_tra_05050,1,11,11,0,0,0.000000,nomatch
meld_tra_05051,1,11,11,0,0,0.000000,nomatch
meld_tra_05052,1,32,32,0,0,0.000000,nomatch
meld_tra_05053,1,11,11,0,0,0.000000,nomatch
meld_tra_05054,1,5,5,0,0,0.000000,nomatch
meld_tra_05055,1,5,5,0,0,0.000000,nomatch
meld_tra_05056,1,6,6,0,0,0.000000,nomatch
meld_tra_05057,1,2,2,0,0,0.000000,nomatch
meld_tra_05058,2,18,18,0,0,0.000000,nomatch
meld_tra_05059,1,3,3,1,0,0.128037,nonzero
meld_tra_05060,3,19,19,0,0,0.000000,nomatch
meld_tra_05061,1,3,3,0,0,0.000000,nomatch
meld_tra_05062,1,33,33,1,0,0.128037,nonzero
meld_tra_05063,1,15,15,0,0,0.000000,nomatch
meld_tra_05064,1,12,12,0,0,0.000000,nomatch
meld_tra_05065,2,11,11,0,0,0.000000,nomatch
meld_tra_05066,1,2,2,0,0,0.000000,nomatch
meld_tra_05067,1,16,16,0,0,0.000000,nomatch
meld_tra_05068,3,12,12,0,0,0.000000,nomatch
meld_tra_05069,2,19,19,0,0,0.000000,nomatch
meld_tra_05070,2,5,5,0,0,0.000000,nomatch
meld_tra_05071,2,11,11,0,0,0.000000,nomatch
meld_tra_05072,1,1,1,0,0,0.000000,nomatch
meld_tra_05073,1,6,6,0,0,0.000000,nomatch
meld_tra_05074,2,19,19,0,0,0.000000,nomatch
meld_tra_05075,1,2,2,0,0,0.000000,nomatch
meld_tra_05076,1,6,6,0,0,0.000000,nomatch
meld_tra_05077,2,12,12,0,0,0.000000,nomatch
meld_tra_05078,2,11,11,1,0,-0.180579,nonzero
meld_tra_05079,1,2,2,0,0,0.000000,nomatch
meld_tra_05080,1,4,4,0,0,0.000000,nomatch
meld_tra_05081,1,9,9,0,0,0.000000,nomatch
meld_tra_05082,1,4,4,0,0,0.000000,nomatch
meld_tra_05083,1,1,1,0,0,0.000000,nomatch
meld_tra_05084,2,7,7,0,0,0.000000,nomatch
meld_tra_05085,3,21,21,0,0,0.000000,nomatch
meld_tra_05086,4,21,21,1,0,0.084987,nonzero
meld_tra_05087,2,16,16,1,0,0.180579,nonzero
meld_tra_05088,2,12,12,0,0,0.000000,nomatch
meld_tra_05089,1,18,18,0,0,0.000000,nomatch
meld_tra_05090,1,4,4,1,0,-0.361158,nonzero
meld_tra_05091,1,10,10,0,0,0.000000,nomatch
meld_tra_05092,1,4,4,0,0,0.000000,nomatch
meld_tra_05093,1,13,13,0,0,0.000000,nomatch
meld_tra_05094,1,17,17,0,0,0.000000,nomatch
meld_tra_05095,1,1,1,0,0,0.000000,nomatch
meld_tra_05096,1,1,1,0,0,0.000000,nomatch
meld_tra_05097,1,1,1,0,0,0.000000,nomatch
meld_tra_05098,1,19,19,1,0,0.128037,nonzero
meld_tra_05099,1,2,2,1,0,0.361158,nonzero
meld_tra_05100,1,2,2,0,0,0.000000,nomatch
meld_tra_05101,1,15,15,0,0,0.000000,nomatch
meld_tra_05102,1,8,8,0,0,0.000000,nomatch
meld_tra_05103,1,1,1,0,0,0.000000,nomatch
meld_tra_05104,1,9,9,1,0,0.128037,nonzero
meld_tra_05105,1,8,8,0,0,0.000000,nomatch
meld_tra_05106,1,4,4,1,0,0.542326,nonzero
meld_tra_05107,1,14,14,0,0,0.000000,nomatch
meld_tra_05108,1,11,11,0,0,0.000000,nomatch
meld_tra_05109,1,7,7,0,0,0.000000,nomatch
meld_tra_05110,1,3,3,0,0,0.000000,nomatch
meld_tra_05111,2,5,5,0,0,0.000000,nomatch
meld_tra_05112,1,6,6,0,0,0.000000,nomatch
meld_tra_05113,1,7,7,0,0,0.000000,nomatch
meld_tra_05114,1,4,4,0,0,0.000000,nomatch
meld_tra_05115,1,2,2,0,0,0.000000,nomatch
meld_tra_05116,1,1,1,0,0,0.000000,nomatch
meld_tra_05117,1,1,1,0,0,0.000000,nomatch
meld_tra_05118,1,4,4,0,0,0.000000,nomatch
meld_tra_05119,1,9,9,0,0,0.000000,nomatch
meld_tra_05120,1,4,4,0,0,0.000000,nomatch
meld_tra_05121,1,7,7,0,0,0.000000,nomatch
meld_tra_05122,1,1,1,0,0,0.000000,nomatch
meld_tra_05123,1,1,1,0,0,0.000000,nomatch
meld_tra_05124,2,6,6,1,0,0.271163,nonzero
meld_tra_05125,1,8,8,0,0,0.000000,nomatch
meld_tra_05126,1,1,1,0,0,0.000000,nomatch
meld_tra_05127,2,3,3,0,0,0.000000,nomatch
meld_tra_05128,2,10,10,0,0,0.000000,nomatch
meld_tra_05129,1,20,20,0,0,0.000000,nomatch
meld_tra_05130,1,5,5,0,0,0.000000,nomatch
meld_tra_05131,1,17,17,0,0,0.000000,nomatch
meld_tra_05132,1,7,7,0,0,0.000000,nomatch
meld_tra_05133,4,12,12,0,0,0.000000,nomatch
meld_tra_05134,2,11,11,0,0,0.000000,nomatch
meld_tra_05135,1,2,2,0,0,0.000000,nomatch
meld_tra_05136,4,19,19,0,0,0.000000,nomatch
meld_tra_05137,1,5,5,0,0,0.000000,nomatch
meld_tra_05138,3,16,16,0,0,0.000000,nomatch
meld_tra_05139,1,2,2,0,0,0.000000,nomatch
meld_tra_05140,1,3,3,0,0,0.000000,nomatch
meld_tra_05141,1,1,1,0,0,0.000000,nomatch
meld_tra_05142,1,3,3,0,0,0.000000,nomatch
meld_tra_05143,1,3,3,0,0,0.000000,nomatch
meld_tra_05144,1,7,7,0,0,0.000000,nomatch
meld_tra_05145,1,4,4,0,0,0.000000,nomatch
meld_tra_05146,1,8,8,0,0,0.000000,nomatch
meld_tra_05147,2,7,7,0,0,0.000000,nomatch
meld_tra_05148,1,4,4,1,0,-0.361158,nonzero
meld_tra_05149,1,5,5,0,0,0.000000,nomatch
meld_tra_05150,1,8,8,0,0,0.000000,nomatch
meld_tra_05151,3,19,19,2,0,-0.250210,nonzero
meld_tra_05152,1,4,4,0,0,0.000000,nomatch
meld_tra_05153,2,10,10,0,0,0.000000,nomatch
meld_tra_05154,1,5,5,0,0,0.000000,nomatch
meld_tra_05155,1,4,4,0,0,0.000000,nomatch
meld_tra_05156,1,12,12,0,0,0.000000,nomatch
meld_tra_05157,2,7,7,0,0,0.000000,nomatch
meld_tra_05158,1,7,7,0,0,0.000000,nomatch
meld_tra_05159,3,12,12,0,0,0.000000,nomatch
meld_tra_05160,2,7,7,1,0,0.180579,nonzero
meld_tra_05161,2,11,11,1,0,-0.180579,nonzero
meld_tra_05162,1,3,3,0,0,0.000000,nomatch
meld_tra_05163,1,10,10,0,0,0.000000,nomatch
meld_tra_05164,2,14,14,1,0,-0.229415,nonzero
meld_tra_05165,1,2,2,0,0,0.000000,nomatch
meld_tra_05166,2,6,6,2,0,0.250000,nonzero
meld_tra_05167,1,7,7,1,0,0.421464,nonzero
meld_tra_05168,1,4,4,0,0,0.000000,nomatch
meld_tra_05169,2,6,6,0,0,0.000000,nomatch
meld_tra_05170,1,20,20,0,0,0.000000,nomatch
meld_tra_05171,2,6,6,0,0,0.000000,nomatch
meld_tra_05172,1,5,5,1,0,-0.250000,nonzero
meld_tra_05173,1,18,18,1,0,0.421464,nonzero
meld_tra_05174,1,21,21,0,0,0.000000,nomatch
meld_tra_05175,3,23,23,0,0,0.000000,nomatch
meld_tra_05176,1,10,10,0,0,0.000000,nomatch
meld_tra_05177,2,7,7,0,0,0.000000,nomatch
meld_tra_05178,2,17,17,0,0,0.000000,nomatch
meld_tra_05179,1,3,3,0,0,0.000000,nomatch
meld_tra_05180,1,1,1,0,0,0.000000,nomatch
meld_tra_05181,2,15,15,0,0,0.000000,nomatch
meld_tra_05182,1,14,14,0,0,0.000000,nomatch
meld_tra_05183,2,5,5,0,0,0.000000,nomatch
meld_tra_05184,1,10,10,0,0,0.000000,nomatch
meld_tra_05185,2,6,6,0,0,0.000000,nomatch
meld_tra_05186,2,14,14,0,0,0.000000,nomatch
meld_tra_05187,1,13,13,0,0,0.000000,nomatch
meld_tra_05188,1,1,1,0,0,0.000000,nomatch
meld_tra_05189,4,15,15,0,0,0.000000,nomatch
meld_tra_05190,1,8,8,0,0,0.000000,nomatch
meld_tra_05191,1,1,1,0,0,0.000000,nomatch
meld_tra_05192,1,4,4,0,0,0.000000,nomatch
meld_tra_05193,1,6,6,0,0,0.000000,nomatch
meld_tra_05194,1,9,9,0,0,0.000000,nomatch
meld_tra_05195,1,5,5,0,0,0.000000,nomatch
meld_tra_05196,1,10,10,1,0,0.361158,nonzero
meld_tra_05197,1,6,6,0,0,0.000000,nomatch
meld_tra_05198,1,1,1,0,0,0.000000,nomatch
meld_tra_05199,1,5,5,0,0,0.000000,nomatch
meld_tra_05200,3,5,5,0,0,0.000000,nomatch
meld_tra_05201,1,6,6,0,0,0.000000,nomatch
meld_tra_05202,1,18,18,0,0,0.000000,nomatch
meld_tra_05203,1,10,10,0,0,0.000000,nomatch
meld_tra_05204,1,1,1,0,0,0.000000,nomatch
meld_tra_05205,1,11,11,0,0,0.000000,nomatch
meld_tra_05206,2,17,17,0,0,0.000000,nomatch
meld_tra_05207,1,1,1,0,0,0.000000,nomatch
meld_tra_05208,2,6,6,0,0,0.000000,nomatch
meld_tra_05209,1,1,1,0,0,0.000000,nomatch
meld_tra_05210,1,14,14,1,0,0.202289,nonzero
meld_tra_05211,1,4,4,1,0,-0.361158,nonzero
meld_tra_05212,1,2,2,0,0,0.000000,nomatch
meld_tra_05213,2,9,9,1,0,0.101144,nonzero
meld_tra_05214,1,2,2,0,0,0.000000,nomatch
meld_tra_05215,1,9,9,0,0,0.000000,nomatch
meld_tra_05216,1,8,8,0,0,0.000000,nomatch
meld_tra_05217,3,19,19,0,0,0.000000,nomatch
meld_tra_05218,1,22,22,0,0,0.000000,nomatch
meld_tra_05219,2,7,7,0,0,0.000000,nomatch
meld_tra_05220,1,6,6,0,0,0.000000,nomatch
meld_tra_05221,1,3,3,0,0,0.000000,nomatch
meld_tra_05222,2,6,6,0,0,0.000000,nomatch
meld_tra_05223,1,5,5,0,0,0.000000,nomatch
meld_tra_05224,3,20,20,0,0,0.000000,nomatch
meld_tra_05225,1,3,3,0,0,0.000000,nomatch
meld_tra_05226,1,8,8,0,0,0.000000,nomatch
meld_tra_05227,2,5,5,0,0,0.000000,nomatch
meld_tra_05228,1,2,2,0,0,0.000000,nomatch
meld_tra_05229,2,13,13,0,0,0.000000,nomatch
meld_tra_05230,1,11,11,0,0,0.000000,nomatch
meld_tra_05231,1,6,6,0,0,0.000000,nomatch
meld_tra_05232,1,5,5,0,0,0.000000,nomatch
meld_tra_05233,2,2,2,0,0,0.000000,nomatch
meld_tra_05234,2,8,8,0,0,0.000000,nomatch
meld_tra_05235,1,2,2,0,0,0.000000,nomatch
meld_tra_05236,1,1,1,0,0,0.000000,nomatch
meld_tra_05237,1,6,6,0,0,0.000000,nomatch
meld_tra_05238,1,1,1,0,0,0.000000,nomatch
meld_tra_05239,1,1,1,0,0,0.000000,nomatch
meld_tra_05240,1,13,13,0,0,0.000000,nomatch
meld_tra_05241,1,8,8,0,0,0.000000,nomatch
meld_tra_05242,2,5,5,0,0,0.000000,nomatch
meld_tra_05243,1,1,1,0,0,0.000000,nomatch
meld_tra_05244,1,4,4,0,0,0.000000,nomatch
meld_tra_05245,1,13,13,0,0,0.000000,nomatch
meld_tra_05246,1,16,16,0,0,0.000000,nomatch
meld_tra_05247,1,14,14,1,0,0.458831,nonzero
meld_tra_05248,1,1,1,0,0,0.000000,nomatch
meld_tra_05249,1,10,10,0,0,0.000000,nomatch
meld_tra_05250,5,18,18,1,0,0.084293,nonzero
meld_tra_05251,1,1,1,0,0,0.000000,nomatch
meld_tra_05252,7,20,20,0,0,0.000000,nomatch
meld_tra_05253,2,8,8,0,0,0.000000,nomatch
meld_tra_05254,1,5,5,0,0,0.000000,nomatch
meld_tra_05255,2,21,21,2,0,0.000000,cancel
meld_tra_05256,3,22,22,0,0,0.000000,nomatch
meld_tra_05257,3,11,11,0,0,0.000000,nomatch
meld_tra_05258,1,2,2,0,0,0.000000,nomatch
meld_tra_05259,2,18,18,0,0,0.000000,nomatch
meld_tra_05260,1,29,29,0,0,0.000000,nomatch
meld_tra_05261,1,22,22,0,0,0.000000,nomatch
meld_tra_05262,2,5,5,1,0,0.125000,nonzero
meld_tra_05263,2,11,11,0,0,0.000000,nomatch
meld_tra_05264,1,2,2,0,0,0.000000,nomatch
meld_tra_05265,1,2,2,0,0,0.000000,nomatch
meld_tra_05266,1,4,4,1,0,-0.177858,nonzero
meld_tra_05267,1,1,1,0,0,0.000000,nomatch
meld_tra_05268,1,9,9,0,0,0.000000,nomatch
meld_tra_05269,2,4,4,0,0,0.000000,nomatch
meld_tra_05270,1,9,9,0,0,0.000000,nomatch
meld_tra_05271,1,2,2,0,0,0.000000,nomatch
meld_tra_05272,1,7,7,0,0,0.000000,nomatch
meld_tra_05273,2,6,6,0,0,0.000000,nomatch
meld_tra_05274,3,9,9,0,0,0.000000,nomatch
meld_tra_05275,1,4,4,0,0,0.000000,nomatch
meld_tra_05276,4,12,12,0,0,0.000000,nomatch
meld_tra_05277,1,13,13,0,0,0.000000,nomatch
meld_tra_05278,2,19,19,0,0,0.000000,nomatch
meld_tra_05279,1,17,17,0,0,0.000000,nomatch
meld_tra_05280,1,3,3,0,0,0.000000,nomatch
meld_tra_05281,1,1,1,0,0,0.000000,nomatch
meld_tra_05282,4,12,12,0,0,0.000000,nomatch
meld_tra_05283,1,4,4,0,0,0.000000,nomatch
meld_tra_05284,2,8,8,0,0,0.000000,nomatch
meld_tra_05285,1,10,10,0,0,0.000000,nomatch
meld_tra_05286,1,13,13,1,0,-0.612372,nonzero
meld_tra_05287,2,8,8,1,0,-0.180579,nonzero
meld_tra_05288,1,7,7,0,0,0.000000,nomatch
meld_tra_05289,2,15,15,0,0,0.000000,nomatch
meld_tra_05290,1,1,1,0,0,0.000000,nomatch
meld_tra_05291,1,1,1,0,0,0.000000,nomatch
meld_tra_05292,1,3,3,0,0,0.000000,nomatch
meld_tra_05293,3,12,12,0,0,0.000000,nomatch
meld_tra_05294,1,1,1,0,0,0.000000,nomatch
meld_tra_05295,2,19,19,0,0,0.000000,nomatch
meld_tra_05296,2,4,4,0,0,0.000000,nomatch
meld_tra_05297,1,5,5,0,0,0.000000,nomatch
meld_tra_05298,1,2,2,0,0,0.000000,nomatch
meld_tra_05299,6,10,10,0,0,0.000000,nomatch
meld_tra_05300,1,4,4,0,0,0.000000,nomatch
meld_tra_05301,1,2,2,0,0,0.000000,nomatch
meld_tra_05302,1,7,7,0,0,0.000000,nomatch
meld_tra_05303,3,8,8,0,0,0.000000,nomatch
meld_tra_05304,1,7,7,0,0,0.000000,nomatch
meld_tra_05305,2,4,4,0,0,0.000000,nomatch
meld_tra_05306,2,4,4,0,0,0.000000,nomatch
meld_tra_05307,2,2,2,0,0,0.000000,nomatch
meld_tra_05308,1,8,8,0,0,0.000000,nomatch
meld_tra_05309,1,5,5,0,0,0.000000,nomatch
meld_tra_05310,1,4,4,0,0,0.000000,nomatch
meld_tra_05311,1,3,3,0,0,0.000000,nomatch
meld_tra_05312,1,1,1,0,0,0.000000,nomatch
meld_tra_05313,2,7,7,0,0,0.000000,nomatch
meld_tra_05314,1,1,1,0,0,0.000000,nomatch
meld_tra_05315,2,2,2,0,0,0.000000,nomatch
meld_tra_05316,6,10,10,0,0,0.000000,nomatch
meld_tra_05317,2,16,16,0,0,0.000000,nomatch
meld_tra_05318,1,4,4,0,0,0.000000,nomatch
meld_tra_05319,2,13,13,0,0,0.000000,nomatch
meld_tra_05320,1,1,1,0,0,0.000000,nomatch
meld_tra_05321,1,3,3,0,0,0.000000,nomatch
meld_tra_05322,1,5,5,0,0,0.000000,nomatch
meld_tra_05323,1,7,7,1,0,-0.458831,nonzero
meld_tra_05324,1,7,7,0,0,0.000000,nomatch
meld_tra_05325,1,11,11,0,0,0.000000,nomatch
meld_tra_05326,1,14,14,0,0,0.000000,nomatch
meld_tra_05327,2,6,6,0,0,0.000000,nomatch
meld_tra_05328,4,17,17,0,0,0.000000,nomatch
meld_tra_05329,2,7,7,0,0,0.000000,nomatch
meld_tra_05330,1,12,12,0,0,0.000000,nomatch
meld_tra_05331,1,4,4,0,0,0.000000,nomatch
meld_tra_05332,3,12,12,0,0,0.000000,nomatch
meld_tra_05333,1,2,2,0,0,0.000000,nomatch
meld_tra_05334,1,6,6,0,0,0.000000,nomatch
meld_tra_05335,1,8,8,0,0,0.000000,nomatch
meld_tra_05336,1,7,7,0,0,0.000000,nomatch
meld_tra_05337,1,12,12,1,0,0.202289,nonzero
meld_tra_05338,1,1,1,0,0,0.000000,nomatch
meld_tra_05339,1,1,1,0,0,0.000000,nomatch
meld_tra_05340,2,6,6,1,0,-0.064019,nonzero
meld_tra_05341,2,11,11,0,0,0.000000,nomatch
meld_tra_05342,1,3,3,0,0,0.000000,nomatch
meld_tra_05343,1,11,11,1,0,0.361158,nonzero
meld_tra_05344,3,11,11,0,0,0.000000,nomatch
meld_tra_05345,1,3,3,0,0,0.000000,nomatch
meld_tra_05346,2,16,16,1,0,0.064019,nonzero
meld_tra_05347,1,14,14,0,0,0.000000,nomatch
meld_tra_05348,2,17,17,0,0,0.000000,nomatch
meld_tra_05349,2,12,12,0,0,0.000000,nomatch
meld_tra_05350,1,7,7,0,0,0.000000,nomatch
meld_tra_05351,1,3,3,0,0,0.000000,nomatch
meld_tra_05352,3,15,15,0,0,0.000000,nomatch
meld_tra_05353,1,2,2,0,0,0.000000,nomatch
meld_tra_05354,2,2,2,0,0,0.000000,nomatch
meld_tra_05355,3,12,12,1,0,0.120386,nonzero
meld_tra_05356,1,26,26,0,0,0.000000,nomatch
meld_tra_05357,1,14,14,0,0,0.000000,nomatch
meld_tra_05358,2,22,22,0,0,0.000000,nomatch
meld_tra_05359,1,8,8,0,0,0.000000,nomatch
meld_tra_05360,1,1,1,0,0,0.000000,nomatch
meld_tra_05361,1,1,1,0,0,0.000000,nomatch
meld_tra_05362,1,4,4,0,0,0.000000,nomatch
meld_tra_05363,1,4,4,0,0,0.000000,nomatch
meld_tra_05364,1,10,10,0,0,0.000000,nomatch
meld_tra_05365,1,3,3,0,0,0.000000,nomatch
meld_tra_05366,2,7,7,0,0,0.000000,nomatch
meld_tra_05367,1,7,7,0,0,0.000000,nomatch
meld_tra_05368,1,7,7,0,0,0.000000,nomatch
meld_tra_05369,1,5,5,1,0,-0.339950,nonzero
meld_tra_05370,1,10,10,0,0,0.000000,nomatch
meld_tra_05371,1,13,13,0,0,0.000000,nomatch
meld_tra_05372,1,11,11,0,0,0.000000,nomatch
meld_tra_05373,1,8,8,0,0,0.000000,nomatch
meld_tra_05374,1,3,3,0,0,0.000000,nomatch
meld_tra_05375,1,1,1,0,0,0.000000,nomatch
meld_tra_05376,1,5,5,0,0,0.000000,nomatch
meld_tra_05377,1,1,1,0,0,0.000000,nomatch
meld_tra_05378,1,9,9,0,0,0.000000,nomatch
meld_tra_05379,2,9,9,0,0,0.000000,nomatch
meld_tra_05380,2,13,13,0,0,0.000000,nomatch
meld_tra_05381,2,8,8,0,0,0.000000,nomatch
meld_tra_05382,3,10,10,0,0,0.000000,nomatch
meld_tra_05383,2,15,15,0,0,0.000000,nomatch
meld_tra_05384,1,4,4,1,0,-0.128037,nonzero
meld_tra_05385,1,3,3,0,0,0.000000,nomatch
meld_tra_05386,1,1,1,0,0,0.000000,nomatch
meld_tra_05387,2,2,2,0,0,0.000000,nomatch
meld_tra_05388,1,5,5,0,0,0.000000,nomatch
meld_tra_05389,2,8,8,0,0,0.000000,nomatch
meld_tra_05390,1,12,12,0,0,0.000000,nomatch
meld_tra_05391,1,2,2,0,0,0.000000,nomatch
meld_tra_05392,1,1,1,0,0,0.000000,nomatch
meld_tra_05393,1,2,2,0,0,0.000000,nomatch
meld_tra_05394,1,3,3,0,0,0.000000,nomatch
meld_tra_05395,1,2,2,0,0,0.000000,nomatch
meld_tra_05396,2,17,17,0,0,0.000000,nomatch
meld_tra_05397,1,2,2,0,0,0.000000,nomatch
meld_tra_05398,1,4,4,0,0,0.000000,nomatch
meld_tra_05399,2,11,11,0,0,0.000000,nomatch
meld_tra_05400,1,2,2,0,0,0.000000,nomatch
meld_tra_05401,2,21,21,1,0,-0.272689,nonzero
meld_tra_05402,1,13,13,1,0,-0.361158,nonzero
meld_tra_05403,1,4,4,0,0,0.000000,nomatch
meld_tra_05404,3,3,3,0,0,0.000000,nomatch
meld_tra_05405,1,9,9,0,0,0.000000,nomatch
meld_tra_05406,4,7,7,0,0,0.000000,nomatch
meld_tra_05407,1,1,1,0,0,0.000000,nomatch
meld_tra_05408,2,2,2,0,0,0.000000,nomatch
meld_tra_05409,2,4,4,0,0,0.000000,nomatch
meld_tra_05410,2,9,9,0,0,0.000000,nomatch
meld_tra_05411,2,2,2,0,0,0.000000,nomatch
meld_tra_05412,1,4,4,0,0,0.000000,nomatch
meld_tra_05413,1,2,2,0,0,0.000000,nomatch
meld_tra_05414,1,19,19,0,0,0.000000,nomatch
meld_tra_05415,2,11,11,0,0,0.000000,nomatch
meld_tra_05416,2,7,7,0,0,0.000000,nomatch
meld_tra_05417,4,17,17,0,0,0.000000,nomatch
meld_tra_05418,3,9,9,1,0,-0.120386,nonzero
meld_tra_05419,1,4,4,1,0,0.361158,nonzero
meld_tra_05420,1,7,7,0,0,0.000000,nomatch
meld_tra_05421,3,16,16,1,0,0.042679,nonzero
meld_tra_05422,3,16,16,0,0,0.000000,nomatch
meld_tra_05423,2,3,3,0,0,0.000000,nomatch
meld_tra_05424,1,6,6,0,0,0.000000,nomatch
meld_tra_05425,1,8,8,0,0,0.000000,nomatch
meld_tra_05426,2,8,8,0,0,0.000000,nomatch
meld_tra_05427,2,9,9,0,0,0.000000,nomatch
meld_tra_05428,1,7,7,0,0,0.000000,nomatch
meld_tra_05429,1,5,5,1,0,0.202289,nonzero
meld_tra_05430,1,7,7,0,0,0.000000,nomatch
meld_tra_05431,1,1,1,0,0,0.000000,nomatch
meld_tra_05432,1,3,3,0,0,0.000000,nomatch
meld_tra_05433,2,2,2,0,0,0.000000,nomatch
meld_tra_05434,1,7,7,0,0,0.000000,nomatch
meld_tra_05435,2,11,11,0,0,0.000000,nomatch
meld_tra_05436,1,10,10,0,0,0.000000,nomatch
meld_tra_05437,1,6,6,0,0,0.000000,nomatch
meld_tra_05438,1,39,39,2,0,-0.115413,nonzero
meld_tra_05439,1,16,16,0,0,0.000000,nomatch
meld_tra_05440,1,36,36,1,0,0.128037,nonzero
meld_tra_05441,1,7,7,0,0,0.000000,nomatch
meld_tra_05442,1,8,8,1,0,0.361158,nonzero
meld_tra_05443,2,3,3,0,0,0.000000,nomatch
meld_tra_05444,1,2,2,0,0,0.000000,nomatch
meld_tra_05445,1,12,12,0,0,0.000000,nomatch
meld_tra_05446,1,3,3,0,0,0.000000,nomatch
meld_tra_05447,1,12,12,0,0,0.000000,nomatch
meld_tra_05448,1,6,6,0,0,0.000000,nomatch
meld_tra_05449,1,7,7,0,0,0.000000,nomatch
meld_tra_05450,1,7,7,0,0,0.000000,nomatch
meld_tra_05451,1,7,7,0,0,0.000000,nomatch
meld_tra_05452,1,5,5,0,0,0.000000,nomatch
meld_tra_05453,1,3,3,0,0,0.000000,nomatch
meld_tra_05454,2,12,12,0,0,0.000000,nomatch
meld_tra_05455,2,5,5,0,0,0.000000,nomatch
meld_tra_05456,1,3,3,0,0,0.000000,nomatch
meld_tra_05457,1,24,24,1,0,-0.250000,nonzero
meld_tra_05458,1,10,10,1,0,-0.250000,nonzero
meld_tra_05459,1,10,10,0,0,0.000000,nomatch
meld_tra_05460,1,4,4,0,0,0.000000,nomatch
meld_tra_05461,1,10,10,0,0,0.000000,nomatch
meld_tra_05462,2,25,25,0,0,0.000000,nomatch
meld_tra_05463,1,5,5,0,0,0.000000,nomatch
meld_tra_05464,1,4,4,0,0,0.000000,nomatch
meld_tra_05465,1,1,1,0,0,0.000000,nomatch
meld_tra_05466,3,16,16,0,0,0.000000,nomatch
meld_tra_05467,1,7,7,0,0,0.000000,nomatch
meld_tra_05468,1,1,1,0,0,0.000000,nomatch
meld_tra_05469,1,7,7,0,0,0.000000,nomatch
meld_tra_05470,1,1,1,0,0,0.000000,nomatch
meld_tra_05471,3,22,22,1,0,0.140488,nonzero
meld_tra_05472,1,13,13,0,0,0.000000,nomatch
meld_tra_05473,1,2,2,0,0,0.000000,nomatch
meld_tra_05474,1,10,10,0,0,0.000000,nomatch
meld_tra_05475,1,4,4,0,0,0.000000,nomatch
meld_tra_05476,1,16,16,0,0,0.000000,nomatch
meld_tra_05477,1,8,8,0,0,0.000000,nomatch
meld_tra_05478,1,15,15,0,0,0.000000,nomatch
meld_tra_05479,2,6,6,0,0,0.000000,nomatch
meld_tra_05480,1,4,4,0,0,0.000000,nomatch
meld_tra_05481,2,22,22,0,0,0.000000,nomatch
meld_tra_05482,1,5,5,0,0,0.000000,nomatch
meld_tra_05483,1,14,14,0,0,0.000000,nomatch
meld_tra_05484,1,9,9,0,0,0.000000,nomatch
meld_tra_05485,1,1,1,0,0,0.000000,nomatch
meld_tra_05486,2,9,9,0,0,0.000000,nomatch
meld_tra_05487,1,1,1,0,0,0.000000,nomatch
meld_tra_05488,1,5,5,0,0,0.000000,nomatch
meld_tra_05489,1,4,4,0,0,0.000000,nomatch
meld_tra_05490,1,3,3,0,0,0.000000,nomatch
meld_tra_05491,1,7,7,1,0,-0.361158,nonzero
meld_tra_05492,1,1,1,0,0,0.000000,nomatch
meld_tra_05493,1,7,7,0,0,0.000000,nomatch
meld_tra_05494,1,1,1,0,0,0.000000,nomatch
meld_tra_05495,2,3,3,0,0,0.000000,nomatch
meld_tra_05496,3,17,17,0,0,0.000000,nomatch
meld_tra_05497,1,3,3,0,0,0.000000,nomatch
meld_tra_05498,1,1,1,0,0,0.000000,nomatch
meld_tra_05499,1,3,3,0,0,0.000000,nomatch
meld_tra_05500,1,3,3,0,0,0.000000,nomatch
meld_tra_05501,2,10,10,0,0,0.000000,nomatch
meld_tra_05502,1,5,5,0,0,0.000000,nomatch
meld_tra_05503,1,3,3,0,0,0.000000,nomatch
meld_tra_05504,1,3,3,0,0,0.000000,nomatch
meld_tra_05505,1,13,13,0,0,0.000000,nomatch
meld_tra_05506,1,8,8,0,0,0.000000,nomatch
meld_tra_05507,1,1,1,0,0,0.000000,nomatch
meld_tra_05508,1,1,1,0,0,0.000000,nomatch
meld_tra_05509,3,15,15,0,0,0.000000,nomatch
meld_tra_05510,1,1,1,0,0,0.000000,nomatch
meld_tra_05511,1,11,11,0,0,0.000000,nomatch
meld_tra_05512,1,1,1,0,0,0.000000,nomatch
meld_tra_05513,3,21,21,0,0,0.000000,nomatch
meld_tra_05514,1,4,4,0,0,0.000000,nomatch
meld_tra_05515,1,10,10,0,1,-0.128037,nonzero
meld_tra_05516,1,4,4,0,0,0.000000,nomatch
meld_tra_05517,1,3,3,0,0,0.000000,nomatch
meld_tra_05518,1,11,11,0,0,0.000000,nomatch
meld_tra_05519,2,20,20,1,0,0.271163,nonzero
meld_tra_05520,3,19,19,0,0,0.000000,nomatch
meld_tra_05521,3,15,15,0,0,0.000000,nomatch
meld_tra_05522,1,9,9,0,0,0.000000,nomatch
meld_tra_05523,1,7,7,0,0,0.000000,nomatch
meld_tra_05524,2,13,13,0,0,0.000000,nomatch
meld_tra_05525,2,9,9,0,0,0.000000,nomatch
meld_tra_05526,1,27,27,1,0,-0.361158,nonzero
meld_tra_05527,1,20,20,2,0,-0.612372,nonzero
meld_tra_05528,4,21,21,0,0,0.000000,nomatch
meld_tra_05529,2,8,8,0,0,0.000000,nomatch
meld_tra_05530,3,22,22,0,0,0.000000,nomatch
meld_tra_05531,3,7,7,0,0,0.000000,nomatch
meld_tra_05532,1,1,1,0,0,0.000000,nomatch
meld_tra_05533,1,28,28,0,0,0.000000,nomatch
meld_tra_05534,2,2,2,0,0,0.000000,nomatch
meld_tra_05535,1,12,12,0,0,0.000000,nomatch
meld_tra_05536,3,20,20,0,0,0.000000,nomatch
meld_tra_05537,5,15,15,0,0,0.000000,nomatch
meld_tra_05538,1,3,3,0,0,0.000000,nomatch
meld_tra_05539,1,1,1,0,0,0.000000,nomatch
meld_tra_05540,2,4,4,0,0,0.000000,nomatch
meld_tra_05541,1,12,12,0,0,0.000000,nomatch
meld_tra_05542,1,7,7,0,0,0.000000,nomatch
meld_tra_05543,1,8,8,0,0,0.000000,nomatch
meld_tra_05544,2,2,2,0,0,0.000000,nomatch
meld_tra_05545,1,4,4,0,0,0.000000,nomatch
meld_tra_05546,1,2,2,0,0,0.000000,nomatch
meld_tra_05547,1,2,2,0,0,0.000000,nomatch
meld_tra_05548,1,4,4,0,0,0.000000,nomatch
meld_tra_05549,1,3,3,0,0,0.000000,nomatch
meld_tra_05550,1,4,4,0,0,0.000000,nomatch
meld_tra_05551,1,5,5,1,0,-0.361158,nonzero
meld_tra_05552,1,8,8,0,0,0.000000,nomatch
meld_tra_05553,2,7,7,0,0,0.000000,nomatch
meld_tra_05554,1,2,2,0,0,0.000000,nomatch
meld_tra_05555,1,6,6,0,0,0.000000,nomatch
meld_tra_05556,1,5,5,0,0,0.000000,nomatch
meld_tra_05557,1,8,8,1,0,0.449704,nonzero
meld_tra_05558,1,2,2,0,0,0.000000,nomatch
meld_tra_05559,1,4,4,0,0,0.000000,nomatch
meld_tra_05560,1,7,7,0,0,0.000000,nomatch
meld_tra_05561,1,8,8,0,0,0.000000,nomatch
meld_tra_05562,1,4,4,0,0,0.000000,nomatch
meld_tra_05563,1,5,5,0,0,0.000000,nomatch
meld_tra_05564,1,15,15,0,0,0.000000,nomatch
meld_tra_05565,1,14,14,0,0,0.000000,nomatch
meld_tra_05566,1,1,1,0,0,0.000000,nomatch
meld_tra_05567,1,1,1,0,0,0.000000,nomatch
meld_tra_05568,1,1,1,0,0,0.000000,nomatch
meld_tra_05569,1,7,7,1,0,-0.361158,nonzero
meld_tra_05570,1,1,1,0,0,0.000000,nomatch
meld_tra_05571,1,9,9,0,0,0.000000,nomatch
meld_tra_05572,1,8,8,0,0,0.000000,nomatch
meld_tra_05573,2,14,14,1,0,-0.306186,nonzero
meld_tra_05574,4,15,15,1,0,0.119165,nonzero
meld_tra_05575,3,12,12,0,0,0.000000,nomatch
meld_tra_05576,2,7,7,0,0,0.000000,nomatch
meld_tra_05577,1,9,9,0,0,0.000000,nomatch
meld_tra_05578,1,6,6,0,0,0.000000,nomatch
meld_tra_05579,1,4,4,0,0,0.000000,nomatch
meld_tra_05580,1,7,7,0,0,0.000000,nomatch
meld_tra_05581,3,10,10,0,0,0.000000,nomatch
meld_tra_05582,4,10,10,0,0,0.000000,nomatch
meld_tra_05583,1,7,7,1,0,-0.361158,nonzero
meld_tra_05584,3,17,17,0,0,0.000000,nomatch
meld_tra_05585,1,3,3,0,0,0.000000,nomatch
meld_tra_05586,1,11,11,0,0,0.000000,nomatch
meld_tra_05587,2,13,13,0,0,0.000000,nomatch
meld_tra_05588,1,9,9,0,0,0.000000,nomatch
meld_tra_05589,4,15,15,0,0,0.000000,nomatch
meld_tra_05590,2,11,11,0,0,0.000000,nomatch
meld_tra_05591,1,12,12,0,0,0.000000,nomatch
meld_tra_05592,3,17,17,0,1,-0.204124,nonzero
meld_tra_05593,1,17,17,0,0,0.000000,nomatch
meld_tra_05594,4,25,25,0,1,-0.153093,nonzero
meld_tra_05595,1,17,17,0,0,0.000000,nomatch
meld_tra_05596,1,27,27,0,0,0.000000,nomatch
meld_tra_05597,1,5,5,0,0,0.000000,nomatch
meld_tra_05598,1,7,7,0,0,0.000000,nomatch
meld_tra_05599,2,8,8,0,0,0.000000,nomatch
meld_tra_05600,3,17,17,0,0,0.000000,nomatch
meld_tra_05601,1,10,10,0,0,0.000000,nomatch
meld_tra_05602,2,5,5,0,0,0.000000,nomatch
meld_tra_05603,1,5,5,0,0,0.000000,nomatch
meld_tra_05604,3,22,22,0,0,0.000000,nomatch
meld_tra_05605,2,4,4,0,0,0.000000,nomatch
meld_tra_05606,1,2,2,0,0,0.000000,nomatch
meld_tra_05607,1,1,1,0,0,0.000000,nomatch
meld_tra_05608,1,7,7,0,0,0.000000,nomatch
meld_tra_05609,2,11,11,1,0,-0.327655,nonzero
meld_tra_05610,1,10,10,0,0,0.000000,nomatch
meld_tra_05611,1,22,22,1,0,-0.361158,nonzero
meld_tra_05612,2,19,19,2,0,0.125000,nonzero
meld_tra_05613,1,12,12,0,0,0.000000,nomatch
meld_tra_05614,1,2,2,0,0,0.000000,nomatch
meld_tra_05615,1,23,23,1,0,0.261663,nonzero
meld_tra_05616,1,15,15,0,0,0.000000,nomatch
meld_tra_05617,1,1,1,0,0,0.000000,nomatch
meld_tra_05618,1,4,4,0,0,0.000000,nomatch
meld_tra_05619,1,14,14,0,0,0.000000,nomatch
meld_tra_05620,1,9,9,0,0,0.000000,nomatch
meld_tra_05621,1,3,3,0,0,0.000000,nomatch
meld_tra_05622,1,7,7,0,0,0.000000,nomatch
meld_tra_05623,2,13,13,1,0,-0.278685,nonzero
meld_tra_05624,1,5,5,0,0,0.000000,nomatch
meld_tra_05625,1,1,1,0,0,0.000000,nomatch
meld_tra_05626,1,1,1,0,0,0.000000,nomatch
meld_tra_05627,1,7,7,0,0,0.000000,nomatch
meld_tra_05628,1,23,23,0,0,0.000000,nomatch
meld_tra_05629,2,12,12,1,0,0.271163,nonzero
meld_tra_05630,3,12,12,1,0,0.180775,nonzero
meld_tra_05631,1,21,21,0,0,0.000000,nomatch
meld_tra_05632,2,7,7,0,0,0.000000,nomatch
meld_tra_05633,2,8,8,0,0,0.000000,nomatch
meld_tra_05634,1,1,1,0,0,0.000000,nomatch
meld_tra_05635,1,20,20,0,0,0.000000,nomatch
meld_tra_05636,1,7,7,1,0,-0.361158,nonzero
meld_tra_05637,1,4,4,0,0,0.000000,nomatch
meld_tra_05638,1,3,3,0,0,0.000000,nomatch
meld_tra_05639,1,1,1,0,0,0.000000,nomatch
meld_tra_05640,1,1,1,0,0,0.000000,nomatch
meld_tra_05641,1,2,2,0,0,0.000000,nomatch
meld_tra_05642,1,4,4,0,0,0.000000,nomatch
meld_tra_05643,2,6,6,0,0,0.000000,nomatch
meld_tra_05644,1,1,1,0,0,0.000000,nomatch
meld_tra_05645,1,7,7,0,0,0.000000,nomatch
meld_tra_05646,1,4,4,0,0,0.000000,nomatch
meld_tra_05647,1,6,6,0,0,0.000000,nomatch
meld_tra_05648,3,10,10,0,0,0.000000,nomatch
meld_tra_05649,1,7,7,0,0,0.000000,nomatch
meld_tra_05650,1,3,3,0,0,0.000000,nomatch
meld_tra_05651,1,21,21,1,0,0.421464,nonzero
meld_tra_05652,2,8,8,0,0,0.000000,nomatch
meld_tra_05653,2,12,12,1,0,-0.180579,nonzero
meld_tra_05654,2,3,3,0,0,0.000000,nomatch
meld_tra_05655,1,20,20,0,0,0.000000,nomatch
meld_tra_05656,1,3,3,0,0,0.000000,nomatch
meld_tra_05657,2,13,13,0,0,0.000000,nomatch
meld_tra_05658,1,1,1,0,0,0.000000,nomatch
meld_tra_05659,1,1,1,0,0,0.000000,nomatch
meld_tra_05660,1,5,5,0,0,0.000000,nomatch
meld_tra_05661,1,6,6,0,0,0.000000,nomatch
meld_tra_05662,1,1,1,0,0,0.000000,nomatch
meld_tra_05663,1,1,1,0,0,0.000000,nomatch
meld_tra_05664,2,11,11,0,0,0.000000,nomatch
meld_tra_05665,1,13,13,0,0,0.000000,nomatch
meld_tra_05666,1,1,1,0,0,0.000000,nomatch
meld_tra_05667,1,1,1,0,0,0.000000,nomatch
meld_tra_05668,1,4,4,0,0,0.000000,nomatch
meld_tra_05669,2,4,4,0,0,0.000000,nomatch
meld_tra_05670,4,12,12,0,0,0.000000,nomatch
meld_tra_05671,2,12,12,0,0,0.000000,nomatch
meld_tra_05672,1,1,1,0,0,0.000000,nomatch
meld_tra_05673,2,12,12,1,0,-0.180579,nonzero
meld_tra_05674,1,5,5,0,0,0.000000,nomatch
meld_tra_05675,1,6,6,0,0,0.000000,nomatch
meld_tra_05676,1,34,34,0,0,0.000000,nomatch
meld_tra_05677,2,6,6,0,0,0.000000,nomatch
meld_tra_05678,2,13,13,0,0,0.000000,nomatch
meld_tra_05679,1,12,12,0,0,0.000000,nomatch
meld_tra_05680,2,7,7,0,0,0.000000,nomatch
meld_tra_05681,1,3,3,0,0,0.000000,nomatch
meld_tra_05682,2,13,13,1,0,-0.180579,nonzero
meld_tra_05683,2,10,10,0,0,0.000000,nomatch
meld_tra_05684,2,11,11,0,0,0.000000,nomatch
meld_tra_05685,1,6,6,0,0,0.000000,nomatch
meld_tra_05686,1,3,3,0,0,0.000000,nomatch
meld_tra_05687,2,11,11,0,0,0.000000,nomatch
meld_tra_05688,1,1,1,0,0,0.000000,nomatch
meld_tra_05689,1,8,8,0,0,0.000000,nomatch
meld_tra_05690,3,7,7,0,0,0.000000,nomatch
meld_tra_05691,1,2,2,0,0,0.000000,nomatch
meld_tra_05692,1,4,4,0,0,0.000000,nomatch
meld_tra_05693,2,9,9,0,0,0.000000,nomatch
meld_tra_05694,1,6,6,0,0,0.000000,nomatch
meld_tra_05695,2,7,7,0,0,0.000000,nomatch
meld_tra_05696,2,11,11,0,0,0.000000,nomatch
meld_tra_05697,1,3,3,0,0,0.000000,nomatch
meld_tra_05698,1,7,7,0,0,0.000000,nomatch
meld_tra_05699,1,1,1,0,0,0.000000,nomatch
meld_tra_05700,1,1,1,0,0,0.000000,nomatch
meld_tra_05701,1,7,7,0,0,0.000000,nomatch
meld_tra_05702,1,2,2,0,0,0.000000,nomatch
meld_tra_05703,1,13,13,0,0,0.000000,nomatch
meld_tra_05704,1,8,8,1,0,0.421464,nonzero
meld_tra_05705,1,9,9,0,0,0.000000,nomatch
meld_tra_05706,1,19,19,0,0,0.000000,nomatch
meld_tra_05707,1,11,11,0,0,0.000000,nomatch
meld_tra_05708,2,9,9,0,0,0.000000,nomatch
meld_tra_05709,1,1,1,0,0,0.000000,nomatch
meld_tra_05710,1,2,2,0,0,0.000000,nomatch
meld_tra_05711,1,4,4,0,0,0.000000,nomatch
meld_tra_05712,1,7,7,0,0,0.000000,nomatch
meld_tra_05713,1,8,8,0,0,0.000000,nomatch
meld_tra_05714,1,3,3,0,0,0.000000,nomatch
meld_tra_05715,2,20,20,0,0,0.000000,nomatch
meld_tra_05716,1,3,3,0,0,0.000000,nomatch
meld_tra_05717,1,3,3,0,0,0.000000,nomatch
meld_tra_05718,1,6,6,0,0,0.000000,nomatch
meld_tra_05719,1,1,1,0,0,0.000000,nomatch
meld_tra_05720,1,4,4,0,0,0.000000,nomatch
meld_tra_05721,1,7,7,0,0,0.000000,nomatch
meld_tra_05722,3,3,3,0,0,0.000000,nomatch
meld_tra_05723,1,2,2,0,0,0.000000,nomatch
meld_tra_05724,1,1,1,0,0,0.000000,nomatch
meld_tra_05725,2,5,5,0,0,0.000000,nomatch
meld_tra_05726,1,3,3,0,0,0.000000,nomatch
meld_tra_05727,3,11,11,0,0,0.000000,nomatch
meld_tra_05728,3,3,3,0,0,0.000000,nomatch
meld_tra_05729,2,21,21,0,0,0.000000,nomatch
meld_tra_05730,2,22,22,0,0,0.000000,nomatch
meld_tra_05731,1,4,4,0,0,0.000000,nomatch
meld_tra_05732,1,18,18,1,0,-0.261663,nonzero
meld_tra_05733,2,14,14,1,0,-0.180579,nonzero
meld_tra_05734,1,2,2,0,0,0.000000,nomatch
meld_tra_05735,2,10,10,0,0,0.000000,nomatch
meld_tra_05736,2,5,5,0,0,0.000000,nomatch
meld_tra_05737,1,10,10,1,0,0.202289,nonzero
meld_tra_05738,1,6,6,0,0,0.000000,nomatch
meld_tra_05739,1,5,5,0,0,0.000000,nomatch
meld_tra_05740,1,2,2,0,0,0.000000,nomatch
meld_tra_05741,1,1,1,0,0,0.000000,nomatch
meld_tra_05742,2,6,6,0,0,0.000000,nomatch
meld_tra_05743,2,6,6,0,0,0.000000,nomatch
meld_tra_05744,2,7,7,0,0,0.000000,nomatch
meld_tra_05745,2,5,5,0,0,0.000000,nomatch
meld_tra_05746,1,1,1,0,0,0.000000,nomatch
meld_tra_05747,1,1,1,0,0,0.000000,nomatch
meld_tra_05748,1,12,12,0,0,0.000000,nomatch
meld_tra_05749,1,7,7,0,0,0.000000,nomatch
meld_tra_05750,2,4,4,0,0,0.000000,nomatch
meld_tra_05751,2,7,7,0,0,0.000000,nomatch
meld_tra_05752,1,7,7,0,0,0.000000,nomatch
meld_tra_05753,2,3,3,0,0,0.000000,nomatch
meld_tra_05754,1,1,1,0,0,0.000000,nomatch
meld_tra_05755,1,7,7,0,0,0.000000,nomatch
meld_tra_05756,1,2,2,0,0,0.000000,nomatch
meld_tra_05757,1,16,16,0,0,0.000000,nomatch
meld_tra_05758,2,5,5,0,0,0.000000,nomatch
meld_tra_05759,1,11,11,0,0,0.000000,nomatch
meld_tra_05760,1,17,17,0,0,0.000000,nomatch
meld_tra_05761,1,5,5,0,0,0.000000,nomatch
meld_tra_05762,1,5,5,0,0,0.000000,nomatch
meld_tra_05763,1,9,9,0,0,0.000000,nomatch
meld_tra_05764,2,16,16,0,0,0.000000,nomatch
meld_tra_05765,1,5,5,0,0,0.000000,nomatch
meld_tra_05766,2,16,16,1,0,-0.180579,nonzero
meld_tra_05767,2,24,24,0,0,0.000000,nomatch
meld_tra_05768,1,4,4,0,0,0.000000,nomatch
meld_tra_05769,1,2,2,0,0,0.000000,nomatch
meld_tra_05770,1,3,3,0,0,0.000000,nomatch
meld_tra_05771,1,8,8,0,0,0.000000,nomatch
meld_tra_05772,2,2,2,0,0,0.000000,nomatch
meld_tra_05773,1,26,26,1,0,0.128037,nonzero
meld_tra_05774,2,17,17,0,0,0.000000,nomatch
meld_tra_05775,1,9,9,0,0,0.000000,nomatch
meld_tra_05776,1,1,1,0,0,0.000000,nomatch
meld_tra_05777,1,5,5,0,0,0.000000,nomatch
meld_tra_05778,1,6,6,0,0,0.000000,nomatch
meld_tra_05779,3,18,18,1,0,0.055171,nonzero
meld_tra_05780,1,7,7,0,0,0.000000,nomatch
meld_tra_05781,1,16,16,0,0,0.000000,nomatch
meld_tra_05782,1,4,4,0,0,0.000000,nomatch
meld_tra_05783,3,11,11,0,0,0.000000,nomatch
meld_tra_05784,1,4,4,0,0,0.000000,nomatch
meld_tra_05785,1,6,6,0,0,0.000000,nomatch
meld_tra_05786,1,4,4,0,0,0.000000,nomatch
meld_tra_05787,1,2,2,0,0,0.000000,nomatch
meld_tra_05788,1,1,1,0,0,0.000000,nomatch
meld_tra_05789,1,6,6,0,0,0.000000,nomatch
meld_tra_05790,1,8,8,0,0,0.000000,nomatch
meld_tra_05791,1,7,7,0,0,0.000000,nomatch
meld_tra_05792,2,9,9,0,0,0.000000,nomatch
meld_tra_05793,5,10,10,1,0,0.072232,nonzero
meld_tra_05794,2,10,10,0,0,0.000000,nomatch
meld_tra_05795,1,2,2,0,0,0.000000,nomatch
meld_tra_05796,2,10,10,0,0,0.000000,nomatch
meld_tra_05797,1,5,5,0,0,0.000000,nomatch
meld_tra_05798,1,1,1,0,0,0.000000,nomatch
meld_tra_05799,2,8,8,0,0,0.000000,nomatch
meld_tra_05800,1,5,5,0,0,0.000000,nomatch
meld_tra_05801,1,5,5,0,0,0.000000,nomatch
meld_tra_05802,1,5,5,0,0,0.000000,nomatch
meld_tra_05803,1,5,5,0,0,0.000000,nomatch
meld_tra_05804,1,2,2,0,0,0.000000,nomatch
meld_tra_05805,1,7,7,0,0,0.000000,nomatch
meld_tra_05806,1,9,9,0,0,0.000000,nomatch
meld_tra_05807,1,8,8,0,0,0.000000,nomatch
meld_tra_05808,1,8,8,1,0,-0.361158,nonzero
meld_tra_05809,1,12,12,0,0,0.000000,nomatch
meld_tra_05810,1,6,6,0,0,0.000000,nomatch
meld_tra_05811,1,7,7,0,0,0.000000,nomatch
meld_tra_05812,1,16,16,0,0,0.000000,nomatch
meld_tra_05813,1,11,11,0,0,0.000000,nomatch
meld_tra_05814,1,5,5,0,0,0.000000,nomatch
meld_tra_05815,1,8,8,0,0,0.000000,nomatch
meld_tra_05816,2,10,10,0,0,0.000000,nomatch
meld_tra_05817,1,10,10,0,0,0.000000,nomatch
meld_tra_05818,2,12,12,0,0,0.000000,nomatch
meld_tra_05819,2,4,4,0,0,0.000000,nomatch
meld_tra_05820,1,8,8,0,0,0.000000,nomatch
meld_tra_05821,2,5,5,1,0,-0.180579,nonzero
meld_tra_05822,1,1,1,0,0,0.000000,nomatch
meld_tra_05823,1,1,1,0,0,0.000000,nomatch
meld_tra_05824,2,5,5,0,0,0.000000,nomatch
meld_tra_05825,2,9,9,0,0,0.000000,nomatch
meld_tra_05826,1,1,1,0,0,0.000000,nomatch
meld_tra_05827,1,6,6,0,0,0.000000,nomatch
meld_tra_05828,1,6,6,0,0,0.000000,nomatch
meld_tra_05829,1,3,3,0,0,0.000000,nomatch
meld_tra_05830,1,10,10,0,0,0.000000,nomatch
meld_tra_05831,1,18,18,0,0,0.000000,nomatch
meld_tra_05832,1,6,6,0,0,0.000000,nomatch
meld_tra_05833,1,1,1,0,0,0.000000,nomatch
meld_tra_05834,1,8,8,0,0,0.000000,nomatch
meld_tra_05835,2,14,14,1,0,0.064019,nonzero
meld_tra_05836,3,11,11,0,0,0.000000,nomatch
meld_tra_05837,2,8,8,0,0,0.000000,nomatch
meld_tra_05838,1,4,4,0,0,0.000000,nomatch
meld_tra_05839,2,16,16,1,0,-0.180579,nonzero
meld_tra_05840,2,10,10,1,0,0.130831,nonzero
meld_tra_05841,3,14,14,0,0,0.000000,nomatch
meld_tra_05842,1,9,9,0,0,0.000000,nomatch
meld_tra_05843,2,22,22,0,0,0.000000,nomatch
meld_tra_05844,1,9,9,0,0,0.000000,nomatch
meld_tra_05845,2,34,34,0,0,0.000000,nomatch
meld_tra_05846,1,9,9,0,0,0.000000,nomatch
meld_tra_05847,2,4,4,0,0,0.000000,nomatch
meld_tra_05848,1,2,2,0,0,0.000000,nomatch
meld_tra_05849,1,5,5,0,0,0.000000,nomatch
meld_tra_05850,1,5,5,0,0,0.000000,nomatch
meld_tra_05851,1,9,9,0,0,0.000000,nomatch
meld_tra_05852,1,10,10,0,0,0.000000,nomatch
meld_tra_05853,1,16,16,0,0,0.000000,nomatch
meld_tra_05854,3,9,9,0,0,0.000000,nomatch
meld_tra_05855,1,1,1,0,0,0.000000,nomatch
meld_tra_05856,1,1,1,0,0,0.000000,nomatch
meld_tra_05857,1,8,8,0,0,0.000000,nomatch
meld_tra_05858,2,24,24,1,0,0.278685,nonzero
meld_tra_05859,1,7,7,0,0,0.000000,nomatch
meld_tra_05860,1,13,13,2,0,-0.612372,nonzero
meld_tra_05861,1,41,41,2,0,0.000000,cancel
meld_tra_05862,2,13,13,0,0,0.000000,nomatch
meld_tra_05863,1,1,1,0,0,0.000000,nomatch
meld_tra_05864,1,13,13,0,0,0.000000,nomatch
meld_tra_05865,2,7,7,0,0,0.000000,nomatch
meld_tra_05866,1,3,3,0,0,0.000000,nomatch
meld_tra_05867,1,23,23,0,0,0.000000,nomatch
meld_tra_05868,3,18,18,0,0,0.000000,nomatch
meld_tra_05869,2,15,15,1,0,0.064019,nonzero
meld_tra_05870,1,1,1,0,0,0.000000,nomatch
meld_tra_05871,1,10,10,0,0,0.000000,nomatch
meld_tra_05872,1,12,12,0,0,0.000000,nomatch
meld_tra_05873,1,17,17,0,0,0.000000,nomatch
meld_tra_05874,1,2,2,0,0,0.000000,nomatch
meld_tra_05875,1,1,1,0,0,0.000000,nomatch
meld_tra_05876,1,1,1,0,0,0.000000,nomatch
meld_tra_05877,1,14,14,1,0,0.361158,nonzero
meld_tra_05878,1,8,8,0,0,0.000000,nomatch
meld_tra_05879,1,13,13,0,0,0.000000,nomatch
meld_tra_05880,1,1,1,0,0,0.000000,nomatch
meld_tra_05881,1,12,12,0,0,0.000000,nomatch
meld_tra_05882,2,13,13,0,0,0.000000,nomatch
meld_tra_05883,1,2,2,0,0,0.000000,nomatch
meld_tra_05884,1,26,26,0,0,0.000000,nomatch
meld_tra_05885,2,24,24,0,0,0.000000,nomatch
meld_tra_05886,1,8,8,0,0,0.000000,nomatch
meld_tra_05887,2,24,24,1,0,0.229415,nonzero
meld_tra_05888,1,9,9,0,0,0.000000,nomatch
meld_tra_05889,2,14,14,0,0,0.000000,nomatch
meld_tra_05890,1,10,10,0,0,0.000000,nomatch
meld_tra_05891,2,6,6,0,0,0.000000,nomatch
meld_tra_05892,1,16,16,0,0,0.000000,nomatch
meld_tra_05893,2,4,4,0,0,0.000000,nomatch
meld_tra_05894,2,10,10,0,0,0.000000,nomatch
meld_tra_05895,1,12,12,0,0,0.000000,nomatch
meld_tra_05896,2,9,9,0,0,0.000000,nomatch
meld_tra_05897,1,8,8,0,0,0.000000,nomatch
meld_tra_05898,4,19,19,0,0,0.000000,nomatch
meld_tra_05899,1,3,3,0,0,0.000000,nomatch
meld_tra_05900,1,13,13,0,0,0.000000,nomatch
meld_tra_05901,1,6,6,0,0,0.000000,nomatch
meld_tra_05902,1,13,13,0,0,0.000000,nomatch
meld_tra_05903,1,15,15,0,0,0.000000,nomatch
meld_tra_05904,1,9,9,0,0,0.000000,nomatch
meld_tra_05905,1,16,16,0,0,0.000000,nomatch
meld_tra_05906,1,8,8,0,0,0.000000,nomatch
meld_tra_05907,2,6,6,0,0,0.000000,nomatch
meld_tra_05908,1,7,7,0,0,0.000000,nomatch
meld_tra_05909,2,5,5,0,0,0.000000,nomatch
meld_tra_05910,1,2,2,0,0,0.000000,nomatch
meld_tra_05911,1,1,1,0,0,0.000000,nomatch
meld_tra_05912,1,1,1,0,0,0.000000,nomatch
meld_tra_05913,1,4,4,0,0,0.000000,nomatch
meld_tra_05914,2,20,20,0,0,0.000000,nomatch
meld_tra_05915,1,6,6,0,0,0.000000,nomatch
meld_tra_05916,2,10,10,0,0,0.000000,nomatch
meld_tra_05917,2,4,4,0,0,0.000000,nomatch
meld_tra_05918,2,10,10,0,0,0.000000,nomatch
meld_tra_05919,2,8,8,0,0,0.000000,nomatch
meld_tra_05920,1,9,9,0,0,0.000000,nomatch
meld_tra_05921,1,8,8,0,0,0.000000,nomatch
meld_tra_05922,3,11,11,1,0,0.120386,nonzero
meld_tra_05923,1,4,4,1,0,-0.361158,nonzero
meld_tra_05924,2,11,11,0,0,0.000000,nomatch
meld_tra_05925,1,1,1,0,0,0.000000,nomatch
meld_tra_05926,1,5,5,0,0,0.000000,nomatch
meld_tra_05927,1,4,4,0,0,0.000000,nomatch
meld_tra_05928,1,4,4,0,0,0.000000,nomatch
meld_tra_05929,2,17,17,0,0,0.000000,nomatch
meld_tra_05930,2,8,8,0,0,0.000000,nomatch
meld_tra_05931,1,12,12,1,0,-0.361158,nonzero
meld_tra_05932,2,8,8,1,0,-0.180579,nonzero
meld_tra_05933,1,5,5,0,0,0.000000,nomatch
meld_tra_05934,1,9,9,0,0,0.000000,nomatch
meld_tra_05935,1,14,14,0,0,0.000000,nomatch
meld_tra_05936,1,16,16,0,0,0.000000,nomatch
meld_tra_05937,1,18,18,0,0,0.000000,nomatch
meld_tra_05938,2,2,2,1,0,0.180579,nonzero
meld_tra_05939,2,22,22,0,0,0.000000,nomatch
meld_tra_05940,1,7,7,0,0,0.000000,nomatch
meld_tra_05941,1,5,5,0,0,0.000000,nomatch
meld_tra_05942,1,4,4,1,0,0.458831,nonzero
meld_tra_05943,1,6,6,0,0,0.000000,nomatch
meld_tra_05944,4,15,15,1,0,0.090289,nonzero
meld_tra_05945,1,5,5,0,0,0.000000,nomatch
meld_tra_05946,1,6,6,0,0,0.000000,nomatch
meld_tra_05947,2,6,6,1,0,0.271163,nonzero
meld_tra_05948,1,1,1,0,0,0.000000,nomatch
meld_tra_05949,1,5,5,0,0,0.000000,nomatch
meld_tra_05950,1,2,2,0,0,0.000000,nomatch
meld_tra_05951,1,2,2,0,0,0.000000,nomatch
meld_tra_05952,2,6,6,1,0,0.180579,nonzero
meld_tra_05953,1,3,3,0,0,0.000000,nomatch
meld_tra_05954,1,1,1,0,0,0.000000,nomatch
meld_tra_05955,1,6,6,0,0,0.000000,nomatch
meld_tra_05956,5,18,18,0,0,0.000000,nomatch
meld_tra_05957,2,15,15,0,0,0.000000,nomatch
meld_tra_05958,1,2,2,0,0,0.000000,nomatch
meld_tra_05959,1,5,5,0,0,0.000000,nomatch
meld_tra_05960,2,14,14,0,0,0.000000,nomatch
meld_tra_05961,1,19,19,0,0,0.000000,nomatch
meld_tra_05962,1,9,9,0,0,0.000000,nomatch
meld_tra_05963,1,1,1,0,0,0.000000,nomatch
meld_tra_05964,1,1,1,0,0,0.000000,nomatch
meld_tra_05965,4,15,15,0,0,0.000000,nomatch
meld_tra_05966,4,7,7,0,0,0.000000,nomatch
meld_tra_05967,1,16,16,0,0,0.000000,nomatch
meld_tra_05968,1,6,6,0,0,0.000000,nomatch
meld_tra_05969,1,8,8,0,0,0.000000,nomatch
meld_tra_05970,1,17,17,0,0,0.000000,nomatch
meld_tra_05971,1,6,6,0,0,0.000000,nomatch
meld_tra_05972,1,4,4,0,0,0.000000,nomatch
meld_tra_05973,2,9,9,0,0,0.000000,nomatch
meld_tra_05974,1,5,5,0,0,0.000000,nomatch
meld_tra_05975,1,1,1,0,0,0.000000,nomatch
meld_tra_05976,1,3,3,0,0,0.000000,nomatch
meld_tra_05977,1,6,6,0,0,0.000000,nomatch
meld_tra_05978,1,6,6,0,0,0.000000,nomatch
meld_tra_05979,1,6,6,0,0,0.000000,nomatch
meld_tra_05980,1,3,3,0,0,0.000000,nomatch
meld_tra_05981,1,7,7,0,0,0.000000,nomatch
meld_tra_05982,1,2,2,0,0,0.000000,nomatch
meld_tra_05983,1,5,5,0,0,0.000000,nomatch
meld_tra_05984,3,23,23,1,0,-0.120386,nonzero
meld_tra_05985,1,5,5,1,0,0.542326,nonzero
meld_tra_05986,1,1,1,0,0,0.000000,nomatch
meld_tra_05987,1,1,1,0,0,0.000000,nomatch
meld_tra_05988,1,4,4,1,0,-0.361158,nonzero
meld_tra_05989,1,11,11,0,0,0.000000,nomatch
meld_tra_05990,3,14,14,0,0,0.000000,nomatch
meld_tra_05991,3,13,13,0,0,0.000000,nomatch
meld_tra_05992,1,4,4,0,0,0.000000,nomatch
meld_tra_05993,1,4,4,0,0,0.000000,nomatch
meld_tra_05994,1,5,5,0,0,0.000000,nomatch
meld_tra_05995,1,4,4,0,0,0.000000,nomatch
meld_tra_05996,1,6,6,1,0,0.526742,nonzero
meld_tra_05997,1,1,1,0,0,0.000000,nomatch
meld_tra_05998,2,6,6,0,0,0.000000,nomatch
meld_tra_05999,2,8,8,0,0,0.000000,nomatch
meld_tra_06000,1,1,1,0,0,0.000000,nomatch
meld_tra_06001,3,16,16,0,0,0.000000,nomatch
meld_tra_06002,1,1,1,0,0,0.000000,nomatch
meld_tra_06003,1,20,20,1,0,0.361158,nonzero
meld_tra_06004,1,25,25,2,0,0.690775,nonzero
meld_tra_06005,2,17,17,1,0,0.180579,nonzero
meld_tra_06006,1,18,18,0,0,0.000000,nomatch
meld_tra_06007,1,16,16,0,0,0.000000,nomatch
meld_tra_06008,1,1,1,0,0,0.000000,nomatch
meld_tra_06009,1,3,3,0,0,0.000000,nomatch
meld_tra_06010,4,22,22,0,0,0.000000,nomatch
meld_tra_06011,1,1,1,0,0,0.000000,nomatch
meld_tra_06012,2,7,7,0,0,0.000000,nomatch
meld_tra_06013,1,5,5,0,0,0.000000,nomatch
meld_tra_06014,2,4,4,0,0,0.000000,nomatch
meld_tra_06015,2,6,6,0,0,0.000000,nomatch
meld_tra_06016,1,8,8,0,0,0.000000,nomatch
meld_tra_06017,1,3,3,0,0,0.000000,nomatch
meld_tra_06018,2,15,15,0,0,0.000000,nomatch
meld_tra_06019,2,12,12,0,0,0.000000,nomatch
meld_tra_06020,1,1,1,0,0,0.000000,nomatch
meld_tra_06021,1,3,3,0,0,0.000000,nomatch
meld_tra_06022,1,15,15,0,0,0.000000,nomatch
meld_tra_06023,1,7,7,0,0,0.000000,nomatch
meld_tra_06024,1,6,6,0,0,0.000000,nomatch
meld_tra_06025,1,22,22,0,0,0.000000,nomatch
meld_tra_06026,1,24,24,0,0,0.000000,nomatch
meld_tra_06027,3,12,12,0,0,0.000000,nomatch
meld_tra_06028,2,12,12,0,0,0.000000,nomatch
meld_tra_06029,3,21,21,0,0,0.000000,nomatch
meld_tra_06030,2,7,7,0,0,0.000000,nomatch
meld_tra_06031,1,4,4,0,0,0.000000,nomatch
meld_tra_06032,1,5,5,0,0,0.000000,nomatch
meld_tra_06033,2,14,14,0,0,0.000000,nomatch
meld_tra_06034,1,8,8,0,0,0.000000,nomatch
meld_tra_06035,1,4,4,0,0,0.000000,nomatch
meld_tra_06036,1,2,2,0,0,0.000000,nomatch
meld_tra_06037,3,9,9,0,0,0.000000,nomatch
meld_tra_06038,3,6,6,0,0,0.000000,nomatch
meld_tra_06039,1,1,1,0,0,0.000000,nomatch
meld_tra_06040,1,3,3,0,0,0.000000,nomatch
meld_tra_06041,1,1,1,0,0,0.000000,nomatch
meld_tra_06042,2,17,17,0,0,0.000000,nomatch
meld_tra_06043,1,11,11,0,0,0.000000,nomatch
meld_tra_06044,1,33,33,0,0,0.000000,nomatch
meld_tra_06045,1,12,12,0,0,0.000000,nomatch
meld_tra_06046,1,11,11,0,0,0.000000,nomatch
meld_tra_06047,2,16,16,0,0,0.000000,nomatch
meld_tra_06048,1,21,21,0,0,0.000000,nomatch
meld_tra_06049,1,3,3,0,0,0.000000,nomatch
meld_tra_06050,1,14,14,1,0,0.542326,nonzero
meld_tra_06051,1,12,12,0,0,0.000000,nomatch
meld_tra_06052,1,5,5,1,0,0.250000,nonzero
meld_tra_06053,4,12,12,0,0,0.000000,nomatch
meld_tra_06054,1,3,3,0,0,0.000000,nomatch
meld_tra_06055,1,5,5,0,0,0.000000,nomatch
meld_tra_06056,1,4,4,0,0,0.000000,nomatch
meld_tra_06057,1,3,3,0,0,0.000000,nomatch
meld_tra_06058,1,4,4,0,0,0.000000,nomatch
meld_tra_06059,1,4,4,0,0,0.000000,nomatch
meld_tra_06060,3,20,20,0,0,0.000000,nomatch
meld_tra_06061,2,5,5,2,0,0.250000,nonzero
meld_tra_06062,2,5,5,0,0,0.000000,nomatch
meld_tra_06063,3,21,21,0,0,0.000000,nomatch
meld_tra_06064,1,2,2,0,0,0.000000,nomatch
meld_tra_06065,1,2,2,0,0,0.000000,nomatch
meld_tra_06066,1,2,2,0,0,0.000000,nomatch
meld_tra_06067,1,13,13,1,0,-0.361158,nonzero
meld_tra_06068,1,11,11,0,0,0.000000,nomatch
meld_tra_06069,1,9,9,0,0,0.000000,nomatch
meld_tra_06070,1,14,14,1,0,0.458831,nonzero
meld_tra_06071,1,10,10,1,0,0.493915,nonzero
meld_tra_06072,3,23,23,2,0,0.362650,nonzero
meld_tra_06073,1,11,11,0,0,0.000000,nomatch
meld_tra_06074,2,15,15,0,0,0.000000,nomatch
meld_tra_06075,2,20,20,0,0,0.000000,nomatch
meld_tra_06076,1,4,4,0,0,0.000000,nomatch
meld_tra_06077,2,25,25,1,0,-0.180579,nonzero
meld_tra_06078,1,5,5,1,0,0.542326,nonzero
meld_tra_06079,2,10,10,0,0,0.000000,nomatch
meld_tra_06080,1,6,6,0,0,0.000000,nomatch
meld_tra_06081,3,17,17,0,0,0.000000,nomatch
meld_tra_06082,3,17,17,1,0,0.120386,nonzero
meld_tra_06083,1,2,2,0,0,0.000000,nomatch
meld_tra_06084,4,22,22,4,0,0.184799,nonzero
meld_tra_06085,1,1,1,0,0,0.000000,nomatch
meld_tra_06086,1,2,2,0,0,0.000000,nomatch
meld_tra_06087,1,2,2,0,0,0.000000,nomatch
meld_tra_06088,1,3,3,0,0,0.000000,nomatch
meld_tra_06089,1,3,3,0,0,0.000000,nomatch
meld_tra_06090,1,4,4,0,0,0.000000,nomatch
meld_tra_06091,2,6,6,0,0,0.000000,nomatch
meld_tra_06092,2,8,8,0,0,0.000000,nomatch
meld_tra_06093,2,11,11,0,0,0.000000,nomatch
meld_tra_06094,1,5,5,0,0,0.000000,nomatch
meld_tra_06095,1,8,8,0,0,0.000000,nomatch
meld_tra_06096,1,8,8,0,0,0.000000,nomatch
meld_tra_06097,1,9,9,0,0,0.000000,nomatch
meld_tra_06098,1,20,20,0,0,0.000000,nomatch
meld_tra_06099,1,45,45,0,0,0.000000,nomatch
meld_tra_06100,2,7,7,0,0,0.000000,nomatch
meld_tra_06101,1,13,13,0,0,0.000000,nomatch
meld_tra_06102,1,6,6,0,0,0.000000,nomatch
meld_tra_06103,1,12,12,0,0,0.000000,nomatch
meld_tra_06104,1,6,6,0,0,0.000000,nomatch
meld_tra_06105,1,14,14,0,1,-0.128037,nonzero
meld_tra_06106,1,4,4,0,0,0.000000,nomatch
meld_tra_06107,1,9,9,0,0,0.000000,nomatch
meld_tra_06108,1,31,31,0,0,0.000000,nomatch
meld_tra_06109,1,5,5,0,0,0.000000,nomatch
meld_tra_06110,1,12,12,0,0,0.000000,nomatch
meld_tra_06111,1,9,9,0,0,0.000000,nomatch
meld_tra_06112,2,7,7,0,0,0.000000,nomatch
meld_tra_06113,2,10,10,0,0,0.000000,nomatch
meld_tra_06114,1,6,6,0,0,0.000000,nomatch
meld_tra_06115,1,1,1,0,0,0.000000,nomatch
meld_tra_06116,2,9,9,1,0,-0.180579,nonzero
meld_tra_06117,1,1,1,0,0,0.000000,nomatch
meld_tra_06118,1,1,1,0,0,0.000000,nomatch
meld_tra_06119,2,8,8,0,0,0.000000,nomatch
meld_tra_06120,3,15,15,0,0,0.000000,nomatch
meld_tra_06121,1,5,5,0,0,0.000000,nomatch
meld_tra_06122,1,28,28,0,0,0.000000,nomatch
meld_tra_06123,3,12,12,1,0,0.149901,nonzero
meld_tra_06124,1,5,5,1,0,0.361158,nonzero
meld_tra_06125,1,2,2,0,0,0.000000,nomatch
meld_tra_06126,1,18,18,1,0,0.542326,nonzero
meld_tra_06127,2,8,8,0,0,0.000000,nomatch
meld_tra_06128,1,25,25,0,0,0.000000,nomatch
meld_tra_06129,1,6,6,0,0,0.000000,nomatch
meld_tra_06130,2,2,2,0,0,0.000000,nomatch
meld_tra_06131,1,1,1,0,0,0.000000,nomatch
meld_tra_06132,1,1,1,0,0,0.000000,nomatch
meld_tra_06133,1,7,7,0,0,0.000000,nomatch
meld_tra_06134,1,25,25,0,0,0.000000,nomatch
meld_tra_06135,1,8,8,0,0,0.000000,nomatch
meld_tra_06136,2,11,11,0,0,0.000000,nomatch
meld_tra_06137,2,7,7,0,0,0.000000,nomatch
meld_tra_06138,1,7,7,0,0,0.000000,nomatch
meld_tra_06139,1,7,7,0,0,0.000000,nomatch
meld_tra_06140,1,2,2,0,0,0.000000,nomatch
meld_tra_06141,1,5,5,0,0,0.000000,nomatch
meld_tra_06142,1,1,1,0,0,0.000000,nomatch
meld_tra_06143,2,11,11,0,0,0.000000,nomatch
meld_tra_06144,1,38,38,0,0,0.000000,nomatch
meld_tra_06145,1,6,6,0,0,0.000000,nomatch
meld_tra_06146,1,18,18,0,0,0.000000,nomatch
meld_tra_06147,1,4,4,0,0,0.000000,nomatch
meld_tra_06148,1,6,6,1,0,-0.361158,nonzero
meld_tra_06149,2,16,16,0,0,0.000000,nomatch
meld_tra_06150,1,15,15,0,0,0.000000,nomatch
meld_tra_06151,1,4,4,0,0,0.000000,nomatch
meld_tra_06152,4,17,17,0,0,0.000000,nomatch
meld_tra_06153,2,13,13,0,0,0.000000,nomatch
meld_tra_06154,3,9,9,0,0,0.000000,nomatch
meld_tra_06155,1,3,3,0,0,0.000000,nomatch
meld_tra_06156,1,4,4,0,0,0.000000,nomatch
meld_tra_06157,1,5,5,0,0,0.000000,nomatch
meld_tra_06158,1,18,18,0,0,0.000000,nomatch
meld_tra_06159,1,2,2,0,0,0.000000,nomatch
meld_tra_06160,1,4,4,1,0,0.421464,nonzero
meld_tra_06161,1,11,11,0,0,0.000000,nomatch
meld_tra_06162,1,19,19,0,0,0.000000,nomatch
meld_tra_06163,1,9,9,0,0,0.000000,nomatch
meld_tra_06164,1,7,7,0,0,0.000000,nomatch
meld_tra_06165,1,2,2,0,0,0.000000,nomatch
meld_tra_06166,1,2,2,0,0,0.000000,nomatch
meld_tra_06167,1,4,4,0,0,0.000000,nomatch
meld_tra_06168,1,7,7,0,0,0.000000,nomatch
meld_tra_06169,2,13,13,0,0,0.000000,nomatch
meld_tra_06170,1,15,15,1,0,0.202289,nonzero
meld_tra_06171,1,11,11,0,0,0.000000,nomatch
meld_tra_06172,1,2,2,0,0,0.000000,nomatch
meld_tra_06173,1,13,13,0,0,0.000000,nomatch
meld_tra_06174,1,9,9,0,0,0.000000,nomatch
meld_tra_06175,4,18,18,1,0,0.032009,nonzero
meld_tra_06176,1,9,9,0,0,0.000000,nomatch
meld_tra_06177,2,8,8,0,0,0.000000,nomatch
meld_tra_06178,2,3,3,0,0,0.000000,nomatch
meld_tra_06179,1,1,1,0,0,0.000000,nomatch
meld_tra_06180,3,8,8,0,0,0.000000,nomatch
meld_tra_06181,2,8,8,0,0,0.000000,nomatch
meld_tra_06182,2,6,6,0,0,0.000000,nomatch
meld_tra_06183,1,2,2,0,0,0.000000,nomatch
meld_tra_06184,4,10,10,0,0,0.000000,nomatch
meld_tra_06185,1,4,4,0,0,0.000000,nomatch
meld_tra_06186,1,7,7,0,0,0.000000,nomatch
meld_tra_06187,1,5,5,0,0,0.000000,nomatch
meld_tra_06188,1,7,7,0,0,0.000000,nomatch
meld_tra_06189,1,2,2,0,0,0.000000,nomatch
meld_tra_06190,1,2,2,0,0,0.000000,nomatch
meld_tra_06191,1,8,8,0,0,0.000000,nomatch
meld_tra_06192,1,6,6,0,0,0.000000,nomatch
meld_tra_06193,1,5,5,0,0,0.000000,nomatch
meld_tra_06194,1,9,9,0,0,0.000000,nomatch
meld_tra_06195,1,6,6,0,0,0.000000,nomatch
meld_tra_06196,2,7,7,0,0,0.000000,nomatch
meld_tra_06197,1,4,4,0,0,0.000000,nomatch
meld_tra_06198,2,4,4,0,0,0.000000,nomatch
meld_tra_06199,1,20,20,0,0,0.000000,nomatch
meld_tra_06200,1,3,3,0,0,0.000000,nomatch
meld_tra_06201,2,5,5,0,0,0.000000,nomatch
meld_tra_06202,1,1,1,0,0,0.000000,nomatch
meld_tra_06203,1,9,9,0,0,0.000000,nomatch
meld_tra_06204,2,3,3,0,0,0.000000,nomatch
meld_tra_06205,2,16,16,2,0,0.371957,nonzero
meld_tra_06206,2,9,9,0,0,0.000000,nomatch
meld_tra_06207,3,13,13,0,0,0.000000,nomatch
meld_tra_06208,2,9,9,0,0,0.000000,nomatch
meld_tra_06209,1,4,4,0,0,0.000000,nomatch
meld_tra_06210,1,12,12,0,0,0.000000,nomatch
meld_tra_06211,1,23,23,0,1,-0.361158,nonzero
meld_tra_06212,1,4,4,0,0,0.000000,nomatch
meld_tra_06213,1,2,2,0,0,0.000000,nomatch
meld_tra_06214,3,16,16,0,0,0.000000,nomatch
meld_tra_06215,1,1,1,0,0,0.000000,nomatch
meld_tra_06216,2,12,12,1,0,0.180579,nonzero
meld_tra_06217,1,6,6,0,0,0.000000,nomatch
meld_tra_06218,1,7,7,0,0,0.000000,nomatch
meld_tra_06219,1,7,7,0,0,0.000000,nomatch
meld_tra_06220,1,2,2,0,0,0.000000,nomatch
meld_tra_06221,1,14,14,0,0,0.000000,nomatch
meld_tra_06222,2,8,8,0,0,0.000000,nomatch
meld_tra_06223,3,13,13,0,0,0.000000,nomatch
meld_tra_06224,1,1,1,0,0,0.000000,nomatch
meld_tra_06225,1,1,1,0,0,0.000000,nomatch
meld_tra_06226,1,6,6,0,0,0.000000,nomatch
meld_tra_06227,1,2,2,0,0,0.000000,nomatch
meld_tra_06228,1,1,1,0,0,0.000000,nomatch
meld_tra_06229,1,6,6,0,0,0.000000,nomatch
meld_tra_06230,1,13,13,0,0,0.000000,nomatch
meld_tra_06231,1,11,11,0,0,0.000000,nomatch
meld_tra_06232,3,25,25,0,0,0.000000,nomatch
meld_tra_06233,4,23,23,0,0,0.000000,nomatch
meld_tra_06234,1,1,1,0,0,0.000000,nomatch
meld_tra_06235,1,1,1,0,0,0.000000,nomatch
meld_tra_06236,1,11,11,0,0,0.000000,nomatch
meld_tra_06237,1,1,1,0,0,0.000000,nomatch
meld_tra_06238,1,1,1,0,0,0.000000,nomatch
meld_tra_06239,1,19,19,0,0,0.000000,nomatch
meld_tra_06240,1,2,2,0,0,0.000000,nomatch
meld_tra_06241,5,15,15,0,0,0.000000,nomatch
meld_tra_06242,1,3,3,0,0,0.000000,nomatch
meld_tra_06243,1,7,7,0,0,0.000000,nomatch
meld_tra_06244,3,20,20,2,0,0.240772,nonzero
meld_tra_06245,2,8,8,0,0,0.000000,nomatch
meld_tra_06246,1,11,11,1,0,0.128037,nonzero
meld_tra_06247,1,5,5,0,0,0.000000,nomatch
meld_tra_06248,2,9,9,0,0,0.000000,nomatch
meld_tra_06249,2,11,11,0,0,0.000000,nomatch
meld_tra_06250,1,6,6,0,0,0.000000,nomatch
meld_tra_06251,1,2,2,0,0,0.000000,nomatch
meld_tra_06252,1,5,5,0,0,0.000000,nomatch
meld_tra_06253,1,6,6,0,0,0.000000,nomatch
meld_tra_06254,1,1,1,0,0,0.000000,nomatch
meld_tra_06255,2,16,16,0,0,0.000000,nomatch
meld_tra_06256,2,4,4,0,0,0.000000,nomatch
meld_tra_06257,3,13,13,0,0,0.000000,nomatch
meld_tra_06258,1,7,7,0,0,0.000000,nomatch
meld_tra_06259,2,13,13,0,0,0.000000,nomatch
meld_tra_06260,3,21,21,1,0,0.120386,nonzero
meld_tra_06261,1,4,4,0,0,0.000000,nomatch
meld_tra_06262,1,18,18,0,0,0.000000,nomatch
meld_tra_06263,1,5,5,0,0,0.000000,nomatch
meld_tra_06264,1,8,8,0,0,0.000000,nomatch
meld_tra_06265,1,21,21,0,0,0.000000,nomatch
meld_tra_06266,1,3,3,0,0,0.000000,nomatch
meld_tra_06267,1,12,12,0,0,0.000000,nomatch
meld_tra_06268,1,6,6,0,0,0.000000,nomatch
meld_tra_06269,1,6,6,0,0,0.000000,nomatch
meld_tra_06270,1,4,4,0,0,0.000000,nomatch
meld_tra_06271,1,4,4,0,0,0.000000,nomatch
meld_tra_06272,1,7,7,0,0,0.000000,nomatch
meld_tra_06273,1,3,3,0,0,0.000000,nomatch
meld_tra_06274,3,6,6,0,0,0.000000,nomatch
meld_tra_06275,1,15,15,0,0,0.000000,nomatch
meld_tra_06276,3,11,11,0,0,0.000000,nomatch
meld_tra_06277,2,14,14,0,0,0.000000,nomatch
meld_tra_06278,1,3,3,0,0,0.000000,nomatch
meld_tra_06279,1,8,8,0,0,0.000000,nomatch
meld_tra_06280,1,7,7,0,0,0.000000,nomatch
meld_tra_06281,2,21,21,0,0,0.000000,nomatch
meld_tra_06282,3,12,12,0,0,0.000000,nomatch
meld_tra_06283,1,5,5,0,0,0.000000,nomatch
meld_tra_06284,1,4,4,0,0,0.000000,nomatch
meld_tra_06285,2,17,17,0,0,0.000000,nomatch
meld_tra_06286,1,9,9,0,0,0.000000,nomatch
meld_tra_06287,1,19,19,0,0,0.000000,nomatch
meld_tra_06288,2,13,13,0,0,0.000000,nomatch
meld_tra_06289,2,16,16,1,0,0.064019,nonzero
meld_tra_06290,1,4,4,0,0,0.000000,nomatch
meld_tra_06291,1,17,17,0,0,0.000000,nomatch
meld_tra_06292,1,10,10,2,0,-0.612372,nonzero
meld_tra_06293,1,2,2,0,0,0.000000,nomatch
meld_tra_06294,4,11,11,1,0,0.090289,nonzero
meld_tra_06295,3,8,8,0,0,0.000000,nomatch
meld_tra_06296,1,2,2,0,0,0.000000,nomatch
meld_tra_06297,1,4,4,0,0,0.000000,nomatch
meld_tra_06298,1,5,5,0,0,0.000000,nomatch
meld_tra_06299,1,3,3,1,0,0.128037,nonzero
meld_tra_06300,1,2,2,0,0,0.000000,nomatch
meld_tra_06301,1,2,2,0,0,0.000000,nomatch
meld_tra_06302,1,7,7,0,0,0.000000,nomatch
meld_tra_06303,1,2,2,0,0,0.000000,nomatch
meld_tra_06304,1,5,5,0,0,0.000000,nomatch
meld_tra_06305,1,12,12,0,0,0.000000,nomatch
meld_tra_06306,1,1,1,0,0,0.000000,nomatch
meld_tra_06307,1,6,6,0,0,0.000000,nomatch
meld_tra_06308,1,2,2,0,0,0.000000,nomatch
meld_tra_06309,1,5,5,0,0,0.000000,nomatch
meld_tra_06310,1,15,15,0,0,0.000000,nomatch
meld_tra_06311,1,8,8,1,0,0.361158,nonzero
meld_tra_06312,1,6,6,0,0,0.000000,nomatch
meld_tra_06313,1,5,5,1,0,0.361158,nonzero
meld_tra_06314,1,1,1,0,0,0.000000,nomatch
meld_tra_06315,1,10,10,1,0,0.122994,nonzero
meld_tra_06316,1,2,2,0,0,0.000000,nomatch
meld_tra_06317,1,3,3,0,0,0.000000,nomatch
meld_tra_06318,1,5,5,0,0,0.000000,nomatch
meld_tra_06319,1,3,3,0,0,0.000000,nomatch
meld_tra_06320,2,8,8,0,0,0.000000,nomatch
meld_tra_06321,1,1,1,0,0,0.000000,nomatch
meld_tra_06322,2,12,12,0,0,0.000000,nomatch
meld_tra_06323,1,3,3,0,0,0.000000,nomatch
meld_tra_06324,1,17,17,0,0,0.000000,nomatch
meld_tra_06325,1,4,4,0,0,0.000000,nomatch
meld_tra_06326,1,12,12,0,1,-0.128037,nonzero
meld_tra_06327,1,3,3,0,0,0.000000,nomatch
meld_tra_06328,1,6,6,0,0,0.000000,nomatch
meld_tra_06329,1,13,13,0,0,0.000000,nomatch
meld_tra_06330,1,10,10,0,0,0.000000,nomatch
meld_tra_06331,2,11,11,0,0,0.000000,nomatch
meld_tra_06332,1,3,3,0,0,0.000000,nomatch
meld_tra_06333,1,3,3,0,0,0.000000,nomatch
meld_tra_06334,2,24,24,0,0,0.000000,nomatch
meld_tra_06335,1,6,6,0,0,0.000000,nomatch
meld_tra_06336,1,2,2,0,0,0.000000,nomatch
meld_tra_06337,2,6,6,0,0,0.000000,nomatch
meld_tra_06338,3,21,21,1,0,-0.120386,nonzero
meld_tra_06339,1,3,3,1,0,0.493915,nonzero
meld_tra_06340,1,4,4,0,0,0.000000,nomatch
meld_tra_06341,1,3,3,1,0,0.493915,nonzero
meld_tra_06342,2,5,5,0,0,0.000000,nomatch
meld_tra_06343,1,4,4,0,0,0.000000,nomatch
meld_tra_06344,1,4,4,0,0,0.000000,nomatch
meld_tra_06345,1,4,4,0,0,0.000000,nomatch
meld_tra_06346,1,1,1,0,0,0.000000,nomatch
meld_tra_06347,2,6,6,0,0,0.000000,nomatch
meld_tra_06348,2,13,13,0,0,0.000000,nomatch
meld_tra_06349,1,6,6,0,0,0.000000,nomatch
meld_tra_06350,2,13,13,0,0,0.000000,nomatch
meld_tra_06351,2,15,15,0,0,0.000000,nomatch
meld_tra_06352,1,19,19,0,0,0.000000,nomatch
meld_tra_06353,1,13,13,0,0,0.000000,nomatch
meld_tra_06354,1,8,8,0,0,0.000000,nomatch
meld_tra_06355,1,7,7,0,0,0.000000,nomatch
meld_tra_06356,2,5,5,0,0,0.000000,nomatch
meld_tra_06357,1,8,8,0,0,0.000000,nomatch
meld_tra_06358,1,9,9,0,0,0.000000,nomatch
meld_tra_06359,4,13,13,0,0,0.000000,nomatch
meld_tra_06360,1,16,16,0,0,0.000000,nomatch
meld_tra_06361,1,12,12,0,0,0.000000,nomatch
meld_tra_06362,2,6,6,0,0,0.000000,nomatch
meld_tra_06363,1,4,4,0,0,0.000000,nomatch
meld_tra_06364,2,16,16,0,0,0.000000,nomatch
meld_tra_06365,1,15,15,0,0,0.000000,nomatch
meld_tra_06366,3,18,18,0,0,0.000000,nomatch
meld_tra_06367,1,21,21,0,0,0.000000,nomatch
meld_tra_06368,1,10,10,0,0,0.000000,nomatch
meld_tra_06369,1,28,28,1,0,-0.361158,nonzero
meld_tra_06370,1,20,20,0,0,0.000000,nomatch
meld_tra_06371,1,8,8,0,0,0.000000,nomatch
meld_tra_06372,1,18,18,0,0,0.000000,nomatch
meld_tra_06373,2,6,6,0,0,0.000000,nomatch
meld_tra_06374,1,4,4,0,0,0.000000,nomatch
meld_tra_06375,2,8,8,0,0,0.000000,nomatch
meld_tra_06376,3,19,19,0,0,0.000000,nomatch
meld_tra_06377,1,1,1,0,0,0.000000,nomatch
meld_tra_06378,1,1,1,0,0,0.000000,nomatch
meld_tra_06379,2,19,19,0,0,0.000000,nomatch
meld_tra_06380,2,17,17,0,0,0.000000,nomatch
meld_tra_06381,1,17,17,0,0,0.000000,nomatch
meld_tra_06382,1,5,5,0,1,-0.128037,nonzero
meld_tra_06383,1,2,2,0,0,0.000000,nomatch
meld_tra_06384,1,2,2,0,0,0.000000,nomatch
meld_tra_06385,2,12,12,0,0,0.000000,nomatch
meld_tra_06386,2,11,11,0,0,0.000000,nomatch
meld_tra_06387,2,10,10,0,0,0.000000,nomatch
meld_tra_06388,1,3,3,0,0,0.000000,nomatch
meld_tra_06389,2,10,10,0,0,0.000000,nomatch
meld_tra_06390,1,4,4,0,0,0.000000,nomatch
meld_tra_06391,1,6,6,0,0,0.000000,nomatch
meld_tra_06392,1,2,2,1,0,0.361158,nonzero
meld_tra_06393,2,14,14,0,0,0.000000,nomatch
meld_tra_06394,2,6,6,1,0,0.271163,nonzero
meld_tra_06395,1,2,2,0,0,0.000000,nomatch
meld_tra_06396,2,7,7,0,0,0.000000,nomatch
meld_tra_06397,1,14,14,1,0,0.361158,nonzero
meld_tra_06398,1,2,2,0,0,0.000000,nomatch
meld_tra_06399,1,4,4,0,0,0.000000,nomatch
meld_tra_06400,1,7,7,0,0,0.000000,nomatch
meld_tra_06401,1,4,4,0,0,0.000000,nomatch
meld_tra_06402,1,2,2,0,0,0.000000,nomatch
meld_tra_06403,2,12,12,0,0,0.000000,nomatch
meld_tra_06404,1,1,1,0,0,0.000000,nomatch
meld_tra_06405,1,6,6,0,0,0.000000,nomatch
meld_tra_06406,3,10,10,0,0,0.000000,nomatch
meld_tra_06407,2,8,8,0,0,0.000000,nomatch
meld_tra_06408,1,3,3,1,0,0.361158,nonzero
meld_tra_06409,1,7,7,0,0,0.000000,nomatch
meld_tra_06410,1,7,7,0,0,0.000000,nomatch
meld_tra_06411,3,7,7,1,0,-0.152944,nonzero
meld_tra_06412,1,3,3,0,0,0.000000,nomatch
meld_tra_06413,1,15,15,2,0,0.000000,cancel
meld_tra_06414,2,2,2,0,0,0.000000,nomatch
meld_tra_06415,1,2,2,0,0,0.000000,nomatch
meld_tra_06416,2,20,20,0,0,0.000000,nomatch
meld_tra_06417,2,4,4,0,0,0.000000,nomatch
meld_tra_06418,3,15,15,0,0,0.000000,nomatch
meld_tra_06419,1,4,4,0,0,0.000000,nomatch
meld_tra_06420,1,22,22,0,0,0.000000,nomatch
meld_tra_06421,1,12,12,0,0,0.000000,nomatch
meld_tra_06422,1,3,3,0,0,0.000000,nomatch
meld_tra_06423,3,17,17,0,0,0.000000,nomatch
meld_tra_06424,4,6,6,0,0,0.000000,nomatch
meld_tra_06425,1,1,1,0,0,0.000000,nomatch
meld_tra_06426,1,3,3,0,0,0.000000,nomatch
meld_tra_06427,2,23,23,0,0,0.000000,nomatch
meld_tra_06428,1,10,10,0,0,0.000000,nomatch
meld_tra_06429,1,13,13,0,0,0.000000,nomatch
meld_tra_06430,1,18,18,0,0,0.000000,nomatch
meld_tra_06431,1,2,2,0,0,0.000000,nomatch
meld_tra_06432,1,7,7,0,0,0.000000,nomatch
meld_tra_06433,1,1,1,0,0,0.000000,nomatch
meld_tra_06434,4,14,14,0,0,0.000000,nomatch
meld_tra_06435,2,21,21,0,0,0.000000,nomatch
meld_tra_06436,4,20,20,0,0,0.000000,nomatch
meld_tra_06437,2,3,3,0,0,0.000000,nomatch
meld_tra_06438,1,2,2,0,0,0.000000,nomatch
meld_tra_06439,1,24,24,0,0,0.000000,nomatch
meld_tra_06440,2,8,8,0,0,0.000000,nomatch
meld_tra_06441,3,18,18,0,0,0.000000,nomatch
meld_tra_06442,4,14,14,0,0,0.000000,nomatch
meld_tra_06443,2,3,3,0,0,0.000000,nomatch
meld_tra_06444,1,1,1,0,0,0.000000,nomatch
meld_tra_06445,2,3,3,0,0,0.000000,nomatch
meld_tra_06446,3,11,11,0,0,0.000000,nomatch
meld_tra_06447,1,1,1,0,0,0.000000,nomatch
meld_tra_06448,1,3,3,0,0,0.000000,nomatch
meld_tra_06449,1,6,6,0,0,0.000000,nomatch
meld_tra_06450,1,13,13,1,0,-0.361158,nonzero
meld_tra_06451,1,10,10,0,0,0.000000,nomatch
meld_tra_06452,1,4,4,0,0,0.000000,nomatch
meld_tra_06453,1,3,3,0,0,0.000000,nomatch
meld_tra_06454,1,2,2,0,0,0.000000,nomatch
meld_tra_06455,3,17,17,0,0,0.000000,nomatch
meld_tra_06456,1,14,14,0,0,0.000000,nomatch
meld_tra_06457,1,16,16,0,0,0.000000,nomatch
meld_tra_06458,2,12,12,0,0,0.000000,nomatch
meld_tra_06459,1,3,3,0,0,0.000000,nomatch
meld_tra_06460,2,5,5,0,0,0.000000,nomatch
meld_tra_06461,1,4,4,0,0,0.000000,nomatch
meld_tra_06462,1,1,1,0,0,0.000000,nomatch
meld_tra_06463,1,9,9,0,0,0.000000,nomatch
meld_tra_06464,2,7,7,0,0,0.000000,nomatch
meld_tra_06465,1,19,19,0,0,0.000000,nomatch
meld_tra_06466,1,8,8,0,0,0.000000,nomatch
meld_tra_06467,1,11,11,0,0,0.000000,nomatch
meld_tra_06468,1,20,20,0,0,0.000000,nomatch
meld_tra_06469,2,7,7,0,0,0.000000,nomatch
meld_tra_06470,1,5,5,1,0,0.202289,nonzero
meld_tra_06471,1,13,13,0,0,0.000000,nomatch
meld_tra_06472,2,6,6,0,0,0.000000,nomatch
meld_tra_06473,1,4,4,0,0,0.000000,nomatch
meld_tra_06474,1,9,9,0,0,0.000000,nomatch
meld_tra_06475,1,1,1,0,0,0.000000,nomatch
meld_tra_06476,1,18,18,0,0,0.000000,nomatch
meld_tra_06477,1,2,2,0,0,0.000000,nomatch
meld_tra_06478,1,12,12,0,1,-0.128037,nonzero
meld_tra_06479,1,1,1,0,0,0.000000,nomatch
meld_tra_06480,1,9,9,0,0,0.000000,nomatch
meld_tra_06481,1,16,16,0,0,0.000000,nomatch
meld_tra_06482,1,13,13,0,0,0.000000,nomatch
meld_tra_06483,2,19,19,0,0,0.000000,nomatch
meld_tra_06484,2,14,14,0,0,0.000000,nomatch
meld_tra_06485,1,1,1,0,0,0.000000,nomatch
meld_tra_06486,2,15,15,0,0,0.000000,nomatch
meld_tra_06487,1,5,5,0,0,0.000000,nomatch
meld_tra_06488,1,6,6,0,0,0.000000,nomatch
meld_tra_06489,1,10,10,0,0,0.000000,nomatch
meld_tra_06490,1,12,12,0,0,0.000000,nomatch
meld_tra_06491,1,6,6,0,0,0.000000,nomatch
meld_tra_06492,1,1,1,1,0,0.361158,nonzero
meld_tra_06493,2,14,14,0,0,0.000000,nomatch
meld_tra_06494,4,15,15,0,0,0.000000,nomatch
meld_tra_06495,2,5,5,0,0,0.000000,nomatch
meld_tra_06496,1,2,2,0,0,0.000000,nomatch
meld_tra_06497,1,8,8,0,0,0.000000,nomatch
meld_tra_06498,1,2,2,0,0,0.000000,nomatch
meld_tra_06499,1,4,4,0,0,0.000000,nomatch
meld_tra_06500,1,7,7,0,0,0.000000,nomatch
meld_tra_06501,1,2,2,0,0,0.000000,nomatch
meld_tra_06502,1,8,8,0,0,0.000000,nomatch
meld_tra_06503,1,22,22,1,0,-0.361158,nonzero
meld_tra_06504,1,7,7,0,0,0.000000,nomatch
meld_tra_06505,4,7,7,0,0,0.000000,nomatch
meld_tra_06506,2,14,14,0,0,0.000000,nomatch
meld_tra_06507,4,21,21,0,0,0.000000,nomatch
meld_tra_06508,1,4,4,0,0,0.000000,nomatch
meld_tra_06509,1,2,2,0,0,0.000000,nomatch
meld_tra_06510,1,5,5,0,0,0.000000,nomatch
meld_tra_06511,1,7,7,0,0,0.000000,nomatch
meld_tra_06512,2,4,4,0,0,0.000000,nomatch
meld_tra_06513,1,4,4,0,0,0.000000,nomatch
meld_tra_06514,3,18,18,0,0,0.000000,nomatch
meld_tra_06515,1,10,10,0,0,0.000000,nomatch
meld_tra_06516,1,1,1,0,0,0.000000,nomatch
meld_tra_06517,1,1,1,0,0,0.000000,nomatch
meld_tra_06518,1,1,1,0,0,0.000000,nomatch
meld_tra_06519,1,1,1,0,0,0.000000,nomatch
meld_tra_06520,1,2,2,0,0,0.000000,nomatch
meld_tra_06521,1,1,1,0,0,0.000000,nomatch
meld_tra_06522,1,3,3,0,0,0.000000,nomatch
meld_tra_06523,1,1,1,0,0,0.000000,nomatch
meld_tra_06524,1,4,4,0,0,0.000000,nomatch
meld_tra_06525,1,1,1,0,0,0.000000,nomatch
meld_tra_06526,1,1,1,0,0,0.000000,nomatch
meld_tra_06527,1,5,5,0,0,0.000000,nomatch
meld_tra_06528,1,8,8,0,0,0.000000,nomatch
meld_tra_06529,1,4,4,0,0,0.000000,nomatch
meld_tra_06530,1,12,12,0,0,0.000000,nomatch
meld_tra_06531,2,12,12,1,0,0.180579,nonzero
meld_tra_06532,1,19,19,0,0,0.000000,nomatch
meld_tra_06533,1,16,16,0,0,0.000000,nomatch
meld_tra_06534,1,13,13,0,0,0.000000,nomatch
meld_tra_06535,1,2,2,0,0,0.000000,nomatch
meld_tra_06536,1,1,1,0,0,0.000000,nomatch
meld_tra_06537,1,17,17,0,0,0.000000,nomatch
meld_tra_06538,1,6,6,0,0,0.000000,nomatch
meld_tra_06539,1,9,9,0,0,0.000000,nomatch
meld_tra_06540,1,11,11,1,0,-0.250000,nonzero
meld_tra_06541,1,2,2,0,0,0.000000,nomatch
meld_tra_06542,1,1,1,0,0,0.000000,nomatch
meld_tra_06543,2,16,16,0,0,0.000000,nomatch
meld_tra_06544,3,21,21,0,0,0.000000,nomatch
meld_tra_06545,4,23,23,0,0,0.000000,nomatch
meld_tra_06546,2,8,8,1,0,0.180579,nonzero
meld_tra_06547,1,18,18,0,0,0.000000,nomatch
meld_tra_06548,1,12,12,0,0,0.000000,nomatch
meld_tra_06549,1,15,15,0,0,0.000000,nomatch
meld_tra_06550,1,13,13,0,0,0.000000,nomatch
meld_tra_06551,1,4,4,0,0,0.000000,nomatch
meld_tra_06552,2,14,14,0,0,0.000000,nomatch
meld_tra_06553,2,14,14,0,0,0.000000,nomatch
meld_tra_06554,1,2,2,0,0,0.000000,nomatch
meld_tra_06555,1,8,8,0,0,0.000000,nomatch
meld_tra_06556,1,19,19,0,0,0.000000,nomatch
meld_tra_06557,1,16,16,0,0,0.000000,nomatch
meld_tra_06558,4,16,16,0,0,0.000000,nomatch
meld_tra_06559,1,13,13,0,0,0.000000,nomatch
meld_tra_06560,1,1,1,0,0,0.000000,nomatch
meld_tra_06561,1,2,2,0,0,0.000000,nomatch
meld_tra_06562,1,8,8,0,0,0.000000,nomatch
meld_tra_06563,1,16,16,0,0,0.000000,nomatch
meld_tra_06564,1,13,13,0,0,0.000000,nomatch
meld_tra_06565,1,7,7,0,0,0.000000,nomatch
meld_tra_06566,1,2,2,0,0,0.000000,nomatch
meld_tra_06567,2,7,7,1,0,0.154685,nonzero
meld_tra_06568,1,4,4,0,0,0.000000,nomatch
meld_tra_06569,2,13,13,1,0,-0.229415,nonzero
meld_tra_06570,1,12,12,0,0,0.000000,nomatch
meld_tra_06571,2,6,6,0,0,0.000000,nomatch
meld_tra_06572,1,1,1,0,0,0.000000,nomatch
meld_tra_06573,1,20,20,0,0,0.000000,nomatch
meld_tra_06574,1,8,8,0,0,0.000000,nomatch
meld_tra_06575,1,9,9,0,0,0.000000,nomatch
meld_tra_06576,1,8,8,0,0,0.000000,nomatch
meld_tra_06577,1,13,13,0,0,0.000000,nomatch
meld_tra_06578,1,4,4,1,0,0.563239,nonzero
meld_tra_06579,2,6,6,0,0,0.000000,nomatch
meld_tra_06580,3,11,11,0,0,0.000000,nomatch
meld_tra_06581,2,12,12,0,0,0.000000,nomatch
meld_tra_06582,1,6,6,0,0,0.000000,nomatch
meld_tra_06583,1,6,6,0,0,0.000000,nomatch
meld_tra_06584,1,6,6,0,0,0.000000,nomatch
meld_tra_06585,1,1,1,0,0,0.000000,nomatch
meld_tra_06586,1,7,7,0,0,0.000000,nomatch
meld_tra_06587,1,7,7,0,0,0.000000,nomatch
meld_tra_06588,1,6,6,1,0,0.542326,nonzero
meld_tra_06589,1,5,5,0,0,0.000000,nomatch
meld_tra_06590,2,12,12,0,0,0.000000,nomatch
meld_tra_06591,2,16,16,0,0,0.000000,nomatch
meld_tra_06592,1,4,4,0,0,0.000000,nomatch
meld_tra_06593,1,7,7,0,0,0.000000,nomatch
meld_tra_06594,2,22,22,0,0,0.000000,nomatch
meld_tra_06595,1,4,4,0,0,0.000000,nomatch
meld_tra_06596,2,4,4,0,0,0.000000,nomatch
meld_tra_06597,1,6,6,0,0,0.000000,nomatch
meld_tra_06598,2,12,12,0,0,0.000000,nomatch
meld_tra_06599,2,8,8,0,0,0.000000,nomatch
meld_tra_06600,1,6,6,0,0,0.000000,nomatch
meld_tra_06601,1,7,7,0,0,0.000000,nomatch
meld_tra_06602,1,19,19,0,0,0.000000,nomatch
meld_tra_06603,1,10,10,0,0,0.000000,nomatch
meld_tra_06604,2,2,2,0,0,0.000000,nomatch
meld_tra_06605,2,3,3,0,0,0.000000,nomatch
meld_tra_06606,2,11,11,0,0,0.000000,nomatch
meld_tra_06607,1,2,2,0,0,0.000000,nomatch
meld_tra_06608,1,3,3,0,0,0.000000,nomatch
meld_tra_06609,1,4,4,0,0,0.000000,nomatch
meld_tra_06610,1,1,1,0,0,0.000000,nomatch
meld_tra_06611,1,1,1,0,0,0.000000,nomatch
meld_tra_06612,1,4,4,0,0,0.000000,nomatch
meld_tra_06613,1,13,13,0,0,0.000000,nomatch
meld_tra_06614,1,9,9,0,0,0.000000,nomatch
meld_tra_06615,1,5,5,0,0,0.000000,nomatch
meld_tra_06616,1,1,1,0,0,0.000000,nomatch
meld_tra_06617,1,3,3,0,0,0.000000,nomatch
meld_tra_06618,1,1,1,0,0,0.000000,nomatch
meld_tra_06619,3,19,19,0,0,0.000000,nomatch
meld_tra_06620,1,4,4,0,0,0.000000,nomatch
meld_tra_06621,2,13,13,0,0,0.000000,nomatch
meld_tra_06622,1,13,13,0,0,0.000000,nomatch
meld_tra_06623,2,14,14,0,0,0.000000,nomatch
meld_tra_06624,9,19,19,0,0,0.000000,nomatch
meld_tra_06625,1,4,4,0,0,0.000000,nomatch
meld_tra_06626,2,22,22,1,0,0.180579,nonzero
meld_tra_06627,2,5,5,0,0,0.000000,nomatch
meld_tra_06628,3,12,12,0,0,0.000000,nomatch
meld_tra_06629,1,3,3,0,0,0.000000,nomatch
meld_tra_06630,1,5,5,0,0,0.000000,nomatch
meld_tra_06631,2,6,6,0,0,0.000000,nomatch
meld_tra_06632,1,1,1,0,0,0.000000,nomatch
meld_tra_06633,1,7,7,1,0,0.421464,nonzero
meld_tra_06634,1,1,1,0,0,0.000000,nomatch
meld_tra_06635,1,1,1,0,0,0.000000,nomatch
meld_tra_06636,2,5,5,0,0,0.000000,nomatch
meld_tra_06637,2,10,10,0,0,0.000000,nomatch
meld_tra_06638,1,2,2,0,0,0.000000,nomatch
meld_tra_06639,1,3,3,0,0,0.000000,nomatch
meld_tra_06640,2,6,6,0,0,0.000000,nomatch
meld_tra_06641,2,13,13,0,0,0.000000,nomatch
meld_tra_06642,2,14,14,1,0,0.130831,nonzero
meld_tra_06643,1,3,3,0,0,0.000000,nomatch
meld_tra_06644,1,9,9,0,0,0.000000,nomatch
meld_tra_06645,1,17,17,1,0,-0.542326,nonzero
meld_tra_06646,1,18,18,0,0,0.000000,nomatch
meld_tra_06647,1,6,6,0,0,0.000000,nomatch
meld_tra_06648,1,11,11,0,0,0.000000,nomatch
meld_tra_06649,2,7,7,0,0,0.000000,nomatch
meld_tra_06650,1,7,7,0,0,0.000000,nomatch
meld_tra_06651,1,3,3,0,0,0.000000,nomatch
meld_tra_06652,2,13,13,0,0,0.000000,nomatch
meld_tra_06653,1,2,2,0,0,0.000000,nomatch
meld_tra_06654,3,9,9,0,0,0.000000,nomatch
meld_tra_06655,1,2,2,0,0,0.000000,nomatch
meld_tra_06656,2,7,7,0,0,0.000000,nomatch
meld_tra_06657,1,2,2,0,0,0.000000,nomatch
meld_tra_06658,1,2,2,0,0,0.000000,nomatch
meld_tra_06659,1,2,2,0,0,0.000000,nomatch
meld_tra_06660,2,13,13,0,0,0.000000,nomatch
meld_tra_06661,2,2,2,0,0,0.000000,nomatch
meld_tra_06662,1,14,14,0,0,0.000000,nomatch
meld_tra_06663,1,1,1,0,0,0.000000,nomatch
meld_tra_06664,1,12,12,0,0,0.000000,nomatch
meld_tra_06665,1,5,5,1,0,-0.458831,nonzero
meld_tra_06666,1,2,2,0,0,0.000000,nomatch
meld_tra_06667,1,11,11,0,0,0.000000,nomatch
meld_tra_06668,1,9,9,1,0,0.542326,nonzero
meld_tra_06669,1,1,1,0,0,0.000000,nomatch
meld_tra_06670,2,7,7,0,0,0.000000,nomatch
meld_tra_06671,1,1,1,0,0,0.000000,nomatch
meld_tra_06672,2,12,12,1,1,0.242678,nonzero
meld_tra_06673,3,15,15,0,0,0.000000,nomatch
meld_tra_06674,3,7,7,0,0,0.000000,nomatch
meld_tra_06675,2,5,5,0,0,0.000000,nomatch
meld_tra_06676,2,10,10,0,0,0.000000,nomatch
meld_tra_06677,1,4,4,0,0,0.000000,nomatch
meld_tra_06678,1,4,4,1,0,0.542326,nonzero
meld_tra_06679,1,1,1,0,0,0.000000,nomatch
meld_tra_06680,2,15,15,2,0,-0.361158,nonzero
meld_tra_06681,3,7,7,0,0,0.000000,nomatch
meld_tra_06682,1,1,1,0,0,0.000000,nomatch
meld_tra_06683,1,7,7,0,0,0.000000,nomatch
meld_tra_06684,3,7,7,0,0,0.000000,nomatch
meld_tra_06685,2,6,6,0,0,0.000000,nomatch
meld_tra_06686,3,6,6,0,0,0.000000,nomatch
meld_tra_06687,2,12,12,0,0,0.000000,nomatch
meld_tra_06688,1,4,4,1,0,-0.128037,nonzero
meld_tra_06689,1,4,4,0,0,0.000000,nomatch
meld_tra_06690,1,1,1,0,0,0.000000,nomatch
meld_tra_06691,1,5,5,0,0,0.000000,nomatch
meld_tra_06692,1,4,4,0,0,0.000000,nomatch
meld_tra_06693,1,4,4,0,0,0.000000,nomatch
meld_tra_06694,1,8,8,0,0,0.000000,nomatch
meld_tra_06695,1,6,6,0,0,0.000000,nomatch
meld_tra_06696,5,19,19,0,0,0.000000,nomatch
meld_tra_06697,1,5,5,0,0,0.000000,nomatch
meld_tra_06698,1,2,2,0,0,0.000000,nomatch
meld_tra_06699,1,1,1,0,0,0.000000,nomatch
meld_tra_06700,1,1,1,0,0,0.000000,nomatch
meld_tra_06701,2,25,25,0,0,0.000000,nomatch
meld_tra_06702,1,1,1,0,0,0.000000,nomatch
meld_tra_06703,1,3,3,0,0,0.000000,nomatch
meld_tra_06704,1,1,1,0,0,0.000000,nomatch
meld_tra_06705,1,23,23,0,0,0.000000,nomatch
meld_tra_06706,1,8,8,0,0,0.000000,nomatch
meld_tra_06707,1,6,6,0,0,0.000000,nomatch
meld_tra_06708,1,7,7,0,0,0.000000,nomatch
meld_tra_06709,4,22,22,0,0,0.000000,nomatch
meld_tra_06710,2,8,8,0,0,0.000000,nomatch
meld_tra_06711,2,17,17,0,0,0.000000,nomatch
meld_tra_06712,2,6,6,0,0,0.000000,nomatch
meld_tra_06713,1,6,6,0,0,0.000000,nomatch
meld_tra_06714,1,1,1,0,0,0.000000,nomatch
meld_tra_06715,1,8,8,0,0,0.000000,nomatch
meld_tra_06716,1,7,7,0,0,0.000000,nomatch
meld_tra_06717,2,11,11,1,0,0.125000,nonzero
meld_tra_06718,1,2,2,0,0,0.000000,nomatch
meld_tra_06719,1,1,1,0,0,0.000000,nomatch
meld_tra_06720,1,5,5,0,0,0.000000,nomatch
meld_tra_06721,1,3,3,0,0,0.000000,nomatch
meld_tra_06722,1,1,1,0,0,0.000000,nomatch
meld_tra_06723,2,12,12,0,0,0.000000,nomatch
meld_tra_06724,1,12,12,0,0,0.000000,nomatch
meld_tra_06725,3,18,18,0,0,0.000000,nomatch
meld_tra_06726,3,20,20,0,0,0.000000,nomatch
meld_tra_06727,2,15,15,2,0,-0.057707,nonzero
meld_tra_06728,2,15,15,0,0,0.000000,nomatch
meld_tra_06729,1,5,5,0,0,0.000000,nomatch
meld_tra_06730,1,4,4,0,0,0.000000,nomatch
meld_tra_06731,3,20,20,0,0,0.000000,nomatch
meld_tra_06732,1,13,13,0,0,0.000000,nomatch
meld_tra_06733,1,1,1,0,0,0.000000,nomatch
meld_tra_06734,1,14,14,1,0,0.542326,nonzero
meld_tra_06735,1,13,13,2,0,0.000000,cancel
meld_tra_06736,1,11,11,0,0,0.000000,nomatch
meld_tra_06737,2,14,14,0,0,0.000000,nomatch
meld_tra_06738,1,2,2,0,0,0.000000,nomatch
meld_tra_06739,3,8,8,0,0,0.000000,nomatch
meld_tra_06740,1,6,6,0,0,0.000000,nomatch
meld_tra_06741,1,3,3,0,0,0.000000,nomatch
meld_tra_06742,1,12,12,0,0,0.000000,nomatch
meld_tra_06743,1,8,8,0,0,0.000000,nomatch
meld_tra_06744,3,3,3,0,0,0.000000,nomatch
meld_tra_06745,1,5,5,0,0,0.000000,nomatch
meld_tra_06746,1,12,12,0,1,-0.128037,nonzero
meld_tra_06747,1,6,6,0,0,0.000000,nomatch
meld_tra_06748,1,3,3,0,0,0.000000,nomatch
meld_tra_06749,1,4,4,0,0,0.000000,nomatch
meld_tra_06750,1,12,12,1,0,0.250000,nonzero
meld_tra_06751,1,1,1,0,0,0.000000,nomatch
meld_tra_06752,1,1,1,0,0,0.000000,nomatch
meld_tra_06753,1,1,1,0,0,0.000000,nomatch
meld_tra_06754,1,4,4,0,0,0.000000,nomatch
meld_tra_06755,1,2,2,0,0,0.000000,nomatch
meld_tra_06756,1,3,3,0,0,0.000000,nomatch
meld_tra_06757,1,3,3,0,0,0.000000,nomatch
meld_tra_06758,1,3,3,0,0,0.000000,nomatch
meld_tra_06759,1,5,5,0,0,0.000000,nomatch
meld_tra_06760,1,12,12,0,0,0.000000,nomatch
meld_tra_06761,1,11,11,1,0,-0.421464,nonzero
meld_tra_06762,1,2,2,0,0,0.000000,nomatch
meld_tra_06763,1,9,9,0,0,0.000000,nomatch
meld_tra_06764,1,18,18,0,0,0.000000,nomatch
meld_tra_06765,3,22,22,0,0,0.000000,nomatch
meld_tra_06766,2,7,7,0,0,0.000000,nomatch
meld_tra_06767,2,22,22,0,0,0.000000,nomatch
meld_tra_06768,1,2,2,0,0,0.000000,nomatch
meld_tra_06769,1,3,3,1,0,0.361158,nonzero
meld_tra_06770,2,22,22,0,0,0.000000,nomatch
meld_tra_06771,2,11,11,0,0,0.000000,nomatch
meld_tra_06772,1,16,16,0,0,0.000000,nomatch
meld_tra_06773,1,6,6,0,0,0.000000,nomatch
meld_tra_06774,3,12,12,1,0,0.120386,nonzero
meld_tra_06775,1,1,1,0,0,0.000000,nomatch
meld_tra_06776,1,13,13,0,0,0.000000,nomatch
meld_tra_06777,2,6,6,0,0,0.000000,nomatch
meld_tra_06778,1,1,1,0,0,0.000000,nomatch
meld_tra_06779,1,7,7,0,0,0.000000,nomatch
meld_tra_06780,1,1,1,0,0,0.000000,nomatch
meld_tra_06781,1,1,1,0,0,0.000000,nomatch
meld_tra_06782,2,4,4,0,0,0.000000,nomatch
meld_tra_06783,1,9,9,0,0,0.000000,nomatch
meld_tra_06784,2,6,6,0,0,0.000000,nomatch
meld_tra_06785,3,17,17,0,0,0.000000,nomatch
meld_tra_06786,2,17,17,0,0,0.000000,nomatch
meld_tra_06787,4,11,11,0,0,0.000000,nomatch
meld_tra_06788,1,5,5,0,0,0.000000,nomatch
meld_tra_06789,1,15,15,1,0,0.361158,nonzero
meld_tra_06790,1,24,24,0,0,0.000000,nomatch
meld_tra_06791,1,10,10,0,0,0.000000,nomatch
meld_tra_06792,1,14,14,2,0,-0.128037,nonzero
meld_tra_06793,1,6,6,0,0,0.000000,nomatch
meld_tra_06794,1,2,2,0,0,0.000000,nomatch
meld_tra_06795,1,1,1,0,0,0.000000,nomatch
meld_tra_06796,1,26,26,0,0,0.000000,nomatch
meld_tra_06797,1,6,6,0,0,0.000000,nomatch
meld_tra_06798,2,18,18,0,0,0.000000,nomatch
meld_tra_06799,2,11,11,0,0,0.000000,nomatch
meld_tra_06800,5,17,17,0,0,0.000000,nomatch
meld_tra_06801,1,3,3,0,0,0.000000,nomatch
meld_tra_06802,1,11,11,0,0,0.000000,nomatch
meld_tra_06803,1,8,8,1,0,0.361158,nonzero
meld_tra_06804,1,6,6,0,0,0.000000,nomatch
meld_tra_06805,1,8,8,0,0,0.000000,nomatch
meld_tra_06806,1,8,8,0,0,0.000000,nomatch
meld_tra_06807,1,13,13,0,0,0.000000,nomatch
meld_tra_06808,1,11,11,0,0,0.000000,nomatch
meld_tra_06809,2,8,8,0,0,0.000000,nomatch
meld_tra_06810,3,22,22,0,0,0.000000,nomatch
meld_tra_06811,1,5,5,0,0,0.000000,nomatch
meld_tra_06812,1,2,2,0,0,0.000000,nomatch
meld_tra_06813,1,11,11,0,0,0.000000,nomatch
meld_tra_06814,1,6,6,0,0,0.000000,nomatch
meld_tra_06815,3,24,24,0,0,0.000000,nomatch
meld_tra_06816,2,11,11,0,0,0.000000,nomatch
meld_tra_06817,1,12,12,0,0,0.000000,nomatch
meld_tra_06818,1,2,2,0,0,0.000000,nomatch
meld_tra_06819,1,5,5,0,0,0.000000,nomatch
meld_tra_06820,1,4,4,1,0,0.542326,nonzero
meld_tra_06821,1,4,4,0,0,0.000000,nomatch
meld_tra_06822,1,5,5,0,0,0.000000,nomatch
meld_tra_06823,4,12,12,0,0,0.000000,nomatch
meld_tra_06824,1,1,1,0,0,0.000000,nomatch
meld_tra_06825,1,4,4,0,0,0.000000,nomatch
meld_tra_06826,1,2,2,0,0,0.000000,nomatch
meld_tra_06827,1,1,1,0,0,0.000000,nomatch
meld_tra_06828,1,1,1,0,0,0.000000,nomatch
meld_tra_06829,1,2,2,0,0,0.000000,nomatch
meld_tra_06830,3,6,6,0,0,0.000000,nomatch
meld_tra_06831,1,1,1,0,0,0.000000,nomatch
meld_tra_06832,4,20,20,0,0,0.000000,nomatch
meld_tra_06833,1,6,6,0,0,0.000000,nomatch
meld_tra_06834,1,6,6,0,0,0.000000,nomatch
meld_tra_06835,1,5,5,0,0,0.000000,nomatch
meld_tra_06836,1,3,3,1,0,-0.361158,nonzero
meld_tra_06837,3,23,23,0,1,-0.042679,nonzero
meld_tra_06838,2,18,18,0,0,0.000000,nomatch
meld_tra_06839,2,15,15,0,0,0.000000,nomatch
meld_tra_06840,1,1,1,0,0,0.000000,nomatch
meld_tra_06841,1,4,4,0,0,0.000000,nomatch
meld_tra_06842,1,1,1,0,0,0.000000,nomatch
meld_tra_06843,1,2,2,0,0,0.000000,nomatch
meld_tra_06844,1,6,6,0,0,0.000000,nomatch
meld_tra_06845,1,12,12,0,0,0.000000,nomatch
meld_tra_06846,1,7,7,0,0,0.000000,nomatch
meld_tra_06847,1,1,1,0,0,0.000000,nomatch
meld_tra_06848,3,11,11,0,0,0.000000,nomatch
meld_tra_06849,1,8,8,0,0,0.000000,nomatch
meld_tra_06850,1,15,15,0,0,0.000000,nomatch
meld_tra_06851,1,8,8,0,0,0.000000,nomatch
meld_tra_06852,3,11,11,0,0,0.000000,nomatch
meld_tra_06853,1,1,1,0,0,0.000000,nomatch
meld_tra_06854,2,12,12,1,0,-0.180579,nonzero
meld_tra_06855,1,1,1,0,0,0.000000,nomatch
meld_tra_06856,1,10,10,0,0,0.000000,nomatch
meld_tra_06857,1,4,4,0,0,0.000000,nomatch
meld_tra_06858,1,4,4,0,0,0.000000,nomatch
meld_tra_06859,1,1,1,0,0,0.000000,nomatch
meld_tra_06860,1,8,8,0,0,0.000000,nomatch
meld_tra_06861,1,12,12,1,0,-0.361158,nonzero
meld_tra_06862,3,8,8,0,0,0.000000,nomatch
meld_tra_06863,1,4,4,0,0,0.000000,nomatch
meld_tra_06864,2,7,7,0,0,0.000000,nomatch
meld_tra_06865,1,1,1,0,0,0.000000,nomatch
meld_tra_06866,1,3,3,0,0,0.000000,nomatch
meld_tra_06867,1,8,8,0,0,0.000000,nomatch
meld_tra_06868,1,9,9,0,0,0.000000,nomatch
meld_tra_06869,1,7,7,0,0,0.000000,nomatch
meld_tra_06870,4,19,19,0,0,0.000000,nomatch
meld_tra_06871,1,2,2,0,0,0.000000,nomatch
meld_tra_06872,4,27,27,0,0,0.000000,nomatch
meld_tra_06873,2,8,8,0,0,0.000000,nomatch
meld_tra_06874,2,5,5,0,0,0.000000,nomatch
meld_tra_06875,2,4,4,0,0,0.000000,nomatch
meld_tra_06876,1,3,3,0,0,0.000000,nomatch
meld_tra_06877,1,2,2,0,0,0.000000,nomatch
meld_tra_06878,1,1,1,0,0,0.000000,nomatch
meld_tra_06879,2,10,10,0,0,0.000000,nomatch
meld_tra_06880,3,9,9,0,0,0.000000,nomatch
meld_tra_06881,1,12,12,0,0,0.000000,nomatch
meld_tra_06882,1,2,2,0,0,0.000000,nomatch
meld_tra_06883,2,5,5,0,0,0.000000,nomatch
meld_tra_06884,1,5,5,0,0,0.000000,nomatch
meld_tra_06885,2,7,7,0,0,0.000000,nomatch
meld_tra_06886,2,21,21,1,0,-0.180579,nonzero
meld_tra_06887,1,1,1,0,0,0.000000,nomatch
meld_tra_06888,2,8,8,1,0,0.180579,nonzero
meld_tra_06889,2,10,10,0,0,0.000000,nomatch
meld_tra_06890,1,11,11,0,0,0.000000,nomatch
meld_tra_06891,1,2,2,0,0,0.000000,nomatch
meld_tra_06892,4,14,14,0,0,0.000000,nomatch
meld_tra_06893,1,12,12,0,0,0.000000,nomatch
meld_tra_06894,1,1,1,0,0,0.000000,nomatch
meld_tra_06895,2,8,8,0,0,0.000000,nomatch
meld_tra_06896,2,13,13,0,0,0.000000,nomatch
meld_tra_06897,1,7,7,0,0,0.000000,nomatch
meld_tra_06898,2,8,8,0,0,0.000000,nomatch
meld_tra_06899,1,7,7,0,0,0.000000,nomatch
meld_tra_06900,2,13,13,0,0,0.000000,nomatch
meld_tra_06901,1,19,19,0,0,0.000000,nomatch
meld_tra_06902,2,14,14,0,0,0.000000,nomatch
meld_tra_06903,1,16,16,0,0,0.000000,nomatch
meld_tra_06904,1,7,7,0,0,0.000000,nomatch
meld_tra_06905,1,23,23,2,0,0.250000,nonzero
meld_tra_06906,1,17,17,0,0,0.000000,nomatch
meld_tra_06907,1,11,11,0,0,0.000000,nomatch
meld_tra_06908,1,7,7,0,0,0.000000,nomatch
meld_tra_06909,1,24,24,1,0,-0.361158,nonzero
meld_tra_06910,1,8,8,0,0,0.000000,nomatch
meld_tra_06911,1,1,1,0,0,0.000000,nomatch
meld_tra_06912,2,8,8,0,0,0.000000,nomatch
meld_tra_06913,2,4,4,0,0,0.000000,nomatch
meld_tra_06914,1,5,5,0,0,0.000000,nomatch
meld_tra_06915,2,3,3,0,0,0.000000,nomatch
meld_tra_06916,1,5,5,0,0,0.000000,nomatch
meld_tra_06917,1,13,13,0,0,0.000000,nomatch
meld_tra_06918,1,10,10,1,0,-0.202289,nonzero
meld_tra_06919,1,7,7,0,0,0.000000,nomatch
meld_tra_06920,1,10,10,0,0,0.000000,nomatch
meld_tra_06921,1,12,12,1,0,0.361158,nonzero
meld_tra_06922,1,3,3,0,0,0.000000,nomatch
meld_tra_06923,1,9,9,0,0,0.000000,nomatch
meld_tra_06924,1,23,23,2,0,0.718421,nonzero
meld_tra_06925,1,10,10,0,0,0.000000,nomatch
meld_tra_06926,3,14,14,0,0,0.000000,nomatch
meld_tra_06927,2,7,7,0,0,0.000000,nomatch
meld_tra_06928,1,1,1,0,0,0.000000,nomatch
meld_tra_06929,1,10,10,0,0,0.000000,nomatch
meld_tra_06930,1,14,14,0,0,0.000000,nomatch
meld_tra_06931,1,8,8,0,0,0.000000,nomatch
meld_tra_06932,2,15,15,0,0,0.000000,nomatch
meld_tra_06933,1,1,1,0,0,0.000000,nomatch
meld_tra_06934,1,10,10,0,0,0.000000,nomatch
meld_tra_06935,2,10,10,0,0,0.000000,nomatch
meld_tra_06936,2,12,12,0,0,0.000000,nomatch
meld_tra_06937,1,4,4,0,0,0.000000,nomatch
meld_tra_06938,1,1,1,0,0,0.000000,nomatch
meld_tra_06939,1,7,7,0,0,0.000000,nomatch
meld_tra_06940,1,8,8,0,0,0.000000,nomatch
meld_tra_06941,2,8,8,0,0,0.000000,nomatch
meld_tra_06942,1,1,1,0,0,0.000000,nomatch
meld_tra_06943,1,6,6,0,0,0.000000,nomatch
meld_tra_06944,1,1,1,0,0,0.000000,nomatch
meld_tra_06945,3,11,11,0,0,0.000000,nomatch
meld_tra_06946,2,4,4,0,0,0.000000,nomatch
meld_tra_06947,1,1,1,0,0,0.000000,nomatch
meld_tra_06948,2,22,22,0,0,0.000000,nomatch
meld_tra_06949,2,12,12,0,0,0.000000,nomatch
meld_tra_06950,1,6,6,0,0,0.000000,nomatch
meld_tra_06951,6,18,18,0,0,0.000000,nomatch
meld_tra_06952,1,2,2,0,0,0.000000,nomatch
meld_tra_06953,2,17,17,0,0,0.000000,nomatch
meld_tra_06954,1,9,9,0,0,0.000000,nomatch
meld_tra_06955,2,13,13,1,0,-0.210732,nonzero
meld_tra_06956,1,19,19,2,0,-0.128037,nonzero
meld_tra_06957,2,9,9,0,0,0.000000,nomatch
meld_tra_06958,3,20,20,0,0,0.000000,nomatch
meld_tra_06959,1,5,5,0,0,0.000000,nomatch
meld_tra_06960,1,3,3,0,0,0.000000,nomatch
meld_tra_06961,1,4,4,0,0,0.000000,nomatch
meld_tra_06962,1,3,3,0,0,0.000000,nomatch
meld_tra_06963,1,4,4,0,0,0.000000,nomatch
meld_tra_06964,1,4,4,0,0,0.000000,nomatch
meld_tra_06965,1,1,1,0,0,0.000000,nomatch
meld_tra_06966,1,3,3,0,0,0.000000,nomatch
meld_tra_06967,2,14,14,0,0,0.000000,nomatch
meld_tra_06968,1,8,8,0,0,0.000000,nomatch
meld_tra_06969,1,1,1,0,0,0.000000,nomatch
meld_tra_06970,2,8,8,0,0,0.000000,nomatch
meld_tra_06971,1,14,14,0,0,0.000000,nomatch
meld_tra_06972,1,4,4,0,0,0.000000,nomatch
meld_tra_06973,2,17,17,0,0,0.000000,nomatch
meld_tra_06974,1,2,2,0,0,0.000000,nomatch
meld_tra_06975,3,15,15,0,0,0.000000,nomatch
meld_tra_06976,1,3,3,0,0,0.000000,nomatch
meld_tra_06977,1,8,8,0,0,0.000000,nomatch
meld_tra_06978,1,14,14,0,0,0.000000,nomatch
meld_tra_06979,1,1,1,0,0,0.000000,nomatch
meld_tra_06980,1,10,10,1,0,0.542326,nonzero
meld_tra_06981,2,3,3,0,0,0.000000,nomatch
meld_tra_06982,1,4,4,0,0,0.000000,nomatch
meld_tra_06983,1,1,1,0,0,0.000000,nomatch
meld_tra_06984,1,3,3,0,0,0.000000,nomatch
meld_tra_06985,2,11,11,0,0,0.000000,nomatch
meld_tra_06986,1,2,2,0,0,0.000000,nomatch
meld_tra_06987,1,6,6,0,0,0.000000,nomatch
meld_tra_06988,1,1,1,0,0,0.000000,nomatch
meld_tra_06989,1,26,26,0,0,0.000000,nomatch
meld_tra_06990,1,11,11,0,0,0.000000,nomatch
meld_tra_06991,2,21,21,0,0,0.000000,nomatch
meld_tra_06992,2,12,12,0,0,0.000000,nomatch
meld_tra_06993,1,1,1,0,0,0.000000,nomatch
meld_tra_06994,1,3,3,0,0,0.000000,nomatch
meld_tra_06995,1,9,9,0,0,0.000000,nomatch
meld_tra_06996,1,24,24,1,0,-0.458831,nonzero
meld_tra_06997,2,9,9,0,0,0.000000,nomatch
meld_tra_06998,1,11,11,0,0,0.000000,nomatch
meld_tra_06999,1,11,11,0,0,0.000000,nomatch
meld_tra_07000,1,13,13,0,0,0.000000,nomatch
meld_tra_07001,1,1,1,0,0,0.000000,nomatch
meld_tra_07002,1,9,9,0,0,0.000000,nomatch
meld_tra_07003,1,7,7,0,0,0.000000,nomatch
meld_tra_07004,1,4,4,0,0,0.000000,nomatch
meld_tra_07005,1,3,3,0,0,0.000000,nomatch
meld_tra_07006,1,6,6,0,0,0.000000,nomatch
meld_tra_07007,1,1,1,0,0,0.000000,nomatch
meld_tra_07008,1,1,1,0,0,0.000000,nomatch
meld_tra_07009,1,6,6,0,0,0.000000,nomatch
meld_tra_07010,1,11,11,1,0,0.542326,nonzero
meld_tra_07011,1,1,1,0,0,0.000000,nomatch
meld_tra_07012,1,9,9,0,0,0.000000,nomatch
meld_tra_07013,1,5,5,0,0,0.000000,nomatch
meld_tra_07014,1,2,2,0,0,0.000000,nomatch
meld_tra_07015,1,7,7,0,0,0.000000,nomatch
meld_tra_07016,2,14,14,0,0,0.000000,nomatch
meld_tra_07017,1,7,7,0,0,0.000000,nomatch
meld_tra_07018,1,17,17,1,0,0.361158,nonzero
meld_tra_07019,1,21,21,2,0,0.790569,nonzero
meld_tra_07020,1,8,8,0,0,0.000000,nomatch
meld_tra_07021,1,5,5,0,0,0.000000,nomatch
meld_tra_07022,2,25,25,0,0,0.000000,nomatch
meld_tra_07023,1,10,10,0,0,0.000000,nomatch
meld_tra_07024,1,1,1,0,0,0.000000,nomatch
meld_tra_07025,1,4,4,0,0,0.000000,nomatch
meld_tra_07026,1,16,16,0,0,0.000000,nomatch
meld_tra_07027,1,6,6,1,0,-0.526742,nonzero
meld_tra_07028,1,1,1,0,0,0.000000,nomatch
meld_tra_07029,1,24,24,0,0,0.000000,nomatch
meld_tra_07030,1,12,12,0,0,0.000000,nomatch
meld_tra_07031,1,2,2,0,0,0.000000,nomatch
meld_tra_07032,3,19,19,0,0,0.000000,nomatch
meld_tra_07033,1,3,3,0,0,0.000000,nomatch
meld_tra_07034,4,13,13,1,0,0.032009,nonzero
meld_tra_07035,1,6,6,0,0,0.000000,nomatch
meld_tra_07036,1,7,7,0,0,0.000000,nomatch
meld_tra_07037,1,4,4,0,0,0.000000,nomatch
meld_tra_07038,1,3,3,1,0,0.361158,nonzero
meld_tra_07039,2,16,16,1,0,0.180579,nonzero
meld_tra_07040,1,6,6,0,0,0.000000,nomatch
meld_tra_07041,3,10,10,2,0,0.042679,nonzero
meld_tra_07042,2,8,8,0,0,0.000000,nomatch
meld_tra_07043,2,17,17,0,0,0.000000,nomatch
meld_tra_07044,2,15,15,0,0,0.000000,nomatch
meld_tra_07045,1,6,6,0,0,0.000000,nomatch
meld_tra_07046,1,2,2,0,0,0.000000,nomatch
meld_tra_07047,2,6,6,0,0,0.000000,nomatch
meld_tra_07048,1,3,3,0,0,0.000000,nomatch
meld_tra_07049,1,2,2,0,0,0.000000,nomatch
meld_tra_07050,1,2,2,0,0,0.000000,nomatch
meld_tra_07051,1,6,6,0,0,0.000000,nomatch
meld_tra_07052,1,10,10,0,0,0.000000,nomatch
meld_tra_07053,1,2,2,0,0,0.000000,nomatch
meld_tra_07054,1,8,8,0,0,0.000000,nomatch
meld_tra_07055,1,10,10,0,0,0.000000,nomatch
meld_tra_07056,1,18,18,0,0,0.000000,nomatch
meld_tra_07057,1,1,1,0,0,0.000000,nomatch
meld_tra_07058,1,1,1,0,0,0.000000,nomatch
meld_tra_07059,2,4,4,0,0,0.000000,nomatch
meld_tra_07060,1,5,5,0,0,0.000000,nomatch
meld_tra_07061,1,20,20,0,0,0.000000,nomatch
meld_tra_07062,1,9,9,0,0,0.000000,nomatch
meld_tra_07063,1,8,8,0,0,0.000000,nomatch
meld_tra_07064,1,13,13,1,0,-0.421464,nonzero
meld_tra_07065,4,12,12,0,0,0.000000,nomatch
meld_tra_07066,1,14,14,0,0,0.000000,nomatch
meld_tra_07067,2,16,16,0,0,0.000000,nomatch
meld_tra_07068,1,9,9,0,0,0.000000,nomatch
meld_tra_07069,1,15,15,1,0,0.542326,nonzero
meld_tra_07070,1,1,1,0,0,0.000000,nomatch
meld_tra_07071,1,2,2,0,0,0.000000,nomatch
meld_tra_07072,1,4,4,0,0,0.000000,nomatch
meld_tra_07073,1,4,4,0,0,0.000000,nomatch
meld_tra_07074,1,1,1,0,0,0.000000,nomatch
meld_tra_07075,1,1,1,0,0,0.000000,nomatch
meld_tra_07076,1,4,4,0,0,0.000000,nomatch
meld_tra_07077,1,9,9,1,0,-0.361158,nonzero
meld_tra_07078,1,6,6,0,0,0.000000,nomatch
meld_tra_07079,1,10,10,0,0,0.000000,nomatch
meld_tra_07080,1,3,3,0,0,0.000000,nomatch
meld_tra_07081,1,14,14,0,0,0.000000,nomatch
meld_tra_07082,1,9,9,0,0,0.000000,nomatch
meld_tra_07083,1,13,13,0,0,0.000000,nomatch
meld_tra_07084,1,16,16,0,0,0.000000,nomatch
meld_tra_07085,1,16,16,2,0,0.250000,nonzero
meld_tra_07086,3,17,17,0,0,0.000000,nomatch
meld_tra_07087,2,11,11,0,0,0.000000,nomatch
meld_tra_07088,2,12,12,0,0,0.000000,nomatch
meld_tra_07089,2,9,9,0,0,0.000000,nomatch
meld_tra_07090,2,7,7,0,0,0.000000,nomatch
meld_tra_07091,2,6,6,0,0,0.000000,nomatch
meld_tra_07092,2,0,0,0,0,0.000000,nomatch
meld_tra_07093,1,2,2,0,0,0.000000,nomatch
meld_tra_07094,1,12,12,0,0,0.000000,nomatch
meld_tra_07095,1,3,3,0,0,0.000000,nomatch
meld_tra_07096,1,7,7,0,0,0.000000,nomatch
meld_tra_07097,1,8,8,0,0,0.000000,nomatch
meld_tra_07098,1,4,4,0,0,0.000000,nomatch
meld_tra_07099,1,2,2,0,0,0.000000,nomatch
meld_tra_07100,1,7,7,0,0,0.000000,nomatch
meld_tra_07101,1,3,3,0,0,0.000000,nomatch
meld_tra_07102,1,16,16,0,0,0.000000,nomatch
meld_tra_07103,1,3,3,0,0,0.000000,nomatch
meld_tra_07104,1,1,1,0,0,0.000000,nomatch
meld_tra_07105,2,2,2,0,0,0.000000,nomatch
meld_tra_07106,1,1,1,0,0,0.000000,nomatch
meld_tra_07107,1,6,6,0,0,0.000000,nomatch
meld_tra_07108,1,9,9,1,0,-0.128037,nonzero
meld_tra_07109,1,8,8,0,0,0.000000,nomatch
meld_tra_07110,2,11,11,2,0,0.271163,nonzero
meld_tra_07111,1,4,4,0,0,0.000000,nomatch
meld_tra_07112,1,4,4,0,0,0.000000,nomatch
meld_tra_07113,4,16,16,0,0,0.000000,nomatch
meld_tra_07114,2,3,3,0,0,0.000000,nomatch
meld_tra_07115,2,12,12,0,0,0.000000,nomatch
meld_tra_07116,1,35,35,0,0,0.000000,nomatch
meld_tra_07117,1,4,4,0,0,0.000000,nomatch
meld_tra_07118,1,13,13,0,0,0.000000,nomatch
meld_tra_07119,1,12,12,0,0,0.000000,nomatch
meld_tra_07120,1,5,5,0,0,0.000000,nomatch
meld_tra_07121,2,10,10,0,0,0.000000,nomatch
meld_tra_07122,2,16,16,0,0,0.000000,nomatch
meld_tra_07123,2,7,7,0,0,0.000000,nomatch
meld_tra_07124,1,5,5,0,0,0.000000,nomatch
meld_tra_07125,1,4,4,0,0,0.000000,nomatch
meld_tra_07126,1,9,9,0,0,0.000000,nomatch
meld_tra_07127,2,11,11,0,0,0.000000,nomatch
meld_tra_07128,3,18,18,0,0,0.000000,nomatch
meld_tra_07129,1,3,3,0,0,0.000000,nomatch
meld_tra_07130,2,6,6,0,0,0.000000,nomatch
meld_tra_07131,1,7,7,0,0,0.000000,nomatch
meld_tra_07132,1,1,1,0,0,0.000000,nomatch
meld_tra_07133,1,1,1,0,0,0.000000,nomatch
meld_tra_07134,1,7,7,0,0,0.000000,nomatch
meld_tra_07135,1,10,10,0,0,0.000000,nomatch
meld_tra_07136,1,7,7,0,0,0.000000,nomatch
meld_tra_07137,1,4,4,0,0,0.000000,nomatch
meld_tra_07138,3,18,18,1,0,0.067430,nonzero
meld_tra_07139,1,3,3,0,0,0.000000,nomatch
meld_tra_07140,1,5,5,0,0,0.000000,nomatch
meld_tra_07141,1,11,11,0,0,0.000000,nomatch
meld_tra_07142,1,17,17,0,0,0.000000,nomatch
meld_tra_07143,1,44,44,1,1,0.401924,nonzero
meld_tra_07144,1,24,24,0,0,0.000000,nomatch
meld_tra_07145,1,2,2,0,0,0.000000,nomatch
meld_tra_07146,1,9,9,1,0,0.202289,nonzero
meld_tra_07147,2,3,3,0,0,0.000000,nomatch
meld_tra_07148,1,4,4,0,0,0.000000,nomatch
meld_tra_07149,2,10,10,0,0,0.000000,nomatch
meld_tra_07150,3,17,17,0,0,0.000000,nomatch
meld_tra_07151,1,1,1,0,0,0.000000,nomatch
meld_tra_07152,8,11,11,0,0,0.000000,nomatch
meld_tra_07153,2,6,6,0,0,0.000000,nomatch
meld_tra_07154,1,4,4,0,0,0.000000,nomatch
meld_tra_07155,1,4,4,0,0,0.000000,nomatch
meld_tra_07156,1,5,5,0,0,0.000000,nomatch
meld_tra_07157,1,4,4,0,0,0.000000,nomatch
meld_tra_07158,1,4,4,0,0,0.000000,nomatch
meld_tra_07159,2,3,3,0,0,0.000000,nomatch
meld_tra_07160,3,17,17,0,0,0.000000,nomatch
meld_tra_07161,2,16,16,0,0,0.000000,nomatch
meld_tra_07162,2,7,7,0,0,0.000000,nomatch
meld_tra_07163,1,11,11,0,0,0.000000,nomatch
meld_tra_07164,1,4,4,0,0,0.000000,nomatch
meld_tra_07165,1,3,3,0,0,0.000000,nomatch
meld_tra_07166,1,4,4,0,0,0.000000,nomatch
meld_tra_07167,1,2,2,0,0,0.000000,nomatch
meld_tra_07168,1,2,2,0,0,0.000000,nomatch
meld_tra_07169,1,1,1,0,0,0.000000,nomatch
meld_tra_07170,1,17,17,0,0,0.000000,nomatch
meld_tra_07171,1,25,25,2,0,-0.812605,nonzero
meld_tra_07172,1,12,12,0,0,0.000000,nomatch
meld_tra_07173,1,5,5,0,0,0.000000,nomatch
meld_tra_07174,3,11,11,1,0,0.120386,nonzero
meld_tra_07175,1,10,10,0,0,0.000000,nomatch
meld_tra_07176,4,15,15,0,0,0.000000,nomatch
meld_tra_07177,2,17,17,0,0,0.000000,nomatch
meld_tra_07178,1,10,10,0,0,0.000000,nomatch
meld_tra_07179,1,5,5,0,0,0.000000,nomatch
meld_tra_07180,2,20,20,1,0,-0.210732,nonzero
meld_tra_07181,3,8,8,0,0,0.000000,nomatch
meld_tra_07182,2,4,4,2,0,0.458831,nonzero
meld_tra_07183,1,7,7,0,0,0.000000,nomatch
meld_tra_07184,3,3,3,0,0,0.000000,nomatch
meld_tra_07185,1,10,10,0,0,0.000000,nomatch
meld_tra_07186,1,1,1,0,0,0.000000,nomatch
meld_tra_07187,1,1,1,0,0,0.000000,nomatch
meld_tra_07188,1,18,18,0,0,0.000000,nomatch
meld_tra_07189,3,15,15,0,0,0.000000,nomatch
meld_tra_07190,1,3,3,0,0,0.000000,nomatch
meld_tra_07191,3,7,7,0,0,0.000000,nomatch
meld_tra_07192,1,9,9,0,0,0.000000,nomatch
meld_tra_07193,1,11,11,1,1,0.077228,nonzero
meld_tra_07194,1,1,1,0,0,0.000000,nomatch
meld_tra_07195,1,1,1,0,0,0.000000,nomatch
meld_tra_07196,1,7,7,0,0,0.000000,nomatch
meld_tra_07197,1,9,9,0,0,0.000000,nomatch
meld_tra_07198,1,21,21,1,0,-0.361158,nonzero
meld_tra_07199,2,7,7,0,0,0.000000,nomatch
meld_tra_07200,1,1,1,0,0,0.000000,nomatch
meld_tra_07201,2,3,3,0,0,0.000000,nomatch
meld_tra_07202,1,1,1,0,0,0.000000,nomatch
meld_tra_07203,1,22,22,0,0,0.000000,nomatch
meld_tra_07204,2,7,7,1,0,0.180579,nonzero
meld_tra_07205,1,1,1,0,0,0.000000,nomatch
meld_tra_07206,1,10,10,0,0,0.000000,nomatch
meld_tra_07207,1,2,2,0,0,0.000000,nomatch
meld_tra_07208,1,9,9,0,0,0.000000,nomatch
meld_tra_07209,2,7,7,1,0,0.180579,nonzero
meld_tra_07210,1,5,5,0,0,0.000000,nomatch
meld_tra_07211,1,5,5,0,0,0.000000,nomatch
meld_tra_07212,1,4,4,0,0,0.000000,nomatch
meld_tra_07213,1,2,2,0,0,0.000000,nomatch
meld_tra_07214,2,8,8,0,0,0.000000,nomatch
meld_tra_07215,1,34,34,0,0,0.000000,nomatch
meld_tra_07216,1,7,7,0,0,0.000000,nomatch
meld_tra_07217,1,18,18,0,0,0.000000,nomatch
meld_tra_07218,1,8,8,0,0,0.000000,nomatch
meld_tra_07219,2,5,5,0,0,0.000000,nomatch
meld_tra_07220,1,3,3,0,0,0.000000,nomatch
meld_tra_07221,1,7,7,0,0,0.000000,nomatch
meld_tra_07222,1,5,5,0,0,0.000000,nomatch
meld_tra_07223,1,6,6,0,0,0.000000,nomatch
meld_tra_07224,1,9,9,0,0,0.000000,nomatch
meld_tra_07225,1,4,4,0,0,0.000000,nomatch
meld_tra_07226,2,7,7,0,0,0.000000,nomatch
meld_tra_07227,1,4,4,0,0,0.000000,nomatch
meld_tra_07228,1,16,16,1,0,0.128037,nonzero
meld_tra_07229,2,5,5,1,0,-0.180579,nonzero
meld_tra_07230,4,22,22,0,0,0.000000,nomatch
meld_tra_07231,1,1,1,0,0,0.000000,nomatch
meld_tra_07232,2,13,13,1,0,0.180579,nonzero
meld_tra_07233,2,12,12,1,0,0.271163,nonzero
meld_tra_07234,3,11,11,0,0,0.000000,nomatch
meld_tra_07235,1,6,6,0,0,0.000000,nomatch
meld_tra_07236,3,17,17,0,0,0.000000,nomatch
meld_tra_07237,1,7,7,0,0,0.000000,nomatch
meld_tra_07238,1,1,1,0,0,0.000000,nomatch
meld_tra_07239,1,1,1,0,0,0.000000,nomatch
meld_tra_07240,1,17,17,1,0,0.128037,nonzero
meld_tra_07241,1,7,7,0,0,0.000000,nomatch
meld_tra_07242,1,4,4,0,0,0.000000,nomatch
meld_tra_07243,1,8,8,0,0,0.000000,nomatch
meld_tra_07244,1,17,17,0,0,0.000000,nomatch
meld_tra_07245,1,1,1,0,0,0.000000,nomatch
meld_tra_07246,4,9,9,0,0,0.000000,nomatch
meld_tra_07247,3,18,18,0,0,0.000000,nomatch
meld_tra_07248,1,15,15,1,0,0.361158,nonzero
meld_tra_07249,1,7,7,0,0,0.000000,nomatch
meld_tra_07250,2,18,18,0,0,0.000000,nomatch
meld_tra_07251,1,23,23,0,1,-0.128037,nonzero
meld_tra_07252,1,7,7,0,0,0.000000,nomatch
meld_tra_07253,1,18,18,1,0,0.421464,nonzero
meld_tra_07254,3,16,16,0,0,0.000000,nomatch
meld_tra_07255,1,4,4,0,0,0.000000,nomatch
meld_tra_07256,1,5,5,0,0,0.000000,nomatch
meld_tra_07257,1,14,14,0,0,0.000000,nomatch
meld_tra_07258,2,14,14,0,0,0.000000,nomatch
meld_tra_07259,1,16,16,0,0,0.000000,nomatch
meld_tra_07260,1,1,1,0,0,0.000000,nomatch
meld_tra_07261,1,5,5,0,0,0.000000,nomatch
meld_tra_07262,1,2,2,0,0,0.000000,nomatch
meld_tra_07263,1,6,6,0,0,0.000000,nomatch
meld_tra_07264,1,1,1,0,0,0.000000,nomatch
meld_tra_07265,1,20,20,1,0,-0.361158,nonzero
meld_tra_07266,1,1,1,0,0,0.000000,nomatch
meld_tra_07267,1,2,2,0,0,0.000000,nomatch
meld_tra_07268,1,2,2,0,0,0.000000,nomatch
meld_tra_07269,1,10,10,0,0,0.000000,nomatch
meld_tra_07270,1,14,14,1,0,-0.361158,nonzero
meld_tra_07271,1,23,23,1,0,0.128037,nonzero
meld_tra_07272,1,14,14,0,0,0.000000,nomatch
meld_tra_07273,1,2,2,0,0,0.000000,nomatch
meld_tra_07274,1,5,5,0,0,0.000000,nomatch
meld_tra_07275,1,7,7,1,0,0.361158,nonzero
meld_tra_07276,1,4,4,0,0,0.000000,nomatch
meld_tra_07277,1,1,1,0,0,0.000000,nomatch
meld_tra_07278,3,24,24,0,0,0.000000,nomatch
meld_tra_07279,2,3,3,0,0,0.000000,nomatch
meld_tra_07280,2,2,2,2,0,0.361158,nonzero
meld_tra_07281,1,1,1,0,0,0.000000,nomatch
meld_tra_07282,2,15,15,1,0,-0.130831,nonzero
meld_tra_07283,1,2,2,0,0,0.000000,nomatch
meld_tra_07284,1,1,1,0,0,0.000000,nomatch
meld_tra_07285,1,3,3,0,0,0.000000,nomatch
meld_tra_07286,1,1,1,0,0,0.000000,nomatch
meld_tra_07287,1,2,2,0,0,0.000000,nomatch
meld_tra_07288,1,3,3,0,0,0.000000,nomatch
meld_tra_07289,1,6,6,0,0,0.000000,nomatch
meld_tra_07290,1,8,8,0,0,0.000000,nomatch
meld_tra_07291,1,10,10,0,0,0.000000,nomatch
meld_tra_07292,1,13,13,0,0,0.000000,nomatch
meld_tra_07293,1,3,3,0,0,0.000000,nomatch
meld_tra_07294,1,4,4,0,0,0.000000,nomatch
meld_tra_07295,1,19,19,1,0,-0.361158,nonzero
meld_tra_07296,1,4,4,0,0,0.000000,nomatch
meld_tra_07297,1,12,12,2,0,0.612372,nonzero
meld_tra_07298,1,1,1,0,0,0.000000,nomatch
meld_tra_07299,1,6,6,0,0,0.000000,nomatch
meld_tra_07300,1,10,10,0,0,0.000000,nomatch
meld_tra_07301,1,14,14,0,0,0.000000,nomatch
meld_tra_07302,2,9,9,1,0,0.180579,nonzero
meld_tra_07303,1,1,1,0,0,0.000000,nomatch
meld_tra_07304,1,7,7,0,0,0.000000,nomatch
meld_tra_07305,1,2,2,0,0,0.000000,nomatch
meld_tra_07306,3,12,12,0,0,0.000000,nomatch
meld_tra_07307,1,1,1,0,0,0.000000,nomatch
meld_tra_07308,1,3,3,0,0,0.000000,nomatch
meld_tra_07309,3,22,22,0,0,0.000000,nomatch
meld_tra_07310,2,10,10,0,0,0.000000,nomatch
meld_tra_07311,1,4,4,0,0,0.000000,nomatch
meld_tra_07312,2,2,2,0,0,0.000000,nomatch
meld_tra_07313,2,2,2,0,0,0.000000,nomatch
meld_tra_07314,1,8,8,0,0,0.000000,nomatch
meld_tra_07315,1,2,2,0,0,0.000000,nomatch
meld_tra_07316,1,4,4,0,0,0.000000,nomatch
meld_tra_07317,2,29,29,0,0,0.000000,nomatch
meld_tra_07318,1,2,2,0,0,0.000000,nomatch
meld_tra_07319,1,1,1,0,0,0.000000,nomatch
meld_tra_07320,1,1,1,0,0,0.000000,nomatch
meld_tra_07321,1,5,5,0,0,0.000000,nomatch
meld_tra_07322,2,4,4,0,0,0.000000,nomatch
meld_tra_07323,1,10,10,0,0,0.000000,nomatch
meld_tra_07324,2,13,13,0,0,0.000000,nomatch
meld_tra_07325,2,5,5,0,0,0.000000,nomatch
meld_tra_07326,2,16,16,0,0,0.000000,nomatch
meld_tra_07327,2,9,9,0,0,0.000000,nomatch
meld_tra_07328,1,15,15,1,0,0.361158,nonzero
meld_tra_07329,1,17,17,0,0,0.000000,nomatch
meld_tra_07330,1,8,8,0,0,0.000000,nomatch
meld_tra_07331,1,8,8,0,0,0.000000,nomatch
meld_tra_07332,3,24,24,0,0,0.000000,nomatch
meld_tra_07333,1,1,1,0,0,0.000000,nomatch
meld_tra_07334,1,4,4,0,0,0.000000,nomatch
meld_tra_07335,1,37,37,1,0,0.361158,nonzero
meld_tra_07336,2,15,15,0,0,0.000000,nomatch
meld_tra_07337,2,5,5,0,0,0.000000,nomatch
meld_tra_07338,1,5,5,0,0,0.000000,nomatch
meld_tra_07339,1,4,4,0,0,0.000000,nomatch
meld_tra_07340,1,1,1,0,0,0.000000,nomatch
meld_tra_07341,1,6,6,0,0,0.000000,nomatch
meld_tra_07342,1,3,3,0,0,0.000000,nomatch
meld_tra_07343,1,16,16,0,0,0.000000,nomatch
meld_tra_07344,1,12,12,2,0,-0.612372,nonzero
meld_tra_07345,1,1,1,0,0,0.000000,nomatch
meld_tra_07346,1,25,25,0,0,0.000000,nomatch
meld_tra_07347,1,13,13,0,0,0.000000,nomatch
meld_tra_07348,1,7,7,0,0,0.000000,nomatch
meld_tra_07349,1,1,1,0,0,0.000000,nomatch
meld_tra_07350,2,6,6,0,0,0.000000,nomatch
meld_tra_07351,1,1,1,0,0,0.000000,nomatch
meld_tra_07352,1,3,3,0,0,0.000000,nomatch
meld_tra_07353,1,1,1,0,0,0.000000,nomatch
meld_tra_07354,1,2,2,0,0,0.000000,nomatch
meld_tra_07355,1,1,1,0,0,0.000000,nomatch
meld_tra_07356,1,6,6,0,0,0.000000,nomatch
meld_tra_07357,1,10,10,1,0,-0.361158,nonzero
meld_tra_07358,1,10,10,0,0,0.000000,nomatch
meld_tra_07359,1,1,1,0,0,0.000000,nomatch
meld_tra_07360,1,5,5,0,0,0.000000,nomatch
meld_tra_07361,1,1,1,0,0,0.000000,nomatch
meld_tra_07362,2,15,15,0,0,0.000000,nomatch
meld_tra_07363,1,2,2,0,0,0.000000,nomatch
meld_tra_07364,1,3,3,0,0,0.000000,nomatch
meld_tra_07365,1,2,2,0,0,0.000000,nomatch
meld_tra_07366,1,1,1,0,0,0.000000,nomatch
meld_tra_07367,2,7,7,0,0,0.000000,nomatch
meld_tra_07368,1,13,13,0,0,0.000000,nomatch
meld_tra_07369,1,2,2,0,0,0.000000,nomatch
meld_tra_07370,1,11,11,0,0,0.000000,nomatch
meld_tra_07371,1,14,14,0,0,0.000000,nomatch
meld_tra_07372,1,15,15,0,0,0.000000,nomatch
meld_tra_07373,1,11,11,0,0,0.000000,nomatch
meld_tra_07374,2,2,2,0,0,0.000000,nomatch
meld_tra_07375,1,4,4,0,0,0.000000,nomatch
meld_tra_07376,1,3,3,0,0,0.000000,nomatch
meld_tra_07377,1,8,8,0,0,0.000000,nomatch
meld_tra_07378,1,16,16,0,0,0.000000,nomatch
meld_tra_07379,1,19,19,0,0,0.000000,nomatch
meld_tra_07380,1,18,18,0,0,0.000000,nomatch
meld_tra_07381,1,25,25,1,0,0.361158,nonzero
meld_tra_07382,1,21,21,2,0,-0.670478,nonzero
meld_tra_07383,1,1,1,0,0,0.000000,nomatch
meld_tra_07384,2,4,4,0,0,0.000000,nomatch
meld_tra_07385,1,26,26,0,0,0.000000,nomatch
meld_tra_07386,2,16,16,0,0,0.000000,nomatch
meld_tra_07387,1,4,4,0,0,0.000000,nomatch
meld_tra_07388,6,10,10,0,0,0.000000,nomatch
meld_tra_07389,1,12,12,1,0,0.128037,nonzero
meld_tra_07390,1,4,4,0,0,0.000000,nomatch
meld_tra_07391,2,12,12,0,0,0.000000,nomatch
meld_tra_07392,2,8,8,0,0,0.000000,nomatch
meld_tra_07393,1,8,8,0,0,0.000000,nomatch
meld_tra_07394,1,6,6,1,0,0.261663,nonzero
meld_tra_07395,1,12,12,0,0,0.000000,nomatch
meld_tra_07396,1,14,14,0,0,0.000000,nomatch
meld_tra_07397,1,4,4,0,0,0.000000,nomatch
meld_tra_07398,1,13,13,1,0,0.250000,nonzero
meld_tra_07399,1,2,2,0,0,0.000000,nomatch
meld_tra_07400,1,2,2,0,0,0.000000,nomatch
meld_tra_07401,1,8,8,0,0,0.000000,nomatch
meld_tra_07402,1,15,15,0,0,0.000000,nomatch
meld_tra_07403,1,1,1,0,0,0.000000,nomatch
meld_tra_07404,3,16,16,0,0,0.000000,nomatch
meld_tra_07405,1,7,7,0,0,0.000000,nomatch
meld_tra_07406,1,10,10,0,0,0.000000,nomatch
meld_tra_07407,1,22,22,0,0,0.000000,nomatch
meld_tra_07408,1,6,6,0,0,0.000000,nomatch
meld_tra_07409,2,11,11,0,0,0.000000,nomatch
meld_tra_07410,1,6,6,0,0,0.000000,nomatch
meld_tra_07411,2,9,9,0,0,0.000000,nomatch
meld_tra_07412,1,10,10,0,0,0.000000,nomatch
meld_tra_07413,1,1,1,0,0,0.000000,nomatch
meld_tra_07414,1,5,5,0,0,0.000000,nomatch
meld_tra_07415,1,9,9,0,0,0.000000,nomatch
meld_tra_07416,1,1,1,0,0,0.000000,nomatch
meld_tra_07417,1,24,24,0,0,0.000000,nomatch
meld_tra_07418,3,22,22,3,0,-0.107323,nonzero
meld_tra_07419,2,3,3,0,0,0.000000,nomatch
meld_tra_07420,1,7,7,0,0,0.000000,nomatch
meld_tra_07421,2,19,19,0,0,0.000000,nomatch
meld_tra_07422,2,5,5,0,0,0.000000,nomatch
meld_tra_07423,1,1,1,0,0,0.000000,nomatch
meld_tra_07424,1,13,13,0,0,0.000000,nomatch
meld_tra_07425,2,13,13,2,0,0.352038,nonzero
meld_tra_07426,2,3,3,1,0,0.180579,nonzero
meld_tra_07427,2,11,11,0,0,0.000000,nomatch
meld_tra_07428,1,15,15,0,0,0.000000,nomatch
meld_tra_07429,1,4,4,1,0,-0.128037,nonzero
meld_tra_07430,1,10,10,0,0,0.000000,nomatch
meld_tra_07431,1,18,18,1,0,0.421464,nonzero
meld_tra_07432,1,19,19,2,0,-0.549915,nonzero
meld_tra_07433,1,4,4,0,0,0.000000,nomatch
meld_tra_07434,1,1,1,0,0,0.000000,nomatch
meld_tra_07435,1,7,7,0,0,0.000000,nomatch
meld_tra_07436,2,15,15,0,0,0.000000,nomatch
meld_tra_07437,1,3,3,0,0,0.000000,nomatch
meld_tra_07438,1,30,30,0,0,0.000000,nomatch
meld_tra_07439,4,14,14,0,0,0.000000,nomatch
meld_tra_07440,1,4,4,1,0,0.361158,nonzero
meld_tra_07441,1,2,2,0,0,0.000000,nomatch
meld_tra_07442,1,1,1,0,0,0.000000,nomatch
meld_tra_07443,1,1,1,0,0,0.000000,nomatch
meld_tra_07444,1,8,8,0,0,0.000000,nomatch
meld_tra_07445,2,18,18,0,0,0.000000,nomatch
meld_tra_07446,1,9,9,0,0,0.000000,nomatch
meld_tra_07447,2,14,14,0,0,0.000000,nomatch
meld_tra_07448,2,8,8,0,0,0.000000,nomatch
meld_tra_07449,1,7,7,0,0,0.000000,nomatch
meld_tra_07450,1,7,7,0,0,0.000000,nomatch
meld_tra_07451,2,12,12,0,0,0.000000,nomatch
meld_tra_07452,3,9,9,0,0,0.000000,nomatch
meld_tra_07453,1,6,6,0,0,0.000000,nomatch
meld_tra_07454,2,13,13,0,0,0.000000,nomatch
meld_tra_07455,2,10,10,0,0,0.000000,nomatch
meld_tra_07456,2,3,3,0,0,0.000000,nomatch
meld_tra_07457,1,3,3,0,0,0.000000,nomatch
meld_tra_07458,1,24,24,1,0,-0.411765,nonzero
meld_tra_07459,1,5,5,0,0,0.000000,nomatch
meld_tra_07460,1,18,18,0,0,0.000000,nomatch
meld_tra_07461,1,2,2,0,0,0.000000,nomatch
meld_tra_07462,1,1,1,0,0,0.000000,nomatch
meld_tra_07463,3,15,15,0,0,0.000000,nomatch
meld_tra_07464,1,3,3,0,0,0.000000,nomatch
meld_tra_07465,1,6,6,0,0,0.000000,nomatch
meld_tra_07466,1,5,5,0,0,0.000000,nomatch
meld_tra_07467,1,34,34,1,0,0.449704,nonzero
meld_tra_07468,1,34,34,1,0,-0.361158,nonzero
meld_tra_07469,1,19,19,1,0,0.128037,nonzero
meld_tra_07470,1,3,3,0,0,0.000000,nomatch
meld_tra_07471,1,7,7,0,0,0.000000,nomatch
meld_tra_07472,1,5,5,0,0,0.000000,nomatch
meld_tra_07473,1,2,2,0,0,0.000000,nomatch
meld_tra_07474,1,3,3,0,0,0.000000,nomatch
meld_tra_07475,1,2,2,0,0,0.000000,nomatch
meld_tra_07476,1,37,37,1,0,0.361158,nonzero
meld_tra_07477,1,14,14,1,0,-0.361158,nonzero
meld_tra_07478,1,11,11,0,0,0.000000,nomatch
meld_tra_07479,1,3,3,0,0,0.000000,nomatch
meld_tra_07480,1,20,20,1,0,0.542326,nonzero
meld_tra_07481,1,9,9,0,0,0.000000,nomatch
meld_tra_07482,2,10,10,0,0,0.000000,nomatch
meld_tra_07483,1,2,2,0,0,0.000000,nomatch
meld_tra_07484,1,18,18,0,0,0.000000,nomatch
meld_tra_07485,1,2,2,0,0,0.000000,nomatch
meld_tra_07486,1,5,5,0,0,0.000000,nomatch
meld_tra_07487,2,6,6,0,0,0.000000,nomatch
meld_tra_07488,4,11,11,1,0,0.050572,nonzero
meld_tra_07489,1,6,6,0,0,0.000000,nomatch
meld_tra_07490,2,9,9,0,0,0.000000,nomatch
meld_tra_07491,2,5,5,0,0,0.000000,nomatch
meld_tra_07492,4,4,4,0,0,0.000000,nomatch
meld_tra_07493,2,4,4,0,0,0.000000,nomatch
meld_tra_07494,3,24,24,0,0,0.000000,nomatch
meld_tra_07495,1,1,1,0,0,0.000000,nomatch
meld_tra_07496,1,6,6,0,0,0.000000,nomatch
meld_tra_07497,1,28,28,0,0,0.000000,nomatch
meld_tra_07498,1,3,3,0,0,0.000000,nomatch
meld_tra_07499,1,16,16,1,0,-0.361158,nonzero
meld_tra_07500,1,1,1,0,0,0.000000,nomatch
meld_tra_07501,1,4,4,0,0,0.000000,nomatch
meld_tra_07502,1,5,5,0,0,0.000000,nomatch
meld_tra_07503,1,14,14,0,0,0.000000,nomatch
meld_tra_07504,1,5,5,1,0,0.542326,nonzero
meld_tra_07505,1,3,3,0,0,0.000000,nomatch
meld_tra_07506,1,10,10,0,0,0.000000,nomatch
meld_tra_07507,1,2,2,0,0,0.000000,nomatch
meld_tra_07508,1,3,3,0,0,0.000000,nomatch
meld_tra_07509,1,7,7,0,0,0.000000,nomatch
meld_tra_07510,1,9,9,0,0,0.000000,nomatch
meld_tra_07511,1,9,9,1,0,0.361158,nonzero
meld_tra_07512,1,14,14,0,0,0.000000,nomatch
meld_tra_07513,1,8,8,0,0,0.000000,nomatch
meld_tra_07514,1,6,6,0,0,0.000000,nomatch
meld_tra_07515,1,1,1,0,0,0.000000,nomatch
meld_tra_07516,1,1,1,0,0,0.000000,nomatch
meld_tra_07517,1,3,3,0,0,0.000000,nomatch
meld_tra_07518,3,16,16,0,0,0.000000,nomatch
meld_tra_07519,3,12,12,0,0,0.000000,nomatch
meld_tra_07520,1,5,5,0,0,0.000000,nomatch
meld_tra_07521,1,12,12,0,0,0.000000,nomatch
meld_tra_07522,2,2,2,0,0,0.000000,nomatch
meld_tra_07523,3,23,23,1,0,-0.120386,nonzero
meld_tra_07524,1,9,9,0,0,0.000000,nomatch
meld_tra_07525,1,7,7,0,0,0.000000,nomatch
meld_tra_07526,1,9,9,1,0,-0.361158,nonzero
meld_tra_07527,1,8,8,0,0,0.000000,nomatch
meld_tra_07528,1,6,6,0,0,0.000000,nomatch
meld_tra_07529,3,13,13,0,0,0.000000,nomatch
meld_tra_07530,1,4,4,1,0,-0.361158,nonzero
meld_tra_07531,1,2,2,0,0,0.000000,nomatch
meld_tra_07532,1,2,2,0,0,0.000000,nomatch
meld_tra_07533,1,5,5,0,0,0.000000,nomatch
meld_tra_07534,1,6,6,0,0,0.000000,nomatch
meld_tra_07535,1,2,2,0,0,0.000000,nomatch
meld_tra_07536,1,9,9,0,0,0.000000,nomatch
meld_tra_07537,1,18,18,0,0,0.000000,nomatch
meld_tra_07538,2,18,18,0,0,0.000000,nomatch
meld_tra_07539,1,9,9,0,0,0.000000,nomatch
meld_tra_07540,1,16,16,0,0,0.000000,nomatch
meld_tra_07541,1,16,16,0,0,0.000000,nomatch
meld_tra_07542,1,1,1,0,0,0.000000,nomatch
meld_tra_07543,1,1,1,0,0,0.000000,nomatch
meld_tra_07544,1,5,5,0,0,0.000000,nomatch
meld_tra_07545,1,9,9,0,0,0.000000,nomatch
meld_tra_07546,1,8,8,0,0,0.000000,nomatch
meld_tra_07547,1,6,6,0,0,0.000000,nomatch
meld_tra_07548,1,1,1,0,0,0.000000,nomatch
meld_tra_07549,4,13,13,0,0,0.000000,nomatch
meld_tra_07550,1,1,1,0,0,0.000000,nomatch
meld_tra_07551,1,8,8,0,0,0.000000,nomatch
meld_tra_07552,1,7,7,0,0,0.000000,nomatch
meld_tra_07553,1,5,5,0,0,0.000000,nomatch
meld_tra_07554,2,11,11,1,0,0.271163,nonzero
meld_tra_07555,3,12,12,1,0,0.180775,nonzero
meld_tra_07556,1,5,5,0,0,0.000000,nomatch
meld_tra_07557,1,5,5,0,0,0.000000,nomatch
meld_tra_07558,1,3,3,0,0,0.000000,nomatch
meld_tra_07559,1,6,6,1,0,-0.361158,nonzero
meld_tra_07560,4,15,15,2,0,-0.153093,nonzero
meld_tra_07561,1,10,10,0,0,0.000000,nomatch
meld_tra_07562,1,13,13,0,0,0.000000,nomatch
meld_tra_07563,1,10,10,2,0,0.718421,nonzero
meld_tra_07564,1,15,15,1,0,0.542326,nonzero
meld_tra_07565,2,7,7,0,0,0.000000,nomatch
meld_tra_07566,3,4,4,0,0,0.000000,nomatch
meld_tra_07567,1,4,4,0,0,0.000000,nomatch
meld_tra_07568,4,11,11,0,0,0.000000,nomatch
meld_tra_07569,2,14,14,0,0,0.000000,nomatch
meld_tra_07570,2,14,14,0,0,0.000000,nomatch
meld_tra_07571,1,7,7,0,0,0.000000,nomatch
meld_tra_07572,4,22,22,0,0,0.000000,nomatch
meld_tra_07573,1,22,22,0,0,0.000000,nomatch
meld_tra_07574,1,11,11,1,0,0.128037,nonzero
meld_tra_07575,1,4,4,0,0,0.000000,nomatch
meld_tra_07576,1,1,1,0,0,0.000000,nomatch
meld_tra_07577,1,2,2,0,0,0.000000,nomatch
meld_tra_07578,1,7,7,0,0,0.000000,nomatch
meld_tra_07579,1,15,15,0,0,0.000000,nomatch
meld_tra_07580,2,14,14,1,0,0.130831,nonzero
meld_tra_07581,1,7,7,1,0,-0.261663,nonzero
meld_tra_07582,1,15,15,0,0,0.000000,nomatch
meld_tra_07583,1,2,2,0,0,0.000000,nomatch
meld_tra_07584,1,10,10,0,0,0.000000,nomatch
meld_tra_07585,1,4,4,0,0,0.000000,nomatch
meld_tra_07586,4,22,22,2,0,-0.149843,nonzero
meld_tra_07587,2,8,8,0,0,0.000000,nomatch
meld_tra_07588,2,4,4,0,0,0.000000,nomatch
meld_tra_07589,2,12,12,0,0,0.000000,nomatch
meld_tra_07590,2,5,5,0,0,0.000000,nomatch
meld_tra_07591,2,6,6,0,0,0.000000,nomatch
meld_tra_07592,2,9,9,0,0,0.000000,nomatch
meld_tra_07593,2,11,11,1,0,0.263371,nonzero
meld_tra_07594,1,11,11,1,0,0.128037,nonzero
meld_tra_07595,1,9,9,0,0,0.000000,nomatch
meld_tra_07596,2,11,11,0,0,0.000000,nomatch
meld_tra_07597,1,22,22,1,0,0.261663,nonzero
meld_tra_07598,1,3,3,0,0,0.000000,nomatch
meld_tra_07599,1,17,17,0,0,0.000000,nomatch
meld_tra_07600,1,14,14,1,0,0.361158,nonzero
meld_tra_07601,1,7,7,0,0,0.000000,nomatch
meld_tra_07602,1,2,2,0,0,0.000000,nomatch
meld_tra_07603,1,11,11,0,0,0.000000,nomatch
meld_tra_07604,1,14,14,0,0,0.000000,nomatch
meld_tra_07605,1,11,11,0,0,0.000000,nomatch
meld_tra_07606,1,15,15,0,0,0.000000,nomatch
meld_tra_07607,1,1,1,0,0,0.000000,nomatch
meld_tra_07608,1,11,11,0,0,0.000000,nomatch
meld_tra_07609,1,2,2,0,0,0.000000,nomatch
meld_tra_07610,2,22,22,2,0,0.481895,nonzero
meld_tra_07611,1,3,3,1,0,0.542326,nonzero
meld_tra_07612,1,1,1,0,0,0.000000,nomatch
meld_tra_07613,1,3,3,0,0,0.000000,nomatch
meld_tra_07614,1,2,2,0,0,0.000000,nomatch
meld_tra_07615,1,7,7,0,0,0.000000,nomatch
meld_tra_07616,1,3,3,0,0,0.000000,nomatch
meld_tra_07617,1,6,6,0,0,0.000000,nomatch
meld_tra_07618,1,3,3,0,0,0.000000,nomatch
meld_tra_07619,1,5,5,0,0,0.000000,nomatch
meld_tra_07620,3,15,15,0,0,0.000000,nomatch
meld_tra_07621,1,2,2,0,0,0.000000,nomatch
meld_tra_07622,1,2,2,0,0,0.000000,nomatch
meld_tra_07623,1,6,6,0,0,0.000000,nomatch
meld_tra_07624,1,1,1,0,0,0.000000,nomatch
meld_tra_07625,2,5,5,0,0,0.000000,nomatch
meld_tra_07626,4,8,8,0,0,0.000000,nomatch
meld_tra_07627,2,17,17,0,0,0.000000,nomatch
meld_tra_07628,1,3,3,0,0,0.000000,nomatch
meld_tra_07629,1,6,6,1,0,-0.361158,nonzero
meld_tra_07630,1,3,3,0,0,0.000000,nomatch
meld_tra_07631,1,4,4,0,0,0.000000,nomatch
meld_tra_07632,1,4,4,0,0,0.000000,nomatch
meld_tra_07633,1,8,8,0,0,0.000000,nomatch
meld_tra_07634,1,1,1,0,0,0.000000,nomatch
meld_tra_07635,2,8,8,0,0,0.000000,nomatch
meld_tra_07636,2,15,15,0,0,0.000000,nomatch
meld_tra_07637,3,10,10,0,0,0.000000,nomatch
meld_tra_07638,1,2,2,0,0,0.000000,nomatch
meld_tra_07639,1,6,6,0,0,0.000000,nomatch
meld_tra_07640,1,9,9,0,0,0.000000,nomatch
meld_tra_07641,1,16,16,0,0,0.000000,nomatch
meld_tra_07642,2,13,13,0,0,0.000000,nomatch
meld_tra_07643,1,2,2,0,0,0.000000,nomatch
meld_tra_07644,2,8,8,0,0,0.000000,nomatch
meld_tra_07645,2,3,3,0,0,0.000000,nomatch
meld_tra_07646,3,10,10,0,0,0.000000,nomatch
meld_tra_07647,1,18,18,0,0,0.000000,nomatch
meld_tra_07648,1,10,10,0,0,0.000000,nomatch
meld_tra_07649,2,18,18,0,0,0.000000,nomatch
meld_tra_07650,1,6,6,0,0,0.000000,nomatch
meld_tra_07651,2,5,5,1,0,0.289473,nonzero
meld_tra_07652,1,3,3,0,0,0.000000,nomatch
meld_tra_07653,1,9,9,0,0,0.000000,nomatch
meld_tra_07654,2,6,6,0,0,0.000000,nomatch
meld_tra_07655,4,11,11,0,0,0.000000,nomatch
meld_tra_07656,1,4,4,0,0,0.000000,nomatch
meld_tra_07657,2,7,7,0,0,0.000000,nomatch
meld_tra_07658,1,1,1,0,0,0.000000,nomatch
meld_tra_07659,1,4,4,0,0,0.000000,nomatch
meld_tra_07660,1,3,3,0,0,0.000000,nomatch
meld_tra_07661,1,1,1,0,0,0.000000,nomatch
meld_tra_07662,1,1,1,0,0,0.000000,nomatch
meld_tra_07663,2,10,10,1,0,0.246957,nonzero
meld_tra_07664,1,8,8,0,0,0.000000,nomatch
meld_tra_07665,1,5,5,0,0,0.000000,nomatch
meld_tra_07666,1,4,4,0,0,0.000000,nomatch
meld_tra_07667,2,12,12,1,0,0.180579,nonzero
meld_tra_07668,1,7,7,0,0,0.000000,nomatch
meld_tra_07669,1,7,7,0,0,0.000000,nomatch
meld_tra_07670,1,2,2,0,0,0.000000,nomatch
meld_tra_07671,1,14,14,0,0,0.000000,nomatch
meld_tra_07672,2,6,6,0,0,0.000000,nomatch
meld_tra_07673,1,3,3,0,0,0.000000,nomatch
meld_tra_07674,2,12,12,0,0,0.000000,nomatch
meld_tra_07675,1,17,17,0,0,0.000000,nomatch
meld_tra_07676,1,3,3,0,0,0.000000,nomatch
meld_tra_07677,3,17,17,0,0,0.000000,nomatch
meld_tra_07678,3,9,9,0,0,0.000000,nomatch
meld_tra_07679,1,3,3,0,0,0.000000,nomatch
meld_tra_07680,1,2,2,0,0,0.000000,nomatch
meld_tra_07681,2,3,3,0,0,0.000000,nomatch
meld_tra_07682,4,23,23,0,0,0.000000,nomatch
meld_tra_07683,1,6,6,0,0,0.000000,nomatch
meld_tra_07684,2,3,3,0,0,0.000000,nomatch
meld_tra_07685,1,4,4,0,0,0.000000,nomatch
meld_tra_07686,2,6,6,0,0,0.000000,nomatch
meld_tra_07687,2,13,13,0,0,0.000000,nomatch
meld_tra_07688,1,1,1,0,0,0.000000,nomatch
meld_tra_07689,2,10,10,0,0,0.000000,nomatch
meld_tra_07690,1,7,7,0,0,0.000000,nomatch
meld_tra_07691,1,13,13,1,0,-0.361158,nonzero
meld_tra_07692,1,6,6,0,0,0.000000,nomatch
meld_tra_07693,1,8,8,0,0,0.000000,nomatch
meld_tra_07694,1,12,12,1,0,0.458831,nonzero
meld_tra_07695,1,10,10,0,0,0.000000,nomatch
meld_tra_07696,1,6,6,0,0,0.000000,nomatch
meld_tra_07697,1,3,3,0,0,0.000000,nomatch
meld_tra_07698,1,1,1,0,0,0.000000,nomatch
meld_tra_07699,1,6,6,0,0,0.000000,nomatch
meld_tra_07700,1,3,3,0,0,0.000000,nomatch
meld_tra_07701,2,9,9,0,0,0.000000,nomatch
meld_tra_07702,1,7,7,0,0,0.000000,nomatch
meld_tra_07703,1,4,4,0,0,0.000000,nomatch
meld_tra_07704,1,18,18,0,0,0.000000,nomatch
meld_tra_07705,1,6,6,0,0,0.000000,nomatch
meld_tra_07706,1,3,3,0,0,0.000000,nomatch
meld_tra_07707,1,1,1,0,0,0.000000,nomatch
meld_tra_07708,4,15,15,0,0,0.000000,nomatch
meld_tra_07709,1,1,1,0,0,0.000000,nomatch
meld_tra_07710,2,7,7,0,0,0.000000,nomatch
meld_tra_07711,1,9,9,1,0,-0.361158,nonzero
meld_tra_07712,1,15,15,1,0,-0.361158,nonzero
meld_tra_07713,1,13,13,1,0,-0.361158,nonzero
meld_tra_07714,1,1,1,0,0,0.000000,nomatch
meld_tra_07715,1,22,22,0,0,0.000000,nomatch
meld_tra_07716,1,11,11,1,0,-0.361158,nonzero
meld_tra_07717,2,16,16,0,0,0.000000,nomatch
meld_tra_07718,1,21,21,0,0,0.000000,nomatch
meld_tra_07719,2,5,5,0,0,0.000000,nomatch
meld_tra_07720,2,6,6,0,0,0.000000,nomatch
meld_tra_07721,1,2,2,0,0,0.000000,nomatch
meld_tra_07722,2,9,9,0,0,0.000000,nomatch
meld_tra_07723,2,9,9,1,0,-0.125000,nonzero
meld_tra_07724,3,22,22,3,0,0.164346,nonzero
meld_tra_07725,2,4,4,0,0,0.000000,nomatch
meld_tra_07726,1,9,9,0,0,0.000000,nomatch
meld_tra_07727,2,16,16,0,0,0.000000,nomatch
meld_tra_07728,1,8,8,0,0,0.000000,nomatch
meld_tra_07729,1,11,11,0,0,0.000000,nomatch
meld_tra_07730,1,1,1,0,0,0.000000,nomatch
meld_tra_07731,1,1,1,0,0,0.000000,nomatch
meld_tra_07732,1,7,7,0,0,0.000000,nomatch
meld_tra_07733,2,6,6,0,0,0.000000,nomatch
meld_tra_07734,2,16,16,1,0,-0.125000,nonzero
meld_tra_07735,1,12,12,0,0,0.000000,nomatch
meld_tra_07736,2,7,7,0,0,0.000000,nomatch
meld_tra_07737,3,10,10,0,0,0.000000,nomatch
meld_tra_07738,2,6,6,0,0,0.000000,nomatch
meld_tra_07739,1,7,7,0,0,0.000000,nomatch
meld_tra_07740,1,4,4,0,0,0.000000,nomatch
meld_tra_07741,1,17,17,0,0,0.000000,nomatch
meld_tra_07742,2,4,4,0,0,0.000000,nomatch
meld_tra_07743,2,10,10,0,0,0.000000,nomatch
meld_tra_07744,1,4,4,0,0,0.000000,nomatch
meld_tra_07745,1,23,23,0,0,0.000000,nomatch
meld_tra_07746,1,4,4,0,0,0.000000,nomatch
meld_tra_07747,1,13,13,0,0,0.000000,nomatch
meld_tra_07748,1,3,3,0,0,0.000000,nomatch
meld_tra_07749,1,18,18,0,0,0.000000,nomatch
meld_tra_07750,1,8,8,0,0,0.000000,nomatch
meld_tra_07751,1,1,1,0,0,0.000000,nomatch
meld_tra_07752,1,3,3,1,0,0.493915,nonzero
meld_tra_07753,1,3,3,0,0,0.000000,nomatch
meld_tra_07754,4,20,20,0,0,0.000000,nomatch
meld_tra_07755,1,4,4,0,0,0.000000,nomatch
meld_tra_07756,1,10,10,0,0,0.000000,nomatch
meld_tra_07757,1,1,1,0,0,0.000000,nomatch
meld_tra_07758,2,8,8,0,0,0.000000,nomatch
meld_tra_07759,1,8,8,0,0,0.000000,nomatch
meld_tra_07760,3,13,13,0,1,-0.120386,nonzero
meld_tra_07761,3,13,13,0,0,0.000000,nomatch
meld_tra_07762,1,1,1,0,0,0.000000,nomatch
meld_tra_07763,1,17,17,0,0,0.000000,nomatch
meld_tra_07764,1,13,13,0,0,0.000000,nomatch
meld_tra_07765,2,11,11,0,0,0.000000,nomatch
meld_tra_07766,2,3,3,0,0,0.000000,nomatch
meld_tra_07767,2,6,6,0,0,0.000000,nomatch
meld_tra_07768,1,5,5,0,0,0.000000,nomatch
meld_tra_07769,1,5,5,0,0,0.000000,nomatch
meld_tra_07770,1,12,12,1,0,0.361158,nonzero
meld_tra_07771,1,29,29,0,0,0.000000,nomatch
meld_tra_07772,1,7,7,1,0,-0.361158,nonzero
meld_tra_07773,2,2,2,0,0,0.000000,nomatch
meld_tra_07774,1,1,1,0,0,0.000000,nomatch
meld_tra_07775,1,14,14,0,0,0.000000,nomatch
meld_tra_07776,1,2,2,0,0,0.000000,nomatch
meld_tra_07777,1,6,6,0,0,0.000000,nomatch
meld_tra_07778,1,4,4,0,0,0.000000,nomatch
meld_tra_07779,2,17,17,0,0,0.000000,nomatch
meld_tra_07780,1,3,3,0,0,0.000000,nomatch
meld_tra_07781,1,13,13,0,0,0.000000,nomatch
meld_tra_07782,1,1,1,0,0,0.000000,nomatch
meld_tra_07783,1,9,9,0,0,0.000000,nomatch
meld_tra_07784,1,1,1,0,0,0.000000,nomatch
meld_tra_07785,1,3,3,0,0,0.000000,nomatch
meld_tra_07786,2,9,9,0,0,0.000000,nomatch
meld_tra_07787,1,5,5,0,0,0.000000,nomatch
meld_tra_07788,3,18,18,0,0,0.000000,nomatch
meld_tra_07789,1,23,23,0,0,0.000000,nomatch
meld_tra_07790,1,10,10,0,0,0.000000,nomatch
meld_tra_07791,1,12,12,0,0,0.000000,nomatch
meld_tra_07792,2,14,14,0,0,0.000000,nomatch
meld_tra_07793,1,8,8,0,0,0.000000,nomatch
meld_tra_07794,1,7,7,0,0,0.000000,nomatch
meld_tra_07795,1,14,14,1,0,0.458831,nonzero
meld_tra_07796,1,3,3,0,0,0.000000,nomatch
meld_tra_07797,1,10,10,0,0,0.000000,nomatch
meld_tra_07798,1,8,8,0,0,0.000000,nomatch
meld_tra_07799,2,11,11,0,0,0.000000,nomatch
meld_tra_07800,1,5,5,0,0,0.000000,nomatch
meld_tra_07801,1,6,6,0,0,0.000000,nomatch
meld_tra_07802,1,1,1,0,0,0.000000,nomatch
meld_tra_07803,1,5,5,0,0,0.000000,nomatch
meld_tra_07804,1,3,3,0,0,0.000000,nomatch
meld_tra_07805,1,4,4,0,0,0.000000,nomatch
meld_tra_07806,1,6,6,0,0,0.000000,nomatch
meld_tra_07807,1,15,15,0,0,0.000000,nomatch
meld_tra_07808,1,6,6,0,0,0.000000,nomatch
meld_tra_07809,1,13,13,0,0,0.000000,nomatch
meld_tra_07810,1,4,4,0,0,0.000000,nomatch
meld_tra_07811,1,10,10,0,0,0.000000,nomatch
meld_tra_07812,2,3,3,0,0,0.000000,nomatch
meld_tra_07813,1,4,4,0,0,0.000000,nomatch
meld_tra_07814,1,9,9,0,0,0.000000,nomatch
meld_tra_07815,1,1,1,0,0,0.000000,nomatch
meld_tra_07816,1,26,26,0,0,0.000000,nomatch
meld_tra_07817,1,14,14,1,0,0.563239,nonzero
meld_tra_07818,2,12,12,1,0,0.246957,nonzero
meld_tra_07819,1,2,2,0,0,0.000000,nomatch
meld_tra_07820,3,14,14,1,0,-0.140488,nonzero
meld_tra_07821,2,12,12,0,0,0.000000,nomatch
meld_tra_07822,1,7,7,0,0,0.000000,nomatch
meld_tra_07823,2,4,4,0,0,0.000000,nomatch
meld_tra_07824,2,9,9,0,0,0.000000,nomatch
meld_tra_07825,1,6,6,0,0,0.000000,nomatch
meld_tra_07826,2,10,10,0,0,0.000000,nomatch
meld_tra_07827,3,15,15,0,0,0.000000,nomatch
meld_tra_07828,1,1,1,0,0,0.000000,nomatch
meld_tra_07829,2,5,5,0,0,0.000000,nomatch
meld_tra_07830,1,3,3,0,0,0.000000,nomatch
meld_tra_07831,2,10,10,0,0,0.000000,nomatch
meld_tra_07832,1,5,5,0,0,0.000000,nomatch
meld_tra_07833,1,6,6,0,0,0.000000,nomatch
meld_tra_07834,1,1,1,0,0,0.000000,nomatch
meld_tra_07835,1,7,7,0,0,0.000000,nomatch
meld_tra_07836,3,12,12,0,0,0.000000,nomatch
meld_tra_07837,1,8,8,0,0,0.000000,nomatch
meld_tra_07838,1,11,11,0,0,0.000000,nomatch
meld_tra_07839,2,19,19,1,0,-0.045001,nonzero
meld_tra_07840,1,10,10,1,0,0.361158,nonzero
meld_tra_07841,1,4,4,0,0,0.000000,nomatch
meld_tra_07842,1,1,1,0,0,0.000000,nomatch
meld_tra_07843,1,1,1,0,0,0.000000,nomatch
meld_tra_07844,1,3,3,0,0,0.000000,nomatch
meld_tra_07845,1,1,1,0,0,0.000000,nomatch
meld_tra_07846,1,4,4,0,0,0.000000,nomatch
meld_tra_07847,1,1,1,0,0,0.000000,nomatch
meld_tra_07848,1,5,5,0,0,0.000000,nomatch
meld_tra_07849,1,5,5,0,0,0.000000,nomatch
meld_tra_07850,1,20,20,0,0,0.000000,nomatch
meld_tra_07851,1,18,18,0,0,0.000000,nomatch
meld_tra_07852,1,2,2,1,0,-0.361158,nonzero
meld_tra_07853,1,6,6,0,0,0.000000,nomatch
meld_tra_07854,1,11,11,0,0,0.000000,nomatch
meld_tra_07855,1,18,18,2,0,0.202289,nonzero
meld_tra_07856,1,9,9,0,0,0.000000,nomatch
meld_tra_07857,1,4,4,0,0,0.000000,nomatch
meld_tra_07858,1,1,1,0,0,0.000000,nomatch
meld_tra_07859,1,10,10,1,0,-0.128037,nonzero
meld_tra_07860,1,2,2,0,0,0.000000,nomatch
meld_tra_07861,3,6,6,0,0,0.000000,nomatch
meld_tra_07862,1,3,3,0,0,0.000000,nomatch
meld_tra_07863,2,17,17,0,0,0.000000,nomatch
meld_tra_07864,2,7,7,0,0,0.000000,nomatch
meld_tra_07865,1,3,3,0,0,0.000000,nomatch
meld_tra_07866,1,3,3,0,0,0.000000,nomatch
meld_tra_07867,1,33,33,0,0,0.000000,nomatch
meld_tra_07868,1,6,6,0,0,0.000000,nomatch
meld_tra_07869,1,10,10,0,0,0.000000,nomatch
meld_tra_07870,1,11,11,0,0,0.000000,nomatch
meld_tra_07871,1,19,19,2,0,0.709560,nonzero
meld_tra_07872,2,17,17,1,0,0.180579,nonzero
meld_tra_07873,3,9,9,0,0,0.000000,nomatch
meld_tra_07874,2,7,7,0,0,0.000000,nomatch
meld_tra_07875,1,4,4,0,0,0.000000,nomatch
meld_tra_07876,1,6,6,0,0,0.000000,nomatch
meld_tra_07877,1,5,5,1,0,-0.361158,nonzero
meld_tra_07878,1,8,8,1,0,-0.361158,nonzero
meld_tra_07879,1,6,6,0,0,0.000000,nomatch
meld_tra_07880,1,8,8,0,0,0.000000,nomatch
meld_tra_07881,3,7,7,0,0,0.000000,nomatch
meld_tra_07882,1,15,15,1,0,0.128037,nonzero
meld_tra_07883,1,3,3,0,0,0.000000,nomatch
meld_tra_07884,1,32,32,3,0,-0.778253,nonzero
meld_tra_07885,1,14,14,1,0,-0.458831,nonzero
meld_tra_07886,2,22,22,0,0,0.000000,nomatch
meld_tra_07887,1,1,1,0,0,0.000000,nomatch
meld_tra_07888,1,8,8,0,0,0.000000,nomatch
meld_tra_07889,1,16,16,0,0,0.000000,nomatch
meld_tra_07890,1,9,9,1,0,-0.361158,nonzero
meld_tra_07891,2,20,20,0,0,0.000000,nomatch
meld_tra_07892,1,4,4,0,0,0.000000,nomatch
meld_tra_07893,1,2,2,0,0,0.000000,nomatch
meld_tra_07894,1,1,1,0,0,0.000000,nomatch
meld_tra_07895,1,1,1,0,0,0.000000,nomatch
meld_tra_07896,2,6,6,0,0,0.000000,nomatch
meld_tra_07897,1,12,12,1,0,-0.421464,nonzero
meld_tra_07898,2,12,12,1,0,-0.125000,nonzero
meld_tra_07899,1,7,7,2,0,-0.612372,nonzero
meld_tra_07900,1,6,6,0,0,0.000000,nomatch
meld_tra_07901,1,1,1,0,0,0.000000,nomatch
meld_tra_07902,1,9,9,0,0,0.000000,nomatch
meld_tra_07903,3,4,4,0,0,0.000000,nomatch
meld_tra_07904,2,7,7,0,0,0.000000,nomatch
meld_tra_07905,1,2,2,0,0,0.000000,nomatch
meld_tra_07906,2,8,8,1,0,-0.229415,nonzero
meld_tra_07907,1,5,5,0,0,0.000000,nomatch
meld_tra_07908,3,7,7,0,0,0.000000,nomatch
meld_tra_07909,1,10,10,0,0,0.000000,nomatch
meld_tra_07910,1,8,8,0,0,0.000000,nomatch
meld_tra_07911,2,8,8,0,0,0.000000,nomatch
meld_tra_07912,1,3,3,0,0,0.000000,nomatch
meld_tra_07913,1,5,5,0,0,0.000000,nomatch
meld_tra_07914,1,0,0,0,0,0.000000,nomatch
meld_tra_07915,2,16,16,0,0,0.000000,nomatch
meld_tra_07916,1,3,3,0,0,0.000000,nomatch
meld_tra_07917,2,23,23,0,0,0.000000,nomatch
meld_tra_07918,4,13,13,0,0,0.000000,nomatch
meld_tra_07919,2,21,21,0,0,0.000000,nomatch
meld_tra_07920,1,3,3,0,0,0.000000,nomatch
meld_tra_07921,1,1,1,0,0,0.000000,nomatch
meld_tra_07922,1,3,3,0,0,0.000000,nomatch
meld_tra_07923,2,4,4,0,0,0.000000,nomatch
meld_tra_07924,1,1,1,0,0,0.000000,nomatch
meld_tra_07925,2,9,9,0,0,0.000000,nomatch
meld_tra_07926,1,4,4,0,0,0.000000,nomatch
meld_tra_07927,1,6,6,0,0,0.000000,nomatch
meld_tra_07928,1,1,1,0,0,0.000000,nomatch
meld_tra_07929,1,7,7,0,0,0.000000,nomatch
meld_tra_07930,2,11,11,1,0,-0.180579,nonzero
meld_tra_07931,1,10,10,0,0,0.000000,nomatch
meld_tra_07932,1,1,1,0,0,0.000000,nomatch
meld_tra_07933,1,10,10,0,0,0.000000,nomatch
meld_tra_07934,1,1,1,0,0,0.000000,nomatch
meld_tra_07935,1,5,5,0,0,0.000000,nomatch
meld_tra_07936,1,4,4,1,0,-0.458831,nonzero
meld_tra_07937,1,6,6,1,0,-0.458831,nonzero
meld_tra_07938,1,3,3,1,0,-0.612372,nonzero
meld_tra_07939,1,4,4,0,0,0.000000,nomatch
meld_tra_07940,1,1,1,0,0,0.000000,nomatch
meld_tra_07941,1,2,2,0,0,0.000000,nomatch
meld_tra_07942,1,4,4,0,0,0.000000,nomatch
meld_tra_07943,2,9,9,0,0,0.000000,nomatch
meld_tra_07944,1,9,9,0,0,0.000000,nomatch
meld_tra_07945,1,12,12,0,0,0.000000,nomatch
meld_tra_07946,2,5,5,0,0,0.000000,nomatch
meld_tra_07947,1,3,3,0,0,0.000000,nomatch
meld_tra_07948,1,24,24,0,0,0.000000,nomatch
meld_tra_07949,1,27,27,1,0,0.339950,nonzero
meld_tra_07950,1,13,13,0,0,0.000000,nomatch
meld_tra_07951,1,17,17,0,0,0.000000,nomatch
meld_tra_07952,1,14,14,0,0,0.000000,nomatch
meld_tra_07953,1,6,6,1,0,0.339950,nonzero
meld_tra_07954,1,4,4,0,0,0.000000,nomatch
meld_tra_07955,1,6,6,0,0,0.000000,nomatch
meld_tra_07956,2,8,8,0,0,0.000000,nomatch
meld_tra_07957,1,5,5,0,0,0.000000,nomatch
meld_tra_07958,1,6,6,0,0,0.000000,nomatch
meld_tra_07959,1,15,15,0,0,0.000000,nomatch
meld_tra_07960,1,18,18,1,0,0.361158,nonzero
meld_tra_07961,1,8,8,1,0,-0.361158,nonzero
meld_tra_07962,1,2,2,0,0,0.000000,nomatch
meld_tra_07963,2,14,14,1,0,0.064019,nonzero
meld_tra_07964,1,3,3,0,0,0.000000,nomatch
meld_tra_07965,1,29,29,0,0,0.000000,nomatch
meld_tra_07966,2,16,16,1,0,-0.180579,nonzero
meld_tra_07967,1,1,1,0,0,0.000000,nomatch
meld_tra_07968,1,1,1,0,0,0.000000,nomatch
meld_tra_07969,1,17,17,1,0,-0.361158,nonzero
meld_tra_07970,2,4,4,0,0,0.000000,nomatch
meld_tra_07971,1,1,1,0,0,0.000000,nomatch
meld_tra_07972,2,17,17,1,0,-0.224852,nonzero
meld_tra_07973,1,5,5,0,0,0.000000,nomatch
meld_tra_07974,1,1,1,0,0,0.000000,nomatch
meld_tra_07975,1,7,7,0,0,0.000000,nomatch
meld_tra_07976,1,4,4,0,0,0.000000,nomatch
meld_tra_07977,1,12,12,0,0,0.000000,nomatch
meld_tra_07978,1,2,2,0,0,0.000000,nomatch
meld_tra_07979,1,6,6,0,0,0.000000,nomatch
meld_tra_07980,1,33,33,0,0,0.000000,nomatch
meld_tra_07981,1,7,7,0,0,0.000000,nomatch
meld_tra_07982,1,10,10,0,0,0.000000,nomatch
meld_tra_07983,1,7,7,1,0,-0.361158,nonzero
meld_tra_07984,1,17,17,0,0,0.000000,nomatch
meld_tra_07985,2,9,9,0,0,0.000000,nomatch
meld_tra_07986,1,1,1,0,0,0.000000,nomatch
meld_tra_07987,2,6,6,0,0,0.000000,nomatch
meld_tra_07988,1,7,7,0,0,0.000000,nomatch
meld_tra_07989,1,3,3,0,0,0.000000,nomatch
meld_tra_07990,2,16,16,0,0,0.000000,nomatch
meld_tra_07991,1,15,15,0,0,0.000000,nomatch
meld_tra_07992,1,8,8,0,0,0.000000,nomatch
meld_tra_07993,1,14,14,0,0,0.000000,nomatch
meld_tra_07994,1,5,5,0,0,0.000000,nomatch
meld_tra_07995,1,8,8,0,0,0.000000,nomatch
meld_tra_07996,2,6,6,0,0,0.000000,nomatch
meld_tra_07997,4,23,23,0,0,0.000000,nomatch
meld_tra_07998,1,6,6,0,0,0.000000,nomatch
meld_tra_07999,6,18,18,0,0,0.000000,nomatch
meld_tra_08000,1,4,4,0,0,0.000000,nomatch
meld_tra_08001,1,5,5,0,0,0.000000,nomatch
meld_tra_08002,1,12,12,1,0,-0.361158,nonzero
meld_tra_08003,1,2,2,0,0,0.000000,nomatch
meld_tra_08004,1,24,24,0,0,0.000000,nomatch
meld_tra_08005,2,8,8,0,0,0.000000,nomatch
meld_tra_08006,2,17,17,0,0,0.000000,nomatch
meld_tra_08007,1,17,17,0,0,0.000000,nomatch
meld_tra_08008,2,7,7,0,0,0.000000,nomatch
meld_tra_08009,1,21,21,0,0,0.000000,nomatch
meld_tra_08010,1,17,17,0,0,0.000000,nomatch
meld_tra_08011,1,18,18,0,0,0.000000,nomatch
meld_tra_08012,1,19,19,0,0,0.000000,nomatch
meld_tra_08013,1,3,3,0,0,0.000000,nomatch
meld_tra_08014,1,8,8,0,0,0.000000,nomatch
meld_tra_08015,3,14,14,0,0,0.000000,nomatch
meld_tra_08016,1,17,17,0,0,0.000000,nomatch
meld_tra_08017,1,5,5,0,0,0.000000,nomatch
meld_tra_08018,1,6,6,0,0,0.000000,nomatch
meld_tra_08019,1,11,11,0,0,0.000000,nomatch
meld_tra_08020,1,5,5,0,0,0.000000,nomatch
meld_tra_08021,1,8,8,0,0,0.000000,nomatch
meld_tra_08022,1,2,2,0,0,0.000000,nomatch
meld_tra_08023,1,3,3,0,0,0.000000,nomatch
meld_tra_08024,1,3,3,0,0,0.000000,nomatch
meld_tra_08025,1,22,22,0,0,0.000000,nomatch
meld_tra_08026,1,6,6,0,0,0.000000,nomatch
meld_tra_08027,1,15,15,0,0,0.000000,nomatch
meld_tra_08028,1,5,5,1,0,0.361158,nonzero
meld_tra_08029,1,9,9,0,0,0.000000,nomatch
meld_tra_08030,1,8,8,0,0,0.000000,nomatch
meld_tra_08031,1,9,9,0,0,0.000000,nomatch
meld_tra_08032,3,6,6,0,0,0.000000,nomatch
meld_tra_08033,2,12,12,0,0,0.000000,nomatch
meld_tra_08034,1,8,8,0,0,0.000000,nomatch
meld_tra_08035,1,3,3,0,0,0.000000,nomatch
meld_tra_08036,1,13,13,1,0,0.361158,nonzero
meld_tra_08037,1,6,6,0,0,0.000000,nomatch
meld_tra_08038,2,8,8,0,0,0.000000,nomatch
meld_tra_08039,1,18,18,0,0,0.000000,nomatch
meld_tra_08040,1,5,5,0,0,0.000000,nomatch
meld_tra_08041,1,9,9,0,0,0.000000,nomatch
meld_tra_08042,1,3,3,0,0,0.000000,nomatch
meld_tra_08043,1,5,5,0,0,0.000000,nomatch
meld_tra_08044,1,6,6,0,0,0.000000,nomatch
meld_tra_08045,1,5,5,0,0,0.000000,nomatch
meld_tra_08046,1,6,6,0,0,0.000000,nomatch
meld_tra_08047,1,5,5,0,0,0.000000,nomatch
meld_tra_08048,2,9,9,0,0,0.000000,nomatch
meld_tra_08049,1,4,4,0,0,0.000000,nomatch
meld_tra_08050,1,17,17,1,0,0.557370,nonzero
meld_tra_08051,1,7,7,0,0,0.000000,nomatch
meld_tra_08052,1,3,3,0,0,0.000000,nomatch
meld_tra_08053,1,25,25,0,0,0.000000,nomatch
meld_tra_08054,1,3,3,0,0,0.000000,nomatch
meld_tra_08055,1,2,2,0,0,0.000000,nomatch
meld_tra_08056,2,7,7,0,0,0.000000,nomatch
meld_tra_08057,1,2,2,0,0,0.000000,nomatch
meld_tra_08058,2,6,6,0,0,0.000000,nomatch
meld_tra_08059,1,13,13,0,0,0.000000,nomatch
meld_tra_08060,1,6,6,1,0,-0.458831,nonzero
meld_tra_08061,2,8,8,0,0,0.000000,nomatch
meld_tra_08062,2,3,3,1,0,0.180579,nonzero
meld_tra_08063,3,26,26,0,0,0.000000,nomatch
meld_tra_08064,1,10,10,0,0,0.000000,nomatch
meld_tra_08065,3,15,15,0,0,0.000000,nomatch
meld_tra_08066,1,8,8,0,0,0.000000,nomatch
meld_tra_08067,1,7,7,0,0,0.000000,nomatch
meld_tra_08068,1,8,8,1,0,-0.361158,nonzero
meld_tra_08069,2,15,15,2,0,0.049748,nonzero
meld_tra_08070,1,6,6,0,0,0.000000,nomatch
meld_tra_08071,1,8,8,0,0,0.000000,nomatch
meld_tra_08072,1,13,13,0,0,0.000000,nomatch
meld_tra_08073,1,8,8,0,0,0.000000,nomatch
meld_tra_08074,2,23,23,0,0,0.000000,nomatch
meld_tra_08075,1,8,8,0,0,0.000000,nomatch
meld_tra_08076,1,13,13,0,0,0.000000,nomatch
meld_tra_08077,1,1,1,0,0,0.000000,nomatch
meld_tra_08078,1,3,3,0,0,0.000000,nomatch
meld_tra_08079,2,13,13,0,0,0.000000,nomatch
meld_tra_08080,4,24,24,1,0,-0.105366,nonzero
meld_tra_08081,1,1,1,0,0,0.000000,nomatch
meld_tra_08082,1,1,1,0,0,0.000000,nomatch
meld_tra_08083,1,3,3,0,0,0.000000,nomatch
meld_tra_08084,1,1,1,0,0,0.000000,nomatch
meld_tra_08085,2,10,10,0,0,0.000000,nomatch
meld_tra_08086,1,1,1,0,0,0.000000,nomatch
meld_tra_08087,2,3,3,0,0,0.000000,nomatch
meld_tra_08088,1,7,7,0,0,0.000000,nomatch
meld_tra_08089,1,1,1,0,0,0.000000,nomatch
meld_tra_08090,1,1,1,0,0,0.000000,nomatch
meld_tra_08091,1,3,3,0,0,0.000000,nomatch
meld_tra_08092,2,9,9,0,0,0.000000,nomatch
meld_tra_08093,1,17,17,0,0,0.000000,nomatch
meld_tra_08094,1,4,4,0,0,0.000000,nomatch
meld_tra_08095,3,15,15,0,0,0.000000,nomatch
meld_tra_08096,1,6,6,0,0,0.000000,nomatch
meld_tra_08097,1,4,4,0,0,0.000000,nomatch
meld_tra_08098,2,9,9,1,0,0.210732,nonzero
meld_tra_08099,1,16,16,0,0,0.000000,nomatch
meld_tra_08100,3,8,8,0,0,0.000000,nomatch
meld_tra_08101,1,1,1,0,0,0.000000,nomatch
meld_tra_08102,1,2,2,0,0,0.000000,nomatch
meld_tra_08103,1,2,2,0,0,0.000000,nomatch
meld_tra_08104,2,19,19,0,0,0.000000,nomatch
meld_tra_08105,2,12,12,0,0,0.000000,nomatch
meld_tra_08106,1,7,7,0,0,0.000000,nomatch
meld_tra_08107,1,10,10,0,0,0.000000,nomatch
meld_tra_08108,2,15,15,0,0,0.000000,nomatch
meld_tra_08109,2,11,11,0,0,0.000000,nomatch
meld_tra_08110,1,16,16,0,0,0.000000,nomatch
meld_tra_08111,1,3,3,1,0,-0.612372,nonzero
meld_tra_08112,1,12,12,0,0,0.000000,nomatch
meld_tra_08113,1,9,9,1,0,0.361158,nonzero
meld_tra_08114,5,16,16,2,0,-0.046624,nonzero
meld_tra_08115,1,16,16,1,0,0.542326,nonzero
meld_tra_08116,1,1,1,0,0,0.000000,nomatch
meld_tra_08117,2,4,4,0,0,0.000000,nomatch
meld_tra_08118,1,5,5,0,0,0.000000,nomatch
meld_tra_08119,1,25,25,0,0,0.000000,nomatch
meld_tra_08120,2,2,2,0,0,0.000000,nomatch
meld_tra_08121,3,22,22,0,0,0.000000,nomatch
meld_tra_08122,2,14,14,0,0,0.000000,nomatch
meld_tra_08123,3,9,9,3,0,0.436066,nonzero
meld_tra_08124,2,6,6,0,0,0.000000,nomatch
meld_tra_08125,1,10,10,0,0,0.000000,nomatch
meld_tra_08126,1,7,7,0,0,0.000000,nomatch
meld_tra_08127,2,18,18,0,0,0.000000,nomatch
meld_tra_08128,4,24,24,0,0,0.000000,nomatch
meld_tra_08129,3,21,21,0,0,0.000000,nomatch
meld_tra_08130,6,17,17,1,0,-0.076472,nonzero
meld_tra_08131,1,8,8,0,0,0.000000,nomatch
meld_tra_08132,1,22,22,0,0,0.000000,nomatch
meld_tra_08133,1,11,11,1,0,-0.361158,nonzero
meld_tra_08134,4,20,20,0,0,0.000000,nomatch
meld_tra_08135,3,13,13,0,0,0.000000,nomatch
meld_tra_08136,1,26,26,0,0,0.000000,nomatch
meld_tra_08137,1,8,8,0,0,0.000000,nomatch
meld_tra_08138,2,10,10,1,0,0.238329,nonzero
meld_tra_08139,1,1,1,0,0,0.000000,nomatch
meld_tra_08140,1,7,7,0,0,0.000000,nomatch
meld_tra_08141,1,6,6,0,0,0.000000,nomatch
meld_tra_08142,3,9,9,0,0,0.000000,nomatch
meld_tra_08143,1,16,16,0,0,0.000000,nomatch
meld_tra_08144,1,1,1,0,0,0.000000,nomatch
meld_tra_08145,1,18,18,1,0,0.128037,nonzero
meld_tra_08146,1,10,10,0,0,0.000000,nomatch
meld_tra_08147,1,2,2,0,0,0.000000,nomatch
meld_tra_08148,1,5,5,0,0,0.000000,nomatch
meld_tra_08149,1,5,5,0,0,0.000000,nomatch
meld_tra_08150,1,10,10,0,0,0.000000,nomatch
meld_tra_08151,1,16,16,0,0,0.000000,nomatch
meld_tra_08152,1,7,7,0,0,0.000000,nomatch
meld_tra_08153,1,3,3,0,0,0.000000,nomatch
meld_tra_08154,1,7,7,0,0,0.000000,nomatch
meld_tra_08155,2,17,17,0,0,0.000000,nomatch
meld_tra_08156,1,6,6,0,0,0.000000,nomatch
meld_tra_08157,1,5,5,0,0,0.000000,nomatch
meld_tra_08158,1,7,7,0,0,0.000000,nomatch
meld_tra_08159,1,21,21,0,0,0.000000,nomatch
meld_tra_08160,1,2,2,0,0,0.000000,nomatch
meld_tra_08161,1,7,7,0,0,0.000000,nomatch
meld_tra_08162,1,20,20,0,0,0.000000,nomatch
meld_tra_08163,1,1,1,0,0,0.000000,nomatch
meld_tra_08164,1,14,14,1,0,0.261663,nonzero
meld_tra_08165,1,14,14,0,0,0.000000,nomatch
meld_tra_08166,1,1,1,0,0,0.000000,nomatch
meld_tra_08167,1,20,20,0,0,0.000000,nomatch
meld_tra_08168,1,1,1,0,0,0.000000,nomatch
meld_tra_08169,1,1,1,0,0,0.000000,nomatch
meld_tra_08170,4,8,8,0,0,0.000000,nomatch
meld_tra_08171,2,11,11,0,0,0.000000,nomatch
meld_tra_08172,2,9,9,0,0,0.000000,nomatch
meld_tra_08173,2,10,10,1,0,-0.180579,nonzero
meld_tra_08174,2,4,4,0,0,0.000000,nomatch
meld_tra_08175,1,1,1,0,0,0.000000,nomatch
meld_tra_08176,1,9,9,0,0,0.000000,nomatch
meld_tra_08177,1,22,22,1,0,-0.250000,nonzero
meld_tra_08178,1,9,9,0,0,0.000000,nomatch
meld_tra_08179,1,8,8,0,0,0.000000,nomatch
meld_tra_08180,1,2,2,0,0,0.000000,nomatch
meld_tra_08181,1,1,1,0,0,0.000000,nomatch
meld_tra_08182,1,6,6,0,0,0.000000,nomatch
meld_tra_08183,1,1,1,0,0,0.000000,nomatch
meld_tra_08184,1,4,4,0,0,0.000000,nomatch
meld_tra_08185,1,3,3,0,0,0.000000,nomatch
meld_tra_08186,1,14,14,0,0,0.000000,nomatch
meld_tra_08187,2,3,3,0,0,0.000000,nomatch
meld_tra_08188,1,4,4,0,0,0.000000,nomatch
meld_tra_08189,1,2,2,0,0,0.000000,nomatch
meld_tra_08190,1,5,5,0,0,0.000000,nomatch
meld_tra_08191,1,8,8,0,0,0.000000,nomatch
meld_tra_08192,1,5,5,0,0,0.000000,nomatch
meld_tra_08193,4,12,12,1,0,0.090289,nonzero
meld_tra_08194,1,1,1,0,0,0.000000,nomatch
meld_tra_08195,1,2,2,0,0,0.000000,nomatch
meld_tra_08196,1,1,1,0,0,0.000000,nomatch
meld_tra_08197,1,4,4,0,0,0.000000,nomatch
meld_tra_08198,1,6,6,0,0,0.000000,nomatch
meld_tra_08199,1,3,3,0,0,0.000000,nomatch
meld_tra_08200,1,21,21,0,0,0.000000,nomatch
meld_tra_08201,1,2,2,0,0,0.000000,nomatch
meld_tra_08202,1,10,10,0,0,0.000000,nomatch
meld_tra_08203,1,1,1,0,0,0.000000,nomatch
meld_tra_08204,1,4,4,0,0,0.000000,nomatch
meld_tra_08205,1,6,6,1,0,0.493915,nonzero
meld_tra_08206,1,4,4,0,0,0.000000,nomatch
meld_tra_08207,1,9,9,0,0,0.000000,nomatch
meld_tra_08208,1,6,6,0,0,0.000000,nomatch
meld_tra_08209,1,1,1,0,0,0.000000,nomatch
meld_tra_08210,1,2,2,0,0,0.000000,nomatch
meld_tra_08211,2,11,11,0,0,0.000000,nomatch
meld_tra_08212,1,3,3,0,0,0.000000,nomatch
meld_tra_08213,1,18,18,0,0,0.000000,nomatch
meld_tra_08214,1,12,12,0,0,0.000000,nomatch
meld_tra_08215,1,11,11,0,0,0.000000,nomatch
meld_tra_08216,1,12,12,0,0,0.000000,nomatch
meld_tra_08217,1,4,4,0,0,0.000000,nomatch
meld_tra_08218,1,2,2,0,0,0.000000,nomatch
meld_tra_08219,1,3,3,0,0,0.000000,nomatch
meld_tra_08220,1,1,1,0,0,0.000000,nomatch
meld_tra_08221,1,24,24,0,0,0.000000,nomatch
meld_tra_08222,1,3,3,0,0,0.000000,nomatch
meld_tra_08223,1,9,9,0,0,0.000000,nomatch
meld_tra_08224,2,25,25,0,0,0.000000,nomatch
meld_tra_08225,3,15,15,1,0,0.042679,nonzero
meld_tra_08226,2,8,8,0,0,0.000000,nomatch
meld_tra_08227,3,12,12,0,0,0.000000,nomatch
meld_tra_08228,2,12,12,0,0,0.000000,nomatch
meld_tra_08229,4,18,18,0,0,0.000000,nomatch
meld_tra_08230,1,5,5,0,0,0.000000,nomatch
meld_tra_08231,2,12,12,1,0,0.229415,nonzero
meld_tra_08232,1,4,4,0,0,0.000000,nomatch
meld_tra_08233,1,10,10,0,0,0.000000,nomatch
meld_tra_08234,1,3,3,0,0,0.000000,nomatch
meld_tra_08235,1,10,10,0,0,0.000000,nomatch
meld_tra_08236,3,21,21,0,0,0.000000,nomatch
meld_tra_08237,2,20,20,0,0,0.000000,nomatch
meld_tra_08238,1,20,20,1,0,0.542326,nonzero
meld_tra_08239,1,7,7,0,0,0.000000,nomatch
meld_tra_08240,1,3,3,0,0,0.000000,nomatch
meld_tra_08241,1,10,10,0,0,0.000000,nomatch
meld_tra_08242,1,6,6,0,0,0.000000,nomatch
meld_tra_08243,2,9,9,0,0,0.000000,nomatch
meld_tra_08244,1,1,1,0,0,0.000000,nomatch
meld_tra_08245,1,8,8,0,0,0.000000,nomatch
meld_tra_08246,1,2,2,0,0,0.000000,nomatch
meld_tra_08247,2,6,6,0,0,0.000000,nomatch
meld_tra_08248,2,7,7,0,0,0.000000,nomatch
meld_tra_08249,2,6,6,0,0,0.000000,nomatch
meld_tra_08250,1,2,2,0,0,0.000000,nomatch
meld_tra_08251,3,25,25,2,0,-0.338823,nonzero
meld_tra_08252,3,12,12,0,0,0.000000,nomatch
meld_tra_08253,1,1,1,0,0,0.000000,nomatch
meld_tra_08254,1,6,6,0,0,0.000000,nomatch
meld_tra_08255,2,6,6,0,0,0.000000,nomatch
meld_tra_08256,1,3,3,0,0,0.000000,nomatch
meld_tra_08257,3,7,7,0,0,0.000000,nomatch
meld_tra_08258,1,7,7,0,0,0.000000,nomatch
meld_tra_08259,1,11,11,0,0,0.000000,nomatch
meld_tra_08260,1,13,13,0,0,0.000000,nomatch
meld_tra_08261,1,6,6,0,0,0.000000,nomatch
meld_tra_08262,1,15,15,0,0,0.000000,nomatch
meld_tra_08263,1,18,18,0,0,0.000000,nomatch
meld_tra_08264,1,5,5,0,1,-0.128037,nonzero
meld_tra_08265,1,21,21,0,0,0.000000,nomatch
meld_tra_08266,2,22,22,0,0,0.000000,nomatch
meld_tra_08267,1,8,8,0,0,0.000000,nomatch
meld_tra_08268,1,7,7,0,0,0.000000,nomatch
meld_tra_08269,1,6,6,0,0,0.000000,nomatch
meld_tra_08270,1,9,9,0,0,0.000000,nomatch
meld_tra_08271,1,21,21,0,0,0.000000,nomatch
meld_tra_08272,1,13,13,0,0,0.000000,nomatch
meld_tra_08273,1,7,7,0,0,0.000000,nomatch
meld_tra_08274,2,19,19,0,0,0.000000,nomatch
meld_tra_08275,2,2,2,2,0,0.361158,nonzero
meld_tra_08276,1,32,32,0,0,0.000000,nomatch
meld_tra_08277,1,4,4,0,0,0.000000,nomatch
meld_tra_08278,1,23,23,0,0,0.000000,nomatch
meld_tra_08279,2,16,16,0,0,0.000000,nomatch
meld_tra_08280,2,8,8,0,0,0.000000,nomatch
meld_tra_08281,1,6,6,0,0,0.000000,nomatch
meld_tra_08282,1,22,22,0,0,0.000000,nomatch
meld_tra_08283,1,3,3,0,0,0.000000,nomatch
meld_tra_08284,1,15,15,0,0,0.000000,nomatch
meld_tra_08285,2,21,21,0,0,0.000000,nomatch
meld_tra_08286,1,8,8,0,0,0.000000,nomatch
meld_tra_08287,1,15,15,1,0,-0.361158,nonzero
meld_tra_08288,1,20,20,1,0,-0.348498,nonzero
meld_tra_08289,2,8,8,0,0,0.000000,nomatch
meld_tra_08290,1,20,20,2,0,0.757937,nonzero
meld_tra_08291,1,14,14,0,0,0.000000,nomatch
meld_tra_08292,2,17,17,0,0,0.000000,nomatch
meld_tra_08293,2,21,21,0,0,0.000000,nomatch
meld_tra_08294,2,20,20,0,0,0.000000,nomatch
meld_tra_08295,1,14,14,0,0,0.000000,nomatch
meld_tra_08296,1,5,5,1,0,-0.361158,nonzero
meld_tra_08297,2,4,4,0,0,0.000000,nomatch
meld_tra_08298,1,3,3,0,0,0.000000,nomatch
meld_tra_08299,1,5,5,0,0,0.000000,nomatch
meld_tra_08300,1,7,7,1,1,-0.250000,nonzero
meld_tra_08301,2,19,19,0,0,0.000000,nomatch
meld_tra_08302,1,11,11,1,0,-0.361158,nonzero
meld_tra_08303,1,2,2,0,0,0.000000,nomatch
meld_tra_08304,1,2,2,0,0,0.000000,nomatch
meld_tra_08305,1,2,2,0,0,0.000000,nomatch
meld_tra_08306,1,1,1,0,0,0.000000,nomatch
meld_tra_08307,3,8,8,1,0,-0.120386,nonzero
meld_tra_08308,1,35,35,1,0,0.458831,nonzero
meld_tra_08309,1,4,4,0,0,0.000000,nomatch
meld_tra_08310,1,15,15,0,0,0.000000,nomatch
meld_tra_08311,1,3,3,0,0,0.000000,nomatch
meld_tra_08312,2,8,8,0,0,0.000000,nomatch
meld_tra_08313,1,11,11,0,0,0.000000,nomatch
meld_tra_08314,1,7,7,0,0,0.000000,nomatch
meld_tra_08315,1,8,8,0,0,0.000000,nomatch
meld_tra_08316,1,3,3,0,0,0.000000,nomatch
meld_tra_08317,1,9,9,0,0,0.000000,nomatch
meld_tra_08318,1,17,17,1,0,-0.421464,nonzero
meld_tra_08319,1,14,14,0,1,-0.128037,nonzero
meld_tra_08320,1,6,6,0,0,0.000000,nomatch
meld_tra_08321,1,3,3,0,0,0.000000,nomatch
meld_tra_08322,1,3,3,0,0,0.000000,nomatch
meld_tra_08323,1,25,25,0,0,0.000000,nomatch
meld_tra_08324,1,5,5,0,0,0.000000,nomatch
meld_tra_08325,1,10,10,0,0,0.000000,nomatch
meld_tra_08326,1,2,2,1,0,0.361158,nonzero
meld_tra_08327,1,9,9,0,0,0.000000,nomatch
meld_tra_08328,2,14,14,0,0,0.000000,nomatch
meld_tra_08329,1,4,4,0,0,0.000000,nomatch
meld_tra_08330,2,2,2,0,0,0.000000,nomatch
meld_tra_08331,1,14,14,0,0,0.000000,nomatch
meld_tra_08332,1,9,9,0,0,0.000000,nomatch
meld_tra_08333,1,14,14,0,0,0.000000,nomatch
meld_tra_08334,1,2,2,0,0,0.000000,nomatch
meld_tra_08335,1,1,1,0,0,0.000000,nomatch
meld_tra_08336,11,14,14,0,0,0.000000,nomatch
meld_tra_08337,5,5,5,0,0,0.000000,nomatch
meld_tra_08338,2,8,8,0,0,0.000000,nomatch
meld_tra_08339,1,1,1,0,0,0.000000,nomatch
meld_tra_08340,3,18,18,0,0,0.000000,nomatch
meld_tra_08341,1,6,6,1,0,-0.128037,nonzero
meld_tra_08342,1,8,8,1,0,0.476658,nonzero
meld_tra_08343,3,14,14,0,0,0.000000,nomatch
meld_tra_08344,1,1,1,0,0,0.000000,nomatch
meld_tra_08345,1,2,2,0,0,0.000000,nomatch
meld_tra_08346,1,5,5,0,0,0.000000,nomatch
meld_tra_08347,1,23,23,0,0,0.000000,nomatch
meld_tra_08348,1,5,5,0,0,0.000000,nomatch
meld_tra_08349,1,6,6,0,0,0.000000,nomatch
meld_tra_08350,1,13,13,0,0,0.000000,nomatch
meld_tra_08351,1,2,2,0,0,0.000000,nomatch
meld_tra_08352,2,9,9,0,0,0.000000,nomatch
meld_tra_08353,1,9,9,0,0,0.000000,nomatch
meld_tra_08354,2,17,17,0,0,0.000000,nomatch
meld_tra_08355,1,3,3,0,0,0.000000,nomatch
meld_tra_08356,1,7,7,0,0,0.000000,nomatch
meld_tra_08357,2,20,20,0,0,0.000000,nomatch
meld_tra_08358,1,1,1,0,0,0.000000,nomatch
meld_tra_08359,1,1,1,0,0,0.000000,nomatch
meld_tra_08360,1,1,1,0,0,0.000000,nomatch
meld_tra_08361,1,1,1,0,0,0.000000,nomatch
meld_tra_08362,1,9,9,1,0,0.542326,nonzero
meld_tra_08363,1,4,4,0,0,0.000000,nomatch
meld_tra_08364,1,3,3,0,0,0.000000,nomatch
meld_tra_08365,2,9,9,1,0,0.180579,nonzero
meld_tra_08366,1,1,1,1,0,0.361158,nonzero
meld_tra_08367,2,6,6,0,0,0.000000,nomatch
meld_tra_08368,2,9,9,0,0,0.000000,nomatch
meld_tra_08369,5,15,15,0,0,0.000000,nomatch
meld_tra_08370,2,22,22,0,0,0.000000,nomatch
meld_tra_08371,1,1,1,0,0,0.000000,nomatch
meld_tra_08372,2,16,16,0,0,0.000000,nomatch
meld_tra_08373,2,7,7,0,0,0.000000,nomatch
meld_tra_08374,2,7,7,0,0,0.000000,nomatch
meld_tra_08375,2,23,23,1,0,-0.180579,nonzero
meld_tra_08376,2,12,12,0,0,0.000000,nomatch
meld_tra_08377,1,10,10,0,0,0.000000,nomatch
meld_tra_08378,1,29,29,1,0,-0.361158,nonzero
meld_tra_08379,1,10,10,0,0,0.000000,nomatch
meld_tra_08380,3,20,20,0,0,0.000000,nomatch
meld_tra_08381,1,3,3,0,0,0.000000,nomatch
meld_tra_08382,1,6,6,0,0,0.000000,nomatch
meld_tra_08383,1,6,6,0,0,0.000000,nomatch
meld_tra_08384,1,5,5,0,0,0.000000,nomatch
meld_tra_08385,2,9,9,0,0,0.000000,nomatch
meld_tra_08386,4,12,12,0,0,0.000000,nomatch
meld_tra_08387,1,1,1,0,0,0.000000,nomatch
meld_tra_08388,1,1,1,0,0,0.000000,nomatch
meld_tra_08389,1,8,8,0,0,0.000000,nomatch
meld_tra_08390,1,5,5,0,0,0.000000,nomatch
meld_tra_08391,1,11,11,0,0,0.000000,nomatch
meld_tra_08392,1,10,10,0,0,0.000000,nomatch
meld_tra_08393,1,12,12,0,0,0.000000,nomatch
meld_tra_08394,2,6,6,0,0,0.000000,nomatch
meld_tra_08395,1,1,1,0,0,0.000000,nomatch
meld_tra_08396,1,1,1,0,0,0.000000,nomatch
meld_tra_08397,1,6,6,0,0,0.000000,nomatch
meld_tra_08398,1,8,8,1,0,0.361158,nonzero
meld_tra_08399,1,19,19,1,0,-0.655311,nonzero
meld_tra_08400,1,1,1,0,0,0.000000,nomatch
meld_tra_08401,1,7,7,0,0,0.000000,nomatch
meld_tra_08402,1,4,4,0,0,0.000000,nomatch
meld_tra_08403,1,12,12,0,0,0.000000,nomatch
meld_tra_08404,1,1,1,0,0,0.000000,nomatch
meld_tra_08405,1,17,17,0,0,0.000000,nomatch
meld_tra_08406,1,20,20,0,0,0.000000,nomatch
meld_tra_08407,1,8,8,0,0,0.000000,nomatch
meld_tra_08408,1,4,4,0,0,0.000000,nomatch
meld_tra_08409,1,1,1,0,0,0.000000,nomatch
meld_tra_08410,1,8,8,1,0,-0.295958,nonzero
meld_tra_08411,1,1,1,0,0,0.000000,nomatch
meld_tra_08412,1,14,14,2,0,-0.115413,nonzero
meld_tra_08413,1,11,11,0,0,0.000000,nomatch
meld_tra_08414,1,11,11,0,0,0.000000,nomatch
meld_tra_08415,1,2,2,0,0,0.000000,nomatch
meld_tra_08416,1,2,2,0,0,0.000000,nomatch
meld_tra_08417,1,3,3,1,0,0.211959,nonzero
meld_tra_08418,1,4,4,0,0,0.000000,nomatch
meld_tra_08419,1,6,6,0,0,0.000000,nomatch
meld_tra_08420,1,6,6,1,0,-0.493915,nonzero
meld_tra_08421,1,5,5,0,0,0.000000,nomatch
meld_tra_08422,4,11,11,0,0,0.000000,nomatch
meld_tra_08423,1,13,13,0,0,0.000000,nomatch
meld_tra_08424,3,14,14,0,0,0.000000,nomatch
meld_tra_08425,1,16,16,0,0,0.000000,nomatch
meld_tra_08426,3,15,15,0,0,0.000000,nomatch
meld_tra_08427,3,22,22,1,0,-0.175581,nonzero
meld_tra_08428,1,3,3,0,0,0.000000,nomatch
meld_tra_08429,2,9,9,0,0,0.000000,nomatch
meld_tra_08430,1,1,1,0,0,0.000000,nomatch
meld_tra_08431,1,8,8,0,0,0.000000,nomatch
meld_tra_08432,1,6,6,0,0,0.000000,nomatch
meld_tra_08433,1,13,13,0,0,0.000000,nomatch
meld_tra_08434,1,1,1,0,0,0.000000,nomatch
meld_tra_08435,1,14,14,0,0,0.000000,nomatch
meld_tra_08436,3,11,11,0,0,0.000000,nomatch
meld_tra_08437,2,20,20,0,0,0.000000,nomatch
meld_tra_08438,1,7,7,0,0,0.000000,nomatch
meld_tra_08439,2,8,8,0,0,0.000000,nomatch
meld_tra_08440,2,12,12,0,0,0.000000,nomatch
meld_tra_08441,2,4,4,0,0,0.000000,nomatch
meld_tra_08442,2,5,5,0,0,0.000000,nomatch
meld_tra_08443,1,2,2,0,0,0.000000,nomatch
meld_tra_08444,1,2,2,0,0,0.000000,nomatch
meld_tra_08445,3,22,22,0,0,0.000000,nomatch
meld_tra_08446,2,6,6,0,0,0.000000,nomatch
meld_tra_08447,1,1,1,0,0,0.000000,nomatch
meld_tra_08448,1,1,1,0,0,0.000000,nomatch
meld_tra_08449,1,4,4,0,0,0.000000,nomatch
meld_tra_08450,2,10,10,0,0,0.000000,nomatch
meld_tra_08451,1,29,29,1,0,0.128037,nonzero
meld_tra_08452,1,5,5,0,0,0.000000,nomatch
meld_tra_08453,2,6,6,0,0,0.000000,nomatch
meld_tra_08454,2,6,6,0,0,0.000000,nomatch
meld_tra_08455,1,1,1,0,0,0.000000,nomatch
meld_tra_08456,1,1,1,0,0,0.000000,nomatch
meld_tra_08457,1,6,6,0,0,0.000000,nomatch
meld_tra_08458,1,11,11,0,0,0.000000,nomatch
meld_tra_08459,1,4,4,0,0,0.000000,nomatch
meld_tra_08460,2,19,19,0,0,0.000000,nomatch
meld_tra_08461,1,11,11,0,0,0.000000,nomatch
meld_tra_08462,1,7,7,0,0,0.000000,nomatch
meld_tra_08463,1,8,8,0,0,0.000000,nomatch
meld_tra_08464,1,7,7,1,0,0.202289,nonzero
meld_tra_08465,1,17,17,0,0,0.000000,nomatch
meld_tra_08466,2,9,9,0,0,0.000000,nomatch
meld_tra_08467,1,6,6,0,0,0.000000,nomatch
meld_tra_08468,1,5,5,0,0,0.000000,nomatch
meld_tra_08469,1,3,3,0,0,0.000000,nomatch
meld_tra_08470,2,15,15,0,0,0.000000,nomatch
meld_tra_08471,1,3,3,0,0,0.000000,nomatch
meld_tra_08472,1,1,1,0,0,0.000000,nomatch
meld_tra_08473,1,30,30,2,0,-0.250000,nonzero
meld_tra_08474,1,13,13,0,0,0.000000,nomatch
meld_tra_08475,1,8,8,0,0,0.000000,nomatch
meld_tra_08476,2,15,15,0,0,0.000000,nomatch
meld_tra_08477,1,11,11,0,0,0.000000,nomatch
meld_tra_08478,1,15,15,0,0,0.000000,nomatch
meld_tra_08479,1,6,6,0,0,0.000000,nomatch
meld_tra_08480,1,6,6,0,0,0.000000,nomatch
meld_tra_08481,1,1,1,0,0,0.000000,nomatch
meld_tra_08482,1,3,3,0,0,0.000000,nomatch
meld_tra_08483,1,7,7,0,0,0.000000,nomatch
meld_tra_08484,1,5,5,0,0,0.000000,nomatch
meld_tra_08485,1,11,11,1,0,-0.361158,nonzero
meld_tra_08486,1,13,13,0,0,0.000000,nomatch
meld_tra_08487,1,7,7,0,0,0.000000,nomatch
meld_tra_08488,1,3,3,0,0,0.000000,nomatch
meld_tra_08489,1,21,21,0,0,0.000000,nomatch
meld_tra_08490,1,4,4,0,0,0.000000,nomatch
meld_tra_08491,1,10,10,0,0,0.000000,nomatch
meld_tra_08492,1,17,17,2,0,0.140599,nonzero
meld_tra_08493,1,5,5,0,0,0.000000,nomatch
meld_tra_08494,1,5,5,0,0,0.000000,nomatch
meld_tra_08495,2,4,4,0,0,0.000000,nomatch
meld_tra_08496,2,15,15,1,0,0.229415,nonzero
meld_tra_08497,2,26,26,0,0,0.000000,nomatch
meld_tra_08498,1,5,5,0,0,0.000000,nomatch
meld_tra_08499,4,8,8,0,0,0.000000,nomatch
meld_tra_08500,1,9,9,0,0,0.000000,nomatch
meld_tra_08501,1,8,8,0,0,0.000000,nomatch
meld_tra_08502,1,16,16,0,0,0.000000,nomatch
meld_tra_08503,1,15,15,0,0,0.000000,nomatch
meld_tra_08504,1,2,2,0,0,0.000000,nomatch
meld_tra_08505,1,2,2,0,0,0.000000,nomatch
meld_tra_08506,2,6,6,0,0,0.000000,nomatch
meld_tra_08507,1,14,14,0,0,0.000000,nomatch
meld_tra_08508,1,5,5,0,0,0.000000,nomatch
meld_tra_08509,1,6,6,0,0,0.000000,nomatch
meld_tra_08510,1,17,17,0,0,0.000000,nomatch
meld_tra_08511,1,17,17,0,0,0.000000,nomatch
meld_tra_08512,1,14,14,0,0,0.000000,nomatch
meld_tra_08513,1,8,8,1,0,0.526742,nonzero
meld_tra_08514,1,5,5,0,0,0.000000,nomatch
meld_tra_08515,1,9,9,0,0,0.000000,nomatch
meld_tra_08516,1,24,24,1,0,0.458831,nonzero
meld_tra_08517,1,1,1,0,0,0.000000,nomatch
meld_tra_08518,1,2,2,0,0,0.000000,nomatch
meld_tra_08519,1,1,1,0,0,0.000000,nomatch
meld_tra_08520,1,6,6,0,0,0.000000,nomatch
meld_tra_08521,1,14,14,0,0,0.000000,nomatch
meld_tra_08522,1,2,2,0,0,0.000000,nomatch
meld_tra_08523,1,5,5,0,0,0.000000,nomatch
meld_tra_08524,1,3,3,0,0,0.000000,nomatch
meld_tra_08525,2,9,9,0,0,0.000000,nomatch
meld_tra_08526,3,17,17,0,0,0.000000,nomatch
meld_tra_08527,2,12,12,0,0,0.000000,nomatch
meld_tra_08528,2,18,18,0,0,0.000000,nomatch
meld_tra_08529,1,1,1,0,0,0.000000,nomatch
meld_tra_08530,1,7,7,0,0,0.000000,nomatch
meld_tra_08531,1,2,2,0,0,0.000000,nomatch
meld_tra_08532,1,7,7,0,0,0.000000,nomatch
meld_tra_08533,1,14,14,0,0,0.000000,nomatch
meld_tra_08534,1,5,5,0,0,0.000000,nomatch
meld_tra_08535,1,3,3,0,0,0.000000,nomatch
meld_tra_08536,1,3,3,0,0,0.000000,nomatch
meld_tra_08537,1,1,1,0,0,0.000000,nomatch
meld_tra_08538,1,5,5,0,0,0.000000,nomatch
meld_tra_08539,3,7,7,0,0,0.000000,nomatch
meld_tra_08540,1,6,6,0,0,0.000000,nomatch
meld_tra_08541,1,11,11,0,0,0.000000,nomatch
meld_tra_08542,1,4,4,0,0,0.000000,nomatch
meld_tra_08543,1,5,5,0,0,0.000000,nomatch
meld_tra_08544,1,5,5,0,0,0.000000,nomatch
meld_tra_08545,1,1,1,0,0,0.000000,nomatch
meld_tra_08546,1,1,1,0,0,0.000000,nomatch
meld_tra_08547,3,16,16,0,0,0.000000,nomatch
meld_tra_08548,1,7,7,0,0,0.000000,nomatch
meld_tra_08549,2,18,18,0,0,0.000000,nomatch
meld_tra_08550,1,5,5,0,0,0.000000,nomatch
meld_tra_08551,1,21,21,1,0,0.542326,nonzero
meld_tra_08552,2,20,20,0,0,0.000000,nomatch
meld_tra_08553,1,5,5,0,0,0.000000,nomatch
meld_tra_08554,1,15,15,0,0,0.000000,nomatch
meld_tra_08555,1,4,4,0,0,0.000000,nomatch
meld_tra_08556,2,17,17,0,0,0.000000,nomatch
meld_tra_08557,1,28,28,0,0,0.000000,nomatch
meld_tra_08558,1,2,2,0,0,0.000000,nomatch
meld_tra_08559,2,16,16,0,0,0.000000,nomatch
meld_tra_08560,1,4,4,0,0,0.000000,nomatch
meld_tra_08561,2,18,18,0,0,0.000000,nomatch
meld_tra_08562,1,1,1,0,0,0.000000,nomatch
meld_tra_08563,1,5,5,0,0,0.000000,nomatch
meld_tra_08564,1,14,14,0,0,0.000000,nomatch
meld_tra_08565,1,13,13,0,0,0.000000,nomatch
meld_tra_08566,3,16,16,0,0,0.000000,nomatch
meld_tra_08567,3,21,21,0,0,0.000000,nomatch
meld_tra_08568,1,4,4,0,0,0.000000,nomatch
meld_tra_08569,1,2,2,0,0,0.000000,nomatch
meld_tra_08570,1,7,7,0,0,0.000000,nomatch
meld_tra_08571,1,15,15,0,0,0.000000,nomatch
meld_tra_08572,1,8,8,0,0,0.000000,nomatch
meld_tra_08573,1,7,7,1,0,0.361158,nonzero
meld_tra_08574,4,10,10,0,0,0.000000,nomatch
meld_tra_08575,1,1,1,0,0,0.000000,nomatch
meld_tra_08576,4,24,24,0,0,0.000000,nomatch
meld_tra_08577,2,4,4,0,0,0.000000,nomatch
meld_tra_08578,1,2,2,0,0,0.000000,nomatch
meld_tra_08579,2,3,3,0,0,0.000000,nomatch
meld_tra_08580,1,13,13,0,0,0.000000,nomatch
meld_tra_08581,1,7,7,0,0,0.000000,nomatch
meld_tra_08582,1,9,9,0,0,0.000000,nomatch
meld_tra_08583,1,32,32,0,0,0.000000,nomatch
meld_tra_08584,1,2,2,0,0,0.000000,nomatch
meld_tra_08585,1,2,2,0,0,0.000000,nomatch
meld_tra_08586,1,9,9,0,0,0.000000,nomatch
meld_tra_08587,1,11,11,0,0,0.000000,nomatch
meld_tra_08588,1,7,7,0,0,0.000000,nomatch
meld_tra_08589,1,4,4,0,0,0.000000,nomatch
meld_tra_08590,1,2,2,0,0,0.000000,nomatch
meld_tra_08591,1,8,8,0,0,0.000000,nomatch
meld_tra_08592,4,13,13,1,0,-0.090289,nonzero
meld_tra_08593,1,11,11,0,0,0.000000,nomatch
meld_tra_08594,1,4,4,0,0,0.000000,nomatch
meld_tra_08595,1,6,6,0,0,0.000000,nomatch
meld_tra_08596,2,11,11,0,0,0.000000,nomatch
meld_tra_08597,2,7,7,0,0,0.000000,nomatch
meld_tra_08598,1,20,20,0,0,0.000000,nomatch
meld_tra_08599,1,11,11,0,0,0.000000,nomatch
meld_tra_08600,1,7,7,0,0,0.000000,nomatch
meld_tra_08601,1,4,4,0,0,0.000000,nomatch
meld_tra_08602,1,4,4,0,0,0.000000,nomatch
meld_tra_08603,1,1,1,0,0,0.000000,nomatch
meld_tra_08604,1,10,10,1,0,0.542326,nonzero
meld_tra_08605,1,4,4,1,0,0.542326,nonzero
meld_tra_08606,1,8,8,0,0,0.000000,nomatch
meld_tra_08607,1,6,6,1,0,-0.361158,nonzero
meld_tra_08608,1,25,25,0,0,0.000000,nomatch
meld_tra_08609,2,11,11,1,0,0.271163,nonzero
meld_tra_08610,1,2,2,0,0,0.000000,nomatch
meld_tra_08611,1,7,7,0,0,0.000000,nomatch
meld_tra_08612,2,5,5,0,0,0.000000,nomatch
meld_tra_08613,1,1,1,0,0,0.000000,nomatch
meld_tra_08614,1,8,8,0,0,0.000000,nomatch
meld_tra_08615,3,5,5,0,0,0.000000,nomatch
meld_tra_08616,4,6,6,0,0,0.000000,nomatch
meld_tra_08617,1,9,9,0,0,0.000000,nomatch
meld_tra_08618,1,7,7,0,0,0.000000,nomatch
meld_tra_08619,2,9,9,0,0,0.000000,nomatch
meld_tra_08620,2,8,8,0,0,0.000000,nomatch
meld_tra_08621,3,8,8,0,0,0.000000,nomatch
meld_tra_08622,1,1,1,0,0,0.000000,nomatch
meld_tra_08623,2,9,9,0,0,0.000000,nomatch
meld_tra_08624,1,5,5,0,0,0.000000,nomatch
meld_tra_08625,2,17,17,0,0,0.000000,nomatch
meld_tra_08626,1,2,2,0,0,0.000000,nomatch
meld_tra_08627,3,15,15,0,0,0.000000,nomatch
meld_tra_08628,2,4,4,0,0,0.000000,nomatch
meld_tra_08629,2,5,5,0,0,0.000000,nomatch
meld_tra_08630,2,6,6,0,0,0.000000,nomatch
meld_tra_08631,1,1,1,0,0,0.000000,nomatch
meld_tra_08632,1,1,1,0,0,0.000000,nomatch
meld_tra_08633,1,1,1,0,0,0.000000,nomatch
meld_tra_08634,1,5,5,0,0,0.000000,nomatch
meld_tra_08635,2,5,5,0,0,0.000000,nomatch
meld_tra_08636,3,13,13,1,0,-0.120386,nonzero
meld_tra_08637,1,37,37,1,0,-0.361158,nonzero
meld_tra_08638,1,4,4,0,0,0.000000,nomatch
meld_tra_08639,1,3,3,0,0,0.000000,nomatch
meld_tra_08640,1,4,4,0,0,0.000000,nomatch
meld_tra_08641,1,11,11,1,0,0.250000,nonzero
meld_tra_08642,2,7,7,0,0,0.000000,nomatch
meld_tra_08643,1,1,1,0,0,0.000000,nomatch
meld_tra_08644,4,23,23,0,0,0.000000,nomatch
meld_tra_08645,4,17,17,1,0,0.136345,nonzero
meld_tra_08646,3,4,4,0,0,0.000000,nomatch
meld_tra_08647,5,17,17,2,0,0.048783,nonzero
meld_tra_08648,1,1,1,0,0,0.000000,nomatch
meld_tra_08649,1,1,1,0,0,0.000000,nomatch
meld_tra_08650,1,3,3,0,0,0.000000,nomatch
meld_tra_08651,1,2,2,0,0,0.000000,nomatch
meld_tra_08652,1,6,6,0,0,0.000000,nomatch
meld_tra_08653,1,6,6,0,0,0.000000,nomatch
meld_tra_08654,1,3,3,0,0,0.000000,nomatch
meld_tra_08655,1,1,1,0,0,0.000000,nomatch
meld_tra_08656,2,5,5,0,0,0.000000,nomatch
meld_tra_08657,1,1,1,0,0,0.000000,nomatch
meld_tra_08658,3,5,5,0,0,0.000000,nomatch
meld_tra_08659,2,9,9,1,0,0.306186,nonzero
meld_tra_08660,1,1,1,0,0,0.000000,nomatch
meld_tra_08661,1,3,3,0,0,0.000000,nomatch
meld_tra_08662,1,31,31,0,0,0.000000,nomatch
meld_tra_08663,1,15,15,1,0,-0.361158,nonzero
meld_tra_08664,1,13,13,0,0,0.000000,nomatch
meld_tra_08665,3,15,15,0,0,0.000000,nomatch
meld_tra_08666,1,1,1,0,0,0.000000,nomatch
meld_tra_08667,1,6,6,0,0,0.000000,nomatch
meld_tra_08668,3,10,10,0,0,0.000000,nomatch
meld_tra_08669,1,12,12,1,0,0.578947,nonzero
meld_tra_08670,1,8,8,0,0,0.000000,nomatch
meld_tra_08671,2,24,24,2,0,0.361158,nonzero
meld_tra_08672,3,11,11,0,0,0.000000,nomatch
meld_tra_08673,1,3,3,0,0,0.000000,nomatch
meld_tra_08674,1,1,1,0,0,0.000000,nomatch
meld_tra_08675,2,20,20,0,0,0.000000,nomatch
meld_tra_08676,1,6,6,0,0,0.000000,nomatch
meld_tra_08677,1,2,2,0,0,0.000000,nomatch
meld_tra_08678,1,5,5,0,0,0.000000,nomatch
meld_tra_08679,1,8,8,0,0,0.000000,nomatch
meld_tra_08680,1,7,7,1,0,0.128037,nonzero
meld_tra_08681,1,6,6,0,0,0.000000,nomatch
meld_tra_08682,1,3,3,0,0,0.000000,nomatch
meld_tra_08683,1,7,7,0,0,0.000000,nomatch
meld_tra_08684,2,20,20,0,0,0.000000,nomatch
meld_tra_08685,1,6,6,0,0,0.000000,nomatch
meld_tra_08686,1,3,3,0,0,0.000000,nomatch
meld_tra_08687,3,13,13,0,0,0.000000,nomatch
meld_tra_08688,2,13,13,0,0,0.000000,nomatch
meld_tra_08689,1,3,3,0,0,0.000000,nomatch
meld_tra_08690,1,12,12,0,0,0.000000,nomatch
meld_tra_08691,1,15,15,0,0,0.000000,nomatch
meld_tra_08692,1,14,14,0,0,0.000000,nomatch
meld_tra_08693,2,15,15,0,0,0.000000,nomatch
meld_tra_08694,1,2,2,0,0,0.000000,nomatch
meld_tra_08695,1,10,10,0,0,0.000000,nomatch
meld_tra_08696,1,13,13,1,0,0.361158,nonzero
meld_tra_08697,1,14,14,0,0,0.000000,nomatch
meld_tra_08698,1,12,12,0,0,0.000000,nomatch
meld_tra_08699,1,4,4,0,0,0.000000,nomatch
meld_tra_08700,4,17,17,0,0,0.000000,nomatch
meld_tra_08701,1,2,2,0,0,0.000000,nomatch
meld_tra_08702,1,4,4,0,0,0.000000,nomatch
meld_tra_08703,1,6,6,0,0,0.000000,nomatch
meld_tra_08704,1,6,6,1,0,0.090003,nonzero
meld_tra_08705,3,12,12,0,0,0.000000,nomatch
meld_tra_08706,1,5,5,0,0,0.000000,nomatch
meld_tra_08707,3,17,17,1,0,0.120386,nonzero
meld_tra_08708,1,7,7,0,0,0.000000,nomatch
meld_tra_08709,1,7,7,0,0,0.000000,nomatch
meld_tra_08710,1,5,5,0,0,0.000000,nomatch
meld_tra_08711,1,11,11,0,0,0.000000,nomatch
meld_tra_08712,1,2,2,0,0,0.000000,nomatch
meld_tra_08713,2,22,22,0,0,0.000000,nomatch
meld_tra_08714,1,7,7,0,0,0.000000,nomatch
meld_tra_08715,1,24,24,1,0,0.542326,nonzero
meld_tra_08716,1,10,10,2,0,0.000000,cancel
meld_tra_08717,1,1,1,0,0,0.000000,nomatch
meld_tra_08718,1,17,17,2,0,0.000000,cancel
meld_tra_08719,1,11,11,0,0,0.000000,nomatch
meld_tra_08720,1,6,6,0,0,0.000000,nomatch
meld_tra_08721,1,1,1,0,0,0.000000,nomatch
meld_tra_08722,1,7,7,0,0,0.000000,nomatch
meld_tra_08723,1,11,11,1,0,0.421464,nonzero
meld_tra_08724,1,28,28,1,0,0.361158,nonzero
meld_tra_08725,1,10,10,1,0,0.261663,nonzero
meld_tra_08726,1,9,9,0,0,0.000000,nomatch
meld_tra_08727,1,3,3,0,0,0.000000,nomatch
meld_tra_08728,1,10,10,0,0,0.000000,nomatch
meld_tra_08729,1,13,13,0,0,0.000000,nomatch
meld_tra_08730,1,1,1,0,0,0.000000,nomatch
meld_tra_08731,1,1,1,0,0,0.000000,nomatch
meld_tra_08732,1,4,4,0,0,0.000000,nomatch
meld_tra_08733,1,2,2,0,0,0.000000,nomatch
meld_tra_08734,5,12,12,0,0,0.000000,nomatch
meld_tra_08735,1,17,17,0,0,0.000000,nomatch
meld_tra_08736,2,16,16,0,0,0.000000,nomatch
meld_tra_08737,1,7,7,0,0,0.000000,nomatch
meld_tra_08738,1,12,12,0,0,0.000000,nomatch
meld_tra_08739,1,35,35,0,0,0.000000,nomatch
meld_tra_08740,1,6,6,0,0,0.000000,nomatch
meld_tra_08741,1,3,3,0,0,0.000000,nomatch
meld_tra_08742,1,7,7,0,0,0.000000,nomatch
meld_tra_08743,1,5,5,1,0,0.361158,nonzero
meld_tra_08744,1,8,8,0,0,0.000000,nomatch
meld_tra_08745,1,28,28,0,0,0.000000,nomatch
meld_tra_08746,2,11,11,1,0,0.210732,nonzero
meld_tra_08747,1,2,2,0,0,0.000000,nomatch
meld_tra_08748,1,20,20,0,0,0.000000,nomatch
meld_tra_08749,4,7,7,0,0,0.000000,nomatch
meld_tra_08750,1,1,1,0,0,0.000000,nomatch
meld_tra_08751,2,5,5,0,0,0.000000,nomatch
meld_tra_08752,1,3,3,0,0,0.000000,nomatch
meld_tra_08753,1,7,7,0,0,0.000000,nomatch
meld_tra_08754,2,20,20,0,0,0.000000,nomatch
meld_tra_08755,1,9,9,0,0,0.000000,nomatch
meld_tra_08756,1,9,9,1,0,0.563239,nonzero
meld_tra_08757,7,12,12,0,0,0.000000,nomatch
meld_tra_08758,1,5,5,0,0,0.000000,nomatch
meld_tra_08759,1,7,7,0,0,0.000000,nomatch
meld_tra_08760,1,28,28,1,0,0.542326,nonzero
meld_tra_08761,1,6,6,0,0,0.000000,nomatch
meld_tra_08762,3,12,12,0,0,0.000000,nomatch
meld_tra_08763,1,4,4,0,0,0.000000,nomatch
meld_tra_08764,1,1,1,0,0,0.000000,nomatch
meld_tra_08765,1,1,1,0,0,0.000000,nomatch
meld_tra_08766,1,10,10,1,0,0.202289,nonzero
meld_tra_08767,1,6,6,0,0,0.000000,nomatch
meld_tra_08768,1,1,1,0,0,0.000000,nomatch
meld_tra_08769,1,2,2,0,0,0.000000,nomatch
meld_tra_08770,2,12,12,0,1,-0.064019,nonzero
meld_tra_08771,1,2,2,0,0,0.000000,nomatch
meld_tra_08772,1,6,6,0,0,0.000000,nomatch
meld_tra_08773,1,1,1,0,0,0.000000,nomatch
meld_tra_08774,2,15,15,0,0,0.000000,nomatch
meld_tra_08775,2,18,18,1,0,-0.180579,nonzero
meld_tra_08776,2,10,10,0,0,0.000000,nomatch
meld_tra_08777,2,17,17,0,0,0.000000,nomatch
meld_tra_08778,3,11,11,0,0,0.000000,nomatch
meld_tra_08779,3,6,6,0,0,0.000000,nomatch
meld_tra_08780,3,4,4,0,0,0.000000,nomatch
meld_tra_08781,4,9,9,0,0,0.000000,nomatch
meld_tra_08782,3,20,20,0,0,0.000000,nomatch
meld_tra_08783,1,1,1,0,0,0.000000,nomatch
meld_tra_08784,1,5,5,0,0,0.000000,nomatch
meld_tra_08785,1,18,18,0,0,0.000000,nomatch
meld_tra_08786,1,10,10,0,0,0.000000,nomatch
meld_tra_08787,3,11,11,0,0,0.000000,nomatch
meld_tra_08788,2,4,4,1,0,0.180579,nonzero
meld_tra_08789,1,10,10,0,0,0.000000,nomatch
meld_tra_08790,1,6,6,0,0,0.000000,nomatch
meld_tra_08791,4,21,21,0,0,0.000000,nomatch
meld_tra_08792,1,21,21,0,0,0.000000,nomatch
meld_tra_08793,1,5,5,0,0,0.000000,nomatch
meld_tra_08794,1,1,1,0,0,0.000000,nomatch
meld_tra_08795,4,13,13,0,0,0.000000,nomatch
meld_tra_08796,3,17,17,0,0,0.000000,nomatch
meld_tra_08797,1,2,2,0,0,0.000000,nomatch
meld_tra_08798,1,14,14,0,0,0.000000,nomatch
meld_tra_08799,1,1,1,0,0,0.000000,nomatch
meld_tra_08800,1,3,3,0,0,0.000000,nomatch
meld_tra_08801,1,1,1,0,0,0.000000,nomatch
meld_tra_08802,1,1,1,0,0,0.000000,nomatch
meld_tra_08803,1,13,13,0,0,0.000000,nomatch
meld_tra_08804,2,9,9,0,0,0.000000,nomatch
meld_tra_08805,2,10,10,0,0,0.000000,nomatch
meld_tra_08806,1,14,14,0,0,0.000000,nomatch
meld_tra_08807,1,7,7,1,0,-0.090003,nonzero
meld_tra_08808,1,23,23,0,0,0.000000,nomatch
meld_tra_08809,1,6,6,0,0,0.000000,nomatch
meld_tra_08810,1,18,18,0,0,0.000000,nomatch
meld_tra_08811,1,14,14,0,0,0.000000,nomatch
meld_tra_08812,1,3,3,0,0,0.000000,nomatch
meld_tra_08813,2,19,19,0,0,0.000000,nomatch
meld_tra_08814,1,2,2,0,0,0.000000,nomatch
meld_tra_08815,1,2,2,0,0,0.000000,nomatch
meld_tra_08816,1,2,2,0,0,0.000000,nomatch
meld_tra_08817,1,1,1,0,0,0.000000,nomatch
meld_tra_08818,1,6,6,1,0,0.202289,nonzero
meld_tra_08819,1,7,7,0,0,0.000000,nomatch
meld_tra_08820,2,6,6,0,0,0.000000,nomatch
meld_tra_08821,1,13,13,0,0,0.000000,nomatch
meld_tra_08822,2,15,15,0,0,0.000000,nomatch
meld_tra_08823,1,1,1,0,0,0.000000,nomatch
meld_tra_08824,1,1,1,0,0,0.000000,nomatch
meld_tra_08825,2,5,5,0,0,0.000000,nomatch
meld_tra_08826,2,23,23,0,0,0.000000,nomatch
meld_tra_08827,1,9,9,0,0,0.000000,nomatch
meld_tra_08828,1,1,1,0,0,0.000000,nomatch
meld_tra_08829,1,3,3,0,0,0.000000,nomatch
meld_tra_08830,1,2,2,0,0,0.000000,nomatch
meld_tra_08831,1,8,8,0,0,0.000000,nomatch
meld_tra_08832,5,5,5,0,0,0.000000,nomatch
meld_tra_08833,1,14,14,0,0,0.000000,nomatch
meld_tra_08834,1,2,2,0,0,0.000000,nomatch
meld_tra_08835,1,10,10,0,0,0.000000,nomatch
meld_tra_08836,1,2,2,0,0,0.000000,nomatch
meld_tra_08837,1,2,2,0,0,0.000000,nomatch
meld_tra_08838,2,2,2,0,0,0.000000,nomatch
meld_tra_08839,1,2,2,0,0,0.000000,nomatch
meld_tra_08840,2,12,12,0,0,0.000000,nomatch
meld_tra_08841,1,4,4,0,0,0.000000,nomatch
meld_tra_08842,1,2,2,0,0,0.000000,nomatch
meld_tra_08843,1,3,3,0,0,0.000000,nomatch
meld_tra_08844,1,10,10,0,0,0.000000,nomatch
meld_tra_08845,1,2,2,0,0,0.000000,nomatch
meld_tra_08846,1,1,1,0,0,0.000000,nomatch
meld_tra_08847,2,10,10,0,0,0.000000,nomatch
meld_tra_08848,1,2,2,0,0,0.000000,nomatch
meld_tra_08849,1,5,5,0,0,0.000000,nomatch
meld_tra_08850,1,7,7,0,0,0.000000,nomatch
meld_tra_08851,1,5,5,0,0,0.000000,nomatch
meld_tra_08852,1,23,23,0,0,0.000000,nomatch
meld_tra_08853,2,6,6,0,0,0.000000,nomatch
meld_tra_08854,1,8,8,0,0,0.000000,nomatch
meld_tra_08855,1,16,16,0,0,0.000000,nomatch
meld_tra_08856,1,8,8,0,0,0.000000,nomatch
meld_tra_08857,2,19,19,0,0,0.000000,nomatch
meld_tra_08858,1,5,5,0,0,0.000000,nomatch
meld_tra_08859,1,1,1,0,0,0.000000,nomatch
meld_tra_08860,1,1,1,0,0,0.000000,nomatch
meld_tra_08861,1,19,19,0,0,0.000000,nomatch
meld_tra_08862,2,10,10,0,0,0.000000,nomatch
meld_tra_08863,1,6,6,0,0,0.000000,nomatch
meld_tra_08864,2,7,7,0,0,0.000000,nomatch
meld_tra_08865,1,2,2,0,0,0.000000,nomatch
meld_tra_08866,2,20,20,0,0,0.000000,nomatch
meld_tra_08867,2,14,14,0,0,0.000000,nomatch
meld_tra_08868,2,11,11,0,0,0.000000,nomatch
meld_tra_08869,1,4,4,0,0,0.000000,nomatch
meld_tra_08870,1,5,5,0,0,0.000000,nomatch
meld_tra_08871,1,1,1,0,0,0.000000,nomatch
meld_tra_08872,1,7,7,0,0,0.000000,nomatch
meld_tra_08873,1,3,3,0,0,0.000000,nomatch
meld_tra_08874,1,6,6,0,0,0.000000,nomatch
meld_tra_08875,1,7,7,0,0,0.000000,nomatch
meld_tra_08876,1,14,14,0,0,0.000000,nomatch
meld_tra_08877,2,9,9,0,0,0.000000,nomatch
meld_tra_08878,3,8,8,0,0,0.000000,nomatch
meld_tra_08879,1,1,1,0,0,0.000000,nomatch
meld_tra_08880,1,3,3,0,0,0.000000,nomatch
meld_tra_08881,1,10,10,0,0,0.000000,nomatch
meld_tra_08882,1,6,6,1,0,0.542326,nonzero
meld_tra_08883,1,3,3,0,0,0.000000,nomatch
meld_tra_08884,1,5,5,0,0,0.000000,nomatch
meld_tra_08885,1,3,3,0,0,0.000000,nomatch
meld_tra_08886,1,13,13,0,0,0.000000,nomatch
meld_tra_08887,2,6,6,0,0,0.000000,nomatch
meld_tra_08888,2,10,10,0,0,0.000000,nomatch
meld_tra_08889,1,16,16,0,0,0.000000,nomatch
meld_tra_08890,1,5,5,0,0,0.000000,nomatch
meld_tra_08891,1,1,1,0,0,0.000000,nomatch
meld_tra_08892,1,2,2,0,0,0.000000,nomatch
meld_tra_08893,1,1,1,0,0,0.000000,nomatch
meld_tra_08894,2,21,21,0,0,0.000000,nomatch
meld_tra_08895,1,9,9,0,0,0.000000,nomatch
meld_tra_08896,1,6,6,0,0,0.000000,nomatch
meld_tra_08897,1,29,29,0,0,0.000000,nomatch
meld_tra_08898,4,15,15,0,0,0.000000,nomatch
meld_tra_08899,1,2,2,0,0,0.000000,nomatch
meld_tra_08900,1,1,1,0,0,0.000000,nomatch
meld_tra_08901,2,11,11,0,0,0.000000,nomatch
meld_tra_08902,4,19,19,0,0,0.000000,nomatch
meld_tra_08903,3,17,17,1,0,-0.120386,nonzero
meld_tra_08904,1,4,4,0,0,0.000000,nomatch
meld_tra_08905,1,3,3,0,0,0.000000,nomatch
meld_tra_08906,1,6,6,0,0,0.000000,nomatch
meld_tra_08907,1,10,10,1,0,0.542326,nonzero
meld_tra_08908,4,9,9,0,0,0.000000,nomatch
meld_tra_08909,3,6,6,0,0,0.000000,nomatch
meld_tra_08910,1,3,3,0,0,0.000000,nomatch
meld_tra_08911,5,15,15,0,0,0.000000,nomatch
meld_tra_08912,1,1,1,0,0,0.000000,nomatch
meld_tra_08913,1,8,8,0,0,0.000000,nomatch
meld_tra_08914,2,11,11,0,0,0.000000,nomatch
meld_tra_08915,1,6,6,0,0,0.000000,nomatch
meld_tra_08916,2,10,10,1,0,-0.180579,nonzero
meld_tra_08917,1,10,10,1,0,0.542326,nonzero
meld_tra_08918,1,15,15,0,0,0.000000,nomatch
meld_tra_08919,2,9,9,0,0,0.000000,nomatch
meld_tra_08920,1,9,9,0,0,0.000000,nomatch
meld_tra_08921,1,9,9,0,0,0.000000,nomatch
meld_tra_08922,1,15,15,0,0,0.000000,nomatch
meld_tra_08923,1,7,7,0,0,0.000000,nomatch
meld_tra_08924,1,16,16,2,0,0.718421,nonzero
meld_tra_08925,1,4,4,0,0,0.000000,nomatch
meld_tra_08926,1,6,6,0,0,0.000000,nomatch
meld_tra_08927,1,1,1,0,0,0.000000,nomatch
meld_tra_08928,1,9,9,1,0,0.542326,nonzero
meld_tra_08929,1,17,17,0,0,0.000000,nomatch
meld_tra_08930,1,6,6,0,0,0.000000,nomatch
meld_tra_08931,1,5,5,0,0,0.000000,nomatch
meld_tra_08932,1,13,13,0,0,0.000000,nomatch
meld_tra_08933,3,13,13,0,0,0.000000,nomatch
meld_tra_08934,6,20,20,0,0,0.000000,nomatch
meld_tra_08935,1,4,4,0,0,0.000000,nomatch
meld_tra_08936,1,7,7,0,0,0.000000,nomatch
meld_tra_08937,1,3,3,0,0,0.000000,nomatch
meld_tra_08938,1,10,10,0,0,0.000000,nomatch
meld_tra_08939,1,1,1,0,0,0.000000,nomatch
meld_tra_08940,1,1,1,0,0,0.000000,nomatch
meld_tra_08941,1,5,5,0,0,0.000000,nomatch
meld_tra_08942,1,23,23,0,0,0.000000,nomatch
meld_tra_08943,1,22,22,0,0,0.000000,nomatch
meld_tra_08944,1,8,8,0,0,0.000000,nomatch
meld_tra_08945,1,1,1,1,0,0.361158,nonzero
meld_tra_08946,1,1,1,0,0,0.000000,nomatch
meld_tra_08947,1,2,2,0,0,0.000000,nomatch
meld_tra_08948,1,2,2,0,0,0.000000,nomatch
meld_tra_08949,2,7,7,0,0,0.000000,nomatch
meld_tra_08950,1,6,6,0,0,0.000000,nomatch
meld_tra_08951,1,11,11,0,0,0.000000,nomatch
meld_tra_08952,1,1,1,0,0,0.000000,nomatch
meld_tra_08953,1,1,1,0,0,0.000000,nomatch
meld_tra_08954,1,4,4,0,0,0.000000,nomatch
meld_tra_08955,1,7,7,0,0,0.000000,nomatch
meld_tra_08956,2,6,6,0,0,0.000000,nomatch
meld_tra_08957,1,9,9,0,0,0.000000,nomatch
meld_tra_08958,1,3,3,0,0,0.000000,nomatch
meld_tra_08959,1,10,10,0,0,0.000000,nomatch
meld_tra_08960,1,13,13,0,0,0.000000,nomatch
meld_tra_08961,1,9,9,0,0,0.000000,nomatch
meld_tra_08962,2,22,22,1,0,-0.147979,nonzero
meld_tra_08963,2,11,11,0,0,0.000000,nomatch
meld_tra_08964,2,12,12,0,0,0.000000,nomatch
meld_tra_08965,2,3,3,0,0,0.000000,nomatch
meld_tra_08966,1,2,2,0,0,0.000000,nomatch
meld_tra_08967,3,15,15,0,0,0.000000,nomatch
meld_tra_08968,3,18,18,0,0,0.000000,nomatch
meld_tra_08969,1,6,6,0,0,0.000000,nomatch
meld_tra_08970,1,3,3,0,0,0.000000,nomatch
meld_tra_08971,1,9,9,0,0,0.000000,nomatch
meld_tra_08972,1,8,8,0,0,0.000000,nomatch
meld_tra_08973,1,5,5,0,0,0.000000,nomatch
meld_tra_08974,1,1,1,0,0,0.000000,nomatch
meld_tra_08975,1,10,10,0,0,0.000000,nomatch
meld_tra_08976,2,22,22,0,0,0.000000,nomatch
meld_tra_08977,1,9,9,0,0,0.000000,nomatch
meld_tra_08978,2,8,8,0,0,0.000000,nomatch
meld_tra_08979,2,8,8,0,0,0.000000,nomatch
meld_tra_08980,1,21,21,0,0,0.000000,nomatch
meld_tra_08981,1,8,8,0,0,0.000000,nomatch
meld_tra_08982,2,4,4,0,0,0.000000,nomatch
meld_tra_08983,1,2,2,0,0,0.000000,nomatch
meld_tra_08984,1,7,7,0,0,0.000000,nomatch
meld_tra_08985,1,5,5,0,0,0.000000,nomatch
meld_tra_08986,1,6,6,0,0,0.000000,nomatch
meld_tra_08987,2,9,9,0,0,0.000000,nomatch
meld_tra_08988,2,9,9,0,0,0.000000,nomatch
meld_tra_08989,1,9,9,0,0,0.000000,nomatch
meld_tra_08990,1,7,7,0,1,-0.128037,nonzero
meld_tra_08991,1,7,7,0,0,0.000000,nomatch
meld_tra_08992,2,16,16,0,0,0.000000,nomatch
meld_tra_08993,2,16,16,1,0,0.229415,nonzero
meld_tra_08994,2,3,3,0,0,0.000000,nomatch
meld_tra_08995,1,9,9,0,0,0.000000,nomatch
meld_tra_08996,2,12,12,0,0,0.000000,nomatch
meld_tra_08997,2,7,7,0,0,0.000000,nomatch
meld_tra_08998,1,1,1,0,0,0.000000,nomatch
meld_tra_08999,2,18,18,0,0,0.000000,nomatch
meld_tra_09000,1,1,1,0,0,0.000000,nomatch
meld_tra_09001,2,12,12,0,0,0.000000,nomatch
meld_tra_09002,1,5,5,0,0,0.000000,nomatch
meld_tra_09003,2,5,5,0,0,0.000000,nomatch
meld_tra_09004,2,10,10,1,0,0.210732,nonzero
meld_tra_09005,2,14,14,0,0,0.000000,nomatch
meld_tra_09006,1,4,4,0,0,0.000000,nomatch
meld_tra_09007,1,11,11,0,0,0.000000,nomatch
meld_tra_09008,1,11,11,0,0,0.000000,nomatch
meld_tra_09009,1,6,6,0,0,0.000000,nomatch
meld_tra_09010,2,9,9,0,0,0.000000,nomatch
meld_tra_09011,1,5,5,0,0,0.000000,nomatch
meld_tra_09012,1,2,2,0,0,0.000000,nomatch
meld_tra_09013,2,7,7,0,0,0.000000,nomatch
meld_tra_09014,1,16,16,4,0,-0.960899,nonzero
meld_tra_09015,1,6,6,0,0,0.000000,nomatch
meld_tra_09016,1,40,40,0,0,0.000000,nomatch
meld_tra_09017,3,22,22,0,0,0.000000,nomatch
meld_tra_09018,1,10,10,0,0,0.000000,nomatch
meld_tra_09019,1,27,27,0,0,0.000000,nomatch
meld_tra_09020,2,7,7,1,0,-0.289473,nonzero
meld_tra_09021,1,11,11,0,0,0.000000,nomatch
meld_tra_09022,1,9,9,0,0,0.000000,nomatch
meld_tra_09023,2,19,19,0,0,0.000000,nomatch
meld_tra_09024,1,17,17,0,0,0.000000,nomatch
meld_tra_09025,1,10,10,0,0,0.000000,nomatch
meld_tra_09026,1,5,5,0,0,0.000000,nomatch
meld_tra_09027,1,1,1,0,0,0.000000,nomatch
meld_tra_09028,1,5,5,0,0,0.000000,nomatch
meld_tra_09029,1,5,5,0,0,0.000000,nomatch
meld_tra_09030,1,8,8,0,0,0.000000,nomatch
meld_tra_09031,1,1,1,0,0,0.000000,nomatch
meld_tra_09032,1,10,10,0,0,0.000000,nomatch
meld_tra_09033,1,3,3,0,0,0.000000,nomatch
meld_tra_09034,1,1,1,0,0,0.000000,nomatch
meld_tra_09035,1,25,25,2,0,-0.411765,nonzero
meld_tra_09036,2,5,5,0,0,0.000000,nomatch
meld_tra_09037,2,8,8,0,0,0.000000,nomatch
meld_tra_09038,2,5,5,0,0,0.000000,nomatch
meld_tra_09039,1,6,6,0,0,0.000000,nomatch
meld_tra_09040,1,4,4,0,0,0.000000,nomatch
meld_tra_09041,1,1,1,0,0,0.000000,nomatch
meld_tra_09042,1,2,2,0,0,0.000000,nomatch
meld_tra_09043,1,1,1,0,0,0.000000,nomatch
meld_tra_09044,1,6,6,0,0,0.000000,nomatch
meld_tra_09045,1,2,2,0,0,0.000000,nomatch
meld_tra_09046,1,6,6,0,0,0.000000,nomatch
meld_tra_09047,2,13,13,0,0,0.000000,nomatch
meld_tra_09048,1,1,1,0,0,0.000000,nomatch
meld_tra_09049,1,24,24,0,0,0.000000,nomatch
meld_tra_09050,1,14,14,0,0,0.000000,nomatch
meld_tra_09051,1,7,7,0,0,0.000000,nomatch
meld_tra_09052,2,6,6,0,0,0.000000,nomatch
meld_tra_09053,2,22,22,2,0,0.377394,nonzero
meld_tra_09054,4,16,16,0,0,0.000000,nomatch
meld_tra_09055,2,23,23,0,0,0.000000,nomatch
meld_tra_09056,1,2,2,0,0,0.000000,nomatch
meld_tra_09057,1,3,3,0,0,0.000000,nomatch
meld_tra_09058,1,21,21,0,0,0.000000,nomatch
meld_tra_09059,1,8,8,0,0,0.000000,nomatch
meld_tra_09060,1,1,1,0,0,0.000000,nomatch
meld_tra_09061,1,9,9,0,0,0.000000,nomatch
meld_tra_09062,1,1,1,0,0,0.000000,nomatch
meld_tra_09063,1,12,12,0,0,0.000000,nomatch
meld_tra_09064,1,12,12,0,0,0.000000,nomatch
meld_tra_09065,1,2,2,0,0,0.000000,nomatch
meld_tra_09066,1,1,1,0,0,0.000000,nomatch
meld_tra_09067,1,5,5,0,0,0.000000,nomatch
meld_tra_09068,1,18,18,0,0,0.000000,nomatch
meld_tra_09069,1,1,1,1,0,0.361158,nonzero
meld_tra_09070,1,1,1,0,0,0.000000,nomatch
meld_tra_09071,1,27,27,1,0,0.361158,nonzero
meld_tra_09072,1,9,9,0,0,0.000000,nomatch
meld_tra_09073,1,2,2,0,0,0.000000,nomatch
meld_tra_09074,1,1,1,0,0,0.000000,nomatch
meld_tra_09075,1,13,13,1,0,0.542326,nonzero
meld_tra_09076,1,2,2,0,0,0.000000,nomatch
meld_tra_09077,1,7,7,0,0,0.000000,nomatch
meld_tra_09078,1,4,4,0,0,0.000000,nomatch
meld_tra_09079,3,10,10,0,0,0.000000,nomatch
meld_tra_09080,2,8,8,0,0,0.000000,nomatch
meld_tra_09081,1,7,7,0,0,0.000000,nomatch
meld_tra_09082,2,8,8,0,0,0.000000,nomatch
meld_tra_09083,1,9,9,0,0,0.000000,nomatch
meld_tra_09084,1,10,10,0,0,0.000000,nomatch
meld_tra_09085,2,5,5,0,0,0.000000,nomatch
meld_tra_09086,3,11,11,0,0,0.000000,nomatch
meld_tra_09087,1,2,2,0,0,0.000000,nomatch
meld_tra_09088,1,4,4,0,0,0.000000,nomatch
meld_tra_09089,2,10,10,0,0,0.000000,nomatch
meld_tra_09090,1,11,11,0,0,0.000000,nomatch
meld_tra_09091,1,2,2,0,0,0.000000,nomatch
meld_tra_09092,1,3,3,0,0,0.000000,nomatch
meld_tra_09093,1,8,8,0,0,0.000000,nomatch
meld_tra_09094,1,7,7,1,0,0.361158,nonzero
meld_tra_09095,1,18,18,0,0,0.000000,nomatch
meld_tra_09096,2,6,6,0,0,0.000000,nomatch
meld_tra_09097,1,3,3,0,0,0.000000,nomatch
meld_tra_09098,4,16,16,0,0,0.000000,nomatch
meld_tra_09099,1,7,7,0,0,0.000000,nomatch
meld_tra_09100,3,15,15,0,0,0.000000,nomatch
meld_tra_09101,2,7,7,0,0,0.000000,nomatch
meld_tra_09102,1,2,2,0,0,0.000000,nomatch
meld_tra_09103,1,6,6,0,0,0.000000,nomatch
meld_tra_09104,1,12,12,0,0,0.000000,nomatch
meld_tra_09105,1,6,6,0,0,0.000000,nomatch
meld_tra_09106,1,8,8,0,0,0.000000,nomatch
meld_tra_09107,1,6,6,0,0,0.000000,nomatch
meld_tra_09108,1,16,16,0,0,0.000000,nomatch
meld_tra_09109,3,11,11,0,0,0.000000,nomatch
meld_tra_09110,2,11,11,0,1,-0.180579,nonzero
meld_tra_09111,1,2,2,0,0,0.000000,nomatch
meld_tra_09112,1,2,2,1,0,0.361158,nonzero
meld_tra_09113,1,3,3,0,0,0.000000,nomatch
meld_tra_09114,5,16,16,0,0,0.000000,nomatch
meld_tra_09115,2,21,21,1,0,0.210732,nonzero
meld_tra_09116,1,22,22,0,0,0.000000,nomatch
meld_tra_09117,1,2,2,0,0,0.000000,nomatch
meld_tra_09118,1,4,4,0,0,0.000000,nomatch
meld_tra_09119,1,2,2,0,0,0.000000,nomatch
meld_tra_09120,1,2,2,0,0,0.000000,nomatch
meld_tra_09121,1,4,4,0,0,0.000000,nomatch
meld_tra_09122,1,2,2,0,0,0.000000,nomatch
meld_tra_09123,1,3,3,0,0,0.000000,nomatch
meld_tra_09124,1,7,7,0,0,0.000000,nomatch
meld_tra_09125,1,8,8,0,0,0.000000,nomatch
meld_tra_09126,1,31,31,0,0,0.000000,nomatch
meld_tra_09127,1,7,7,0,0,0.000000,nomatch
meld_tra_09128,1,6,6,0,0,0.000000,nomatch
meld_tra_09129,1,1,1,0,0,0.000000,nomatch
meld_tra_09130,1,1,1,0,0,0.000000,nomatch
meld_tra_09131,1,1,1,0,0,0.000000,nomatch
meld_tra_09132,1,7,7,0,0,0.000000,nomatch
meld_tra_09133,1,4,4,0,0,0.000000,nomatch
meld_tra_09134,1,3,3,0,0,0.000000,nomatch
meld_tra_09135,1,3,3,0,0,0.000000,nomatch
meld_tra_09136,1,8,8,1,0,0.202289,nonzero
meld_tra_09137,1,10,10,0,1,-0.128037,nonzero
meld_tra_09138,1,8,8,1,1,0.140599,nonzero
meld_tra_09139,1,6,6,0,0,0.000000,nomatch
meld_tra_09140,1,9,9,0,0,0.000000,nomatch
meld_tra_09141,1,1,1,0,0,0.000000,nomatch
meld_tra_09142,1,2,2,0,0,0.000000,nomatch
meld_tra_09143,1,21,21,0,0,0.000000,nomatch
meld_tra_09144,1,4,4,0,0,0.000000,nomatch
meld_tra_09145,1,1,1,0,0,0.000000,nomatch
meld_tra_09146,4,20,20,1,0,-0.114708,nonzero
meld_tra_09147,1,1,1,0,0,0.000000,nomatch
meld_tra_09148,2,15,15,0,0,0.000000,nomatch
meld_tra_09149,1,8,8,0,0,0.000000,nomatch
meld_tra_09150,1,24,24,1,0,-0.143103,nonzero
meld_tra_09151,1,3,3,0,0,0.000000,nomatch
meld_tra_09152,1,2,2,0,0,0.000000,nomatch
meld_tra_09153,2,8,8,1,0,0.180579,nonzero
meld_tra_09154,2,5,5,0,0,0.000000,nomatch
meld_tra_09155,2,8,8,0,0,0.000000,nomatch
meld_tra_09156,1,8,8,0,0,0.000000,nomatch
meld_tra_09157,2,2,2,0,0,0.000000,nomatch
meld_tra_09158,1,15,15,1,0,0.476658,nonzero
meld_tra_09159,2,3,3,1,0,-0.180579,nonzero
meld_tra_09160,1,7,7,0,0,0.000000,nomatch
meld_tra_09161,2,14,14,0,0,0.000000,nomatch
meld_tra_09162,1,5,5,0,0,0.000000,nomatch
meld_tra_09163,1,7,7,0,0,0.000000,nomatch
meld_tra_09164,1,6,6,0,0,0.000000,nomatch
meld_tra_09165,1,1,1,0,0,0.000000,nomatch
meld_tra_09166,1,6,6,0,0,0.000000,nomatch
meld_tra_09167,1,19,19,0,0,0.000000,nomatch
meld_tra_09168,2,19,19,0,1,-0.064019,nonzero
meld_tra_09169,3,8,8,1,0,-0.098653,nonzero
meld_tra_09170,1,1,1,0,0,0.000000,nomatch
meld_tra_09171,1,6,6,0,0,0.000000,nomatch
meld_tra_09172,1,3,3,0,0,0.000000,nomatch
meld_tra_09173,1,4,4,0,0,0.000000,nomatch
meld_tra_09174,1,4,4,0,0,0.000000,nomatch
meld_tra_09175,1,19,19,0,0,0.000000,nomatch
meld_tra_09176,1,7,7,0,0,0.000000,nomatch
meld_tra_09177,2,7,7,0,0,0.000000,nomatch
meld_tra_09178,1,5,5,0,0,0.000000,nomatch
meld_tra_09179,3,6,6,0,0,0.000000,nomatch
meld_tra_09180,1,10,10,0,0,0.000000,nomatch
meld_tra_09181,1,29,29,0,0,0.000000,nomatch
meld_tra_09182,3,18,18,1,0,0.067430,nonzero
meld_tra_09183,1,14,14,0,0,0.000000,nomatch
meld_tra_09184,3,12,12,0,0,0.000000,nomatch
meld_tra_09185,1,8,8,0,0,0.000000,nomatch
meld_tra_09186,1,7,7,0,0,0.000000,nomatch
meld_tra_09187,1,6,6,0,0,0.000000,nomatch
meld_tra_09188,1,14,14,0,0,0.000000,nomatch
meld_tra_09189,1,8,8,0,0,0.000000,nomatch
meld_tra_09190,1,11,11,0,0,0.000000,nomatch
meld_tra_09191,2,10,10,0,0,0.000000,nomatch
meld_tra_09192,3,19,19,0,0,0.000000,nomatch
meld_tra_09193,1,1,1,0,0,0.000000,nomatch
meld_tra_09194,2,19,19,0,0,0.000000,nomatch
meld_tra_09195,2,15,15,1,0,-0.210732,nonzero
meld_tra_09196,1,4,4,0,0,0.000000,nomatch
meld_tra_09197,4,9,9,0,0,0.000000,nomatch
meld_tra_09198,1,5,5,0,0,0.000000,nomatch
meld_tra_09199,2,5,5,0,0,0.000000,nomatch
meld_tra_09200,3,3,3,0,0,0.000000,nomatch
meld_tra_09201,1,1,1,0,0,0.000000,nomatch
meld_tra_09202,2,24,24,0,0,0.000000,nomatch
meld_tra_09203,2,9,9,0,0,0.000000,nomatch
meld_tra_09204,1,8,8,0,0,0.000000,nomatch
meld_tra_09205,1,1,1,0,0,0.000000,nomatch
meld_tra_09206,2,15,15,1,0,-0.180579,nonzero
meld_tra_09207,3,18,18,0,0,0.000000,nomatch
meld_tra_09208,1,3,3,0,0,0.000000,nomatch
meld_tra_09209,1,5,5,0,0,0.000000,nomatch
meld_tra_09210,1,2,2,0,0,0.000000,nomatch
meld_tra_09211,1,3,3,1,0,0.493915,nonzero
meld_tra_09212,1,2,2,0,0,0.000000,nomatch
meld_tra_09213,1,12,12,0,0,0.000000,nomatch
meld_tra_09214,1,7,7,0,0,0.000000,nomatch
meld_tra_09215,1,12,12,0,0,0.000000,nomatch
meld_tra_09216,1,11,11,0,0,0.000000,nomatch
meld_tra_09217,5,23,23,0,0,0.000000,nomatch
meld_tra_09218,1,3,3,0,0,0.000000,nomatch
meld_tra_09219,1,3,3,0,0,0.000000,nomatch
meld_tra_09220,1,6,6,0,0,0.000000,nomatch
meld_tra_09221,1,9,9,0,0,0.000000,nomatch
meld_tra_09222,1,1,1,0,0,0.000000,nomatch
meld_tra_09223,1,8,8,0,0,0.000000,nomatch
meld_tra_09224,1,6,6,0,0,0.000000,nomatch
meld_tra_09225,1,7,7,0,0,0.000000,nomatch
meld_tra_09226,2,19,19,1,0,-0.180579,nonzero
meld_tra_09227,1,14,14,0,0,0.000000,nomatch
meld_tra_09228,1,2,2,0,0,0.000000,nomatch
meld_tra_09229,1,11,11,1,0,0.128037,nonzero
meld_tra_09230,1,8,8,0,0,0.000000,nomatch
meld_tra_09231,1,7,7,0,0,0.000000,nomatch
meld_tra_09232,1,1,1,0,0,0.000000,nomatch
meld_tra_09233,1,4,4,0,0,0.000000,nomatch
meld_tra_09234,1,2,2,0,0,0.000000,nomatch
meld_tra_09235,1,1,1,0,0,0.000000,nomatch
meld_tra_09236,1,3,3,0,0,0.000000,nomatch
meld_tra_09237,1,7,7,0,0,0.000000,nomatch
meld_tra_09238,1,2,2,0,0,0.000000,nomatch
meld_tra_09239,1,1,1,0,0,0.000000,nomatch
meld_tra_09240,1,16,16,0,0,0.000000,nomatch
meld_tra_09241,1,1,1,0,0,0.000000,nomatch
meld_tra_09242,2,2,2,0,0,0.000000,nomatch
meld_tra_09243,1,8,8,0,0,0.000000,nomatch
meld_tra_09244,3,10,10,0,0,0.000000,nomatch
meld_tra_09245,8,16,16,0,0,0.000000,nomatch
meld_tra_09246,1,2,2,0,0,0.000000,nomatch
meld_tra_09247,2,5,5,0,0,0.000000,nomatch
meld_tra_09248,3,13,13,3,0,0.361158,nonzero
meld_tra_09249,1,5,5,0,0,0.000000,nomatch
meld_tra_09250,2,14,14,0,0,0.000000,nomatch
meld_tra_09251,4,13,13,0,0,0.000000,nomatch
meld_tra_09252,2,17,17,1,0,0.271163,nonzero
meld_tra_09253,1,11,11,0,0,0.000000,nomatch
meld_tra_09254,1,6,6,0,0,0.000000,nomatch
meld_tra_09255,1,1,1,0,0,0.000000,nomatch
meld_tra_09256,1,1,1,0,0,0.000000,nomatch
meld_tra_09257,1,21,21,0,0,0.000000,nomatch
meld_tra_09258,3,12,12,0,0,0.000000,nomatch
meld_tra_09259,1,1,1,0,0,0.000000,nomatch
meld_tra_09260,1,5,5,0,0,0.000000,nomatch
meld_tra_09261,1,4,4,0,0,0.000000,nomatch
meld_tra_09262,1,1,1,0,0,0.000000,nomatch
meld_tra_09263,1,5,5,0,0,0.000000,nomatch
meld_tra_09264,1,15,15,0,0,0.000000,nomatch
meld_tra_09265,1,2,2,0,0,0.000000,nomatch
meld_tra_09266,1,2,2,0,0,0.000000,nomatch
meld_tra_09267,1,4,4,1,0,0.493915,nonzero
meld_tra_09268,2,8,8,0,0,0.000000,nomatch
meld_tra_09269,2,4,4,0,0,0.000000,nomatch
meld_tra_09270,1,6,6,0,0,0.000000,nomatch
meld_tra_09271,1,1,1,0,0,0.000000,nomatch
meld_tra_09272,1,7,7,1,0,-0.411765,nonzero
meld_tra_09273,1,4,4,0,0,0.000000,nomatch
meld_tra_09274,2,7,7,0,0,0.000000,nomatch
meld_tra_09275,1,8,8,0,0,0.000000,nomatch
meld_tra_09276,1,3,3,0,0,0.000000,nomatch
meld_tra_09277,1,6,6,0,0,0.000000,nomatch
meld_tra_09278,1,1,1,0,0,0.000000,nomatch
meld_tra_09279,1,14,14,1,0,0.128037,nonzero
meld_tra_09280,1,17,17,0,0,0.000000,nomatch
meld_tra_09281,2,8,8,1,0,0.180579,nonzero
meld_tra_09282,1,3,3,0,0,0.000000,nomatch
meld_tra_09283,1,9,9,0,0,0.000000,nomatch
meld_tra_09284,1,3,3,0,0,0.000000,nomatch
meld_tra_09285,1,14,14,0,0,0.000000,nomatch
meld_tra_09286,1,19,19,0,0,0.000000,nomatch
meld_tra_09287,1,3,3,0,0,0.000000,nomatch
meld_tra_09288,1,3,3,0,0,0.000000,nomatch
meld_tra_09289,1,10,10,0,0,0.000000,nomatch
meld_tra_09290,1,4,4,0,0,0.000000,nomatch
meld_tra_09291,1,2,2,0,0,0.000000,nomatch
meld_tra_09292,1,18,18,0,0,0.000000,nomatch
meld_tra_09293,1,2,2,0,0,0.000000,nomatch
meld_tra_09294,1,1,1,0,0,0.000000,nomatch
meld_tra_09295,1,16,16,0,0,0.000000,nomatch
meld_tra_09296,1,9,9,0,0,0.000000,nomatch
meld_tra_09297,1,16,16,0,0,0.000000,nomatch
meld_tra_09298,3,23,23,0,0,0.000000,nomatch
meld_tra_09299,1,10,10,0,0,0.000000,nomatch
meld_tra_09300,2,14,14,0,0,0.000000,nomatch
meld_tra_09301,1,6,6,0,0,0.000000,nomatch
meld_tra_09302,1,6,6,0,0,0.000000,nomatch
meld_tra_09303,1,11,11,1,0,0.458831,nonzero
meld_tra_09304,1,6,6,1,0,0.458831,nonzero
meld_tra_09305,1,5,5,0,0,0.000000,nomatch
meld_tra_09306,3,17,17,0,0,0.000000,nomatch
meld_tra_09307,1,7,7,1,0,0.458831,nonzero
meld_tra_09308,1,7,7,1,0,0.458831,nonzero
meld_tra_09309,1,13,13,0,0,0.000000,nomatch
meld_tra_09310,1,6,6,1,0,0.128037,nonzero
meld_tra_09311,1,14,14,0,0,0.000000,nomatch
meld_tra_09312,1,11,11,0,0,0.000000,nomatch
meld_tra_09313,2,22,22,1,0,-0.169975,nonzero
meld_tra_09314,1,10,10,0,0,0.000000,nomatch
meld_tra_09315,1,17,17,1,0,-0.339950,nonzero
meld_tra_09316,1,1,1,0,0,0.000000,nomatch
meld_tra_09317,1,13,13,0,0,0.000000,nomatch
meld_tra_09318,1,9,9,0,0,0.000000,nomatch
meld_tra_09319,2,13,13,0,0,0.000000,nomatch
meld_tra_09320,1,6,6,0,0,0.000000,nomatch
meld_tra_09321,1,4,4,0,0,0.000000,nomatch
meld_tra_09322,1,3,3,0,0,0.000000,nomatch
meld_tra_09323,1,1,1,0,0,0.000000,nomatch
meld_tra_09324,1,1,1,0,0,0.000000,nomatch
meld_tra_09325,1,5,5,0,0,0.000000,nomatch
meld_tra_09326,1,1,1,0,0,0.000000,nomatch
meld_tra_09327,1,1,1,0,0,0.000000,nomatch
meld_tra_09328,1,5,5,0,0,0.000000,nomatch
meld_tra_09329,2,21,21,0,0,0.000000,nomatch
meld_tra_09330,1,1,1,0,0,0.000000,nomatch
meld_tra_09331,1,10,10,0,0,0.000000,nomatch
meld_tra_09332,1,2,2,0,0,0.000000,nomatch
meld_tra_09333,1,3,3,0,0,0.000000,nomatch
meld_tra_09334,1,14,14,0,0,0.000000,nomatch
meld_tra_09335,2,5,5,0,0,0.000000,nomatch
meld_tra_09336,1,6,6,0,0,0.000000,nomatch
meld_tra_09337,1,4,4,0,0,0.000000,nomatch
meld_tra_09338,1,31,31,0,0,0.000000,nomatch
meld_tra_09339,1,18,18,1,0,-0.361158,nonzero
meld_tra_09340,1,1,1,0,0,0.000000,nomatch
meld_tra_09341,3,17,17,0,0,0.000000,nomatch
meld_tra_09342,1,2,2,0,0,0.000000,nomatch
meld_tra_09343,1,1,1,0,0,0.000000,nomatch
meld_tra_09344,1,3,3,1,0,-0.421464,nonzero
meld_tra_09345,1,15,15,0,0,0.000000,nomatch
meld_tra_09346,1,14,14,1,0,-0.361158,nonzero
meld_tra_09347,1,4,4,1,0,-0.517127,nonzero
meld_tra_09348,1,3,3,1,0,0.309370,nonzero
meld_tra_09349,1,13,13,0,0,0.000000,nomatch
meld_tra_09350,1,5,5,0,0,0.000000,nomatch
meld_tra_09351,1,5,5,1,0,0.542326,nonzero
meld_tra_09352,2,4,4,0,0,0.000000,nomatch
meld_tra_09353,1,1,1,0,0,0.000000,nomatch
meld_tra_09354,1,1,1,0,0,0.000000,nomatch
meld_tra_09355,1,14,14,0,0,0.000000,nomatch
meld_tra_09356,2,16,16,0,0,0.000000,nomatch
meld_tra_09357,1,7,7,0,0,0.000000,nomatch
meld_tra_09358,1,4,4,0,0,0.000000,nomatch
meld_tra_09359,1,10,10,0,0,0.000000,nomatch
meld_tra_09360,1,19,19,1,0,0.542326,nonzero
meld_tra_09361,2,2,2,0,0,0.000000,nomatch
meld_tra_09362,1,1,1,0,0,0.000000,nomatch
meld_tra_09363,1,4,4,0,0,0.000000,nomatch
meld_tra_09364,1,2,2,0,0,0.000000,nomatch
meld_tra_09365,1,7,7,0,0,0.000000,nomatch
meld_tra_09366,1,2,2,0,0,0.000000,nomatch
meld_tra_09367,1,1,1,0,0,0.000000,nomatch
meld_tra_09368,1,16,16,1,0,0.542326,nonzero
meld_tra_09369,1,1,1,0,0,0.000000,nomatch
meld_tra_09370,3,17,17,0,0,0.000000,nomatch
meld_tra_09371,1,1,1,0,0,0.000000,nomatch
meld_tra_09372,4,9,9,0,0,0.000000,nomatch
meld_tra_09373,1,4,4,0,0,0.000000,nomatch
meld_tra_09374,1,11,11,0,0,0.000000,nomatch
meld_tra_09375,1,3,3,0,0,0.000000,nomatch
meld_tra_09376,1,1,1,0,0,0.000000,nomatch
meld_tra_09377,1,4,4,0,0,0.000000,nomatch
meld_tra_09378,1,11,11,0,0,0.000000,nomatch
meld_tra_09379,1,8,8,0,0,0.000000,nomatch
meld_tra_09380,1,22,22,0,0,0.000000,nomatch
meld_tra_09381,2,21,21,0,0,0.000000,nomatch
meld_tra_09382,1,14,14,0,0,0.000000,nomatch
meld_tra_09383,1,6,6,0,0,0.000000,nomatch
meld_tra_09384,1,34,34,0,0,0.000000,nomatch
meld_tra_09385,1,14,14,0,0,0.000000,nomatch
meld_tra_09386,1,3,3,0,0,0.000000,nomatch
meld_tra_09387,1,1,1,0,0,0.000000,nomatch
meld_tra_09388,1,9,9,0,0,0.000000,nomatch
meld_tra_09389,3,6,6,0,0,0.000000,nomatch
meld_tra_09390,1,4,4,0,0,0.000000,nomatch
meld_tra_09391,2,3,3,0,0,0.000000,nomatch
meld_tra_09392,1,2,2,0,0,0.000000,nomatch
meld_tra_09393,2,12,12,0,0,0.000000,nomatch
meld_tra_09394,1,5,5,0,0,0.000000,nomatch
meld_tra_09395,2,5,5,0,0,0.000000,nomatch
meld_tra_09396,1,1,1,0,0,0.000000,nomatch
meld_tra_09397,3,11,11,0,0,0.000000,nomatch
meld_tra_09398,1,5,5,0,0,0.000000,nomatch
meld_tra_09399,1,4,4,0,0,0.000000,nomatch
meld_tra_09400,2,2,2,0,0,0.000000,nomatch
meld_tra_09401,1,6,6,0,0,0.000000,nomatch
meld_tra_09402,2,6,6,0,0,0.000000,nomatch
meld_tra_09403,3,5,5,0,0,0.000000,nomatch
meld_tra_09404,1,6,6,0,0,0.000000,nomatch
meld_tra_09405,2,9,9,0,0,0.000000,nomatch
meld_tra_09406,3,19,19,0,0,0.000000,nomatch
meld_tra_09407,2,11,11,0,0,0.000000,nomatch
meld_tra_09408,3,21,21,0,0,0.000000,nomatch
meld_tra_09409,2,6,6,0,0,0.000000,nomatch
meld_tra_09410,4,20,20,0,0,0.000000,nomatch
meld_tra_09411,2,5,5,0,0,0.000000,nomatch
meld_tra_09412,2,15,15,0,0,0.000000,nomatch
meld_tra_09413,1,4,4,0,0,0.000000,nomatch
meld_tra_09414,1,15,15,0,0,0.000000,nomatch
meld_tra_09415,1,17,17,0,0,0.000000,nomatch
meld_tra_09416,2,3,3,1,0,0.180579,nonzero
meld_tra_09417,2,13,13,1,0,-0.180579,nonzero
meld_tra_09418,1,9,9,1,0,-0.250000,nonzero
meld_tra_09419,1,1,1,0,0,0.000000,nomatch
meld_tra_09420,1,16,16,0,0,0.000000,nomatch
meld_tra_09421,1,1,1,0,0,0.000000,nomatch
meld_tra_09422,1,17,17,1,0,-0.361158,nonzero
meld_tra_09423,1,13,13,1,0,-0.361158,nonzero
meld_tra_09424,3,9,9,0,0,0.000000,nomatch
meld_tra_09425,1,5,5,0,0,0.000000,nomatch
meld_tra_09426,1,6,6,2,0,0.000000,cancel
meld_tra_09427,1,2,2,0,0,0.000000,nomatch
meld_tra_09428,1,7,7,1,0,0.202289,nonzero
meld_tra_09429,1,2,2,0,0,0.000000,nomatch
meld_tra_09430,3,5,5,0,0,0.000000,nomatch
meld_tra_09431,1,8,8,0,0,0.000000,nomatch
meld_tra_09432,1,8,8,1,0,-0.361158,nonzero
meld_tra_09433,2,3,3,0,0,0.000000,nomatch
meld_tra_09434,1,15,15,0,1,-0.128037,nonzero
meld_tra_09435,1,4,4,0,0,0.000000,nomatch
meld_tra_09436,1,6,6,0,0,0.000000,nomatch
meld_tra_09437,1,14,14,0,0,0.000000,nomatch
meld_tra_09438,1,11,11,1,0,-0.458831,nonzero
meld_tra_09439,2,20,20,1,0,-0.306186,nonzero
meld_tra_09440,1,13,13,1,0,0.128037,nonzero
meld_tra_09441,1,8,8,0,0,0.000000,nomatch
meld_tra_09442,1,5,5,0,0,0.000000,nomatch
meld_tra_09443,1,25,25,1,0,-0.361158,nonzero
meld_tra_09444,1,15,15,0,0,0.000000,nomatch
meld_tra_09445,1,3,3,1,0,0.128037,nonzero
meld_tra_09446,1,9,9,0,0,0.000000,nomatch
meld_tra_09447,1,5,5,0,0,0.000000,nomatch
meld_tra_09448,1,3,3,0,0,0.000000,nomatch
meld_tra_09449,2,5,5,0,0,0.000000,nomatch
meld_tra_09450,2,13,13,0,0,0.000000,nomatch
meld_tra_09451,2,19,19,0,0,0.000000,nomatch
meld_tra_09452,1,5,5,0,0,0.000000,nomatch
meld_tra_09453,1,6,6,0,0,0.000000,nomatch
meld_tra_09454,1,6,6,0,0,0.000000,nomatch
meld_tra_09455,1,5,5,0,0,0.000000,nomatch
meld_tra_09456,1,5,5,0,0,0.000000,nomatch
meld_tra_09457,1,1,1,0,0,0.000000,nomatch
meld_tra_09458,1,11,11,0,0,0.000000,nomatch
meld_tra_09459,10,10,10,0,0,0.000000,nomatch
meld_tra_09460,2,5,5,0,0,0.000000,nomatch
meld_tra_09461,2,11,11,1,0,0.064019,nonzero
meld_tra_09462,1,3,3,0,0,0.000000,nomatch
meld_tra_09463,2,14,14,0,0,0.000000,nomatch
meld_tra_09464,1,9,9,0,0,0.000000,nomatch
meld_tra_09465,1,14,14,1,0,-0.361158,nonzero
meld_tra_09466,1,24,24,0,0,0.000000,nomatch
meld_tra_09467,1,7,7,0,0,0.000000,nomatch
meld_tra_09468,1,4,4,0,0,0.000000,nomatch
meld_tra_09469,1,2,2,0,0,0.000000,nomatch
meld_tra_09470,1,17,17,0,0,0.000000,nomatch
meld_tra_09471,1,1,1,0,0,0.000000,nomatch
meld_tra_09472,1,1,1,0,0,0.000000,nomatch
meld_tra_09473,1,11,11,0,0,0.000000,nomatch
meld_tra_09474,1,8,8,0,0,0.000000,nomatch
meld_tra_09475,1,26,26,0,0,0.000000,nomatch
meld_tra_09476,1,4,4,0,0,0.000000,nomatch
meld_tra_09477,2,4,4,0,0,0.000000,nomatch
meld_tra_09478,1,2,2,0,0,0.000000,nomatch
meld_tra_09479,1,2,2,0,0,0.000000,nomatch
meld_tra_09480,1,1,1,0,0,0.000000,nomatch
meld_tra_09481,1,13,13,0,0,0.000000,nomatch
meld_tra_09482,1,13,13,1,0,-0.361158,nonzero
meld_tra_09483,1,3,3,0,0,0.000000,nomatch
meld_tra_09484,1,4,4,0,0,0.000000,nomatch
meld_tra_09485,2,5,5,0,0,0.000000,nomatch
meld_tra_09486,1,2,2,0,0,0.000000,nomatch
meld_tra_09487,5,22,22,1,0,0.124485,nonzero
meld_tra_09488,1,2,2,0,0,0.000000,nomatch
meld_tra_09489,1,7,7,0,0,0.000000,nomatch
meld_tra_09490,1,18,18,0,0,0.000000,nomatch
meld_tra_09491,1,6,6,0,0,0.000000,nomatch
meld_tra_09492,2,23,23,0,0,0.000000,nomatch
meld_tra_09493,1,2,2,0,0,0.000000,nomatch
meld_tra_09494,1,3,3,0,0,0.000000,nomatch
meld_tra_09495,1,2,2,0,0,0.000000,nomatch
meld_tra_09496,1,1,1,0,0,0.000000,nomatch
meld_tra_09497,1,3,3,0,0,0.000000,nomatch
meld_tra_09498,3,16,16,0,0,0.000000,nomatch
meld_tra_09499,1,4,4,0,0,0.000000,nomatch
meld_tra_09500,2,7,7,0,0,0.000000,nomatch
meld_tra_09501,1,6,6,0,0,0.000000,nomatch
meld_tra_09502,1,6,6,0,0,0.000000,nomatch
meld_tra_09503,1,4,4,1,0,-0.655311,nonzero
meld_tra_09504,2,3,3,1,0,-0.327655,nonzero
meld_tra_09505,1,5,5,0,0,0.000000,nomatch
meld_tra_09506,1,2,2,0,0,0.000000,nomatch
meld_tra_09507,1,1,1,0,0,0.000000,nomatch
meld_tra_09508,1,17,17,0,0,0.000000,nomatch
meld_tra_09509,1,4,4,1,0,0.519066,nonzero
meld_tra_09510,1,2,2,0,0,0.000000,nomatch
meld_tra_09511,1,1,1,0,0,0.000000,nomatch
meld_tra_09512,1,1,1,0,0,0.000000,nomatch
meld_tra_09513,1,4,4,0,0,0.000000,nomatch
meld_tra_09514,1,13,13,1,0,-0.421464,nonzero
meld_tra_09515,1,4,4,0,0,0.000000,nomatch
meld_tra_09516,1,14,14,0,0,0.000000,nomatch
meld_tra_09517,1,7,7,0,0,0.000000,nomatch
meld_tra_09518,1,12,12,0,0,0.000000,nomatch
meld_tra_09519,1,11,11,0,0,0.000000,nomatch
meld_tra_09520,1,7,7,0,0,0.000000,nomatch
meld_tra_09521,1,10,10,0,0,0.000000,nomatch
meld_tra_09522,2,22,22,0,0,0.000000,nomatch
meld_tra_09523,1,24,24,0,0,0.000000,nomatch
meld_tra_09524,1,3,3,0,0,0.000000,nomatch
meld_tra_09525,1,25,25,1,0,-0.339950,nonzero
meld_tra_09526,1,2,2,0,0,0.000000,nomatch
meld_tra_09527,1,14,14,0,0,0.000000,nomatch
meld_tra_09528,1,27,27,0,0,0.000000,nomatch
meld_tra_09529,1,4,4,0,0,0.000000,nomatch
meld_tra_09530,2,23,23,0,0,0.000000,nomatch
meld_tra_09531,2,15,15,0,0,0.000000,nomatch
meld_tra_09532,1,8,8,0,0,0.000000,nomatch
meld_tra_09533,1,4,4,0,0,0.000000,nomatch
meld_tra_09534,1,16,16,0,0,0.000000,nomatch
meld_tra_09535,1,8,8,0,0,0.000000,nomatch
meld_tra_09536,2,19,19,0,0,0.000000,nomatch
meld_tra_09537,2,10,10,0,0,0.000000,nomatch
meld_tra_09538,2,7,7,0,0,0.000000,nomatch
meld_tra_09539,1,1,1,0,0,0.000000,nomatch
meld_tra_09540,2,12,12,0,0,0.000000,nomatch
meld_tra_09541,1,5,5,0,0,0.000000,nomatch
meld_tra_09542,1,6,6,0,0,0.000000,nomatch
meld_tra_09543,1,24,24,0,0,0.000000,nomatch
meld_tra_09544,4,8,8,0,0,0.000000,nomatch
meld_tra_09545,1,2,2,0,0,0.000000,nomatch
meld_tra_09546,1,3,3,0,0,0.000000,nomatch
meld_tra_09547,2,11,11,0,0,0.000000,nomatch
meld_tra_09548,2,12,12,0,0,0.000000,nomatch
meld_tra_09549,2,15,15,0,0,0.000000,nomatch
meld_tra_09550,1,2,2,0,0,0.000000,nomatch
meld_tra_09551,1,29,29,0,0,0.000000,nomatch
meld_tra_09552,2,12,12,0,0,0.000000,nomatch
meld_tra_09553,2,8,8,0,0,0.000000,nomatch
meld_tra_09554,1,1,1,0,0,0.000000,nomatch
meld_tra_09555,2,5,5,0,0,0.000000,nomatch
meld_tra_09556,1,8,8,0,0,0.000000,nomatch
meld_tra_09557,2,3,3,0,0,0.000000,nomatch
meld_tra_09558,2,12,12,0,0,0.000000,nomatch
meld_tra_09559,1,8,8,0,0,0.000000,nomatch
meld_tra_09560,1,5,5,0,0,0.000000,nomatch
meld_tra_09561,1,1,1,0,0,0.000000,nomatch
meld_tra_09562,1,12,12,0,0,0.000000,nomatch
meld_tra_09563,3,14,14,0,0,0.000000,nomatch
meld_tra_09564,1,7,7,0,0,0.000000,nomatch
meld_tra_09565,1,11,11,0,0,0.000000,nomatch
meld_tra_09566,2,7,7,0,0,0.000000,nomatch
meld_tra_09567,1,1,1,0,0,0.000000,nomatch
meld_tra_09568,1,13,13,0,0,0.000000,nomatch
meld_tra_09569,1,12,12,0,0,0.000000,nomatch
meld_tra_09570,1,15,15,0,0,0.000000,nomatch
meld_tra_09571,1,9,9,0,0,0.000000,nomatch
meld_tra_09572,1,4,4,0,0,0.000000,nomatch
meld_tra_09573,1,11,11,0,0,0.000000,nomatch
meld_tra_09574,1,18,18,0,0,0.000000,nomatch
meld_tra_09575,1,3,3,0,0,0.000000,nomatch
meld_tra_09576,1,3,3,0,0,0.000000,nomatch
meld_tra_09577,1,1,1,0,0,0.000000,nomatch
meld_tra_09578,1,11,11,0,0,0.000000,nomatch
meld_tra_09579,1,5,5,0,0,0.000000,nomatch
meld_tra_09580,1,10,10,0,0,0.000000,nomatch
meld_tra_09581,1,2,2,0,0,0.000000,nomatch
meld_tra_09582,1,16,16,0,0,0.000000,nomatch
meld_tra_09583,2,11,11,0,0,0.000000,nomatch
meld_tra_09584,3,6,6,0,0,0.000000,nomatch
meld_tra_09585,2,6,6,0,0,0.000000,nomatch
meld_tra_09586,1,1,1,0,0,0.000000,nomatch
meld_tra_09587,1,7,7,0,0,0.000000,nomatch
meld_tra_09588,1,19,19,0,0,0.000000,nomatch
meld_tra_09589,1,17,17,1,0,-0.458831,nonzero
meld_tra_09590,1,4,4,0,0,0.000000,nomatch
meld_tra_09591,1,5,5,0,0,0.000000,nomatch
meld_tra_09592,1,5,5,0,0,0.000000,nomatch
meld_tra_09593,1,2,2,0,0,0.000000,nomatch
meld_tra_09594,2,13,13,1,0,0.180579,nonzero
meld_tra_09595,2,12,12,0,0,0.000000,nomatch
meld_tra_09596,1,4,4,0,0,0.000000,nomatch
meld_tra_09597,1,2,2,0,0,0.000000,nomatch
meld_tra_09598,2,15,15,1,0,0.180579,nonzero
meld_tra_09599,2,7,7,1,0,0.271163,nonzero
meld_tra_09600,1,4,4,0,0,0.000000,nomatch
meld_tra_09601,2,2,2,0,0,0.000000,nomatch
meld_tra_09602,1,10,10,0,0,0.000000,nomatch
meld_tra_09603,1,8,8,0,0,0.000000,nomatch
meld_tra_09604,1,5,5,0,0,0.000000,nomatch
meld_tra_09605,1,11,11,0,0,0.000000,nomatch
meld_tra_09606,1,3,3,0,0,0.000000,nomatch
meld_tra_09607,2,19,19,0,0,0.000000,nomatch
meld_tra_09608,1,14,14,0,0,0.000000,nomatch
meld_tra_09609,1,9,9,0,0,0.000000,nomatch
meld_tra_09610,1,2,2,0,0,0.000000,nomatch
meld_tra_09611,1,14,14,0,0,0.000000,nomatch
meld_tra_09612,1,21,21,1,0,-0.361158,nonzero
meld_tra_09613,1,9,9,0,0,0.000000,nomatch
meld_tra_09614,1,2,2,0,0,0.000000,nomatch
meld_tra_09615,1,1,1,0,0,0.000000,nomatch
meld_tra_09616,1,1,1,0,0,0.000000,nomatch
meld_tra_09617,1,21,21,0,0,0.000000,nomatch
meld_tra_09618,6,21,21,0,0,0.000000,nomatch
meld_tra_09619,1,12,12,0,0,0.000000,nomatch
meld_tra_09620,2,5,5,0,0,0.000000,nomatch
meld_tra_09621,2,9,9,1,0,0.210732,nonzero
meld_tra_09622,1,1,1,0,0,0.000000,nomatch
meld_tra_09623,1,4,4,0,0,0.000000,nomatch
meld_tra_09624,1,7,7,0,0,0.000000,nomatch
meld_tra_09625,1,3,3,1,0,-0.361158,nonzero
meld_tra_09626,1,20,20,0,0,0.000000,nomatch
meld_tra_09627,1,5,5,0,0,0.000000,nomatch
meld_tra_09628,2,6,6,0,0,0.000000,nomatch
meld_tra_09629,2,11,11,0,0,0.000000,nomatch
meld_tra_09630,1,19,19,0,0,0.000000,nomatch
meld_tra_09631,1,10,10,0,0,0.000000,nomatch
meld_tra_09632,1,6,6,0,0,0.000000,nomatch
meld_tra_09633,1,14,14,0,0,0.000000,nomatch
meld_tra_09634,1,3,3,0,0,0.000000,nomatch
meld_tra_09635,1,4,4,0,0,0.000000,nomatch
meld_tra_09636,1,7,7,0,0,0.000000,nomatch
meld_tra_09637,1,9,9,0,0,0.000000,nomatch
meld_tra_09638,2,11,11,0,0,0.000000,nomatch
meld_tra_09639,1,4,4,0,0,0.000000,nomatch
meld_tra_09640,1,5,5,0,0,0.000000,nomatch
meld_tra_09641,1,23,23,0,0,0.000000,nomatch
meld_tra_09642,1,10,10,0,0,0.000000,nomatch
meld_tra_09643,1,3,3,0,0,0.000000,nomatch
meld_tra_09644,1,3,3,0,0,0.000000,nomatch
meld_tra_09645,1,5,5,0,0,0.000000,nomatch
meld_tra_09646,1,13,13,1,0,-0.250000,nonzero
meld_tra_09647,1,5,5,0,0,0.000000,nomatch
meld_tra_09648,1,1,1,0,0,0.000000,nomatch
meld_tra_09649,1,10,10,0,0,0.000000,nomatch
meld_tra_09650,2,12,12,1,0,0.130831,nonzero
meld_tra_09651,2,9,9,0,0,0.000000,nomatch
meld_tra_09652,2,3,3,0,0,0.000000,nomatch
meld_tra_09653,1,1,1,0,0,0.000000,nomatch
meld_tra_09654,1,1,1,0,0,0.000000,nomatch
meld_tra_09655,1,5,5,0,0,0.000000,nomatch
meld_tra_09656,1,6,6,0,0,0.000000,nomatch
meld_tra_09657,2,16,16,0,0,0.000000,nomatch
meld_tra_09658,2,7,7,0,0,0.000000,nomatch
meld_tra_09659,1,13,13,0,0,0.000000,nomatch
meld_tra_09660,1,7,7,0,0,0.000000,nomatch
meld_tra_09661,1,5,5,0,0,0.000000,nomatch
meld_tra_09662,1,2,2,0,0,0.000000,nomatch
meld_tra_09663,2,8,8,0,0,0.000000,nomatch
meld_tra_09664,2,5,5,0,0,0.000000,nomatch
meld_tra_09665,1,3,3,0,0,0.000000,nomatch
meld_tra_09666,1,3,3,0,0,0.000000,nomatch
meld_tra_09667,3,8,8,0,0,0.000000,nomatch
meld_tra_09668,2,6,6,0,0,0.000000,nomatch
meld_tra_09669,1,10,10,0,0,0.000000,nomatch
meld_tra_09670,1,1,1,0,0,0.000000,nomatch
meld_tra_09671,2,12,12,1,0,-0.180579,nonzero
meld_tra_09672,1,2,2,0,0,0.000000,nomatch
meld_tra_09673,1,4,4,0,0,0.000000,nomatch
meld_tra_09674,2,16,16,0,0,0.000000,nomatch
meld_tra_09675,1,2,2,0,0,0.000000,nomatch
meld_tra_09676,1,3,3,0,0,0.000000,nomatch
meld_tra_09677,1,4,4,0,0,0.000000,nomatch
meld_tra_09678,2,5,5,0,0,0.000000,nomatch
meld_tra_09679,3,13,13,0,0,0.000000,nomatch
meld_tra_09680,2,12,12,0,0,0.000000,nomatch
meld_tra_09681,4,20,20,0,0,0.000000,nomatch
meld_tra_09682,1,4,4,0,0,0.000000,nomatch
meld_tra_09683,1,1,1,0,0,0.000000,nomatch
meld_tra_09684,2,2,2,0,0,0.000000,nomatch
meld_tra_09685,1,10,10,0,0,0.000000,nomatch
meld_tra_09686,1,5,5,0,0,0.000000,nomatch
meld_tra_09687,1,3,3,0,0,0.000000,nomatch
meld_tra_09688,1,11,11,0,0,0.000000,nomatch
meld_tra_09689,1,4,4,0,0,0.000000,nomatch
meld_tra_09690,1,4,4,0,0,0.000000,nomatch
meld_tra_09691,2,16,16,0,0,0.000000,nomatch
meld_tra_09692,1,5,5,0,0,0.000000,nomatch
meld_tra_09693,1,12,12,0,0,0.000000,nomatch
meld_tra_09694,3,16,16,0,0,0.000000,nomatch
meld_tra_09695,2,7,7,0,0,0.000000,nomatch
meld_tra_09696,1,19,19,0,0,0.000000,nomatch
meld_tra_09697,2,17,17,0,0,0.000000,nomatch
meld_tra_09698,1,6,6,0,0,0.000000,nomatch
meld_tra_09699,1,1,1,0,0,0.000000,nomatch
meld_tra_09700,1,2,2,0,0,0.000000,nomatch
meld_tra_09701,1,10,10,0,0,0.000000,nomatch
meld_tra_09702,1,1,1,0,0,0.000000,nomatch
meld_tra_09703,1,1,1,0,0,0.000000,nomatch
meld_tra_09704,1,4,4,0,0,0.000000,nomatch
meld_tra_09705,2,6,6,1,0,-0.180579,nonzero
meld_tra_09706,1,10,10,0,0,0.000000,nomatch
meld_tra_09707,2,17,17,0,0,0.000000,nomatch
meld_tra_09708,1,3,3,0,0,0.000000,nomatch
meld_tra_09709,3,15,15,0,0,0.000000,nomatch
meld_tra_09710,1,3,3,0,0,0.000000,nomatch
meld_tra_09711,1,14,14,1,0,0.250000,nonzero
meld_tra_09712,2,11,11,0,0,0.000000,nomatch
meld_tra_09713,1,4,4,0,0,0.000000,nomatch
meld_tra_09714,2,4,4,0,0,0.000000,nomatch
meld_tra_09715,1,5,5,0,0,0.000000,nomatch
meld_tra_09716,2,3,3,0,0,0.000000,nomatch
meld_tra_09717,1,6,6,1,0,0.493915,nonzero
meld_tra_09718,2,13,13,0,0,0.000000,nomatch
meld_tra_09719,1,1,1,0,0,0.000000,nomatch
meld_tra_09720,1,2,2,0,0,0.000000,nomatch
meld_tra_09721,1,8,8,0,0,0.000000,nomatch
meld_tra_09722,1,13,13,0,0,0.000000,nomatch
meld_tra_09723,1,1,1,0,0,0.000000,nomatch
meld_tra_09724,2,9,9,0,0,0.000000,nomatch
meld_tra_09725,1,1,1,0,0,0.000000,nomatch
meld_tra_09726,1,1,1,0,0,0.000000,nomatch
meld_tra_09727,1,19,19,2,0,-0.612372,nonzero
meld_tra_09728,1,21,21,0,0,0.000000,nomatch
meld_tra_09729,1,6,6,1,0,0.421464,nonzero
meld_tra_09730,3,12,12,0,0,0.000000,nomatch
meld_tra_09731,2,13,13,0,0,0.000000,nomatch
meld_tra_09732,1,3,3,0,0,0.000000,nomatch
meld_tra_09733,2,6,6,0,0,0.000000,nomatch
meld_tra_09734,1,4,4,0,0,0.000000,nomatch
meld_tra_09735,2,13,13,0,0,0.000000,nomatch
meld_tra_09736,1,23,23,0,0,0.000000,nomatch
meld_tra_09737,1,6,6,0,0,0.000000,nomatch
meld_tra_09738,1,2,2,0,0,0.000000,nomatch
meld_tra_09739,1,37,37,0,0,0.000000,nomatch
meld_tra_09740,2,14,14,0,0,0.000000,nomatch
meld_tra_09741,1,8,8,0,0,0.000000,nomatch
meld_tra_09742,1,15,15,0,0,0.000000,nomatch
meld_tra_09743,1,26,26,0,0,0.000000,nomatch
meld_tra_09744,1,7,7,0,0,0.000000,nomatch
meld_tra_09745,1,41,41,1,0,0.542326,nonzero
meld_tra_09746,1,4,4,0,0,0.000000,nomatch
meld_tra_09747,1,7,7,1,0,-0.487080,nonzero
meld_tra_09748,1,3,3,0,0,0.000000,nomatch
meld_tra_09749,1,7,7,0,0,0.000000,nomatch
meld_tra_09750,2,14,14,0,0,0.000000,nomatch
meld_tra_09751,1,16,16,0,0,0.000000,nomatch
meld_tra_09752,1,9,9,0,0,0.000000,nomatch
meld_tra_09753,2,12,12,0,0,0.000000,nomatch
meld_tra_09754,2,15,15,0,0,0.000000,nomatch
meld_tra_09755,1,14,14,0,0,0.000000,nomatch
meld_tra_09756,1,4,4,0,0,0.000000,nomatch
meld_tra_09757,1,4,4,1,0,0.542326,nonzero
meld_tra_09758,1,15,15,0,0,0.000000,nomatch
meld_tra_09759,1,3,3,0,0,0.000000,nomatch
meld_tra_09760,1,3,3,0,0,0.000000,nomatch
meld_tra_09761,2,10,10,0,0,0.000000,nomatch
meld_tra_09762,1,2,2,0,0,0.000000,nomatch
meld_tra_09763,2,11,11,1,0,0.101144,nonzero
meld_tra_09764,3,24,24,0,0,0.000000,nomatch
meld_tra_09765,3,21,21,0,0,0.000000,nomatch
meld_tra_09766,2,13,13,0,0,0.000000,nomatch
meld_tra_09767,1,1,1,0,0,0.000000,nomatch
meld_tra_09768,4,21,21,0,0,0.000000,nomatch
meld_tra_09769,1,1,1,0,0,0.000000,nomatch
meld_tra_09770,1,1,1,0,0,0.000000,nomatch
meld_tra_09771,1,2,2,0,0,0.000000,nomatch
meld_tra_09772,1,3,3,0,0,0.000000,nomatch
meld_tra_09773,1,5,5,0,0,0.000000,nomatch
meld_tra_09774,1,2,2,0,0,0.000000,nomatch
meld_tra_09775,1,5,5,0,0,0.000000,nomatch
meld_tra_09776,1,4,4,0,0,0.000000,nomatch
meld_tra_09777,1,5,5,0,0,0.000000,nomatch
meld_tra_09778,1,9,9,0,0,0.000000,nomatch
meld_tra_09779,1,2,2,0,0,0.000000,nomatch
meld_tra_09780,1,12,12,0,0,0.000000,nomatch
meld_tra_09781,1,10,10,0,0,0.000000,nomatch
meld_tra_09782,1,11,11,0,0,0.000000,nomatch
meld_tra_09783,2,8,8,0,0,0.000000,nomatch
meld_tra_09784,2,9,9,0,0,0.000000,nomatch
meld_tra_09785,1,7,7,0,0,0.000000,nomatch
meld_tra_09786,1,6,6,0,0,0.000000,nomatch
meld_tra_09787,2,7,7,0,0,0.000000,nomatch
meld_tra_09788,3,19,19,0,0,0.000000,nomatch
meld_tra_09789,2,9,9,0,0,0.000000,nomatch
meld_tra_09790,1,7,7,0,0,0.000000,nomatch
meld_tra_09791,1,5,5,0,0,0.000000,nomatch
meld_tra_09792,1,22,22,0,0,0.000000,nomatch
meld_tra_09793,1,3,3,0,0,0.000000,nomatch
meld_tra_09794,1,1,1,0,0,0.000000,nomatch
meld_tra_09795,1,8,8,1,0,0.202289,nonzero
meld_tra_09796,2,13,13,0,0,0.000000,nomatch
meld_tra_09797,1,2,2,0,0,0.000000,nomatch
meld_tra_09798,1,20,20,0,0,0.000000,nomatch
meld_tra_09799,1,13,13,0,0,0.000000,nomatch
meld_tra_09800,1,3,3,0,0,0.000000,nomatch
meld_tra_09801,2,16,16,0,0,0.000000,nomatch
meld_tra_09802,1,5,5,0,0,0.000000,nomatch
meld_tra_09803,1,6,6,0,0,0.000000,nomatch
meld_tra_09804,1,20,20,0,0,0.000000,nomatch
meld_tra_09805,1,4,4,0,0,0.000000,nomatch
meld_tra_09806,1,4,4,0,0,0.000000,nomatch
meld_tra_09807,1,3,3,0,0,0.000000,nomatch
meld_tra_09808,1,9,9,0,0,0.000000,nomatch
meld_tra_09809,1,5,5,0,0,0.000000,nomatch
meld_tra_09810,3,5,5,0,0,0.000000,nomatch
meld_tra_09811,1,1,1,0,0,0.000000,nomatch
meld_tra_09812,2,8,8,0,0,0.000000,nomatch
meld_tra_09813,1,2,2,0,0,0.000000,nomatch
meld_tra_09814,2,12,12,0,0,0.000000,nomatch
meld_tra_09815,1,7,7,0,0,0.000000,nomatch
meld_tra_09816,1,5,5,0,0,0.000000,nomatch
meld_tra_09817,1,4,4,0,0,0.000000,nomatch
meld_tra_09818,1,3,3,0,0,0.000000,nomatch
meld_tra_09819,1,10,10,0,0,0.000000,nomatch
meld_tra_09820,1,24,24,0,0,0.000000,nomatch
meld_tra_09821,1,5,5,0,0,0.000000,nomatch
meld_tra_09822,1,11,11,0,0,0.000000,nomatch
meld_tra_09823,1,17,17,0,0,0.000000,nomatch
meld_tra_09824,1,3,3,0,0,0.000000,nomatch
meld_tra_09825,1,6,6,0,0,0.000000,nomatch
meld_tra_09826,2,12,12,0,0,0.000000,nomatch
meld_tra_09827,2,7,7,0,0,0.000000,nomatch
meld_tra_09828,1,1,1,0,0,0.000000,nomatch
meld_tra_09829,2,19,19,0,0,0.000000,nomatch
meld_tra_09830,1,17,17,0,0,0.000000,nomatch
meld_tra_09831,1,8,8,0,0,0.000000,nomatch
meld_tra_09832,1,6,6,0,0,0.000000,nomatch
meld_tra_09833,1,1,1,0,0,0.000000,nomatch
meld_tra_09834,1,1,1,0,0,0.000000,nomatch
meld_tra_09835,1,2,2,0,0,0.000000,nomatch
meld_tra_09836,1,24,24,0,0,0.000000,nomatch
meld_tra_09837,1,1,1,1,0,0.361158,nonzero
meld_tra_09838,1,19,19,0,0,0.000000,nomatch
meld_tra_09839,1,8,8,0,0,0.000000,nomatch
meld_tra_09840,1,18,18,0,0,0.000000,nomatch
meld_tra_09841,1,4,4,0,0,0.000000,nomatch
meld_tra_09842,3,5,5,0,0,0.000000,nomatch
meld_tra_09843,1,1,1,0,0,0.000000,nomatch
meld_tra_09844,3,4,4,0,0,0.000000,nomatch
meld_tra_09845,1,1,1,0,0,0.000000,nomatch
meld_tra_09846,2,4,4,0,0,0.000000,nomatch
meld_tra_09847,1,1,1,0,0,0.000000,nomatch
meld_tra_09848,2,11,11,0,0,0.000000,nomatch
meld_tra_09849,1,9,9,0,0,0.000000,nomatch
meld_tra_09850,1,17,17,0,0,0.000000,nomatch
meld_tra_09851,1,4,4,1,0,-0.361158,nonzero
meld_tra_09852,1,4,4,0,0,0.000000,nomatch
meld_tra_09853,1,18,18,0,0,0.000000,nomatch
meld_tra_09854,1,9,9,0,0,0.000000,nomatch
meld_tra_09855,1,12,12,1,0,0.487080,nonzero
meld_tra_09856,2,13,13,0,0,0.000000,nomatch
meld_tra_09857,1,1,1,0,0,0.000000,nomatch
meld_tra_09858,1,2,2,0,0,0.000000,nomatch
meld_tra_09859,1,8,8,0,0,0.000000,nomatch
meld_tra_09860,1,25,25,0,0,0.000000,nomatch
meld_tra_09861,1,21,21,2,0,-0.612372,nonzero
meld_tra_09862,1,3,3,0,0,0.000000,nomatch
meld_tra_09863,1,10,10,0,0,0.000000,nomatch
meld_tra_09864,1,2,2,0,0,0.000000,nomatch
meld_tra_09865,2,9,9,0,0,0.000000,nomatch
meld_tra_09866,4,20,20,0,0,0.000000,nomatch
meld_tra_09867,2,12,12,0,0,0.000000,nomatch
meld_tra_09868,1,14,14,0,0,0.000000,nomatch
meld_tra_09869,1,5,5,0,0,0.000000,nomatch
meld_tra_09870,1,10,10,0,0,0.000000,nomatch
meld_tra_09871,1,1,1,0,0,0.000000,nomatch
meld_tra_09872,1,17,17,0,0,0.000000,nomatch
meld_tra_09873,1,5,5,0,0,0.000000,nomatch
meld_tra_09874,1,9,9,0,0,0.000000,nomatch
meld_tra_09875,1,3,3,0,0,0.000000,nomatch
meld_tra_09876,1,1,1,0,0,0.000000,nomatch
meld_tra_09877,1,21,21,0,0,0.000000,nomatch
meld_tra_09878,1,8,8,0,0,0.000000,nomatch
meld_tra_09879,1,9,9,0,0,0.000000,nomatch
meld_tra_09880,3,18,18,1,0,-0.140488,nonzero
meld_tra_09881,1,2,2,0,0,0.000000,nomatch
meld_tra_09882,1,6,6,0,0,0.000000,nomatch
meld_tra_09883,1,2,2,0,0,0.000000,nomatch
meld_tra_09884,1,12,12,0,0,0.000000,nomatch
meld_tra_09885,1,5,5,0,0,0.000000,nomatch
meld_tra_09886,2,13,13,0,0,0.000000,nomatch
meld_tra_09887,1,3,3,0,0,0.000000,nomatch
meld_tra_09888,2,13,13,0,0,0.000000,nomatch
meld_tra_09889,2,5,5,0,0,0.000000,nomatch
meld_tra_09890,1,14,14,0,0,0.000000,nomatch
meld_tra_09891,1,11,11,0,0,0.000000,nomatch
meld_tra_09892,1,11,11,0,0,0.000000,nomatch
meld_tra_09893,1,2,2,0,0,0.000000,nomatch
meld_tra_09894,1,8,8,0,0,0.000000,nomatch
meld_tra_09895,2,5,5,1,0,0.180579,nonzero
meld_tra_09896,2,3,3,0,0,0.000000,nomatch
meld_tra_09897,1,38,38,0,0,0.000000,nomatch
meld_tra_09898,1,5,5,0,0,0.000000,nomatch
meld_tra_09899,2,5,5,0,0,0.000000,nomatch
meld_tra_09900,1,4,4,0,0,0.000000,nomatch
meld_tra_09901,1,3,3,0,0,0.000000,nomatch
meld_tra_09902,1,3,3,0,0,0.000000,nomatch
meld_tra_09903,1,9,9,0,0,0.000000,nomatch
meld_tra_09904,1,9,9,0,0,0.000000,nomatch
meld_tra_09905,1,16,16,0,0,0.000000,nomatch
meld_tra_09906,1,1,1,0,0,0.000000,nomatch
meld_tra_09907,1,25,25,0,0,0.000000,nomatch
meld_tra_09908,1,22,22,0,0,0.000000,nomatch
meld_tra_09909,1,6,6,0,0,0.000000,nomatch
meld_tra_09910,2,14,14,0,0,0.000000,nomatch
meld_tra_09911,2,2,2,0,0,0.000000,nomatch
meld_tra_09912,1,7,7,0,0,0.000000,nomatch
meld_tra_09913,1,4,4,0,0,0.000000,nomatch
meld_tra_09914,1,6,6,0,0,0.000000,nomatch
meld_tra_09915,1,13,13,0,0,0.000000,nomatch
meld_tra_09916,2,12,12,0,0,0.000000,nomatch
meld_tra_09917,2,15,15,0,0,0.000000,nomatch
meld_tra_09918,2,6,6,0,0,0.000000,nomatch
meld_tra_09919,2,7,7,0,0,0.000000,nomatch
meld_tra_09920,2,7,7,0,0,0.000000,nomatch
meld_tra_09921,1,10,10,0,0,0.000000,nomatch
meld_tra_09922,3,15,15,0,0,0.000000,nomatch
meld_tra_09923,1,10,10,0,0,0.000000,nomatch
meld_tra_09924,1,5,5,0,0,0.000000,nomatch
meld_tra_09925,1,11,11,0,0,0.000000,nomatch
meld_tra_09926,1,7,7,0,0,0.000000,nomatch
meld_tra_09927,1,3,3,0,0,0.000000,nomatch
meld_tra_09928,3,17,17,0,0,0.000000,nomatch
meld_tra_09929,1,4,4,0,0,0.000000,nomatch
meld_tra_09930,1,10,10,0,0,0.000000,nomatch
meld_tra_09931,1,6,6,0,0,0.000000,nomatch
meld_tra_09932,1,5,5,0,0,0.000000,nomatch
meld_tra_09933,1,8,8,0,0,0.000000,nomatch
meld_tra_09934,1,8,8,0,0,0.000000,nomatch
meld_tra_09935,2,19,19,1,0,0.246957,nonzero
meld_tra_09936,1,14,14,0,0,0.000000,nomatch
meld_tra_09937,1,8,8,0,0,0.000000,nomatch
meld_tra_09938,1,1,1,0,0,0.000000,nomatch
meld_tra_09939,3,5,5,0,0,0.000000,nomatch
meld_tra_09940,2,9,9,0,0,0.000000,nomatch
meld_tra_09941,2,15,15,0,0,0.000000,nomatch
meld_tra_09942,1,9,9,0,0,0.000000,nomatch
meld_tra_09943,1,4,4,0,0,0.000000,nomatch
meld_tra_09944,1,8,8,0,0,0.000000,nomatch
meld_tra_09945,2,19,19,0,0,0.000000,nomatch
meld_tra_09946,2,5,5,1,0,-0.229415,nonzero
meld_tra_09947,5,14,14,0,0,0.000000,nomatch
meld_tra_09948,2,8,8,1,1,-0.146713,nonzero
meld_tra_09949,2,3,3,0,0,0.000000,nomatch
meld_tra_09950,1,8,8,0,0,0.000000,nomatch
meld_tra_09951,1,3,3,0,0,0.000000,nomatch
meld_tra_09952,1,1,1,0,0,0.000000,nomatch
meld_tra_09953,1,1,1,0,0,0.000000,nomatch
meld_tra_09954,2,20,20,0,0,0.000000,nomatch
meld_tra_09955,2,5,5,0,0,0.000000,nomatch
meld_tra_09956,1,3,3,0,1,-0.128037,nonzero
meld_tra_09957,1,2,2,0,0,0.000000,nomatch
meld_tra_09958,1,2,2,0,0,0.000000,nomatch
meld_tra_09959,1,5,5,0,0,0.000000,nomatch
meld_tra_09960,1,7,7,0,0,0.000000,nomatch
meld_tra_09961,1,6,6,0,0,0.000000,nomatch
meld_tra_09962,1,1,1,0,0,0.000000,nomatch
meld_tra_09963,2,13,13,0,0,0.000000,nomatch
meld_tra_09964,1,6,6,0,0,0.000000,nomatch
meld_tra_09965,1,1,1,0,0,0.000000,nomatch
meld_tra_09966,1,5,5,0,0,0.000000,nomatch
meld_tra_09967,2,6,6,0,0,0.000000,nomatch
meld_tra_09968,1,7,7,0,0,0.000000,nomatch
meld_tra_09969,1,5,5,0,0,0.000000,nomatch
meld_tra_09970,2,12,12,0,0,0.000000,nomatch
meld_tra_09971,1,1,1,0,0,0.000000,nomatch
meld_tra_09972,1,1,1,0,0,0.000000,nomatch
meld_tra_09973,1,4,4,0,0,0.000000,nomatch
meld_tra_09974,1,5,5,0,0,0.000000,nomatch
meld_tra_09975,1,10,10,0,0,0.000000,nomatch
meld_tra_09976,2,11,11,0,0,0.000000,nomatch
meld_tra_09977,1,7,7,0,0,0.000000,nomatch
meld_tra_09978,1,11,11,0,0,0.000000,nomatch
meld_tra_09979,1,15,15,0,0,0.000000,nomatch
meld_tra_09980,1,4,4,0,0,0.000000,nomatch
meld_tra_09981,1,8,8,0,0,0.000000,nomatch
meld_tra_09982,1,28,28,1,0,0.449704,nonzero
meld_tra_09983,1,4,4,0,0,0.000000,nomatch
meld_tra_09984,1,3,3,0,0,0.000000,nomatch
meld_tra_09985,2,10,10,0,0,0.000000,nomatch
meld_tra_09986,1,7,7,0,0,0.000000,nomatch
meld_tra_09987,1,1,1,0,0,0.000000,nomatch
meld_tra_09988,2,13,13,0,0,0.000000,nomatch
meld_dev_00000,2,12,12,2,0,-0.405431,nonzero
meld_dev_00001,1,1,1,0,0,0.000000,nomatch
meld_dev_00002,2,18,18,0,0,0.000000,nomatch
meld_dev_00003,1,4,4,0,0,0.000000,nomatch
meld_dev_00004,1,9,9,0,0,0.000000,nomatch
meld_dev_00005,1,5,5,0,0,0.000000,nomatch
meld_dev_00006,1,1,1,0,0,0.000000,nomatch
meld_dev_00007,1,1,1,0,0,0.000000,nomatch
meld_dev_00008,2,14,14,0,0,0.000000,nomatch
meld_dev_00009,1,1,1,0,0,0.000000,nomatch
meld_dev_00010,1,3,3,0,0,0.000000,nomatch
meld_dev_00011,1,1,1,0,0,0.000000,nomatch
meld_dev_00012,1,3,3,0,0,0.000000,nomatch
meld_dev_00013,1,24,24,0,0,0.000000,nomatch
meld_dev_00014,1,12,12,1,0,0.128037,nonzero
meld_dev_00015,4,17,17,0,0,0.000000,nomatch
meld_dev_00016,1,3,3,0,0,0.000000,nomatch
meld_dev_00017,1,4,4,0,0,0.000000,nomatch
meld_dev_00018,1,3,3,0,0,0.000000,nomatch
meld_dev_00019,6,11,11,0,0,0.000000,nomatch
meld_dev_00020,3,15,15,0,0,0.000000,nomatch
meld_dev_00021,1,1,1,0,0,0.000000,nomatch
meld_dev_00022,1,1,1,0,0,0.000000,nomatch
meld_dev_00023,1,6,6,0,0,0.000000,nomatch
meld_dev_00024,1,5,5,0,0,0.000000,nomatch
meld_dev_00025,1,1,1,0,0,0.000000,nomatch
meld_dev_00026,2,12,12,0,0,0.000000,nomatch
meld_dev_00027,3,7,7,0,0,0.000000,nomatch
meld_dev_00028,1,8,8,0,0,0.000000,nomatch
meld_dev_00029,1,8,8,0,0,0.000000,nomatch
meld_dev_00030,1,7,7,0,0,0.000000,nomatch
meld_dev_00031,2,11,11,0,0,0.000000,nomatch
meld_dev_00032,1,1,1,0,0,0.000000,nomatch
meld_dev_00033,3,24,24,0,0,0.000000,nomatch
meld_dev_00034,1,10,10,0,0,0.000000,nomatch
meld_dev_00035,1,8,8,0,0,0.000000,nomatch
meld_dev_00036,1,6,6,0,0,0.000000,nomatch
meld_dev_00037,1,8,8,0,0,0.000000,nomatch
meld_dev_00038,3,16,16,0,0,0.000000,nomatch
meld_dev_00039,2,10,10,0,0,0.000000,nomatch
meld_dev_00040,2,16,16,0,0,0.000000,nomatch
meld_dev_00041,1,7,7,0,0,0.000000,nomatch
meld_dev_00042,1,13,13,0,0,0.000000,nomatch
meld_dev_00043,1,1,1,0,0,0.000000,nomatch
meld_dev_00044,1,12,12,1,0,0.361158,nonzero
meld_dev_00045,2,22,22,1,0,0.180579,nonzero
meld_dev_00046,1,4,4,0,0,0.000000,nomatch
meld_dev_00047,1,7,7,0,0,0.000000,nomatch
meld_dev_00048,1,10,10,1,0,0.458831,nonzero
meld_dev_00049,1,4,4,0,0,0.000000,nomatch
meld_dev_00050,1,11,11,0,0,0.000000,nomatch
meld_dev_00051,1,1,1,0,0,0.000000,nomatch
meld_dev_00052,1,7,7,0,1,-0.128037,nonzero
meld_dev_00053,1,1,1,0,0,0.000000,nomatch
meld_dev_00054,1,1,1,0,0,0.000000,nomatch
meld_dev_00055,1,11,11,1,0,0.487080,nonzero
meld_dev_00056,3,21,21,0,0,0.000000,nomatch
meld_dev_00057,1,6,6,1,0,0.542326,nonzero
meld_dev_00058,1,4,4,0,0,0.000000,nomatch
meld_dev_00059,1,2,2,0,0,0.000000,nomatch
meld_dev_00060,1,7,7,0,0,0.000000,nomatch
meld_dev_00061,1,7,7,0,0,0.000000,nomatch
meld_dev_00062,1,13,13,0,0,0.000000,nomatch
meld_dev_00063,2,8,8,0,0,0.000000,nomatch
meld_dev_00064,1,7,7,0,0,0.000000,nomatch
meld_dev_00065,2,11,11,0,0,0.000000,nomatch
meld_dev_00066,1,13,13,0,0,0.000000,nomatch
meld_dev_00067,1,1,1,0,0,0.000000,nomatch
meld_dev_00068,2,11,11,0,0,0.000000,nomatch
meld_dev_00069,1,2,2,0,0,0.000000,nomatch
meld_dev_00070,3,13,13,0,0,0.000000,nomatch
meld_dev_00071,1,5,5,0,0,0.000000,nomatch
meld_dev_00072,1,20,20,1,0,-0.361158,nonzero
meld_dev_00073,1,6,6,0,0,0.000000,nomatch
meld_dev_00074,1,2,2,0,0,0.000000,nomatch
meld_dev_00075,1,2,2,0,0,0.000000,nomatch
meld_dev_00076,2,10,10,0,0,0.000000,nomatch
meld_dev_00077,1,4,4,0,0,0.000000,nomatch
meld_dev_00078,1,7,7,0,0,0.000000,nomatch
meld_dev_00079,1,6,6,0,0,0.000000,nomatch
meld_dev_00080,1,9,9,0,0,0.000000,nomatch
meld_dev_00081,1,7,7,0,0,0.000000,nomatch
meld_dev_00082,2,13,13,0,0,0.000000,nomatch
meld_dev_00083,5,23,23,1,0,-0.072232,nonzero
meld_dev_00084,1,4,4,0,0,0.000000,nomatch
meld_dev_00085,1,8,8,0,0,0.000000,nomatch
meld_dev_00086,1,5,5,1,0,0.449704,nonzero
meld_dev_00087,1,13,13,1,0,0.542326,nonzero
meld_dev_00088,1,12,12,0,0,0.000000,nomatch
meld_dev_00089,1,14,14,0,0,0.000000,nomatch
meld_dev_00090,1,7,7,1,0,0.421464,nonzero
meld_dev_00091,1,4,4,0,0,0.000000,nomatch
meld_dev_00092,1,8,8,0,0,0.000000,nomatch
meld_dev_00093,2,14,14,0,0,0.000000,nomatch
meld_dev_00094,2,8,8,0,0,0.000000,nomatch
meld_dev_00095,1,1,1,0,0,0.000000,nomatch
meld_dev_00096,1,24,24,1,0,0.128037,nonzero
meld_dev_00097,1,12,12,0,0,0.000000,nomatch
meld_dev_00098,2,11,11,0,0,0.000000,nomatch
meld_dev_00099,1,6,6,0,0,0.000000,nomatch
meld_dev_00100,1,17,17,0,0,0.000000,nomatch
meld_dev_00101,2,13,13,0,0,0.000000,nomatch
meld_dev_00102,2,20,20,0,0,0.000000,nomatch
meld_dev_00103,2,12,12,0,0,0.000000,nomatch
meld_dev_00104,1,6,6,0,0,0.000000,nomatch
meld_dev_00105,3,6,6,0,0,0.000000,nomatch
meld_dev_00106,1,7,7,0,0,0.000000,nomatch
meld_dev_00107,1,5,5,0,0,0.000000,nomatch
meld_dev_00108,3,10,10,0,0,0.000000,nomatch
meld_dev_00109,1,3,3,0,0,0.000000,nomatch
meld_dev_00110,2,5,5,0,0,0.000000,nomatch
meld_dev_00111,2,6,6,0,0,0.000000,nomatch
meld_dev_00112,1,8,8,0,0,0.000000,nomatch
meld_dev_00113,1,7,7,0,0,0.000000,nomatch
meld_dev_00114,1,13,13,1,0,-0.361158,nonzero
meld_dev_00115,1,8,8,0,0,0.000000,nomatch
meld_dev_00116,2,14,14,0,0,0.000000,nomatch
meld_dev_00117,1,7,7,0,0,0.000000,nomatch
meld_dev_00118,1,1,1,0,0,0.000000,nomatch
meld_dev_00119,4,14,14,0,0,0.000000,nomatch
meld_dev_00120,1,2,2,0,0,0.000000,nomatch
meld_dev_00121,1,5,5,0,0,0.000000,nomatch
meld_dev_00122,1,9,9,0,0,0.000000,nomatch
meld_dev_00123,1,1,1,0,0,0.000000,nomatch
meld_dev_00124,1,4,4,0,0,0.000000,nomatch
meld_dev_00125,1,4,4,0,0,0.000000,nomatch
meld_dev_00126,2,18,18,1,0,-0.125000,nonzero
meld_dev_00127,2,6,6,0,0,0.000000,nomatch
meld_dev_00128,2,8,8,1,1,-0.378968,nonzero
meld_dev_00129,2,12,12,0,0,0.000000,nomatch
meld_dev_00130,1,1,1,0,0,0.000000,nomatch
meld_dev_00131,1,4,4,0,0,0.000000,nomatch
meld_dev_00132,1,4,4,0,0,0.000000,nomatch
meld_dev_00133,1,11,11,0,0,0.000000,nomatch
meld_dev_00134,1,4,4,0,0,0.000000,nomatch
meld_dev_00135,3,15,15,0,0,0.000000,nomatch
meld_dev_00136,2,6,6,0,0,0.000000,nomatch
meld_dev_00137,1,4,4,0,0,0.000000,nomatch
meld_dev_00138,1,3,3,0,0,0.000000,nomatch
meld_dev_00139,1,4,4,0,0,0.000000,nomatch
meld_dev_00140,1,6,6,0,0,0.000000,nomatch
meld_dev_00141,1,13,13,0,0,0.000000,nomatch
meld_dev_00142,1,3,3,0,0,0.000000,nomatch
meld_dev_00143,1,4,4,0,0,0.000000,nomatch
meld_dev_00144,1,4,4,0,0,0.000000,nomatch
meld_dev_00145,2,11,11,0,0,0.000000,nomatch
meld_dev_00146,1,4,4,0,0,0.000000,nomatch
meld_dev_00147,1,1,1,0,0,0.000000,nomatch
meld_dev_00148,1,5,5,0,0,0.000000,nomatch
meld_dev_00149,1,2,2,0,0,0.000000,nomatch
meld_dev_00150,1,2,2,0,0,0.000000,nomatch
meld_dev_00151,2,16,16,0,0,0.000000,nomatch
meld_dev_00152,4,17,17,0,0,0.000000,nomatch
meld_dev_00153,1,12,12,0,0,0.000000,nomatch
meld_dev_00154,1,16,16,0,0,0.000000,nomatch
meld_dev_00155,1,3,3,0,0,0.000000,nomatch
meld_dev_00156,1,1,1,0,0,0.000000,nomatch
meld_dev_00157,3,23,23,0,0,0.000000,nomatch
meld_dev_00158,3,13,13,0,0,0.000000,nomatch
meld_dev_00159,2,8,8,0,0,0.000000,nomatch
meld_dev_00160,2,10,10,0,0,0.000000,nomatch
meld_dev_00161,1,1,1,0,0,0.000000,nomatch
meld_dev_00162,2,8,8,0,0,0.000000,nomatch
meld_dev_00163,1,4,4,0,0,0.000000,nomatch
meld_dev_00164,1,3,3,0,0,0.000000,nomatch
meld_dev_00165,1,1,1,0,0,0.000000,nomatch
meld_dev_00166,3,18,18,0,0,0.000000,nomatch
meld_dev_00167,3,3,3,0,0,0.000000,nomatch
meld_dev_00168,1,20,20,0,0,0.000000,nomatch
meld_dev_00169,2,28,28,1,0,-0.263371,nonzero
meld_dev_00170,1,5,5,0,0,0.000000,nomatch
meld_dev_00171,1,7,7,1,0,0.128037,nonzero
meld_dev_00172,1,10,10,0,0,0.000000,nomatch
meld_dev_00173,1,6,6,0,0,0.000000,nomatch
meld_dev_00174,1,9,9,1,0,0.128037,nonzero
meld_dev_00175,1,7,7,0,0,0.000000,nomatch
meld_dev_00176,1,3,3,0,0,0.000000,nomatch
meld_dev_00177,1,8,8,1,0,-0.128037,nonzero
meld_dev_00178,1,4,4,0,0,0.000000,nomatch
meld_dev_00179,2,18,18,0,1,-0.064019,nonzero
meld_dev_00180,2,14,14,0,0,0.000000,nomatch
meld_dev_00181,1,5,5,0,0,0.000000,nomatch
meld_dev_00182,3,15,15,0,0,0.000000,nomatch
meld_dev_00183,2,11,11,0,0,0.000000,nomatch
meld_dev_00184,1,6,6,1,0,0.202289,nonzero
meld_dev_00185,1,21,21,2,0,-0.177858,nonzero
meld_dev_00186,1,4,4,0,0,0.000000,nomatch
meld_dev_00187,1,9,9,0,0,0.000000,nomatch
meld_dev_00188,1,7,7,0,0,0.000000,nomatch
meld_dev_00189,1,5,5,0,0,0.000000,nomatch
meld_dev_00190,2,6,6,1,0,-0.246957,nonzero
meld_dev_00191,1,12,12,0,0,0.000000,nomatch
meld_dev_00192,1,1,1,0,0,0.000000,nomatch
meld_dev_00193,1,1,1,0,0,0.000000,nomatch
meld_dev_00194,1,4,4,0,0,0.000000,nomatch
meld_dev_00195,2,2,2,0,0,0.000000,nomatch
meld_dev_00196,1,24,24,0,0,0.000000,nomatch
meld_dev_00197,1,2,2,0,0,0.000000,nomatch
meld_dev_00198,1,4,4,0,0,0.000000,nomatch
meld_dev_00199,1,13,13,0,0,0.000000,nomatch
meld_dev_00200,3,16,16,0,0,0.000000,nomatch
meld_dev_00201,1,5,5,0,0,0.000000,nomatch
meld_dev_00202,1,13,13,0,0,0.000000,nomatch
meld_dev_00203,1,14,14,0,0,0.000000,nomatch
meld_dev_00204,1,3,3,0,0,0.000000,nomatch
meld_dev_00205,1,5,5,0,0,0.000000,nomatch
meld_dev_00206,1,4,4,0,0,0.000000,nomatch
meld_dev_00207,1,4,4,0,0,0.000000,nomatch
meld_dev_00208,1,5,5,0,0,0.000000,nomatch
meld_dev_00209,1,13,13,0,0,0.000000,nomatch
meld_dev_00210,1,21,21,1,0,-0.361158,nonzero
meld_dev_00211,2,20,20,1,0,0.271163,nonzero
meld_dev_00212,1,5,5,0,0,0.000000,nomatch
meld_dev_00213,1,13,13,0,0,0.000000,nomatch
meld_dev_00214,1,8,8,0,0,0.000000,nomatch
meld_dev_00215,1,14,14,0,0,0.000000,nomatch
meld_dev_00216,1,5,5,0,1,-0.612372,nonzero
meld_dev_00217,1,7,7,0,0,0.000000,nomatch
meld_dev_00218,1,5,5,0,0,0.000000,nomatch
meld_dev_00219,1,3,3,0,0,0.000000,nomatch
meld_dev_00220,2,11,11,0,0,0.000000,nomatch
meld_dev_00221,1,6,6,0,0,0.000000,nomatch
meld_dev_00222,1,4,4,1,0,0.421464,nonzero
meld_dev_00223,1,4,4,0,0,0.000000,nomatch
meld_dev_00224,1,37,37,1,0,-0.361158,nonzero
meld_dev_00225,1,28,28,1,0,0.542326,nonzero
meld_dev_00226,1,6,6,0,0,0.000000,nomatch
meld_dev_00227,1,11,11,0,0,0.000000,nomatch
meld_dev_00228,1,5,5,0,0,0.000000,nomatch
meld_dev_00229,2,14,14,0,0,0.000000,nomatch
meld_dev_00230,1,6,6,0,0,0.000000,nomatch
meld_dev_00231,2,10,10,1,0,0.210732,nonzero
meld_dev_00232,2,12,12,0,0,0.000000,nomatch
meld_dev_00233,1,6,6,0,0,0.000000,nomatch
meld_dev_00234,1,3,3,1,0,-0.612372,nonzero
meld_dev_00235,1,4,4,0,0,0.000000,nomatch
meld_dev_00236,3,11,11,0,0,0.000000,nomatch
meld_dev_00237,2,12,12,1,0,0.101144,nonzero
meld_dev_00238,1,11,11,1,0,-0.361158,nonzero
meld_dev_00239,1,4,4,0,0,0.000000,nomatch
meld_dev_00240,2,10,10,0,0,0.000000,nomatch
meld_dev_00241,3,9,9,0,0,0.000000,nomatch
meld_dev_00242,2,2,2,0,0,0.000000,nomatch
meld_dev_00243,1,5,5,0,0,0.000000,nomatch
meld_dev_00244,1,2,2,0,0,0.000000,nomatch
meld_dev_00245,1,1,1,0,0,0.000000,nomatch
meld_dev_00246,1,3,3,0,0,0.000000,nomatch
meld_dev_00247,1,4,4,0,0,0.000000,nomatch
meld_dev_00248,1,4,4,0,0,0.000000,nomatch
meld_dev_00249,1,10,10,0,0,0.000000,nomatch
meld_dev_00250,1,20,20,0,0,0.000000,nomatch
meld_dev_00251,1,2,2,0,0,0.000000,nomatch
meld_dev_00252,1,6,6,0,0,0.000000,nomatch
meld_dev_00253,1,1,1,0,0,0.000000,nomatch
meld_dev_00254,1,3,3,0,0,0.000000,nomatch
meld_dev_00255,2,3,3,0,0,0.000000,nomatch
meld_dev_00256,1,11,11,0,0,0.000000,nomatch
meld_dev_00257,2,18,18,0,0,0.000000,nomatch
meld_dev_00258,2,4,4,0,0,0.000000,nomatch
meld_dev_00259,1,16,16,0,0,0.000000,nomatch
meld_dev_00260,1,11,11,0,0,0.000000,nomatch
meld_dev_00261,2,3,3,0,0,0.000000,nomatch
meld_dev_00262,3,21,21,0,0,0.000000,nomatch
meld_dev_00263,3,12,12,0,0,0.000000,nomatch
meld_dev_00264,1,4,4,0,0,0.000000,nomatch
meld_dev_00265,1,41,41,2,0,-0.612372,nonzero
meld_dev_00266,2,11,11,0,0,0.000000,nomatch
meld_dev_00267,1,4,4,0,0,0.000000,nomatch
meld_dev_00268,1,3,3,0,0,0.000000,nomatch
meld_dev_00269,1,2,2,0,0,0.000000,nomatch
meld_dev_00270,1,27,27,2,0,0.177858,nonzero
meld_dev_00271,2,4,4,0,0,0.000000,nomatch
meld_dev_00272,1,4,4,0,0,0.000000,nomatch
meld_dev_00273,1,4,4,0,0,0.000000,nomatch
meld_dev_00274,1,15,15,0,0,0.000000,nomatch
meld_dev_00275,1,19,19,0,0,0.000000,nomatch
meld_dev_00276,1,2,2,0,0,0.000000,nomatch
meld_dev_00277,1,2,2,0,0,0.000000,nomatch
meld_dev_00278,1,4,4,0,0,0.000000,nomatch
meld_dev_00279,1,6,6,0,0,0.000000,nomatch
meld_dev_00280,1,1,1,0,0,0.000000,nomatch
meld_dev_00281,1,6,6,0,0,0.000000,nomatch
meld_dev_00282,2,5,5,0,0,0.000000,nomatch
meld_dev_00283,1,13,13,0,0,0.000000,nomatch
meld_dev_00284,1,15,15,1,0,-0.339950,nonzero
meld_dev_00285,3,15,15,0,0,0.000000,nomatch
meld_dev_00286,3,15,15,0,0,0.000000,nomatch
meld_dev_00287,1,1,1,0,0,0.000000,nomatch
meld_dev_00288,1,1,1,0,0,0.000000,nomatch
meld_dev_00289,1,1,1,0,0,0.000000,nomatch
meld_dev_00290,1,4,4,0,0,0.000000,nomatch
meld_dev_00291,1,19,19,1,0,0.128037,nonzero
meld_dev_00292,1,15,15,0,0,0.000000,nomatch
meld_dev_00293,2,4,4,0,0,0.000000,nomatch
meld_dev_00294,3,13,13,1,0,0.087221,nonzero
meld_dev_00295,2,3,3,0,0,0.000000,nomatch
meld_dev_00296,1,10,10,0,0,0.000000,nomatch
meld_dev_00297,1,5,5,0,0,0.000000,nomatch
meld_dev_00298,1,8,8,0,0,0.000000,nomatch
meld_dev_00299,1,7,7,0,0,0.000000,nomatch
meld_dev_00300,1,4,4,0,0,0.000000,nomatch
meld_dev_00301,1,12,12,0,0,0.000000,nomatch
meld_dev_00302,1,13,13,0,0,0.000000,nomatch
meld_dev_00303,3,15,15,0,0,0.000000,nomatch
meld_dev_00304,1,1,1,0,0,0.000000,nomatch
meld_dev_00305,1,4,4,0,0,0.000000,nomatch
meld_dev_00306,1,1,1,0,0,0.000000,nomatch
meld_dev_00307,1,2,2,0,0,0.000000,nomatch
meld_dev_00308,1,8,8,0,0,0.000000,nomatch
meld_dev_00309,1,6,6,0,0,0.000000,nomatch
meld_dev_00310,1,8,8,0,0,0.000000,nomatch
meld_dev_00311,3,14,14,0,0,0.000000,nomatch
meld_dev_00312,1,8,8,0,0,0.000000,nomatch
meld_dev_00313,2,8,8,0,0,0.000000,nomatch
meld_dev_00314,1,1,1,0,0,0.000000,nomatch
meld_dev_00315,2,9,9,0,0,0.000000,nomatch
meld_dev_00316,2,17,17,0,0,0.000000,nomatch
meld_dev_00317,2,8,8,0,0,0.000000,nomatch
meld_dev_00318,1,5,5,0,0,0.000000,nomatch
meld_dev_00319,1,6,6,0,0,0.000000,nomatch
meld_dev_00320,1,3,3,0,0,0.000000,nomatch
meld_dev_00321,3,18,18,1,0,-0.120386,nonzero
meld_dev_00322,2,9,9,1,0,-0.180579,nonzero
meld_dev_00323,1,6,6,0,0,0.000000,nomatch
meld_dev_00324,1,1,1,0,0,0.000000,nomatch
meld_dev_00325,5,11,11,0,0,0.000000,nomatch
meld_dev_00326,1,3,3,0,0,0.000000,nomatch
meld_dev_00327,2,6,6,0,0,0.000000,nomatch
meld_dev_00328,3,6,6,0,0,0.000000,nomatch
meld_dev_00329,1,4,4,0,0,0.000000,nomatch
meld_dev_00330,1,1,1,0,0,0.000000,nomatch
meld_dev_00331,1,4,4,0,0,0.000000,nomatch
meld_dev_00332,2,12,12,0,0,0.000000,nomatch
meld_dev_00333,1,15,15,0,0,0.000000,nomatch
meld_dev_00334,2,18,18,0,0,0.000000,nomatch
meld_dev_00335,1,1,1,0,0,0.000000,nomatch
meld_dev_00336,1,14,14,0,0,0.000000,nomatch
meld_dev_00337,2,10,10,0,0,0.000000,nomatch
meld_dev_00338,2,6,6,0,0,0.000000,nomatch
meld_dev_00339,2,14,14,1,0,-0.180579,nonzero
meld_dev_00340,2,7,7,0,0,0.000000,nomatch
meld_dev_00341,1,3,3,0,0,0.000000,nomatch
meld_dev_00342,1,1,1,0,0,0.000000,nomatch
meld_dev_00343,1,2,2,0,0,0.000000,nomatch
meld_dev_00344,2,10,10,1,0,0.180579,nonzero
meld_dev_00345,1,10,10,1,0,0.261663,nonzero
meld_dev_00346,1,8,8,0,0,0.000000,nomatch
meld_dev_00347,2,11,11,0,0,0.000000,nomatch
meld_dev_00348,4,19,19,0,0,0.000000,nomatch
meld_dev_00349,1,1,1,0,0,0.000000,nomatch
meld_dev_00350,1,6,6,0,0,0.000000,nomatch
meld_dev_00351,1,8,8,0,1,-0.128037,nonzero
meld_dev_00352,1,8,8,0,0,0.000000,nomatch
meld_dev_00353,1,3,3,0,0,0.000000,nomatch
meld_dev_00354,1,2,2,0,0,0.000000,nomatch
meld_dev_00355,2,12,12,1,0,-0.210732,nonzero
meld_dev_00356,1,9,9,0,0,0.000000,nomatch
meld_dev_00357,3,25,25,1,0,0.120386,nonzero
meld_dev_00358,1,9,9,1,0,-0.361158,nonzero
meld_dev_00359,1,18,18,0,0,0.000000,nomatch
meld_dev_00360,2,19,19,0,0,0.000000,nomatch
meld_dev_00361,1,3,3,0,0,0.000000,nomatch
meld_dev_00362,1,3,3,0,0,0.000000,nomatch
meld_dev_00363,1,10,10,0,0,0.000000,nomatch
meld_dev_00364,1,14,14,0,0,0.000000,nomatch
meld_dev_00365,1,20,20,1,0,-0.361158,nonzero
meld_dev_00366,2,15,15,0,0,0.000000,nomatch
meld_dev_00367,2,11,11,0,0,0.000000,nomatch
meld_dev_00368,1,6,6,0,0,0.000000,nomatch
meld_dev_00369,1,1,1,0,0,0.000000,nomatch
meld_dev_00370,1,5,5,0,0,0.000000,nomatch
meld_dev_00371,1,1,1,0,0,0.000000,nomatch
meld_dev_00372,1,6,6,0,0,0.000000,nomatch
meld_dev_00373,1,4,4,0,0,0.000000,nomatch
meld_dev_00374,1,11,11,0,0,0.000000,nomatch
meld_dev_00375,1,8,8,0,0,0.000000,nomatch
meld_dev_00376,1,13,13,1,0,-0.421464,nonzero
meld_dev_00377,1,2,2,0,0,0.000000,nomatch
meld_dev_00378,2,25,25,0,0,0.000000,nomatch
meld_dev_00379,1,7,7,1,0,0.128037,nonzero
meld_dev_00380,1,9,9,0,0,0.000000,nomatch
meld_dev_00381,1,1,1,0,0,0.000000,nomatch
meld_dev_00382,1,5,5,0,0,0.000000,nomatch
meld_dev_00383,1,10,10,0,0,0.000000,nomatch
meld_dev_00384,1,3,3,0,0,0.000000,nomatch
meld_dev_00385,1,5,5,0,0,0.000000,nomatch
meld_dev_00386,1,7,7,0,0,0.000000,nomatch
meld_dev_00387,1,17,17,1,0,-0.361158,nonzero
meld_dev_00388,1,5,5,0,0,0.000000,nomatch
meld_dev_00389,1,6,6,0,0,0.000000,nomatch
meld_dev_00390,1,8,8,0,0,0.000000,nomatch
meld_dev_00391,1,5,5,0,0,0.000000,nomatch
meld_dev_00392,1,3,3,0,0,0.000000,nomatch
meld_dev_00393,2,17,17,0,0,0.000000,nomatch
meld_dev_00394,2,4,4,0,0,0.000000,nomatch
meld_dev_00395,2,5,5,0,0,0.000000,nomatch
meld_dev_00396,4,10,10,0,0,0.000000,nomatch
meld_dev_00397,1,3,3,0,0,0.000000,nomatch
meld_dev_00398,1,1,1,0,0,0.000000,nomatch
meld_dev_00399,1,3,3,0,0,0.000000,nomatch
meld_dev_00400,1,18,18,0,0,0.000000,nomatch
meld_dev_00401,2,12,12,0,0,0.000000,nomatch
meld_dev_00402,2,11,11,0,0,0.000000,nomatch
meld_dev_00403,1,1,1,0,0,0.000000,nomatch
meld_dev_00404,1,1,1,0,0,0.000000,nomatch
meld_dev_00405,3,4,4,0,0,0.000000,nomatch
meld_dev_00406,2,6,6,0,0,0.000000,nomatch
meld_dev_00407,1,14,14,0,0,0.000000,nomatch
meld_dev_00408,3,22,22,1,0,0.042679,nonzero
meld_dev_00409,2,6,6,0,0,0.000000,nomatch
meld_dev_00410,1,6,6,0,0,0.000000,nomatch
meld_dev_00411,2,9,9,0,0,0.000000,nomatch
meld_dev_00412,1,1,1,0,0,0.000000,nomatch
meld_dev_00413,1,3,3,0,0,0.000000,nomatch
meld_dev_00414,1,15,15,0,0,0.000000,nomatch
meld_dev_00415,2,2,2,0,0,0.000000,nomatch
meld_dev_00416,1,15,15,1,0,-0.421464,nonzero
meld_dev_00417,1,4,4,0,0,0.000000,nomatch
meld_dev_00418,1,22,22,0,0,0.000000,nomatch
meld_dev_00419,2,11,11,0,0,0.000000,nomatch
meld_dev_00420,1,15,15,1,0,-0.458831,nonzero
meld_dev_00421,1,9,9,0,0,0.000000,nomatch
meld_dev_00422,1,11,11,0,0,0.000000,nomatch
meld_dev_00423,1,7,7,0,0,0.000000,nomatch
meld_dev_00424,2,18,18,0,0,0.000000,nomatch
meld_dev_00425,3,16,16,0,0,0.000000,nomatch
meld_dev_00426,1,3,3,0,0,0.000000,nomatch
meld_dev_00427,1,1,1,0,0,0.000000,nomatch
meld_dev_00428,2,16,16,0,0,0.000000,nomatch
meld_dev_00429,2,24,24,0,0,0.000000,nomatch
meld_dev_00430,3,24,24,0,0,0.000000,nomatch
meld_dev_00431,3,16,16,0,0,0.000000,nomatch
meld_dev_00432,1,12,12,1,0,0.361158,nonzero
meld_dev_00433,4,22,22,0,0,0.000000,nomatch
meld_dev_00434,3,21,21,0,0,0.000000,nomatch
meld_dev_00435,1,3,3,0,0,0.000000,nomatch
meld_dev_00436,1,25,25,0,0,0.000000,nomatch
meld_dev_00437,3,6,6,0,0,0.000000,nomatch
meld_dev_00438,1,5,5,0,0,0.000000,nomatch
meld_dev_00439,3,3,3,0,0,0.000000,nomatch
meld_dev_00440,1,1,1,0,0,0.000000,nomatch
meld_dev_00441,5,9,9,0,0,0.000000,nomatch
meld_dev_00442,3,8,8,0,0,0.000000,nomatch
meld_dev_00443,1,1,1,0,0,0.000000,nomatch
meld_dev_00444,2,12,12,0,0,0.000000,nomatch
meld_dev_00445,1,1,1,0,0,0.000000,nomatch
meld_dev_00446,2,19,19,1,0,-0.180579,nonzero
meld_dev_00447,1,1,1,0,0,0.000000,nomatch
meld_dev_00448,1,21,21,0,0,0.000000,nomatch
meld_dev_00449,2,5,5,0,0,0.000000,nomatch
meld_dev_00450,1,1,1,0,0,0.000000,nomatch
meld_dev_00451,3,10,10,0,0,0.000000,nomatch
meld_dev_00452,1,6,6,0,0,0.000000,nomatch
meld_dev_00453,1,4,4,0,0,0.000000,nomatch
meld_dev_00454,1,1,1,0,0,0.000000,nomatch
meld_dev_00455,1,4,4,0,0,0.000000,nomatch
meld_dev_00456,2,6,6,0,0,0.000000,nomatch
meld_dev_00457,1,1,1,0,0,0.000000,nomatch
meld_dev_00458,1,1,1,0,0,0.000000,nomatch
meld_dev_00459,1,1,1,0,0,0.000000,nomatch
meld_dev_00460,1,5,5,0,0,0.000000,nomatch
meld_dev_00461,2,3,3,0,0,0.000000,nomatch
meld_dev_00462,1,7,7,0,0,0.000000,nomatch
meld_dev_00463,2,22,22,0,0,0.000000,nomatch
meld_dev_00464,2,13,13,0,0,0.000000,nomatch
meld_dev_00465,1,7,7,0,0,0.000000,nomatch
meld_dev_00466,1,4,4,0,0,0.000000,nomatch
meld_dev_00467,1,5,5,0,0,0.000000,nomatch
meld_dev_00468,1,2,2,0,0,0.000000,nomatch
meld_dev_00469,1,9,9,0,0,0.000000,nomatch
meld_dev_00470,1,6,6,0,0,0.000000,nomatch
meld_dev_00471,1,5,5,0,0,0.000000,nomatch
meld_dev_00472,1,10,10,0,0,0.000000,nomatch
meld_dev_00473,3,18,18,1,0,-0.120386,nonzero
meld_dev_00474,1,17,17,0,0,0.000000,nomatch
meld_dev_00475,1,18,18,0,0,0.000000,nomatch
meld_dev_00476,2,13,13,1,0,-0.180579,nonzero
meld_dev_00477,1,11,11,0,0,0.000000,nomatch
meld_dev_00478,1,6,6,0,0,0.000000,nomatch
meld_dev_00479,1,26,26,0,0,0.000000,nomatch
meld_dev_00480,1,16,16,0,0,0.000000,nomatch
meld_dev_00481,1,3,3,0,0,0.000000,nomatch
meld_dev_00482,1,3,3,0,0,0.000000,nomatch
meld_dev_00483,2,11,11,0,0,0.000000,nomatch
meld_dev_00484,1,15,15,0,0,0.000000,nomatch
meld_dev_00485,2,10,10,0,0,0.000000,nomatch
meld_dev_00486,1,7,7,0,0,0.000000,nomatch
meld_dev_00487,2,2,2,0,0,0.000000,nomatch
meld_dev_00488,2,2,2,0,0,0.000000,nomatch
meld_dev_00489,1,9,9,0,0,0.000000,nomatch
meld_dev_00490,1,9,9,0,0,0.000000,nomatch
meld_dev_00491,2,14,14,0,0,0.000000,nomatch
meld_dev_00492,1,9,9,0,0,0.000000,nomatch
meld_dev_00493,2,4,4,0,0,0.000000,nomatch
meld_dev_00494,1,1,1,0,0,0.000000,nomatch
meld_dev_00495,1,1,1,0,0,0.000000,nomatch
meld_dev_00496,1,10,10,0,0,0.000000,nomatch
meld_dev_00497,2,6,6,0,0,0.000000,nomatch
meld_dev_00498,1,6,6,0,0,0.000000,nomatch
meld_dev_00499,1,13,13,0,0,0.000000,nomatch
meld_dev_00500,2,14,14,0,0,0.000000,nomatch
meld_dev_00501,1,7,7,0,0,0.000000,nomatch
meld_dev_00502,1,3,3,0,0,0.000000,nomatch
meld_dev_00503,1,2,2,0,0,0.000000,nomatch
meld_dev_00504,1,8,8,0,0,0.000000,nomatch
meld_dev_00505,1,25,25,0,0,0.000000,nomatch
meld_dev_00506,1,9,9,1,0,-0.421464,nonzero
meld_dev_00507,1,2,2,0,0,0.000000,nomatch
meld_dev_00508,1,13,13,0,0,0.000000,nomatch
meld_dev_00509,1,7,7,0,0,0.000000,nomatch
meld_dev_00510,4,15,15,0,0,0.000000,nomatch
meld_dev_00511,2,10,10,0,0,0.000000,nomatch
meld_dev_00512,1,4,4,0,0,0.000000,nomatch
meld_dev_00513,1,5,5,0,0,0.000000,nomatch
meld_dev_00514,2,21,21,0,0,0.000000,nomatch
meld_dev_00515,1,16,16,0,0,0.000000,nomatch
meld_dev_00516,3,22,22,0,0,0.000000,nomatch
meld_dev_00517,1,1,1,0,0,0.000000,nomatch
meld_dev_00518,1,11,11,0,0,0.000000,nomatch
meld_dev_00519,1,11,11,0,0,0.000000,nomatch
meld_dev_00520,3,6,6,0,0,0.000000,nomatch
meld_dev_00521,1,17,17,0,0,0.000000,nomatch
meld_dev_00522,1,5,5,1,0,0.542326,nonzero
meld_dev_00523,1,3,3,0,0,0.000000,nomatch
meld_dev_00524,3,14,14,0,0,0.000000,nomatch
meld_dev_00525,1,4,4,0,0,0.000000,nomatch
meld_dev_00526,2,11,11,0,0,0.000000,nomatch
meld_dev_00527,2,13,13,0,0,0.000000,nomatch
meld_dev_00528,1,1,1,0,0,0.000000,nomatch
meld_dev_00529,1,2,2,0,0,0.000000,nomatch
meld_dev_00530,1,0,0,0,0,0.000000,nomatch
meld_dev_00531,1,12,12,0,0,0.000000,nomatch
meld_dev_00532,2,17,17,0,0,0.000000,nomatch
meld_dev_00533,2,2,2,0,0,0.000000,nomatch
meld_dev_00534,1,2,2,0,0,0.000000,nomatch
meld_dev_00535,1,25,25,0,0,0.000000,nomatch
meld_dev_00536,3,9,9,0,0,0.000000,nomatch
meld_dev_00537,2,13,13,0,0,0.000000,nomatch
meld_dev_00538,2,16,16,0,0,0.000000,nomatch
meld_dev_00539,3,5,5,0,0,0.000000,nomatch
meld_dev_00540,1,10,10,0,0,0.000000,nomatch
meld_dev_00541,1,3,3,0,0,0.000000,nomatch
meld_dev_00542,1,2,2,0,0,0.000000,nomatch
meld_dev_00543,1,12,12,0,0,0.000000,nomatch
meld_dev_00544,1,2,2,0,0,0.000000,nomatch
meld_dev_00545,1,1,1,0,0,0.000000,nomatch
meld_dev_00546,1,3,3,0,0,0.000000,nomatch
meld_dev_00547,1,2,2,0,0,0.000000,nomatch
meld_dev_00548,1,12,12,0,0,0.000000,nomatch
meld_dev_00549,1,16,16,1,0,-0.361158,nonzero
meld_dev_00550,1,4,4,0,0,0.000000,nomatch
meld_dev_00551,2,9,9,0,0,0.000000,nomatch
meld_dev_00552,2,2,2,0,0,0.000000,nomatch
meld_dev_00553,1,3,3,0,0,0.000000,nomatch
meld_dev_00554,2,5,5,0,0,0.000000,nomatch
meld_dev_00555,1,5,5,0,0,0.000000,nomatch
meld_dev_00556,1,20,20,0,0,0.000000,nomatch
meld_dev_00557,1,12,12,0,0,0.000000,nomatch
meld_dev_00558,1,14,14,0,0,0.000000,nomatch
meld_dev_00559,1,21,21,0,0,0.000000,nomatch
meld_dev_00560,1,12,12,0,0,0.000000,nomatch
meld_dev_00561,1,8,8,0,0,0.000000,nomatch
meld_dev_00562,1,21,21,2,0,0.612372,nonzero
meld_dev_00563,1,3,3,0,0,0.000000,nomatch
meld_dev_00564,2,8,8,1,0,0.210732,nonzero
meld_dev_00565,1,15,15,0,0,0.000000,nomatch
meld_dev_00566,1,5,5,0,0,0.000000,nomatch
meld_dev_00567,1,2,2,0,0,0.000000,nomatch
meld_dev_00568,1,2,2,0,0,0.000000,nomatch
meld_dev_00569,1,2,2,0,0,0.000000,nomatch
meld_dev_00570,1,8,8,0,0,0.000000,nomatch
meld_dev_00571,1,1,1,0,0,0.000000,nomatch
meld_dev_00572,1,8,8,0,0,0.000000,nomatch
meld_dev_00573,1,20,20,1,0,-0.421464,nonzero
meld_dev_00574,1,5,5,0,0,0.000000,nomatch
meld_dev_00575,1,31,31,0,0,0.000000,nomatch
meld_dev_00576,1,19,19,0,0,0.000000,nomatch
meld_dev_00577,1,13,13,0,0,0.000000,nomatch
meld_dev_00578,1,25,25,0,0,0.000000,nomatch
meld_dev_00579,1,4,4,0,0,0.000000,nomatch
meld_dev_00580,1,7,7,0,0,0.000000,nomatch
meld_dev_00581,1,1,1,0,0,0.000000,nomatch
meld_dev_00582,2,5,5,0,0,0.000000,nomatch
meld_dev_00583,1,3,3,0,0,0.000000,nomatch
meld_dev_00584,2,4,4,0,0,0.000000,nomatch
meld_dev_00585,2,7,7,0,0,0.000000,nomatch
meld_dev_00586,1,13,13,1,0,-0.361158,nonzero
meld_dev_00587,1,19,19,0,0,0.000000,nomatch
meld_dev_00588,1,2,2,0,0,0.000000,nomatch
meld_dev_00589,1,8,8,0,0,0.000000,nomatch
meld_dev_00590,1,3,3,0,0,0.000000,nomatch
meld_dev_00591,1,17,17,0,0,0.000000,nomatch
meld_dev_00592,1,11,11,0,0,0.000000,nomatch
meld_dev_00593,1,3,3,0,0,0.000000,nomatch
meld_dev_00594,1,4,4,0,0,0.000000,nomatch
meld_dev_00595,4,18,18,0,0,0.000000,nomatch
meld_dev_00596,3,12,12,0,0,0.000000,nomatch
meld_dev_00597,3,19,19,0,0,0.000000,nomatch
meld_dev_00598,1,4,4,1,0,-0.077228,nonzero
meld_dev_00599,1,5,5,0,0,0.000000,nomatch
meld_dev_00600,1,5,5,0,0,0.000000,nomatch
meld_dev_00601,1,1,1,0,0,0.000000,nomatch
meld_dev_00602,1,1,1,0,0,0.000000,nomatch
meld_dev_00603,1,7,7,0,0,0.000000,nomatch
meld_dev_00604,1,1,1,0,0,0.000000,nomatch
meld_dev_00605,1,8,8,0,0,0.000000,nomatch
meld_dev_00606,1,8,8,1,0,0.563239,nonzero
meld_dev_00607,1,18,18,1,0,-0.361158,nonzero
meld_dev_00608,1,20,20,0,0,0.000000,nomatch
meld_dev_00609,5,11,11,0,0,0.000000,nomatch
meld_dev_00610,2,15,15,0,0,0.000000,nomatch
meld_dev_00611,2,14,14,0,0,0.000000,nomatch
meld_dev_00612,1,3,3,0,0,0.000000,nomatch
meld_dev_00613,1,17,17,0,0,0.000000,nomatch
meld_dev_00614,1,8,8,0,0,0.000000,nomatch
meld_dev_00615,1,15,15,0,0,0.000000,nomatch
meld_dev_00616,1,9,9,1,0,0.449704,nonzero
meld_dev_00617,3,12,12,0,0,0.000000,nomatch
meld_dev_00618,1,10,10,0,0,0.000000,nomatch
meld_dev_00619,1,1,1,0,0,0.000000,nomatch
meld_dev_00620,1,5,5,0,0,0.000000,nomatch
meld_dev_00621,1,7,7,0,0,0.000000,nomatch
meld_dev_00622,1,3,3,0,0,0.000000,nomatch
meld_dev_00623,1,12,12,0,0,0.000000,nomatch
meld_dev_00624,1,4,4,1,0,0.678274,nonzero
meld_dev_00625,1,6,6,0,0,0.000000,nomatch
meld_dev_00626,1,12,12,0,0,0.000000,nomatch
meld_dev_00627,1,14,14,0,0,0.000000,nomatch
meld_dev_00628,1,11,11,0,0,0.000000,nomatch
meld_dev_00629,2,25,25,0,0,0.000000,nomatch
meld_dev_00630,1,1,1,0,0,0.000000,nomatch
meld_dev_00631,1,15,15,0,0,0.000000,nomatch
meld_dev_00632,1,5,5,0,0,0.000000,nomatch
meld_dev_00633,1,6,6,0,0,0.000000,nomatch
meld_dev_00634,3,24,24,0,0,0.000000,nomatch
meld_dev_00635,2,14,14,0,0,0.000000,nomatch
meld_dev_00636,1,7,7,0,0,0.000000,nomatch
meld_dev_00637,1,8,8,0,0,0.000000,nomatch
meld_dev_00638,1,8,8,0,0,0.000000,nomatch
meld_dev_00639,1,11,11,1,0,0.421464,nonzero
meld_dev_00640,1,19,19,0,0,0.000000,nomatch
meld_dev_00641,2,4,4,1,0,0.180579,nonzero
meld_dev_00642,2,15,15,1,0,-0.064019,nonzero
meld_dev_00643,1,1,1,0,0,0.000000,nomatch
meld_dev_00644,1,3,3,0,0,0.000000,nomatch
meld_dev_00645,1,1,1,0,0,0.000000,nomatch
meld_dev_00646,1,30,30,2,0,-0.115413,nonzero
meld_dev_00647,1,6,6,0,0,0.000000,nomatch
meld_dev_00648,1,3,3,0,0,0.000000,nomatch
meld_dev_00649,2,6,6,0,0,0.000000,nomatch
meld_dev_00650,2,7,7,0,0,0.000000,nomatch
meld_dev_00651,2,24,24,0,0,0.000000,nomatch
meld_dev_00652,2,23,23,0,0,0.000000,nomatch
meld_dev_00653,1,9,9,0,0,0.000000,nomatch
meld_dev_00654,3,19,19,0,0,0.000000,nomatch
meld_dev_00655,3,13,13,0,0,0.000000,nomatch
meld_dev_00656,1,18,18,0,0,0.000000,nomatch
meld_dev_00657,1,1,1,0,0,0.000000,nomatch
meld_dev_00658,1,10,10,0,0,0.000000,nomatch
meld_dev_00659,1,6,6,0,0,0.000000,nomatch
meld_dev_00660,1,1,1,0,0,0.000000,nomatch
meld_dev_00661,2,2,2,0,0,0.000000,nomatch
meld_dev_00662,1,7,7,0,0,0.000000,nomatch
meld_dev_00663,2,11,11,0,0,0.000000,nomatch
meld_dev_00664,2,7,7,0,0,0.000000,nomatch
meld_dev_00665,1,21,21,0,0,0.000000,nomatch
meld_dev_00666,1,4,4,0,0,0.000000,nomatch
meld_dev_00667,1,13,13,0,0,0.000000,nomatch
meld_dev_00668,1,9,9,0,0,0.000000,nomatch
meld_dev_00669,3,13,13,0,0,0.000000,nomatch
meld_dev_00670,1,9,9,0,0,0.000000,nomatch
meld_dev_00671,1,1,1,0,0,0.000000,nomatch
meld_dev_00672,1,6,6,0,0,0.000000,nomatch
meld_dev_00673,1,11,11,0,0,0.000000,nomatch
meld_dev_00674,1,2,2,0,0,0.000000,nomatch
meld_dev_00675,1,8,8,0,0,0.000000,nomatch
meld_dev_00676,1,12,12,0,0,0.000000,nomatch
meld_dev_00677,2,12,12,0,0,0.000000,nomatch
meld_dev_00678,1,12,12,0,0,0.000000,nomatch
meld_dev_00679,1,17,17,0,0,0.000000,nomatch
meld_dev_00680,3,10,10,0,0,0.000000,nomatch
meld_dev_00681,1,1,1,0,0,0.000000,nomatch
meld_dev_00682,1,10,10,0,0,0.000000,nomatch
meld_dev_00683,2,6,6,0,0,0.000000,nomatch
meld_dev_00684,2,15,15,0,0,0.000000,nomatch
meld_dev_00685,1,7,7,0,0,0.000000,nomatch
meld_dev_00686,1,1,1,0,0,0.000000,nomatch
meld_dev_00687,1,3,3,0,0,0.000000,nomatch
meld_dev_00688,1,11,11,0,0,0.000000,nomatch
meld_dev_00689,1,9,9,0,0,0.000000,nomatch
meld_dev_00690,1,1,1,0,0,0.000000,nomatch
meld_dev_00691,1,5,5,0,0,0.000000,nomatch
meld_dev_00692,1,13,13,0,0,0.000000,nomatch
meld_dev_00693,1,1,1,0,0,0.000000,nomatch
meld_dev_00694,1,10,10,0,0,0.000000,nomatch
meld_dev_00695,1,4,4,0,0,0.000000,nomatch
meld_dev_00696,1,7,7,0,0,0.000000,nomatch
meld_dev_00697,1,34,34,2,0,0.250000,nonzero
meld_dev_00698,1,3,3,0,0,0.000000,nomatch
meld_dev_00699,1,10,10,0,0,0.000000,nomatch
meld_dev_00700,2,20,20,0,0,0.000000,nomatch
meld_dev_00701,1,1,1,0,0,0.000000,nomatch
meld_dev_00702,1,9,9,0,0,0.000000,nomatch
meld_dev_00703,5,14,14,1,0,-0.067990,nonzero
meld_dev_00704,1,16,16,0,0,0.000000,nomatch
meld_dev_00705,2,4,4,0,0,0.000000,nomatch
meld_dev_00706,1,2,2,1,0,0.250000,nonzero
meld_dev_00707,3,3,3,0,0,0.000000,nomatch
meld_dev_00708,1,7,7,0,0,0.000000,nomatch
meld_dev_00709,1,10,10,0,0,0.000000,nomatch
meld_dev_00710,1,3,3,0,0,0.000000,nomatch
meld_dev_00711,3,12,12,0,0,0.000000,nomatch
meld_dev_00712,2,2,2,0,0,0.000000,nomatch
meld_dev_00713,2,9,9,0,0,0.000000,nomatch
meld_dev_00714,1,4,4,0,0,0.000000,nomatch
meld_dev_00715,4,12,12,0,0,0.000000,nomatch
meld_dev_00716,2,4,4,0,0,0.000000,nomatch
meld_dev_00717,1,3,3,0,0,0.000000,nomatch
meld_dev_00718,1,2,2,0,0,0.000000,nomatch
meld_dev_00719,1,1,1,0,0,0.000000,nomatch
meld_dev_00720,2,6,6,0,0,0.000000,nomatch
meld_dev_00721,1,6,6,0,0,0.000000,nomatch
meld_dev_00722,2,10,10,0,0,0.000000,nomatch
meld_dev_00723,1,2,2,0,0,0.000000,nomatch
meld_dev_00724,1,10,10,0,0,0.000000,nomatch
meld_dev_00725,1,5,5,0,0,0.000000,nomatch
meld_dev_00726,1,12,12,1,0,0.128037,nonzero
meld_dev_00727,1,9,9,1,0,0.128037,nonzero
meld_dev_00728,1,2,2,0,0,0.000000,nomatch
meld_dev_00729,1,1,1,0,0,0.000000,nomatch
meld_dev_00730,1,19,19,0,0,0.000000,nomatch
meld_dev_00731,3,23,23,2,0,0.005163,nonzero
meld_dev_00732,1,7,7,0,0,0.000000,nomatch
meld_dev_00733,2,5,5,0,0,0.000000,nomatch
meld_dev_00734,3,15,15,2,0,-0.085514,nonzero
meld_dev_00735,1,1,1,0,0,0.000000,nomatch
meld_dev_00736,4,18,18,0,0,0.000000,nomatch
meld_dev_00737,1,1,1,0,0,0.000000,nomatch
meld_dev_00738,1,1,1,0,0,0.000000,nomatch
meld_dev_00739,2,14,14,0,0,0.000000,nomatch
meld_dev_00740,3,18,18,0,0,0.000000,nomatch
meld_dev_00741,1,2,2,0,0,0.000000,nomatch
meld_dev_00742,1,16,16,1,0,-0.361158,nonzero
meld_dev_00743,1,1,1,0,0,0.000000,nomatch
meld_dev_00744,4,20,20,0,0,0.000000,nomatch
meld_dev_00745,1,1,1,0,0,0.000000,nomatch
meld_dev_00746,1,28,28,4,0,0.583123,nonzero
meld_dev_00747,2,2,2,0,0,0.000000,nomatch
meld_dev_00748,1,1,1,0,0,0.000000,nomatch
meld_dev_00749,1,1,1,0,0,0.000000,nomatch
meld_dev_00750,1,3,3,0,0,0.000000,nomatch
meld_dev_00751,1,11,11,0,0,0.000000,nomatch
meld_dev_00752,1,10,10,1,0,-0.361158,nonzero
meld_dev_00753,1,8,8,0,0,0.000000,nomatch
meld_dev_00754,2,10,10,0,0,0.000000,nomatch
meld_dev_00755,1,2,2,0,0,0.000000,nomatch
meld_dev_00756,5,22,22,0,0,0.000000,nomatch
meld_dev_00757,2,18,18,0,0,0.000000,nomatch
meld_dev_00758,1,2,2,0,0,0.000000,nomatch
meld_dev_00759,3,11,11,0,0,0.000000,nomatch
meld_dev_00760,1,1,1,0,0,0.000000,nomatch
meld_dev_00761,1,1,1,0,0,0.000000,nomatch
meld_dev_00762,1,12,12,0,0,0.000000,nomatch
meld_dev_00763,1,1,1,0,0,0.000000,nomatch
meld_dev_00764,1,9,9,0,0,0.000000,nomatch
meld_dev_00765,1,23,23,0,0,0.000000,nomatch
meld_dev_00766,2,7,7,0,0,0.000000,nomatch
meld_dev_00767,1,14,14,0,0,0.000000,nomatch
meld_dev_00768,1,8,8,0,0,0.000000,nomatch
meld_dev_00769,1,24,24,0,0,0.000000,nomatch
meld_dev_00770,1,7,7,0,0,0.000000,nomatch
meld_dev_00771,2,5,5,0,1,-0.064019,nonzero
meld_dev_00772,1,17,17,0,0,0.000000,nomatch
meld_dev_00773,1,2,2,0,0,0.000000,nomatch
meld_dev_00774,1,3,3,0,0,0.000000,nomatch
meld_dev_00775,1,1,1,0,0,0.000000,nomatch
meld_dev_00776,1,3,3,0,0,0.000000,nomatch
meld_dev_00777,1,13,13,0,0,0.000000,nomatch
meld_dev_00778,2,12,12,0,0,0.000000,nomatch
meld_dev_00779,1,14,14,0,0,0.000000,nomatch
meld_dev_00780,1,3,3,0,0,0.000000,nomatch
meld_dev_00781,1,9,9,0,0,0.000000,nomatch
meld_dev_00782,1,8,8,0,0,0.000000,nomatch
meld_dev_00783,1,6,6,0,0,0.000000,nomatch
meld_dev_00784,5,21,21,1,1,0.036234,nonzero
meld_dev_00785,1,5,5,0,0,0.000000,nomatch
meld_dev_00786,1,1,1,0,0,0.000000,nomatch
meld_dev_00787,1,15,15,0,0,0.000000,nomatch
meld_dev_00788,1,22,22,0,0,0.000000,nomatch
meld_dev_00789,1,11,11,1,0,-0.361158,nonzero
meld_dev_00790,1,11,11,0,0,0.000000,nomatch
meld_dev_00791,1,15,15,0,0,0.000000,nomatch
meld_dev_00792,4,20,20,1,0,0.032009,nonzero
meld_dev_00793,1,2,2,0,0,0.000000,nomatch
meld_dev_00794,2,13,13,0,0,0.000000,nomatch
meld_dev_00795,3,10,10,1,0,0.180775,nonzero
meld_dev_00796,1,5,5,0,0,0.000000,nomatch
meld_dev_00797,4,21,21,0,0,0.000000,nomatch
meld_dev_00798,3,16,16,0,0,0.000000,nomatch
meld_dev_00799,2,10,10,0,0,0.000000,nomatch
meld_dev_00800,1,2,2,0,0,0.000000,nomatch
meld_dev_00801,2,17,17,0,0,0.000000,nomatch
meld_dev_00802,2,4,4,0,0,0.000000,nomatch
meld_dev_00803,2,9,9,0,0,0.000000,nomatch
meld_dev_00804,2,6,6,0,0,0.000000,nomatch
meld_dev_00805,1,2,2,0,0,0.000000,nomatch
meld_dev_00806,2,6,6,0,0,0.000000,nomatch
meld_dev_00807,2,5,5,0,0,0.000000,nomatch
meld_dev_00808,1,10,10,1,0,0.128037,nonzero
meld_dev_00809,1,3,3,0,0,0.000000,nomatch
meld_dev_00810,1,19,19,0,0,0.000000,nomatch
meld_dev_00811,1,7,7,0,0,0.000000,nomatch
meld_dev_00812,1,12,12,1,0,0.128037,nonzero
meld_dev_00813,2,17,17,0,0,0.000000,nomatch
meld_dev_00814,1,9,9,0,0,0.000000,nomatch
meld_dev_00815,2,8,8,0,0,0.000000,nomatch
meld_dev_00816,2,5,5,0,0,0.000000,nomatch
meld_dev_00817,1,6,6,0,0,0.000000,nomatch
meld_dev_00818,2,16,16,0,0,0.000000,nomatch
meld_dev_00819,1,1,1,0,0,0.000000,nomatch
meld_dev_00820,2,4,4,0,0,0.000000,nomatch
meld_dev_00821,1,5,5,0,0,0.000000,nomatch
meld_dev_00822,2,9,9,0,0,0.000000,nomatch
meld_dev_00823,1,6,6,0,0,0.000000,nomatch
meld_dev_00824,1,2,2,0,0,0.000000,nomatch
meld_dev_00825,1,7,7,0,0,0.000000,nomatch
meld_dev_00826,3,5,5,0,0,0.000000,nomatch
meld_dev_00827,1,2,2,0,0,0.000000,nomatch
meld_dev_00828,2,12,12,1,0,0.180579,nonzero
meld_dev_00829,1,9,9,0,0,0.000000,nomatch
meld_dev_00830,1,13,13,0,0,0.000000,nomatch
meld_dev_00831,1,6,6,0,0,0.000000,nomatch
meld_dev_00832,1,8,8,0,0,0.000000,nomatch
meld_dev_00833,1,11,11,0,0,0.000000,nomatch
meld_dev_00834,1,1,1,0,0,0.000000,nomatch
meld_dev_00835,1,9,9,0,0,0.000000,nomatch
meld_dev_00836,1,14,14,1,0,-0.655311,nonzero
meld_dev_00837,1,2,2,0,0,0.000000,nomatch
meld_dev_00838,1,14,14,0,0,0.000000,nomatch
meld_dev_00839,1,2,2,0,0,0.000000,nomatch
meld_dev_00840,1,2,2,0,0,0.000000,nomatch
meld_dev_00841,2,13,13,1,0,0.180579,nonzero
meld_dev_00842,1,1,1,0,0,0.000000,nomatch
meld_dev_00843,1,10,10,0,0,0.000000,nomatch
meld_dev_00844,1,13,13,0,0,0.000000,nomatch
meld_dev_00845,1,15,15,0,0,0.000000,nomatch
meld_dev_00846,1,13,13,0,0,0.000000,nomatch
meld_dev_00847,2,14,14,0,0,0.000000,nomatch
meld_dev_00848,2,14,14,0,0,0.000000,nomatch
meld_dev_00849,2,11,11,0,0,0.000000,nomatch
meld_dev_00850,1,1,1,0,0,0.000000,nomatch
meld_dev_00851,1,9,9,0,0,0.000000,nomatch
meld_dev_00852,1,21,21,0,0,0.000000,nomatch
meld_dev_00853,1,3,3,0,0,0.000000,nomatch
meld_dev_00854,1,4,4,0,0,0.000000,nomatch
meld_dev_00855,1,5,5,0,0,0.000000,nomatch
meld_dev_00856,1,5,5,0,0,0.000000,nomatch
meld_dev_00857,1,16,16,0,0,0.000000,nomatch
meld_dev_00858,2,3,3,0,0,0.000000,nomatch
meld_dev_00859,1,11,11,0,0,0.000000,nomatch
meld_dev_00860,1,11,11,1,0,-0.612372,nonzero
meld_dev_00861,1,6,6,0,0,0.000000,nomatch
meld_dev_00862,1,34,34,0,0,0.000000,nomatch
meld_dev_00863,1,3,3,0,0,0.000000,nomatch
meld_dev_00864,1,12,12,0,0,0.000000,nomatch
meld_dev_00865,1,10,10,0,0,0.000000,nomatch
meld_dev_00866,1,16,16,0,0,0.000000,nomatch
meld_dev_00867,1,7,7,0,0,0.000000,nomatch
meld_dev_00868,1,6,6,0,0,0.000000,nomatch
meld_dev_00869,1,1,1,0,0,0.000000,nomatch
meld_dev_00870,1,5,5,1,0,0.526742,nonzero
meld_dev_00871,1,5,5,0,0,0.000000,nomatch
meld_dev_00872,1,5,5,0,0,0.000000,nomatch
meld_dev_00873,1,12,12,0,0,0.000000,nomatch
meld_dev_00874,1,7,7,0,0,0.000000,nomatch
meld_dev_00875,1,2,2,0,0,0.000000,nomatch
meld_dev_00876,1,13,13,0,0,0.000000,nomatch
meld_dev_00877,1,2,2,0,0,0.000000,nomatch
meld_dev_00878,2,10,10,0,0,0.000000,nomatch
meld_dev_00879,1,2,2,0,0,0.000000,nomatch
meld_dev_00880,1,6,6,0,0,0.000000,nomatch
meld_dev_00881,2,24,24,0,0,0.000000,nomatch
meld_dev_00882,1,8,8,0,0,0.000000,nomatch
meld_dev_00883,1,9,9,0,0,0.000000,nomatch
meld_dev_00884,2,3,3,0,0,0.000000,nomatch
meld_dev_00885,2,2,2,0,0,0.000000,nomatch
meld_dev_00886,1,8,8,0,0,0.000000,nomatch
meld_dev_00887,1,12,12,0,0,0.000000,nomatch
meld_dev_00888,3,15,15,0,0,0.000000,nomatch
meld_dev_00889,2,12,12,0,0,0.000000,nomatch
meld_dev_00890,1,5,5,0,0,0.000000,nomatch
meld_dev_00891,1,5,5,0,0,0.000000,nomatch
meld_dev_00892,1,5,5,0,0,0.000000,nomatch
meld_dev_00893,4,13,13,0,0,0.000000,nomatch
meld_dev_00894,1,10,10,0,0,0.000000,nomatch
meld_dev_00895,1,1,1,0,0,0.000000,nomatch
meld_dev_00896,2,11,11,0,0,0.000000,nomatch
meld_dev_00897,4,6,6,0,0,0.000000,nomatch
meld_dev_00898,1,11,11,0,0,0.000000,nomatch
meld_dev_00899,2,17,17,0,0,0.000000,nomatch
meld_dev_00900,1,6,6,0,0,0.000000,nomatch
meld_dev_00901,1,1,1,0,0,0.000000,nomatch
meld_dev_00902,1,1,1,0,0,0.000000,nomatch
meld_dev_00903,1,5,5,0,0,0.000000,nomatch
meld_dev_00904,1,5,5,0,0,0.000000,nomatch
meld_dev_00905,1,1,1,0,0,0.000000,nomatch
meld_dev_00906,1,19,19,0,0,0.000000,nomatch
meld_dev_00907,1,5,5,0,0,0.000000,nomatch
meld_dev_00908,1,11,11,0,1,-0.128037,nonzero
meld_dev_00909,1,1,1,0,0,0.000000,nomatch
meld_dev_00910,2,6,6,0,0,0.000000,nomatch
meld_dev_00911,2,14,14,0,0,0.000000,nomatch
meld_dev_00912,1,8,8,1,0,-0.612372,nonzero
meld_dev_00913,1,5,5,0,0,0.000000,nomatch
meld_dev_00914,1,3,3,0,0,0.000000,nomatch
meld_dev_00915,1,1,1,0,0,0.000000,nomatch
meld_dev_00916,1,8,8,0,0,0.000000,nomatch
meld_dev_00917,1,5,5,0,0,0.000000,nomatch
meld_dev_00918,1,5,5,0,0,0.000000,nomatch
meld_dev_00919,1,8,8,0,0,0.000000,nomatch
meld_dev_00920,1,5,5,0,0,0.000000,nomatch
meld_dev_00921,1,1,1,0,0,0.000000,nomatch
meld_dev_00922,1,9,9,0,0,0.000000,nomatch
meld_dev_00923,1,14,14,1,0,-0.128037,nonzero
meld_dev_00924,1,1,1,0,0,0.000000,nomatch
meld_dev_00925,1,15,15,0,0,0.000000,nomatch
meld_dev_00926,2,3,3,0,0,0.000000,nomatch
meld_dev_00927,1,1,1,0,0,0.000000,nomatch
meld_dev_00928,1,3,3,0,0,0.000000,nomatch
meld_dev_00929,1,1,1,0,0,0.000000,nomatch
meld_dev_00930,1,1,1,0,0,0.000000,nomatch
meld_dev_00931,1,6,6,0,0,0.000000,nomatch
meld_dev_00932,1,4,4,0,0,0.000000,nomatch
meld_dev_00933,2,22,22,0,0,0.000000,nomatch
meld_dev_00934,1,8,8,0,0,0.000000,nomatch
meld_dev_00935,2,19,19,0,0,0.000000,nomatch
meld_dev_00936,1,3,3,0,0,0.000000,nomatch
meld_dev_00937,2,12,12,0,0,0.000000,nomatch
meld_dev_00938,1,3,3,0,0,0.000000,nomatch
meld_dev_00939,1,11,11,1,0,0.339950,nonzero
meld_dev_00940,1,14,14,0,0,0.000000,nomatch
meld_dev_00941,1,4,4,0,0,0.000000,nomatch
meld_dev_00942,2,18,18,0,0,0.000000,nomatch
meld_dev_00943,1,3,3,0,0,0.000000,nomatch
meld_dev_00944,1,12,12,0,0,0.000000,nomatch
meld_dev_00945,3,14,14,0,0,0.000000,nomatch
meld_dev_00946,1,4,4,0,0,0.000000,nomatch
meld_dev_00947,2,6,6,0,0,0.000000,nomatch
meld_dev_00948,1,7,7,0,0,0.000000,nomatch
meld_dev_00949,1,2,2,0,0,0.000000,nomatch
meld_dev_00950,1,1,1,0,0,0.000000,nomatch
meld_dev_00951,2,6,6,0,0,0.000000,nomatch
meld_dev_00952,1,2,2,0,0,0.000000,nomatch
meld_dev_00953,1,4,4,0,0,0.000000,nomatch
meld_dev_00954,1,11,11,0,0,0.000000,nomatch
meld_dev_00955,2,6,6,0,0,0.000000,nomatch
meld_dev_00956,1,14,14,0,0,0.000000,nomatch
meld_dev_00957,1,18,18,0,0,0.000000,nomatch
meld_dev_00958,1,15,15,0,0,0.000000,nomatch
meld_dev_00959,2,9,9,0,0,0.000000,nomatch
meld_dev_00960,1,2,2,0,0,0.000000,nomatch
meld_dev_00961,1,12,12,0,0,0.000000,nomatch
meld_dev_00962,2,11,11,0,0,0.000000,nomatch
meld_dev_00963,4,11,11,0,0,0.000000,nomatch
meld_dev_00964,4,4,4,0,0,0.000000,nomatch
meld_dev_00965,1,8,8,0,0,0.000000,nomatch
meld_dev_00966,1,4,4,0,0,0.000000,nomatch
meld_dev_00967,2,12,12,0,0,0.000000,nomatch
meld_dev_00968,1,5,5,0,0,0.000000,nomatch
meld_dev_00969,2,17,17,1,0,0.061497,nonzero
meld_dev_00970,1,8,8,0,0,0.000000,nomatch
meld_dev_00971,5,19,19,0,0,0.000000,nomatch
meld_dev_00972,1,1,1,0,0,0.000000,nomatch
meld_dev_00973,1,1,1,0,0,0.000000,nomatch
meld_dev_00974,4,8,8,0,0,0.000000,nomatch
meld_dev_00975,1,2,2,0,0,0.000000,nomatch
meld_dev_00976,1,7,7,0,0,0.000000,nomatch
meld_dev_00977,1,1,1,0,0,0.000000,nomatch
meld_dev_00978,2,15,15,0,0,0.000000,nomatch
meld_dev_00979,1,3,3,0,0,0.000000,nomatch
meld_dev_00980,1,10,10,0,0,0.000000,nomatch
meld_dev_00981,1,8,8,0,0,0.000000,nomatch
meld_dev_00982,1,14,14,0,0,0.000000,nomatch
meld_dev_00983,1,8,8,0,0,0.000000,nomatch
meld_dev_00984,1,9,9,0,0,0.000000,nomatch
meld_dev_00985,1,6,6,0,0,0.000000,nomatch
meld_dev_00986,2,21,21,0,0,0.000000,nomatch
meld_dev_00987,2,20,20,0,0,0.000000,nomatch
meld_dev_00988,2,12,12,0,0,0.000000,nomatch
meld_dev_00989,1,1,1,0,0,0.000000,nomatch
meld_dev_00990,1,1,1,0,0,0.000000,nomatch
meld_dev_00991,1,6,6,0,0,0.000000,nomatch
meld_dev_00992,1,4,4,0,0,0.000000,nomatch
meld_dev_00993,2,21,21,2,0,-0.079434,nonzero
meld_dev_00994,1,6,6,0,0,0.000000,nomatch
meld_dev_00995,1,6,6,0,0,0.000000,nomatch
meld_dev_00996,1,4,4,0,0,0.000000,nomatch
meld_dev_00997,1,2,2,0,0,0.000000,nomatch
meld_dev_00998,1,10,10,0,0,0.000000,nomatch
meld_dev_00999,1,2,2,0,0,0.000000,nomatch
meld_dev_01000,1,2,2,0,0,0.000000,nomatch
meld_dev_01001,1,1,1,0,0,0.000000,nomatch
meld_dev_01002,1,2,2,0,0,0.000000,nomatch
meld_dev_01003,1,1,1,0,0,0.000000,nomatch
meld_dev_01004,1,7,7,0,0,0.000000,nomatch
meld_dev_01005,2,11,11,0,0,0.000000,nomatch
meld_dev_01006,1,19,19,2,0,0.612372,nonzero
meld_dev_01007,2,4,4,0,0,0.000000,nomatch
meld_dev_01008,3,7,7,0,0,0.000000,nomatch
meld_dev_01009,1,2,2,0,0,0.000000,nomatch
meld_dev_01010,1,1,1,0,0,0.000000,nomatch
meld_dev_01011,1,5,5,0,0,0.000000,nomatch
meld_dev_01012,1,7,7,1,0,0.542326,nonzero
meld_dev_01013,1,6,6,1,0,0.542326,nonzero
meld_dev_01014,1,7,7,0,0,0.000000,nomatch
meld_dev_01015,1,4,4,0,0,0.000000,nomatch
meld_dev_01016,2,15,15,1,0,0.229415,nonzero
meld_dev_01017,1,2,2,1,0,0.128037,nonzero
meld_dev_01018,1,3,3,0,0,0.000000,nomatch
meld_dev_01019,1,2,2,0,0,0.000000,nomatch
meld_dev_01020,1,1,1,0,0,0.000000,nomatch
meld_dev_01021,1,6,6,0,0,0.000000,nomatch
meld_dev_01022,1,5,5,0,0,0.000000,nomatch
meld_dev_01023,2,7,7,2,0,0.481895,nonzero
meld_dev_01024,1,1,1,0,0,0.000000,nomatch
meld_dev_01025,2,16,16,1,0,0.210732,nonzero
meld_dev_01026,2,9,9,1,0,0.246957,nonzero
meld_dev_01027,1,3,3,0,0,0.000000,nomatch
meld_dev_01028,1,3,3,0,0,0.000000,nomatch
meld_dev_01029,1,3,3,0,0,0.000000,nomatch
meld_dev_01030,1,3,3,1,0,0.542326,nonzero
meld_dev_01031,5,11,11,0,0,0.000000,nomatch
meld_dev_01032,1,2,2,0,0,0.000000,nomatch
meld_dev_01033,1,7,7,0,0,0.000000,nomatch
meld_dev_01034,1,12,12,0,0,0.000000,nomatch
meld_dev_01035,1,9,9,0,0,0.000000,nomatch
meld_dev_01036,2,5,5,0,0,0.000000,nomatch
meld_dev_01037,1,10,10,0,0,0.000000,nomatch
meld_dev_01038,1,3,3,0,0,0.000000,nomatch
meld_dev_01039,1,4,4,0,0,0.000000,nomatch
meld_dev_01040,1,6,6,0,0,0.000000,nomatch
meld_dev_01041,1,4,4,0,0,0.000000,nomatch
meld_dev_01042,1,4,4,0,0,0.000000,nomatch
meld_dev_01043,1,7,7,0,0,0.000000,nomatch
meld_dev_01044,2,17,17,0,0,0.000000,nomatch
meld_dev_01045,2,10,10,0,0,0.000000,nomatch
meld_dev_01046,1,5,5,0,0,0.000000,nomatch
meld_dev_01047,1,12,12,0,0,0.000000,nomatch
meld_dev_01048,2,18,18,0,0,0.000000,nomatch
meld_dev_01049,2,16,16,0,0,0.000000,nomatch
meld_dev_01050,1,2,2,0,0,0.000000,nomatch
meld_dev_01051,2,11,11,0,0,0.000000,nomatch
meld_dev_01052,1,4,4,0,0,0.000000,nomatch
meld_dev_01053,1,8,8,0,0,0.000000,nomatch
meld_dev_01054,3,12,12,0,0,0.000000,nomatch
meld_dev_01055,1,6,6,0,0,0.000000,nomatch
meld_dev_01056,1,9,9,1,0,0.309370,nonzero
meld_dev_01057,1,1,1,0,0,0.000000,nomatch
meld_dev_01058,1,1,1,0,0,0.000000,nomatch
meld_dev_01059,1,1,1,0,0,0.000000,nomatch
meld_dev_01060,1,1,1,0,0,0.000000,nomatch
meld_dev_01061,1,1,1,0,0,0.000000,nomatch
meld_dev_01062,1,8,8,0,0,0.000000,nomatch
meld_dev_01063,1,7,7,0,0,0.000000,nomatch
meld_dev_01064,3,7,7,1,0,0.180775,nonzero
meld_dev_01065,1,1,1,0,0,0.000000,nomatch
meld_dev_01066,2,17,17,0,0,0.000000,nomatch
meld_dev_01067,2,11,11,1,0,-0.180579,nonzero
meld_dev_01068,1,1,1,0,0,0.000000,nomatch
meld_dev_01069,1,13,13,1,0,0.128037,nonzero
meld_dev_01070,1,7,7,0,0,0.000000,nomatch
meld_dev_01071,4,14,14,1,0,-0.090289,nonzero
meld_dev_01072,3,11,11,1,0,-0.204124,nonzero
meld_dev_01073,1,13,13,1,0,-0.612372,nonzero
meld_dev_01074,1,1,1,0,0,0.000000,nomatch
meld_dev_01075,1,11,11,0,0,0.000000,nomatch
meld_dev_01076,1,11,11,0,0,0.000000,nomatch
meld_dev_01077,1,9,9,0,0,0.000000,nomatch
meld_dev_01078,1,1,1,0,0,0.000000,nomatch
meld_dev_01079,1,6,6,0,0,0.000000,nomatch
meld_dev_01080,3,12,12,0,0,0.000000,nomatch
meld_dev_01081,1,4,4,0,0,0.000000,nomatch
meld_dev_01082,1,6,6,0,0,0.000000,nomatch
meld_dev_01083,1,10,10,1,0,0.361158,nonzero
meld_dev_01084,1,5,5,0,0,0.000000,nomatch
meld_dev_01085,2,9,9,0,0,0.000000,nomatch
meld_dev_01086,2,10,10,0,0,0.000000,nomatch
meld_dev_01087,1,10,10,0,0,0.000000,nomatch
meld_dev_01088,1,1,1,0,0,0.000000,nomatch
meld_dev_01089,1,11,11,0,0,0.000000,nomatch
meld_dev_01090,1,4,4,0,0,0.000000,nomatch
meld_dev_01091,4,20,20,1,0,-0.032009,nonzero
meld_dev_01092,3,17,17,0,0,0.000000,nomatch
meld_dev_01093,1,1,1,0,0,0.000000,nomatch
meld_dev_01094,1,4,4,0,0,0.000000,nomatch
meld_dev_01095,2,12,12,0,0,0.000000,nomatch
meld_dev_01096,1,2,2,0,0,0.000000,nomatch
meld_dev_01097,1,3,3,0,0,0.000000,nomatch
meld_dev_01098,1,5,5,0,0,0.000000,nomatch
meld_dev_01099,1,21,21,0,0,0.000000,nomatch
meld_dev_01100,1,2,2,0,0,0.000000,nomatch
meld_dev_01101,2,3,3,0,0,0.000000,nomatch
meld_dev_01102,1,2,2,0,0,0.000000,nomatch
meld_dev_01103,1,12,12,1,0,-0.361158,nonzero
meld_dev_01104,1,1,1,0,0,0.000000,nomatch
meld_dev_01105,3,11,11,1,0,-0.042679,nonzero
meld_dev_01106,1,5,5,1,0,-0.128037,nonzero
meld_dev_01107,1,9,9,1,0,-0.361158,nonzero
meld_dev_01108,1,2,2,0,0,0.000000,nomatch
meld_tes_00000,1,12,12,0,0,0.000000,nomatch
meld_tes_00001,3,23,23,1,0,-0.042679,nonzero
meld_tes_00002,1,2,2,0,0,0.000000,nomatch
meld_tes_00003,1,7,7,0,0,0.000000,nomatch
meld_tes_00004,1,1,1,0,0,0.000000,nomatch
meld_tes_00005,1,8,8,0,0,0.000000,nomatch
meld_tes_00006,1,8,8,0,0,0.000000,nomatch
meld_tes_00007,1,11,11,0,0,0.000000,nomatch
meld_tes_00008,1,6,6,0,0,0.000000,nomatch
meld_tes_00009,1,1,1,0,0,0.000000,nomatch
meld_tes_00010,1,1,1,0,0,0.000000,nomatch
meld_tes_00011,1,1,1,0,0,0.000000,nomatch
meld_tes_00012,1,11,11,0,0,0.000000,nomatch
meld_tes_00013,2,11,11,0,0,0.000000,nomatch
meld_tes_00014,3,5,5,0,0,0.000000,nomatch
meld_tes_00015,2,9,9,0,0,0.000000,nomatch
meld_tes_00016,1,9,9,0,0,0.000000,nomatch
meld_tes_00017,1,5,5,0,0,0.000000,nomatch
meld_tes_00018,1,4,4,0,0,0.000000,nomatch
meld_tes_00019,1,4,4,0,0,0.000000,nomatch
meld_tes_00020,1,1,1,0,0,0.000000,nomatch
meld_tes_00021,1,3,3,0,0,0.000000,nomatch
meld_tes_00022,1,5,5,0,0,0.000000,nomatch
meld_tes_00023,3,11,11,0,0,0.000000,nomatch
meld_tes_00024,1,2,2,0,0,0.000000,nomatch
meld_tes_00025,1,7,7,0,0,0.000000,nomatch
meld_tes_00026,2,7,7,0,0,0.000000,nomatch
meld_tes_00027,1,6,6,0,0,0.000000,nomatch
meld_tes_00028,2,6,6,0,0,0.000000,nomatch
meld_tes_00029,1,1,1,0,0,0.000000,nomatch
meld_tes_00030,1,1,1,0,0,0.000000,nomatch
meld_tes_00031,2,7,7,0,0,0.000000,nomatch
meld_tes_00032,1,3,3,0,0,0.000000,nomatch
meld_tes_00033,1,11,11,0,0,0.000000,nomatch
meld_tes_00034,4,24,24,0,0,0.000000,nomatch
meld_tes_00035,2,11,11,0,0,0.000000,nomatch
meld_tes_00036,1,17,17,0,0,0.000000,nomatch
meld_tes_00037,1,13,13,0,0,0.000000,nomatch
meld_tes_00038,2,11,11,0,0,0.000000,nomatch
meld_tes_00039,1,1,1,0,0,0.000000,nomatch
meld_tes_00040,1,1,1,0,0,0.000000,nomatch
meld_tes_00041,1,4,4,0,0,0.000000,nomatch
meld_tes_00042,1,2,2,0,0,0.000000,nomatch
meld_tes_00043,1,7,7,0,0,0.000000,nomatch
meld_tes_00044,1,5,5,0,0,0.000000,nomatch
meld_tes_00045,1,8,8,0,0,0.000000,nomatch
meld_tes_00046,1,9,9,0,0,0.000000,nomatch
meld_tes_00047,1,3,3,0,0,0.000000,nomatch
meld_tes_00048,2,12,12,0,0,0.000000,nomatch
meld_tes_00049,1,1,1,0,0,0.000000,nomatch
meld_tes_00050,1,5,5,0,0,0.000000,nomatch
meld_tes_00051,1,1,1,0,0,0.000000,nomatch
meld_tes_00052,1,9,9,0,0,0.000000,nomatch
meld_tes_00053,1,14,14,0,0,0.000000,nomatch
meld_tes_00054,1,12,12,0,0,0.000000,nomatch
meld_tes_00055,1,10,10,0,0,0.000000,nomatch
meld_tes_00056,1,4,4,0,0,0.000000,nomatch
meld_tes_00057,3,19,19,0,0,0.000000,nomatch
meld_tes_00058,2,13,13,0,0,0.000000,nomatch
meld_tes_00059,2,20,20,1,0,-0.229415,nonzero
meld_tes_00060,1,7,7,0,0,0.000000,nomatch
meld_tes_00061,1,7,7,0,0,0.000000,nomatch
meld_tes_00062,1,1,1,0,0,0.000000,nomatch
meld_tes_00063,1,16,16,0,0,0.000000,nomatch
meld_tes_00064,1,10,10,0,0,0.000000,nomatch
meld_tes_00065,1,16,16,1,0,-0.361158,nonzero
meld_tes_00066,9,12,12,0,0,0.000000,nomatch
meld_tes_00067,1,7,7,0,0,0.000000,nomatch
meld_tes_00068,1,12,12,0,0,0.000000,nomatch
meld_tes_00069,1,1,1,0,0,0.000000,nomatch
meld_tes_00070,1,2,2,0,0,0.000000,nomatch
meld_tes_00071,1,12,12,0,0,0.000000,nomatch
meld_tes_00072,1,2,2,0,0,0.000000,nomatch
meld_tes_00073,3,7,7,0,0,0.000000,nomatch
meld_tes_00074,1,5,5,0,0,0.000000,nomatch
meld_tes_00075,4,23,23,0,0,0.000000,nomatch
meld_tes_00076,1,5,5,0,0,0.000000,nomatch
meld_tes_00077,4,13,13,0,0,0.000000,nomatch
meld_tes_00078,1,4,4,0,0,0.000000,nomatch
meld_tes_00079,2,7,7,1,0,-0.210732,nonzero
meld_tes_00080,1,21,21,0,0,0.000000,nomatch
meld_tes_00081,2,7,7,0,0,0.000000,nomatch
meld_tes_00082,1,6,6,0,0,0.000000,nomatch
meld_tes_00083,2,10,10,0,0,0.000000,nomatch
meld_tes_00084,1,6,6,0,0,0.000000,nomatch
meld_tes_00085,1,12,12,1,0,-0.361158,nonzero
meld_tes_00086,1,8,8,0,0,0.000000,nomatch
meld_tes_00087,1,12,12,0,0,0.000000,nomatch
meld_tes_00088,1,6,6,0,0,0.000000,nomatch
meld_tes_00089,1,13,13,1,0,-0.361158,nonzero
meld_tes_00090,1,18,18,0,0,0.000000,nomatch
meld_tes_00091,2,15,15,0,0,0.000000,nomatch
meld_tes_00092,1,1,1,0,0,0.000000,nomatch
meld_tes_00093,3,20,20,1,0,-0.120386,nonzero
meld_tes_00094,1,5,5,0,0,0.000000,nomatch
meld_tes_00095,1,27,27,1,0,-0.421464,nonzero
meld_tes_00096,1,6,6,1,0,-0.361158,nonzero
meld_tes_00097,1,11,11,0,0,0.000000,nomatch
meld_tes_00098,1,2,2,0,0,0.000000,nomatch
meld_tes_00099,1,34,34,1,0,0.458831,nonzero
meld_tes_00100,1,12,12,0,0,0.000000,nomatch
meld_tes_00101,1,4,4,0,0,0.000000,nomatch
meld_tes_00102,1,9,9,1,0,0.542326,nonzero
meld_tes_00103,1,17,17,1,0,0.542326,nonzero
meld_tes_00104,1,5,5,1,0,0.542326,nonzero
meld_tes_00105,1,3,3,0,0,0.000000,nomatch
meld_tes_00106,1,5,5,0,0,0.000000,nomatch
meld_tes_00107,1,4,4,0,0,0.000000,nomatch
meld_tes_00108,3,12,12,0,0,0.000000,nomatch
meld_tes_00109,1,3,3,0,0,0.000000,nomatch
meld_tes_00110,1,10,10,0,0,0.000000,nomatch
meld_tes_00111,1,1,1,0,0,0.000000,nomatch
meld_tes_00112,2,12,12,0,0,0.000000,nomatch
meld_tes_00113,1,1,1,0,0,0.000000,nomatch
meld_tes_00114,2,5,5,0,0,0.000000,nomatch
meld_tes_00115,1,12,12,0,0,0.000000,nomatch
meld_tes_00116,2,8,8,1,0,0.210732,nonzero
meld_tes_00117,1,16,16,0,0,0.000000,nomatch
meld_tes_00118,1,36,36,0,0,0.000000,nomatch
meld_tes_00119,1,2,2,0,0,0.000000,nomatch
meld_tes_00120,1,5,5,2,0,0.790569,nonzero
meld_tes_00121,1,6,6,0,0,0.000000,nomatch
meld_tes_00122,1,1,1,0,0,0.000000,nomatch
meld_tes_00123,1,1,1,0,0,0.000000,nomatch
meld_tes_00124,1,1,1,0,0,0.000000,nomatch
meld_tes_00125,1,7,7,0,0,0.000000,nomatch
meld_tes_00126,1,5,5,0,0,0.000000,nomatch
meld_tes_00127,1,1,1,0,0,0.000000,nomatch
meld_tes_00128,1,3,3,0,0,0.000000,nomatch
meld_tes_00129,1,4,4,0,0,0.000000,nomatch
meld_tes_00130,1,11,11,0,0,0.000000,nomatch
meld_tes_00131,1,3,3,0,0,0.000000,nomatch
meld_tes_00132,5,19,19,0,0,0.000000,nomatch
meld_tes_00133,2,15,15,0,0,0.000000,nomatch
meld_tes_00134,1,1,1,0,0,0.000000,nomatch
meld_tes_00135,1,1,1,0,0,0.000000,nomatch
meld_tes_00136,1,1,1,0,0,0.000000,nomatch
meld_tes_00137,2,20,20,1,0,-0.327655,nonzero
meld_tes_00138,1,7,7,0,0,0.000000,nomatch
meld_tes_00139,1,13,13,0,0,0.000000,nomatch
meld_tes_00140,1,20,20,1,0,0.128037,nonzero
meld_tes_00141,2,10,10,0,0,0.000000,nomatch
meld_tes_00142,1,10,10,0,0,0.000000,nomatch
meld_tes_00143,2,16,16,0,0,0.000000,nomatch
meld_tes_00144,1,10,10,0,0,0.000000,nomatch
meld_tes_00145,1,22,22,0,0,0.000000,nomatch
meld_tes_00146,1,5,5,0,0,0.000000,nomatch
meld_tes_00147,1,19,19,0,0,0.000000,nomatch
meld_tes_00148,2,9,9,0,0,0.000000,nomatch
meld_tes_00149,1,4,4,0,0,0.000000,nomatch
meld_tes_00150,2,12,12,1,0,-0.180579,nonzero
meld_tes_00151,3,7,7,0,0,0.000000,nomatch
meld_tes_00152,3,10,10,2,0,0.085358,nonzero
meld_tes_00153,4,18,18,0,0,0.000000,nomatch
meld_tes_00154,1,3,3,0,0,0.000000,nomatch
meld_tes_00155,1,12,12,0,0,0.000000,nomatch
meld_tes_00156,1,2,2,0,0,0.000000,nomatch
meld_tes_00157,1,20,20,0,0,0.000000,nomatch
meld_tes_00158,1,9,9,0,0,0.000000,nomatch
meld_tes_00159,2,15,15,1,0,-0.180579,nonzero
meld_tes_00160,3,16,16,0,0,0.000000,nomatch
meld_tes_00161,2,18,18,0,0,0.000000,nomatch
meld_tes_00162,1,16,16,0,0,0.000000,nomatch
meld_tes_00163,1,6,6,0,0,0.000000,nomatch
meld_tes_00164,1,6,6,0,0,0.000000,nomatch
meld_tes_00165,1,11,11,1,0,0.458831,nonzero
meld_tes_00166,1,17,17,0,0,0.000000,nomatch
meld_tes_00167,1,10,10,0,0,0.000000,nomatch
meld_tes_00168,2,2,2,0,0,0.000000,nomatch
meld_tes_00169,1,2,2,0,0,0.000000,nomatch
meld_tes_00170,1,17,17,0,0,0.000000,nomatch
meld_tes_00171,1,13,13,0,0,0.000000,nomatch
meld_tes_00172,1,12,12,0,0,0.000000,nomatch
meld_tes_00173,1,23,23,0,0,0.000000,nomatch
meld_tes_00174,1,42,42,0,0,0.000000,nomatch
meld_tes_00175,1,4,4,0,0,0.000000,nomatch
meld_tes_00176,3,16,16,1,0,0.042679,nonzero
meld_tes_00177,2,19,19,0,0,0.000000,nomatch
meld_tes_00178,1,9,9,0,0,0.000000,nomatch
meld_tes_00179,1,31,31,0,0,0.000000,nomatch
meld_tes_00180,2,8,8,0,0,0.000000,nomatch
meld_tes_00181,1,22,22,0,0,0.000000,nomatch
meld_tes_00182,1,12,12,1,0,0.202289,nonzero
meld_tes_00183,3,9,9,1,0,-0.042679,nonzero
meld_tes_00184,2,3,3,0,0,0.000000,nomatch
meld_tes_00185,2,8,8,0,0,0.000000,nomatch
meld_tes_00186,1,6,6,0,0,0.000000,nomatch
meld_tes_00187,4,18,18,1,0,0.114708,nonzero
meld_tes_00188,1,2,2,0,0,0.000000,nomatch
meld_tes_00189,2,2,2,0,0,0.000000,nomatch
meld_tes_00190,1,4,4,0,0,0.000000,nomatch
meld_tes_00191,3,7,7,0,0,0.000000,nomatch
meld_tes_00192,1,8,8,0,0,0.000000,nomatch
meld_tes_00193,1,7,7,0,0,0.000000,nomatch
meld_tes_00194,3,12,12,0,0,0.000000,nomatch
meld_tes_00195,1,3,3,0,0,0.000000,nomatch
meld_tes_00196,1,34,34,0,0,0.000000,nomatch
meld_tes_00197,1,17,17,1,0,0.202289,nonzero
meld_tes_00198,1,4,4,1,0,0.542326,nonzero
meld_tes_00199,2,6,6,0,0,0.000000,nomatch
meld_tes_00200,1,1,1,0,0,0.000000,nomatch
meld_tes_00201,1,1,1,0,0,0.000000,nomatch
meld_tes_00202,2,14,14,0,0,0.000000,nomatch
meld_tes_00203,1,3,3,0,0,0.000000,nomatch
meld_tes_00204,1,6,6,0,0,0.000000,nomatch
meld_tes_00205,1,1,1,0,0,0.000000,nomatch
meld_tes_00206,1,10,10,0,0,0.000000,nomatch
meld_tes_00207,1,2,2,0,0,0.000000,nomatch
meld_tes_00208,1,8,8,0,0,0.000000,nomatch
meld_tes_00209,1,3,3,0,0,0.000000,nomatch
meld_tes_00210,1,20,20,0,0,0.000000,nomatch
meld_tes_00211,1,4,4,0,0,0.000000,nomatch
meld_tes_00212,1,4,4,0,0,0.000000,nomatch
meld_tes_00213,1,1,1,0,0,0.000000,nomatch
meld_tes_00214,1,5,5,0,0,0.000000,nomatch
meld_tes_00215,1,7,7,0,0,0.000000,nomatch
meld_tes_00216,1,6,6,0,0,0.000000,nomatch
meld_tes_00217,3,3,3,1,0,0.120386,nonzero
meld_tes_00218,1,6,6,0,0,0.000000,nomatch
meld_tes_00219,1,4,4,0,0,0.000000,nomatch
meld_tes_00220,1,3,3,1,0,-0.458831,nonzero
meld_tes_00221,1,1,1,0,0,0.000000,nomatch
meld_tes_00222,1,1,1,0,0,0.000000,nomatch
meld_tes_00223,1,7,7,1,0,0.202289,nonzero
meld_tes_00224,2,5,5,1,0,-0.180579,nonzero
meld_tes_00225,1,7,7,1,0,-0.153093,nonzero
meld_tes_00226,1,1,1,0,0,0.000000,nomatch
meld_tes_00227,1,5,5,0,0,0.000000,nomatch
meld_tes_00228,1,7,7,0,0,0.000000,nomatch
meld_tes_00229,2,2,2,0,0,0.000000,nomatch
meld_tes_00230,1,14,14,0,0,0.000000,nomatch
meld_tes_00231,1,6,6,0,0,0.000000,nomatch
meld_tes_00232,1,2,2,0,0,0.000000,nomatch
meld_tes_00233,1,1,1,0,0,0.000000,nomatch
meld_tes_00234,1,2,2,0,0,0.000000,nomatch
meld_tes_00235,2,5,5,0,0,0.000000,nomatch
meld_tes_00236,1,7,7,0,0,0.000000,nomatch
meld_tes_00237,3,25,25,0,0,0.000000,nomatch
meld_tes_00238,1,10,10,0,0,0.000000,nomatch
meld_tes_00239,1,18,18,0,0,0.000000,nomatch
meld_tes_00240,1,4,4,0,0,0.000000,nomatch
meld_tes_00241,5,20,20,0,0,0.000000,nomatch
meld_tes_00242,1,3,3,0,0,0.000000,nomatch
meld_tes_00243,1,9,9,0,0,0.000000,nomatch
meld_tes_00244,3,9,9,0,0,0.000000,nomatch
meld_tes_00245,1,3,3,0,0,0.000000,nomatch
meld_tes_00246,2,7,7,0,0,0.000000,nomatch
meld_tes_00247,1,1,1,0,0,0.000000,nomatch
meld_tes_00248,1,1,1,0,0,0.000000,nomatch
meld_tes_00249,1,5,5,0,0,0.000000,nomatch
meld_tes_00250,2,16,16,1,0,-0.327655,nonzero
meld_tes_00251,1,6,6,0,0,0.000000,nomatch
meld_tes_00252,3,13,13,0,0,0.000000,nomatch
meld_tes_00253,2,6,6,0,0,0.000000,nomatch
meld_tes_00254,1,6,6,0,0,0.000000,nomatch
meld_tes_00255,1,5,5,0,0,0.000000,nomatch
meld_tes_00256,1,13,13,0,0,0.000000,nomatch
meld_tes_00257,1,3,3,0,0,0.000000,nomatch
meld_tes_00258,1,2,2,0,0,0.000000,nomatch
meld_tes_00259,1,14,14,0,0,0.000000,nomatch
meld_tes_00260,4,17,17,0,0,0.000000,nomatch
meld_tes_00261,1,3,3,0,0,0.000000,nomatch
meld_tes_00262,1,17,17,0,0,0.000000,nomatch
meld_tes_00263,2,7,7,0,0,0.000000,nomatch
meld_tes_00264,5,5,5,0,0,0.000000,nomatch
meld_tes_00265,1,6,6,0,0,0.000000,nomatch
meld_tes_00266,1,10,10,0,0,0.000000,nomatch
meld_tes_00267,1,8,8,0,0,0.000000,nomatch
meld_tes_00268,2,18,18,1,0,0.130831,nonzero
meld_tes_00269,1,3,3,0,0,0.000000,nomatch
meld_tes_00270,1,1,1,0,0,0.000000,nomatch
meld_tes_00271,1,6,6,0,0,0.000000,nomatch
meld_tes_00272,1,7,7,0,0,0.000000,nomatch
meld_tes_00273,1,8,8,0,0,0.000000,nomatch
meld_tes_00274,1,5,5,0,0,0.000000,nomatch
meld_tes_00275,1,4,4,0,0,0.000000,nomatch
meld_tes_00276,1,3,3,0,0,0.000000,nomatch
meld_tes_00277,1,6,6,0,0,0.000000,nomatch
meld_tes_00278,1,4,4,0,0,0.000000,nomatch
meld_tes_00279,1,5,5,0,0,0.000000,nomatch
meld_tes_00280,3,10,10,0,0,0.000000,nomatch
meld_tes_00281,2,6,6,1,0,0.210732,nonzero
meld_tes_00282,2,15,15,1,0,0.064019,nonzero
meld_tes_00283,1,2,2,0,0,0.000000,nomatch
meld_tes_00284,3,16,16,0,0,0.000000,nomatch
meld_tes_00285,2,9,9,0,0,0.000000,nomatch
meld_tes_00286,7,20,20,0,0,0.000000,nomatch
meld_tes_00287,2,19,19,0,0,0.000000,nomatch
meld_tes_00288,2,7,7,0,0,0.000000,nomatch
meld_tes_00289,1,1,1,0,0,0.000000,nomatch
meld_tes_00290,1,25,25,0,0,0.000000,nomatch
meld_tes_00291,1,16,16,1,0,-0.361158,nonzero
meld_tes_00292,3,11,11,0,0,0.000000,nomatch
meld_tes_00293,2,18,18,0,0,0.000000,nomatch
meld_tes_00294,2,5,5,0,0,0.000000,nomatch
meld_tes_00295,1,3,3,0,0,0.000000,nomatch
meld_tes_00296,1,3,3,0,0,0.000000,nomatch
meld_tes_00297,1,21,21,0,0,0.000000,nomatch
meld_tes_00298,1,5,5,1,0,-0.261663,nonzero
meld_tes_00299,1,15,15,1,0,0.128037,nonzero
meld_tes_00300,1,8,8,0,0,0.000000,nomatch
meld_tes_00301,1,24,24,1,0,0.128037,nonzero
meld_tes_00302,1,1,1,0,0,0.000000,nomatch
meld_tes_00303,1,2,2,0,0,0.000000,nomatch
meld_tes_00304,1,11,11,0,0,0.000000,nomatch
meld_tes_00305,1,17,17,1,0,-0.421464,nonzero
meld_tes_00306,1,6,6,0,0,0.000000,nomatch
meld_tes_00307,1,6,6,0,0,0.000000,nomatch
meld_tes_00308,1,8,8,0,0,0.000000,nomatch
meld_tes_00309,1,15,15,0,0,0.000000,nomatch
meld_tes_00310,1,4,4,0,0,0.000000,nomatch
meld_tes_00311,1,23,23,1,0,-0.361158,nonzero
meld_tes_00312,3,20,20,1,0,-0.120386,nonzero
meld_tes_00313,2,8,8,0,0,0.000000,nomatch
meld_tes_00314,2,14,14,0,0,0.000000,nomatch
meld_tes_00315,2,9,9,0,0,0.000000,nomatch
meld_tes_00316,1,17,17,0,0,0.000000,nomatch
meld_tes_00317,1,9,9,0,0,0.000000,nomatch
meld_tes_00318,1,12,12,1,0,-0.361158,nonzero
meld_tes_00319,1,8,8,0,0,0.000000,nomatch
meld_tes_00320,1,16,16,0,0,0.000000,nomatch
meld_tes_00321,1,6,6,0,0,0.000000,nomatch
meld_tes_00322,3,9,9,0,0,0.000000,nomatch
meld_tes_00323,2,6,6,0,0,0.000000,nomatch
meld_tes_00324,1,11,11,1,0,-0.361158,nonzero
meld_tes_00325,1,9,9,0,0,0.000000,nomatch
meld_tes_00326,1,14,14,0,0,0.000000,nomatch
meld_tes_00327,2,16,16,1,0,-0.289473,nonzero
meld_tes_00328,2,6,6,0,0,0.000000,nomatch
meld_tes_00329,1,2,2,0,0,0.000000,nomatch
meld_tes_00330,1,2,2,0,0,0.000000,nomatch
meld_tes_00331,1,4,4,0,0,0.000000,nomatch
meld_tes_00332,1,3,3,0,0,0.000000,nomatch
meld_tes_00333,2,17,17,0,1,-0.064019,nonzero
meld_tes_00334,1,2,2,0,0,0.000000,nomatch
meld_tes_00335,3,17,17,0,0,0.000000,nomatch
meld_tes_00336,1,6,6,1,0,-0.655311,nonzero
meld_tes_00337,1,12,12,1,0,0.519066,nonzero
meld_tes_00338,1,19,19,0,0,0.000000,nomatch
meld_tes_00339,2,13,13,0,0,0.000000,nomatch
meld_tes_00340,1,18,18,0,0,0.000000,nomatch
meld_tes_00341,1,13,13,0,0,0.000000,nomatch
meld_tes_00342,1,6,6,0,0,0.000000,nomatch
meld_tes_00343,1,2,2,0,0,0.000000,nomatch
meld_tes_00344,1,6,6,0,0,0.000000,nomatch
meld_tes_00345,2,12,12,0,0,0.000000,nomatch
meld_tes_00346,1,11,11,0,0,0.000000,nomatch
meld_tes_00347,2,6,6,0,0,0.000000,nomatch
meld_tes_00348,1,9,9,1,0,0.361158,nonzero
meld_tes_00349,4,8,8,0,0,0.000000,nomatch
meld_tes_00350,1,6,6,0,0,0.000000,nomatch
meld_tes_00351,2,17,17,0,0,0.000000,nomatch
meld_tes_00352,1,9,9,1,0,-0.655311,nonzero
meld_tes_00353,1,9,9,1,0,0.458831,nonzero
meld_tes_00354,2,17,17,1,0,0.101144,nonzero
meld_tes_00355,1,15,15,0,0,0.000000,nomatch
meld_tes_00356,1,12,12,0,0,0.000000,nomatch
meld_tes_00357,1,6,6,0,0,0.000000,nomatch
meld_tes_00358,2,4,4,0,0,0.000000,nomatch
meld_tes_00359,2,7,7,0,0,0.000000,nomatch
meld_tes_00360,3,11,11,3,0,0.120386,nonzero
meld_tes_00361,1,2,2,0,0,0.000000,nomatch
meld_tes_00362,1,24,24,1,0,0.449704,nonzero
meld_tes_00363,1,9,9,0,0,0.000000,nomatch
meld_tes_00364,2,20,20,1,0,0.180579,nonzero
meld_tes_00365,2,10,10,0,0,0.000000,nomatch
meld_tes_00366,1,2,2,0,0,0.000000,nomatch
meld_tes_00367,1,3,3,0,0,0.000000,nomatch
meld_tes_00368,1,6,6,0,0,0.000000,nomatch
meld_tes_00369,1,4,4,0,0,0.000000,nomatch
meld_tes_00370,1,11,11,0,0,0.000000,nomatch
meld_tes_00371,1,2,2,0,0,0.000000,nomatch
meld_tes_00372,1,1,1,0,0,0.000000,nomatch
meld_tes_00373,1,10,10,0,0,0.000000,nomatch
meld_tes_00374,1,12,12,1,0,0.361158,nonzero
meld_tes_00375,1,4,4,0,0,0.000000,nomatch
meld_tes_00376,1,3,3,0,0,0.000000,nomatch
meld_tes_00377,1,4,4,1,0,-0.361158,nonzero
meld_tes_00378,1,15,15,0,0,0.000000,nomatch
meld_tes_00379,3,10,10,1,0,0.087221,nonzero
meld_tes_00380,1,4,4,0,0,0.000000,nomatch
meld_tes_00381,1,1,1,0,0,0.000000,nomatch
meld_tes_00382,1,6,6,0,0,0.000000,nomatch
meld_tes_00383,1,11,11,1,0,0.128037,nonzero
meld_tes_00384,1,6,6,0,0,0.000000,nomatch
meld_tes_00385,1,11,11,0,0,0.000000,nomatch
meld_tes_00386,1,5,5,0,0,0.000000,nomatch
meld_tes_00387,1,2,2,0,0,0.000000,nomatch
meld_tes_00388,1,8,8,1,0,-0.128037,nonzero
meld_tes_00389,1,13,13,0,0,0.000000,nomatch
meld_tes_00390,1,7,7,0,0,0.000000,nomatch
meld_tes_00391,1,1,1,0,0,0.000000,nomatch
meld_tes_00392,1,3,3,0,0,0.000000,nomatch
meld_tes_00393,1,6,6,0,0,0.000000,nomatch
meld_tes_00394,4,12,12,0,0,0.000000,nomatch
meld_tes_00395,1,2,2,0,0,0.000000,nomatch
meld_tes_00396,5,14,14,0,0,0.000000,nomatch
meld_tes_00397,2,17,17,0,0,0.000000,nomatch
meld_tes_00398,1,21,21,0,0,0.000000,nomatch
meld_tes_00399,1,1,1,0,0,0.000000,nomatch
meld_tes_00400,1,5,5,0,0,0.000000,nomatch
meld_tes_00401,1,2,2,0,0,0.000000,nomatch
meld_tes_00402,1,20,20,0,0,0.000000,nomatch
meld_tes_00403,1,6,6,0,0,0.000000,nomatch
meld_tes_00404,1,24,24,0,0,0.000000,nomatch
meld_tes_00405,1,7,7,0,0,0.000000,nomatch
meld_tes_00406,1,4,4,0,0,0.000000,nomatch
meld_tes_00407,1,8,8,0,0,0.000000,nomatch
meld_tes_00408,1,6,6,0,0,0.000000,nomatch
meld_tes_00409,1,9,9,0,0,0.000000,nomatch
meld_tes_00410,1,7,7,0,0,0.000000,nomatch
meld_tes_00411,1,8,8,0,0,0.000000,nomatch
meld_tes_00412,1,5,5,0,0,0.000000,nomatch
meld_tes_00413,4,19,19,1,0,0.090289,nonzero
meld_tes_00414,1,16,16,0,0,0.000000,nomatch
meld_tes_00415,1,6,6,0,0,0.000000,nomatch
meld_tes_00416,1,6,6,0,0,0.000000,nomatch
meld_tes_00417,1,9,9,0,0,0.000000,nomatch
meld_tes_00418,1,5,5,0,0,0.000000,nomatch
meld_tes_00419,1,17,17,0,0,0.000000,nomatch
meld_tes_00420,1,28,28,1,0,0.128037,nonzero
meld_tes_00421,1,6,6,0,0,0.000000,nomatch
meld_tes_00422,1,1,1,0,0,0.000000,nomatch
meld_tes_00423,1,1,1,0,0,0.000000,nomatch
meld_tes_00424,1,1,1,0,0,0.000000,nomatch
meld_tes_00425,1,14,14,0,0,0.000000,nomatch
meld_tes_00426,2,8,8,0,0,0.000000,nomatch
meld_tes_00427,5,16,16,3,0,-0.206327,nonzero
meld_tes_00428,2,25,25,0,0,0.000000,nomatch
meld_tes_00429,1,17,17,0,0,0.000000,nomatch
meld_tes_00430,1,6,6,1,0,0.128037,nonzero
meld_tes_00431,2,6,6,0,0,0.000000,nomatch
meld_tes_00432,1,2,2,0,0,0.000000,nomatch
meld_tes_00433,1,3,3,0,0,0.000000,nomatch
meld_tes_00434,1,2,2,0,0,0.000000,nomatch
meld_tes_00435,1,1,1,0,0,0.000000,nomatch
meld_tes_00436,1,1,1,0,0,0.000000,nomatch
meld_tes_00437,2,5,5,0,0,0.000000,nomatch
meld_tes_00438,1,1,1,0,0,0.000000,nomatch
meld_tes_00439,1,4,4,0,0,0.000000,nomatch
meld_tes_00440,2,14,14,0,1,-0.180579,nonzero
meld_tes_00441,2,10,10,0,0,0.000000,nomatch
meld_tes_00442,1,1,1,0,0,0.000000,nomatch
meld_tes_00443,1,4,4,0,0,0.000000,nomatch
meld_tes_00444,1,1,1,0,0,0.000000,nomatch
meld_tes_00445,1,10,10,0,0,0.000000,nomatch
meld_tes_00446,1,13,13,0,0,0.000000,nomatch
meld_tes_00447,2,7,7,0,0,0.000000,nomatch
meld_tes_00448,1,18,18,0,0,0.000000,nomatch
meld_tes_00449,1,15,15,0,0,0.000000,nomatch
meld_tes_00450,2,7,7,0,0,0.000000,nomatch
meld_tes_00451,2,4,4,0,0,0.000000,nomatch
meld_tes_00452,2,17,17,0,0,0.000000,nomatch
meld_tes_00453,1,11,11,0,0,0.000000,nomatch
meld_tes_00454,1,4,4,0,0,0.000000,nomatch
meld_tes_00455,1,4,4,0,0,0.000000,nomatch
meld_tes_00456,1,1,1,0,0,0.000000,nomatch
meld_tes_00457,1,1,1,0,0,0.000000,nomatch
meld_tes_00458,2,18,18,0,0,0.000000,nomatch
meld_tes_00459,1,11,11,0,0,0.000000,nomatch
meld_tes_00460,2,12,12,0,0,0.000000,nomatch
meld_tes_00461,1,12,12,0,0,0.000000,nomatch
meld_tes_00462,1,5,5,0,0,0.000000,nomatch
meld_tes_00463,1,9,9,0,0,0.000000,nomatch
meld_tes_00464,1,5,5,0,0,0.000000,nomatch
meld_tes_00465,1,12,12,0,0,0.000000,nomatch
meld_tes_00466,1,2,2,0,0,0.000000,nomatch
meld_tes_00467,1,14,14,0,0,0.000000,nomatch
meld_tes_00468,1,9,9,0,0,0.000000,nomatch
meld_tes_00469,3,7,7,0,0,0.000000,nomatch
meld_tes_00470,1,1,1,0,0,0.000000,nomatch
meld_tes_00471,4,21,21,0,0,0.000000,nomatch
meld_tes_00472,1,3,3,0,0,0.000000,nomatch
meld_tes_00473,2,9,9,0,0,0.000000,nomatch
meld_tes_00474,1,5,5,0,0,0.000000,nomatch
meld_tes_00475,2,10,10,1,0,0.271163,nonzero
meld_tes_00476,2,14,14,0,0,0.000000,nomatch
meld_tes_00477,1,10,10,0,0,0.000000,nomatch
meld_tes_00478,2,12,12,0,0,0.000000,nomatch
meld_tes_00479,1,3,3,0,0,0.000000,nomatch
meld_tes_00480,1,15,15,0,0,0.000000,nomatch
meld_tes_00481,1,6,6,0,0,0.000000,nomatch
meld_tes_00482,1,12,12,0,0,0.000000,nomatch
meld_tes_00483,1,6,6,1,0,0.542326,nonzero
meld_tes_00484,1,10,10,0,0,0.000000,nomatch
meld_tes_00485,1,11,11,0,0,0.000000,nomatch
meld_tes_00486,2,19,19,0,0,0.000000,nomatch
meld_tes_00487,1,5,5,0,0,0.000000,nomatch
meld_tes_00488,2,12,12,0,0,0.000000,nomatch
meld_tes_00489,1,1,1,0,0,0.000000,nomatch
meld_tes_00490,1,5,5,0,0,0.000000,nomatch
meld_tes_00491,1,7,7,0,0,0.000000,nomatch
meld_tes_00492,1,4,4,0,0,0.000000,nomatch
meld_tes_00493,1,14,14,1,0,-0.458831,nonzero
meld_tes_00494,1,3,3,0,0,0.000000,nomatch
meld_tes_00495,1,6,6,0,0,0.000000,nomatch
meld_tes_00496,1,13,13,2,0,-0.612372,nonzero
meld_tes_00497,1,10,10,2,0,-0.612372,nonzero
meld_tes_00498,2,15,15,0,0,0.000000,nomatch
meld_tes_00499,3,24,24,1,0,-0.152944,nonzero
meld_tes_00500,3,22,22,0,0,0.000000,nomatch
meld_tes_00501,3,9,9,0,0,0.000000,nomatch
meld_tes_00502,1,3,3,0,0,0.000000,nomatch
meld_tes_00503,1,6,6,0,0,0.000000,nomatch
meld_tes_00504,4,18,18,0,0,0.000000,nomatch
meld_tes_00505,1,1,1,0,0,0.000000,nomatch
meld_tes_00506,1,4,4,0,0,0.000000,nomatch
meld_tes_00507,3,12,12,0,0,0.000000,nomatch
meld_tes_00508,1,3,3,0,0,0.000000,nomatch
meld_tes_00509,2,9,9,0,0,0.000000,nomatch
meld_tes_00510,1,5,5,0,0,0.000000,nomatch
meld_tes_00511,1,1,1,0,0,0.000000,nomatch
meld_tes_00512,2,16,16,0,0,0.000000,nomatch
meld_tes_00513,1,3,3,0,0,0.000000,nomatch
meld_tes_00514,2,3,3,0,0,0.000000,nomatch
meld_tes_00515,1,21,21,2,0,0.718421,nonzero
meld_tes_00516,1,11,11,0,0,0.000000,nomatch
meld_tes_00517,1,1,1,0,0,0.000000,nomatch
meld_tes_00518,1,1,1,0,0,0.000000,nomatch
meld_tes_00519,2,20,20,0,0,0.000000,nomatch
meld_tes_00520,1,8,8,0,0,0.000000,nomatch
meld_tes_00521,1,8,8,0,0,0.000000,nomatch
meld_tes_00522,3,10,10,0,0,0.000000,nomatch
meld_tes_00523,1,1,1,0,0,0.000000,nomatch
meld_tes_00524,1,2,2,0,0,0.000000,nomatch
meld_tes_00525,1,1,1,0,0,0.000000,nomatch
meld_tes_00526,1,13,13,0,0,0.000000,nomatch
meld_tes_00527,1,7,7,1,0,-0.361158,nonzero
meld_tes_00528,1,3,3,0,0,0.000000,nomatch
meld_tes_00529,3,5,5,0,0,0.000000,nomatch
meld_tes_00530,4,15,15,3,0,0.140810,nonzero
meld_tes_00531,1,4,4,0,0,0.000000,nomatch
meld_tes_00532,2,21,21,0,0,0.000000,nomatch
meld_tes_00533,3,12,12,1,0,-0.120386,nonzero
meld_tes_00534,2,10,10,0,0,0.000000,nomatch
meld_tes_00535,2,9,9,0,0,0.000000,nomatch
meld_tes_00536,3,9,9,0,0,0.000000,nomatch
meld_tes_00537,2,18,18,0,0,0.000000,nomatch
meld_tes_00538,3,19,19,0,0,0.000000,nomatch
meld_tes_00539,1,5,5,0,0,0.000000,nomatch
meld_tes_00540,1,9,9,0,0,0.000000,nomatch
meld_tes_00541,3,15,15,1,0,-0.140488,nonzero
meld_tes_00542,1,22,22,0,0,0.000000,nomatch
meld_tes_00543,2,4,4,0,0,0.000000,nomatch
meld_tes_00544,1,7,7,0,0,0.000000,nomatch
meld_tes_00545,1,27,27,0,0,0.000000,nomatch
meld_tes_00546,1,10,10,0,0,0.000000,nomatch
meld_tes_00547,1,1,1,0,0,0.000000,nomatch
meld_tes_00548,2,12,12,0,0,0.000000,nomatch
meld_tes_00549,1,1,1,0,0,0.000000,nomatch
meld_tes_00550,1,1,1,0,0,0.000000,nomatch
meld_tes_00551,1,10,10,0,0,0.000000,nomatch
meld_tes_00552,1,26,26,0,0,0.000000,nomatch
meld_tes_00553,1,11,11,0,0,0.000000,nomatch
meld_tes_00554,1,11,11,0,0,0.000000,nomatch
meld_tes_00555,1,1,1,0,0,0.000000,nomatch
meld_tes_00556,1,9,9,0,0,0.000000,nomatch
meld_tes_00557,1,1,1,0,0,0.000000,nomatch
meld_tes_00558,1,3,3,0,0,0.000000,nomatch
meld_tes_00559,1,30,30,0,0,0.000000,nomatch
meld_tes_00560,1,8,8,0,0,0.000000,nomatch
meld_tes_00561,1,5,5,0,0,0.000000,nomatch
meld_tes_00562,1,16,16,0,0,0.000000,nomatch
meld_tes_00563,1,19,19,0,0,0.000000,nomatch
meld_tes_00564,1,18,18,0,0,0.000000,nomatch
meld_tes_00565,1,1,1,0,0,0.000000,nomatch
meld_tes_00566,1,2,2,0,0,0.000000,nomatch
meld_tes_00567,2,11,11,0,0,0.000000,nomatch
meld_tes_00568,1,4,4,0,0,0.000000,nomatch
meld_tes_00569,1,10,10,0,0,0.000000,nomatch
meld_tes_00570,1,10,10,0,0,0.000000,nomatch
meld_tes_00571,1,10,10,0,0,0.000000,nomatch
meld_tes_00572,1,11,11,0,0,0.000000,nomatch
meld_tes_00573,1,2,2,0,0,0.000000,nomatch
meld_tes_00574,2,6,6,0,0,0.000000,nomatch
meld_tes_00575,1,4,4,0,0,0.000000,nomatch
meld_tes_00576,1,2,2,0,0,0.000000,nomatch
meld_tes_00577,1,3,3,0,0,0.000000,nomatch
meld_tes_00578,1,5,5,0,0,0.000000,nomatch
meld_tes_00579,1,4,4,0,0,0.000000,nomatch
meld_tes_00580,2,5,5,0,0,0.000000,nomatch
meld_tes_00581,2,10,10,0,0,0.000000,nomatch
meld_tes_00582,1,6,6,1,0,0.361158,nonzero
meld_tes_00583,1,5,5,0,0,0.000000,nomatch
meld_tes_00584,1,2,2,0,0,0.000000,nomatch
meld_tes_00585,1,7,7,0,0,0.000000,nomatch
meld_tes_00586,1,2,2,0,0,0.000000,nomatch
meld_tes_00587,1,5,5,1,0,0.458831,nonzero
meld_tes_00588,1,3,3,0,0,0.000000,nomatch
meld_tes_00589,1,9,9,0,0,0.000000,nomatch
meld_tes_00590,1,15,15,0,0,0.000000,nomatch
meld_tes_00591,1,7,7,0,0,0.000000,nomatch
meld_tes_00592,2,7,7,1,0,0.271163,nonzero
meld_tes_00593,3,8,8,1,0,-0.120386,nonzero
meld_tes_00594,1,3,3,0,1,-0.128037,nonzero
meld_tes_00595,1,5,5,1,0,0.421464,nonzero
meld_tes_00596,1,3,3,0,1,-0.128037,nonzero
meld_tes_00597,1,4,4,1,0,0.542326,nonzero
meld_tes_00598,1,3,3,0,1,-0.128037,nonzero
meld_tes_00599,1,4,4,0,1,-0.128037,nonzero
meld_tes_00600,1,5,5,0,0,0.000000,nomatch
meld_tes_00601,1,1,1,0,0,0.000000,nomatch
meld_tes_00602,1,8,8,0,0,0.000000,nomatch
meld_tes_00603,1,23,23,0,0,0.000000,nomatch
meld_tes_00604,1,8,8,1,0,-0.361158,nonzero
meld_tes_00605,1,4,4,0,0,0.000000,nomatch
meld_tes_00606,1,6,6,0,0,0.000000,nomatch
meld_tes_00607,1,20,20,3,0,0.090003,nonzero
meld_tes_00608,2,8,8,1,0,-0.180579,nonzero
meld_tes_00609,2,21,21,0,1,-0.101144,nonzero
meld_tes_00610,1,5,5,0,0,0.000000,nomatch
meld_tes_00611,1,6,6,0,0,0.000000,nomatch
meld_tes_00612,1,6,6,0,0,0.000000,nomatch
meld_tes_00613,2,5,5,0,0,0.000000,nomatch
meld_tes_00614,1,10,10,0,0,0.000000,nomatch
meld_tes_00615,1,6,6,0,0,0.000000,nomatch
meld_tes_00616,1,1,1,0,0,0.000000,nomatch
meld_tes_00617,1,8,8,0,0,0.000000,nomatch
meld_tes_00618,1,16,16,0,0,0.000000,nomatch
meld_tes_00619,2,7,7,0,0,0.000000,nomatch
meld_tes_00620,1,5,5,0,0,0.000000,nomatch
meld_tes_00621,1,16,16,0,0,0.000000,nomatch
meld_tes_00622,1,1,1,0,0,0.000000,nomatch
meld_tes_00623,1,19,19,2,0,0.077228,nonzero
meld_tes_00624,1,14,14,0,0,0.000000,nomatch
meld_tes_00625,1,8,8,1,0,0.542326,nonzero
meld_tes_00626,2,3,3,0,0,0.000000,nomatch
meld_tes_00627,1,4,4,0,0,0.000000,nomatch
meld_tes_00628,2,5,5,0,0,0.000000,nomatch
meld_tes_00629,3,9,9,0,0,0.000000,nomatch
meld_tes_00630,2,10,10,0,0,0.000000,nomatch
meld_tes_00631,2,16,16,0,0,0.000000,nomatch
meld_tes_00632,1,11,11,0,0,0.000000,nomatch
meld_tes_00633,1,1,1,0,0,0.000000,nomatch
meld_tes_00634,1,6,6,0,0,0.000000,nomatch
meld_tes_00635,3,20,20,1,0,0.120386,nonzero
meld_tes_00636,1,6,6,0,0,0.000000,nomatch
meld_tes_00637,1,1,1,0,0,0.000000,nomatch
meld_tes_00638,1,2,2,0,0,0.000000,nomatch
meld_tes_00639,1,3,3,0,0,0.000000,nomatch
meld_tes_00640,1,3,3,0,0,0.000000,nomatch
meld_tes_00641,1,16,16,0,0,0.000000,nomatch
meld_tes_00642,2,9,9,1,0,-0.180579,nonzero
meld_tes_00643,1,7,7,0,0,0.000000,nomatch
meld_tes_00644,1,4,4,0,0,0.000000,nomatch
meld_tes_00645,1,8,8,0,0,0.000000,nomatch
meld_tes_00646,1,4,4,0,0,0.000000,nomatch
meld_tes_00647,1,1,1,0,0,0.000000,nomatch
meld_tes_00648,1,2,2,0,0,0.000000,nomatch
meld_tes_00649,1,4,4,0,0,0.000000,nomatch
meld_tes_00650,1,4,4,0,0,0.000000,nomatch
meld_tes_00651,1,28,28,0,0,0.000000,nomatch
meld_tes_00652,1,3,3,0,0,0.000000,nomatch
meld_tes_00653,1,4,4,0,0,0.000000,nomatch
meld_tes_00654,1,4,4,0,0,0.000000,nomatch
meld_tes_00655,1,20,20,0,0,0.000000,nomatch
meld_tes_00656,1,9,9,0,0,0.000000,nomatch
meld_tes_00657,1,7,7,0,0,0.000000,nomatch
meld_tes_00658,1,2,2,0,0,0.000000,nomatch
meld_tes_00659,1,7,7,0,0,0.000000,nomatch
meld_tes_00660,1,11,11,0,0,0.000000,nomatch
meld_tes_00661,1,6,6,0,0,0.000000,nomatch
meld_tes_00662,1,3,3,0,0,0.000000,nomatch
meld_tes_00663,4,20,20,0,0,0.000000,nomatch
meld_tes_00664,1,8,8,0,0,0.000000,nomatch
meld_tes_00665,2,20,20,0,0,0.000000,nomatch
meld_tes_00666,2,12,12,0,0,0.000000,nomatch
meld_tes_00667,1,2,2,0,0,0.000000,nomatch
meld_tes_00668,1,1,1,0,0,0.000000,nomatch
meld_tes_00669,1,1,1,0,0,0.000000,nomatch
meld_tes_00670,2,5,5,0,0,0.000000,nomatch
meld_tes_00671,3,19,19,0,0,0.000000,nomatch
meld_tes_00672,1,10,10,0,0,0.000000,nomatch
meld_tes_00673,2,11,11,0,0,0.000000,nomatch
meld_tes_00674,1,15,15,1,0,0.421464,nonzero
meld_tes_00675,1,15,15,1,0,0.421464,nonzero
meld_tes_00676,1,8,8,0,0,0.000000,nomatch
meld_tes_00677,2,16,16,0,0,0.000000,nomatch
meld_tes_00678,3,11,11,0,0,0.000000,nomatch
meld_tes_00679,1,7,7,0,0,0.000000,nomatch
meld_tes_00680,2,4,4,0,0,0.000000,nomatch
meld_tes_00681,1,2,2,0,0,0.000000,nomatch
meld_tes_00682,1,1,1,0,0,0.000000,nomatch
meld_tes_00683,1,1,1,0,0,0.000000,nomatch
meld_tes_00684,1,25,25,0,1,-0.128037,nonzero
meld_tes_00685,1,2,2,0,0,0.000000,nomatch
meld_tes_00686,3,15,15,0,0,0.000000,nomatch
meld_tes_00687,1,1,1,0,0,0.000000,nomatch
meld_tes_00688,1,2,2,0,0,0.000000,nomatch
meld_tes_00689,1,1,1,0,0,0.000000,nomatch
meld_tes_00690,1,2,2,0,0,0.000000,nomatch
meld_tes_00691,1,1,1,0,0,0.000000,nomatch
meld_tes_00692,1,5,5,0,0,0.000000,nomatch
meld_tes_00693,1,3,3,0,0,0.000000,nomatch
meld_tes_00694,2,7,7,0,0,0.000000,nomatch
meld_tes_00695,2,4,4,0,0,0.000000,nomatch
meld_tes_00696,3,11,11,1,0,0.087221,nonzero
meld_tes_00697,2,11,11,0,0,0.000000,nomatch
meld_tes_00698,3,9,9,0,0,0.000000,nomatch
meld_tes_00699,2,14,14,0,0,0.000000,nomatch
meld_tes_00700,2,8,8,0,0,0.000000,nomatch
meld_tes_00701,7,19,19,0,0,0.000000,nomatch
meld_tes_00702,1,5,5,0,0,0.000000,nomatch
meld_tes_00703,1,2,2,0,0,0.000000,nomatch
meld_tes_00704,1,9,9,0,0,0.000000,nomatch
meld_tes_00705,1,23,23,0,0,0.000000,nomatch
meld_tes_00706,1,4,4,0,0,0.000000,nomatch
meld_tes_00707,2,14,14,0,0,0.000000,nomatch
meld_tes_00708,1,10,10,0,0,0.000000,nomatch
meld_tes_00709,1,1,1,0,0,0.000000,nomatch
meld_tes_00710,1,8,8,0,0,0.000000,nomatch
meld_tes_00711,1,9,9,0,0,0.000000,nomatch
meld_tes_00712,1,4,4,0,0,0.000000,nomatch
meld_tes_00713,1,1,1,0,0,0.000000,nomatch
meld_tes_00714,1,1,1,0,0,0.000000,nomatch
meld_tes_00715,1,2,2,0,0,0.000000,nomatch
meld_tes_00716,1,4,4,0,0,0.000000,nomatch
meld_tes_00717,1,8,8,0,0,0.000000,nomatch
meld_tes_00718,4,17,17,0,0,0.000000,nomatch
meld_tes_00719,1,13,13,0,0,0.000000,nomatch
meld_tes_00720,1,1,1,0,0,0.000000,nomatch
meld_tes_00721,2,5,5,0,0,0.000000,nomatch
meld_tes_00722,1,8,8,0,0,0.000000,nomatch
meld_tes_00723,1,5,5,1,0,-0.361158,nonzero
meld_tes_00724,1,3,3,0,0,0.000000,nomatch
meld_tes_00725,1,4,4,0,0,0.000000,nomatch
meld_tes_00726,2,22,22,1,0,-0.180579,nonzero
meld_tes_00727,3,21,21,1,0,0.042679,nonzero
meld_tes_00728,1,1,1,0,0,0.000000,nomatch
meld_tes_00729,1,6,6,0,0,0.000000,nomatch
meld_tes_00730,1,20,20,1,0,-0.361158,nonzero
meld_tes_00731,2,21,21,0,0,0.000000,nomatch
meld_tes_00732,1,19,19,0,0,0.000000,nomatch
meld_tes_00733,1,3,3,0,0,0.000000,nomatch
meld_tes_00734,1,11,11,0,0,0.000000,nomatch
meld_tes_00735,2,15,15,1,0,-0.180579,nonzero
meld_tes_00736,1,1,1,0,0,0.000000,nomatch
meld_tes_00737,1,11,11,1,0,0.261663,nonzero
meld_tes_00738,1,2,2,0,0,0.000000,nomatch
meld_tes_00739,1,7,7,0,0,0.000000,nomatch
meld_tes_00740,1,3,3,0,0,0.000000,nomatch
meld_tes_00741,2,15,15,0,0,0.000000,nomatch
meld_tes_00742,1,5,5,0,0,0.000000,nomatch
meld_tes_00743,1,6,6,0,0,0.000000,nomatch
meld_tes_00744,3,16,16,0,0,0.000000,nomatch
meld_tes_00745,1,5,5,0,0,0.000000,nomatch
meld_tes_00746,1,1,1,0,0,0.000000,nomatch
meld_tes_00747,1,31,31,1,0,-0.458831,nonzero
meld_tes_00748,1,10,10,0,0,0.000000,nomatch
meld_tes_00749,2,14,14,0,0,0.000000,nomatch
meld_tes_00750,1,2,2,0,0,0.000000,nomatch
meld_tes_00751,1,24,24,0,0,0.000000,nomatch
meld_tes_00752,1,9,9,0,0,0.000000,nomatch
meld_tes_00753,1,3,3,0,0,0.000000,nomatch
meld_tes_00754,1,4,4,0,0,0.000000,nomatch
meld_tes_00755,1,7,7,0,0,0.000000,nomatch
meld_tes_00756,1,19,19,0,0,0.000000,nomatch
meld_tes_00757,1,26,26,0,0,0.000000,nomatch
meld_tes_00758,1,18,18,0,0,0.000000,nomatch
meld_tes_00759,1,4,4,0,0,0.000000,nomatch
meld_tes_00760,1,3,3,0,0,0.000000,nomatch
meld_tes_00761,1,3,3,0,0,0.000000,nomatch
meld_tes_00762,1,8,8,0,0,0.000000,nomatch
meld_tes_00763,1,10,10,0,0,0.000000,nomatch
meld_tes_00764,1,6,6,1,0,0.493915,nonzero
meld_tes_00765,2,5,5,0,0,0.000000,nomatch
meld_tes_00766,1,10,10,0,0,0.000000,nomatch
meld_tes_00767,1,1,1,0,0,0.000000,nomatch
meld_tes_00768,1,7,7,0,0,0.000000,nomatch
meld_tes_00769,1,23,23,1,0,0.250000,nonzero
meld_tes_00770,3,13,13,1,0,0.067430,nonzero
meld_tes_00771,1,4,4,0,0,0.000000,nomatch
meld_tes_00772,1,6,6,0,0,0.000000,nomatch
meld_tes_00773,1,3,3,0,0,0.000000,nomatch
meld_tes_00774,2,22,22,1,0,-0.088929,nonzero
meld_tes_00775,1,3,3,0,0,0.000000,nomatch
meld_tes_00776,1,6,6,0,0,0.000000,nomatch
meld_tes_00777,1,18,18,0,0,0.000000,nomatch
meld_tes_00778,1,2,2,0,0,0.000000,nomatch
meld_tes_00779,1,6,6,0,0,0.000000,nomatch
meld_tes_00780,2,10,10,0,0,0.000000,nomatch
meld_tes_00781,1,14,14,0,0,0.000000,nomatch
meld_tes_00782,3,11,11,0,0,0.000000,nomatch
meld_tes_00783,1,6,6,0,0,0.000000,nomatch
meld_tes_00784,1,8,8,1,0,-0.578947,nonzero
meld_tes_00785,2,15,15,1,0,0.180579,nonzero
meld_tes_00786,1,5,5,1,0,0.128037,nonzero
meld_tes_00787,1,8,8,0,0,0.000000,nomatch
meld_tes_00788,1,7,7,0,0,0.000000,nomatch
meld_tes_00789,1,10,10,0,0,0.000000,nomatch
meld_tes_00790,1,14,14,0,0,0.000000,nomatch
meld_tes_00791,3,7,7,0,0,0.000000,nomatch
meld_tes_00792,2,8,8,0,0,0.000000,nomatch
meld_tes_00793,1,1,1,0,0,0.000000,nomatch
meld_tes_00794,1,11,11,0,0,0.000000,nomatch
meld_tes_00795,2,12,12,0,0,0.000000,nomatch
meld_tes_00796,2,11,11,1,0,0.180579,nonzero
meld_tes_00797,1,8,8,0,0,0.000000,nomatch
meld_tes_00798,1,1,1,0,0,0.000000,nomatch
meld_tes_00799,1,3,3,0,0,0.000000,nomatch
meld_tes_00800,1,2,2,0,0,0.000000,nomatch
meld_tes_00801,1,4,4,0,0,0.000000,nomatch
meld_tes_00802,1,17,17,0,0,0.000000,nomatch
meld_tes_00803,1,5,5,0,0,0.000000,nomatch
meld_tes_00804,1,5,5,0,0,0.000000,nomatch
meld_tes_00805,1,4,4,0,0,0.000000,nomatch
meld_tes_00806,1,15,15,0,0,0.000000,nomatch
meld_tes_00807,1,1,1,0,0,0.000000,nomatch
meld_tes_00808,1,8,8,1,0,0.542326,nonzero
meld_tes_00809,1,10,10,0,0,0.000000,nomatch
meld_tes_00810,2,23,23,0,0,0.000000,nomatch
meld_tes_00811,2,10,10,0,0,0.000000,nomatch
meld_tes_00812,1,3,3,0,0,0.000000,nomatch
meld_tes_00813,1,5,5,0,0,0.000000,nomatch
meld_tes_00814,3,23,23,0,0,0.000000,nomatch
meld_tes_00815,1,6,6,0,0,0.000000,nomatch
meld_tes_00816,1,1,1,0,0,0.000000,nomatch
meld_tes_00817,1,9,9,0,0,0.000000,nomatch
meld_tes_00818,1,5,5,1,0,0.361158,nonzero
meld_tes_00819,1,7,7,0,0,0.000000,nomatch
meld_tes_00820,1,3,3,0,0,0.000000,nomatch
meld_tes_00821,1,1,1,0,0,0.000000,nomatch
meld_tes_00822,1,7,7,1,0,0.202289,nonzero
meld_tes_00823,1,11,11,0,0,0.000000,nomatch
meld_tes_00824,1,3,3,0,0,0.000000,nomatch
meld_tes_00825,1,1,1,0,0,0.000000,nomatch
meld_tes_00826,1,3,3,0,0,0.000000,nomatch
meld_tes_00827,1,18,18,0,0,0.000000,nomatch
meld_tes_00828,1,4,4,0,0,0.000000,nomatch
meld_tes_00829,1,4,4,0,0,0.000000,nomatch
meld_tes_00830,2,7,7,0,0,0.000000,nomatch
meld_tes_00831,1,2,2,0,0,0.000000,nomatch
meld_tes_00832,2,6,6,0,0,0.000000,nomatch
meld_tes_00833,2,22,22,0,0,0.000000,nomatch
meld_tes_00834,1,2,2,0,0,0.000000,nomatch
meld_tes_00835,2,7,7,0,0,0.000000,nomatch
meld_tes_00836,2,12,12,0,0,0.000000,nomatch
meld_tes_00837,3,7,7,0,0,0.000000,nomatch
meld_tes_00838,1,3,3,0,0,0.000000,nomatch
meld_tes_00839,1,4,4,0,0,0.000000,nomatch
meld_tes_00840,1,5,5,0,0,0.000000,nomatch
meld_tes_00841,1,18,18,0,0,0.000000,nomatch
meld_tes_00842,1,7,7,0,0,0.000000,nomatch
meld_tes_00843,1,11,11,0,0,0.000000,nomatch
meld_tes_00844,1,9,9,1,0,-0.458831,nonzero
meld_tes_00845,1,8,8,1,0,0.339950,nonzero
meld_tes_00846,1,1,1,0,0,0.000000,nomatch
meld_tes_00847,1,20,20,0,0,0.000000,nomatch
meld_tes_00848,3,32,32,0,0,0.000000,nomatch
meld_tes_00849,1,3,3,0,0,0.000000,nomatch
meld_tes_00850,1,24,24,0,0,0.000000,nomatch
meld_tes_00851,1,4,4,0,0,0.000000,nomatch
meld_tes_00852,2,11,11,0,0,0.000000,nomatch
meld_tes_00853,2,10,10,0,0,0.000000,nomatch
meld_tes_00854,1,9,9,0,0,0.000000,nomatch
meld_tes_00855,1,6,6,0,0,0.000000,nomatch
meld_tes_00856,1,10,10,0,0,0.000000,nomatch
meld_tes_00857,1,11,11,0,0,0.000000,nomatch
meld_tes_00858,1,19,19,0,0,0.000000,nomatch
meld_tes_00859,1,2,2,0,0,0.000000,nomatch
meld_tes_00860,1,9,9,0,0,0.000000,nomatch
meld_tes_00861,2,6,6,0,0,0.000000,nomatch
meld_tes_00862,3,10,10,1,0,0.158886,nonzero
meld_tes_00863,2,13,13,0,0,0.000000,nomatch
meld_tes_00864,1,21,21,0,0,0.000000,nomatch
meld_tes_00865,1,6,6,0,0,0.000000,nomatch
meld_tes_00866,1,4,4,0,0,0.000000,nomatch
meld_tes_00867,1,2,2,0,0,0.000000,nomatch
meld_tes_00868,1,8,8,0,0,0.000000,nomatch
meld_tes_00869,1,3,3,0,0,0.000000,nomatch
meld_tes_00870,1,2,2,0,0,0.000000,nomatch
meld_tes_00871,1,6,6,0,0,0.000000,nomatch
meld_tes_00872,1,1,1,0,0,0.000000,nomatch
meld_tes_00873,3,19,19,0,0,0.000000,nomatch
meld_tes_00874,1,4,4,0,0,0.000000,nomatch
meld_tes_00875,1,3,3,0,0,0.000000,nomatch
meld_tes_00876,1,3,3,0,0,0.000000,nomatch
meld_tes_00877,1,4,4,0,0,0.000000,nomatch
meld_tes_00878,1,4,4,0,0,0.000000,nomatch
meld_tes_00879,1,3,3,0,0,0.000000,nomatch
meld_tes_00880,2,8,8,1,0,0.064019,nonzero
meld_tes_00881,1,1,1,0,0,0.000000,nomatch
meld_tes_00882,1,8,8,0,0,0.000000,nomatch
meld_tes_00883,2,5,5,0,0,0.000000,nomatch
meld_tes_00884,2,11,11,0,0,0.000000,nomatch
meld_tes_00885,1,9,9,0,0,0.000000,nomatch
meld_tes_00886,1,4,4,1,0,0.361158,nonzero
meld_tes_00887,1,1,1,0,0,0.000000,nomatch
meld_tes_00888,1,12,12,0,0,0.000000,nomatch
meld_tes_00889,1,19,19,0,0,0.000000,nomatch
meld_tes_00890,1,4,4,0,0,0.000000,nomatch
meld_tes_00891,1,7,7,1,0,-0.361158,nonzero
meld_tes_00892,1,7,7,0,0,0.000000,nomatch
meld_tes_00893,1,1,1,0,0,0.000000,nomatch
meld_tes_00894,1,10,10,0,0,0.000000,nomatch
meld_tes_00895,1,3,3,0,0,0.000000,nomatch
meld_tes_00896,1,2,2,0,0,0.000000,nomatch
meld_tes_00897,1,8,8,0,0,0.000000,nomatch
meld_tes_00898,1,2,2,0,0,0.000000,nomatch
meld_tes_00899,1,7,7,0,0,0.000000,nomatch
meld_tes_00900,1,3,3,0,0,0.000000,nomatch
meld_tes_00901,1,5,5,0,0,0.000000,nomatch
meld_tes_00902,1,1,1,0,0,0.000000,nomatch
meld_tes_00903,1,4,4,0,0,0.000000,nomatch
meld_tes_00904,1,5,5,0,0,0.000000,nomatch
meld_tes_00905,1,1,1,0,0,0.000000,nomatch
meld_tes_00906,1,1,1,0,0,0.000000,nomatch
meld_tes_00907,1,7,7,0,0,0.000000,nomatch
meld_tes_00908,1,6,6,0,0,0.000000,nomatch
meld_tes_00909,1,5,5,0,0,0.000000,nomatch
meld_tes_00910,1,8,8,0,0,0.000000,nomatch
meld_tes_00911,1,10,10,0,0,0.000000,nomatch
meld_tes_00912,1,11,11,0,0,0.000000,nomatch
meld_tes_00913,1,6,6,0,0,0.000000,nomatch
meld_tes_00914,1,11,11,0,0,0.000000,nomatch
meld_tes_00915,2,23,23,1,0,-0.180579,nonzero
meld_tes_00916,2,14,14,0,0,0.000000,nomatch
meld_tes_00917,1,7,7,0,0,0.000000,nomatch
meld_tes_00918,1,6,6,0,0,0.000000,nomatch
meld_tes_00919,1,1,1,0,0,0.000000,nomatch
meld_tes_00920,1,1,1,0,0,0.000000,nomatch
meld_tes_00921,2,22,22,0,0,0.000000,nomatch
meld_tes_00922,3,9,9,0,0,0.000000,nomatch
meld_tes_00923,2,19,19,0,0,0.000000,nomatch
meld_tes_00924,1,4,4,0,0,0.000000,nomatch
meld_tes_00925,3,14,14,0,0,0.000000,nomatch
meld_tes_00926,1,1,1,0,0,0.000000,nomatch
meld_tes_00927,1,3,3,0,0,0.000000,nomatch
meld_tes_00928,5,7,7,0,0,0.000000,nomatch
meld_tes_00929,5,17,17,0,0,0.000000,nomatch
meld_tes_00930,1,4,4,0,0,0.000000,nomatch
meld_tes_00931,1,13,13,0,0,0.000000,nomatch
meld_tes_00932,1,10,10,0,0,0.000000,nomatch
meld_tes_00933,1,5,5,0,0,0.000000,nomatch
meld_tes_00934,1,5,5,0,0,0.000000,nomatch
meld_tes_00935,1,4,4,0,0,0.000000,nomatch
meld_tes_00936,1,1,1,0,0,0.000000,nomatch
meld_tes_00937,1,8,8,0,0,0.000000,nomatch
meld_tes_00938,1,10,10,0,0,0.000000,nomatch
meld_tes_00939,1,1,1,0,0,0.000000,nomatch
meld_tes_00940,1,11,11,0,0,0.000000,nomatch
meld_tes_00941,1,9,9,0,0,0.000000,nomatch
meld_tes_00942,1,1,1,0,0,0.000000,nomatch
meld_tes_00943,1,5,5,0,0,0.000000,nomatch
meld_tes_00944,1,1,1,0,0,0.000000,nomatch
meld_tes_00945,1,12,12,2,0,0.000000,cancel
meld_tes_00946,1,1,1,0,0,0.000000,nomatch
meld_tes_00947,1,6,6,0,0,0.000000,nomatch
meld_tes_00948,1,1,1,0,0,0.000000,nomatch
meld_tes_00949,1,17,17,1,0,-0.361158,nonzero
meld_tes_00950,1,4,4,0,0,0.000000,nomatch
meld_tes_00951,3,16,16,0,0,0.000000,nomatch
meld_tes_00952,6,18,18,0,0,0.000000,nomatch
meld_tes_00953,2,13,13,0,0,0.000000,nomatch
meld_tes_00954,1,3,3,0,0,0.000000,nomatch
meld_tes_00955,1,11,11,0,0,0.000000,nomatch
meld_tes_00956,1,17,17,0,0,0.000000,nomatch
meld_tes_00957,2,9,9,0,0,0.000000,nomatch
meld_tes_00958,3,24,24,0,0,0.000000,nomatch
meld_tes_00959,1,2,2,0,0,0.000000,nomatch
meld_tes_00960,1,4,4,0,0,0.000000,nomatch
meld_tes_00961,1,21,21,1,0,-0.578947,nonzero
meld_tes_00962,1,4,4,0,0,0.000000,nomatch
meld_tes_00963,2,5,5,0,0,0.000000,nomatch
meld_tes_00964,1,4,4,0,0,0.000000,nomatch
meld_tes_00965,1,8,8,0,0,0.000000,nomatch
meld_tes_00966,1,14,14,0,0,0.000000,nomatch
meld_tes_00967,1,2,2,0,0,0.000000,nomatch
meld_tes_00968,1,5,5,0,0,0.000000,nomatch
meld_tes_00969,1,18,18,0,0,0.000000,nomatch
meld_tes_00970,1,16,16,0,0,0.000000,nomatch
meld_tes_00971,1,22,22,1,0,0.128037,nonzero
meld_tes_00972,2,20,20,0,0,0.000000,nomatch
meld_tes_00973,2,22,22,0,0,0.000000,nomatch
meld_tes_00974,1,9,9,0,0,0.000000,nomatch
meld_tes_00975,1,7,7,1,0,0.542326,nonzero
meld_tes_00976,2,10,10,0,0,0.000000,nomatch
meld_tes_00977,2,7,7,0,0,0.000000,nomatch
meld_tes_00978,1,2,2,0,0,0.000000,nomatch
meld_tes_00979,1,2,2,0,0,0.000000,nomatch
meld_tes_00980,1,8,8,0,0,0.000000,nomatch
meld_tes_00981,1,10,10,0,0,0.000000,nomatch
meld_tes_00982,1,4,4,0,0,0.000000,nomatch
meld_tes_00983,3,3,3,0,0,0.000000,nomatch
meld_tes_00984,1,10,10,1,0,0.542326,nonzero
meld_tes_00985,3,16,16,0,0,0.000000,nomatch
meld_tes_00986,1,2,2,0,0,0.000000,nomatch
meld_tes_00987,2,15,15,1,0,0.125000,nonzero
meld_tes_00988,1,4,4,0,0,0.000000,nomatch
meld_tes_00989,1,7,7,0,0,0.000000,nomatch
meld_tes_00990,1,23,23,0,0,0.000000,nomatch
meld_tes_00991,1,20,20,0,0,0.000000,nomatch
meld_tes_00992,1,1,1,0,0,0.000000,nomatch
meld_tes_00993,1,4,4,0,0,0.000000,nomatch
meld_tes_00994,1,18,18,0,0,0.000000,nomatch
meld_tes_00995,1,12,12,0,0,0.000000,nomatch
meld_tes_00996,2,19,19,2,0,0.000000,cancel
meld_tes_00997,2,8,8,0,0,0.000000,nomatch
meld_tes_00998,1,10,10,0,0,0.000000,nomatch
meld_tes_00999,4,14,14,0,0,0.000000,nomatch
meld_tes_01000,2,9,9,0,0,0.000000,nomatch
meld_tes_01001,1,1,1,0,0,0.000000,nomatch
meld_tes_01002,1,12,12,0,0,0.000000,nomatch
meld_tes_01003,1,16,16,0,0,0.000000,nomatch
meld_tes_01004,1,28,28,1,0,0.361158,nonzero
meld_tes_01005,2,6,6,0,0,0.000000,nomatch
meld_tes_01006,1,12,12,0,0,0.000000,nomatch
meld_tes_01007,2,12,12,1,0,0.271163,nonzero
meld_tes_01008,2,13,13,0,0,0.000000,nomatch
meld_tes_01009,1,4,4,0,0,0.000000,nomatch
meld_tes_01010,3,11,11,0,0,0.000000,nomatch
meld_tes_01011,2,11,11,0,0,0.000000,nomatch
meld_tes_01012,1,3,3,0,0,0.000000,nomatch
meld_tes_01013,1,5,5,0,0,0.000000,nomatch
meld_tes_01014,3,6,6,0,0,0.000000,nomatch
meld_tes_01015,1,1,1,0,0,0.000000,nomatch
meld_tes_01016,1,3,3,0,0,0.000000,nomatch
meld_tes_01017,1,4,4,0,0,0.000000,nomatch
meld_tes_01018,1,4,4,0,0,0.000000,nomatch
meld_tes_01019,1,9,9,0,0,0.000000,nomatch
meld_tes_01020,1,4,4,0,0,0.000000,nomatch
meld_tes_01021,1,2,2,0,0,0.000000,nomatch
meld_tes_01022,3,5,5,0,0,0.000000,nomatch
meld_tes_01023,1,8,8,0,0,0.000000,nomatch
meld_tes_01024,1,5,5,0,0,0.000000,nomatch
meld_tes_01025,1,16,16,0,1,-0.128037,nonzero
meld_tes_01026,1,5,5,0,0,0.000000,nomatch
meld_tes_01027,2,13,13,0,0,0.000000,nomatch
meld_tes_01028,2,13,13,0,0,0.000000,nomatch
meld_tes_01029,3,4,4,0,0,0.000000,nomatch
meld_tes_01030,1,37,37,2,0,-0.670478,nonzero
meld_tes_01031,2,23,23,0,0,0.000000,nomatch
meld_tes_01032,1,10,10,0,0,0.000000,nomatch
meld_tes_01033,2,20,20,0,0,0.000000,nomatch
meld_tes_01034,1,8,8,0,0,0.000000,nomatch
meld_tes_01035,1,10,10,0,0,0.000000,nomatch
meld_tes_01036,2,12,12,0,0,0.000000,nomatch
meld_tes_01037,2,6,6,0,0,0.000000,nomatch
meld_tes_01038,5,17,17,0,0,0.000000,nomatch
meld_tes_01039,1,7,7,0,0,0.000000,nomatch
meld_tes_01040,1,28,28,1,0,-0.361158,nonzero
meld_tes_01041,2,13,13,0,0,0.000000,nomatch
meld_tes_01042,1,7,7,0,0,0.000000,nomatch
meld_tes_01043,1,3,3,0,0,0.000000,nomatch
meld_tes_01044,1,7,7,0,0,0.000000,nomatch
meld_tes_01045,2,14,14,0,0,0.000000,nomatch
meld_tes_01046,1,6,6,0,0,0.000000,nomatch
meld_tes_01047,1,3,3,0,0,0.000000,nomatch
meld_tes_01048,1,2,2,0,0,0.000000,nomatch
meld_tes_01049,1,2,2,0,0,0.000000,nomatch
meld_tes_01050,1,1,1,0,0,0.000000,nomatch
meld_tes_01051,1,17,17,1,0,0.361158,nonzero
meld_tes_01052,1,5,5,1,0,0.361158,nonzero
meld_tes_01053,1,1,1,0,0,0.000000,nomatch
meld_tes_01054,1,5,5,0,0,0.000000,nomatch
meld_tes_01055,1,7,7,0,0,0.000000,nomatch
meld_tes_01056,1,27,27,0,0,0.000000,nomatch
meld_tes_01057,1,11,11,1,0,0.128037,nonzero
meld_tes_01058,4,6,6,0,0,0.000000,nomatch
meld_tes_01059,2,4,4,0,0,0.000000,nomatch
meld_tes_01060,1,21,21,1,0,-0.421464,nonzero
meld_tes_01061,1,14,14,1,0,0.202289,nonzero
meld_tes_01062,1,3,3,0,0,0.000000,nomatch
meld_tes_01063,1,2,2,0,0,0.000000,nomatch
meld_tes_01064,2,8,8,0,0,0.000000,nomatch
meld_tes_01065,1,4,4,0,0,0.000000,nomatch
meld_tes_01066,1,9,9,0,0,0.000000,nomatch
meld_tes_01067,3,3,3,0,0,0.000000,nomatch
meld_tes_01068,1,21,21,1,0,-0.361158,nonzero
meld_tes_01069,1,34,34,0,0,0.000000,nomatch
meld_tes_01070,2,21,21,1,0,0.129670,nonzero
meld_tes_01071,2,12,12,0,0,0.000000,nomatch
meld_tes_01072,4,19,19,0,0,0.000000,nomatch
meld_tes_01073,3,23,23,0,0,0.000000,nomatch
meld_tes_01074,1,4,4,0,0,0.000000,nomatch
meld_tes_01075,2,9,9,0,0,0.000000,nomatch
meld_tes_01076,2,8,8,0,0,0.000000,nomatch
meld_tes_01077,1,12,12,0,0,0.000000,nomatch
meld_tes_01078,2,15,15,0,0,0.000000,nomatch
meld_tes_01079,1,1,1,0,0,0.000000,nomatch
meld_tes_01080,1,12,12,0,0,0.000000,nomatch
meld_tes_01081,1,15,15,0,0,0.000000,nomatch
meld_tes_01082,1,23,23,1,0,0.493915,nonzero
meld_tes_01083,1,11,11,0,0,0.000000,nomatch
meld_tes_01084,1,5,5,0,0,0.000000,nomatch
meld_tes_01085,1,1,1,0,0,0.000000,nomatch
meld_tes_01086,1,14,14,0,0,0.000000,nomatch
meld_tes_01087,1,11,11,1,0,-0.361158,nonzero
meld_tes_01088,1,1,1,0,0,0.000000,nomatch
meld_tes_01089,2,22,22,1,0,-0.210732,nonzero
meld_tes_01090,3,17,17,1,0,-0.120386,nonzero
meld_tes_01091,1,4,4,0,0,0.000000,nomatch
meld_tes_01092,2,23,23,0,0,0.000000,nomatch
meld_tes_01093,1,3,3,0,0,0.000000,nomatch
meld_tes_01094,1,9,9,0,0,0.000000,nomatch
meld_tes_01095,1,19,19,0,0,0.000000,nomatch
meld_tes_01096,1,4,4,1,0,-0.493915,nonzero
meld_tes_01097,1,11,11,1,0,0.369488,nonzero
meld_tes_01098,1,9,9,1,0,0.542326,nonzero
meld_tes_01099,2,11,11,0,0,0.000000,nomatch
meld_tes_01100,2,11,11,0,0,0.000000,nomatch
meld_tes_01101,1,1,1,0,0,0.000000,nomatch
meld_tes_01102,3,8,8,1,0,0.180775,nonzero
meld_tes_01103,1,4,4,1,0,0.542326,nonzero
meld_tes_01104,1,14,14,0,0,0.000000,nomatch
meld_tes_01105,1,1,1,0,0,0.000000,nomatch
meld_tes_01106,1,3,3,0,1,-0.128037,nonzero
meld_tes_01107,2,11,11,1,0,0.210732,nonzero
meld_tes_01108,1,1,1,0,0,0.000000,nomatch
meld_tes_01109,2,10,10,0,0,0.000000,nomatch
meld_tes_01110,1,1,1,0,0,0.000000,nomatch
meld_tes_01111,6,21,21,0,0,0.000000,nomatch
meld_tes_01112,2,9,9,0,0,0.000000,nomatch
meld_tes_01113,1,2,2,0,0,0.000000,nomatch
meld_tes_01114,1,6,6,0,0,0.000000,nomatch
meld_tes_01115,2,6,6,0,0,0.000000,nomatch
meld_tes_01116,1,1,1,0,0,0.000000,nomatch
meld_tes_01117,1,7,7,0,0,0.000000,nomatch
meld_tes_01118,3,14,14,1,0,-0.140488,nonzero
meld_tes_01119,2,10,10,0,0,0.000000,nomatch
meld_tes_01120,1,15,15,0,0,0.000000,nomatch
meld_tes_01121,1,17,17,0,0,0.000000,nomatch
meld_tes_01122,2,11,11,0,0,0.000000,nomatch
meld_tes_01123,1,18,18,0,0,0.000000,nomatch
meld_tes_01124,3,17,17,0,0,0.000000,nomatch
meld_tes_01125,1,10,10,0,0,0.000000,nomatch
meld_tes_01126,1,7,7,0,0,0.000000,nomatch
meld_tes_01127,3,22,22,0,0,0.000000,nomatch
meld_tes_01128,1,11,11,0,0,0.000000,nomatch
meld_tes_01129,3,10,10,0,0,0.000000,nomatch
meld_tes_01130,2,5,5,0,0,0.000000,nomatch
meld_tes_01131,1,1,1,0,0,0.000000,nomatch
meld_tes_01132,1,1,1,0,0,0.000000,nomatch
meld_tes_01133,1,1,1,0,0,0.000000,nomatch
meld_tes_01134,1,1,1,0,0,0.000000,nomatch
meld_tes_01135,1,3,3,0,0,0.000000,nomatch
meld_tes_01136,1,3,3,0,0,0.000000,nomatch
meld_tes_01137,1,25,25,0,0,0.000000,nomatch
meld_tes_01138,3,8,8,0,0,0.000000,nomatch
meld_tes_01139,3,24,24,0,0,0.000000,nomatch
meld_tes_01140,1,1,1,0,0,0.000000,nomatch
meld_tes_01141,1,1,1,0,0,0.000000,nomatch
meld_tes_01142,2,9,9,0,0,0.000000,nomatch
meld_tes_01143,1,8,8,0,0,0.000000,nomatch
meld_tes_01144,1,8,8,1,0,0.458831,nonzero
meld_tes_01145,1,14,14,1,0,0.585882,nonzero
meld_tes_01146,1,1,1,0,0,0.000000,nomatch
meld_tes_01147,1,2,2,0,0,0.000000,nomatch
meld_tes_01148,1,8,8,0,0,0.000000,nomatch
meld_tes_01149,1,14,14,0,0,0.000000,nomatch
meld_tes_01150,1,7,7,0,0,0.000000,nomatch
meld_tes_01151,1,5,5,0,0,0.000000,nomatch
meld_tes_01152,1,9,9,0,0,0.000000,nomatch
meld_tes_01153,1,1,1,0,0,0.000000,nomatch
meld_tes_01154,1,8,8,0,0,0.000000,nomatch
meld_tes_01155,1,1,1,0,0,0.000000,nomatch
meld_tes_01156,1,5,5,0,0,0.000000,nomatch
meld_tes_01157,1,7,7,0,0,0.000000,nomatch
meld_tes_01158,1,3,3,0,0,0.000000,nomatch
meld_tes_01159,1,10,10,0,0,0.000000,nomatch
meld_tes_01160,1,1,1,0,0,0.000000,nomatch
meld_tes_01161,1,4,4,0,0,0.000000,nomatch
meld_tes_01162,2,11,11,0,0,0.000000,nomatch
meld_tes_01163,1,6,6,0,0,0.000000,nomatch
meld_tes_01164,2,7,7,0,0,0.000000,nomatch
meld_tes_01165,3,14,14,0,0,0.000000,nomatch
meld_tes_01166,2,11,11,0,0,0.000000,nomatch
meld_tes_01167,4,20,20,0,0,0.000000,nomatch
meld_tes_01168,1,8,8,0,0,0.000000,nomatch
meld_tes_01169,2,8,8,0,0,0.000000,nomatch
meld_tes_01170,2,6,6,0,0,0.000000,nomatch
meld_tes_01171,3,7,7,0,0,0.000000,nomatch
meld_tes_01172,1,2,2,0,0,0.000000,nomatch
meld_tes_01173,1,4,4,0,0,0.000000,nomatch
meld_tes_01174,1,5,5,0,0,0.000000,nomatch
meld_tes_01175,1,2,2,0,0,0.000000,nomatch
meld_tes_01176,1,4,4,0,0,0.000000,nomatch
meld_tes_01177,2,3,3,0,0,0.000000,nomatch
meld_tes_01178,1,2,2,0,0,0.000000,nomatch
meld_tes_01179,1,5,5,0,0,0.000000,nomatch
meld_tes_01180,1,7,7,0,0,0.000000,nomatch
meld_tes_01181,1,1,1,0,0,0.000000,nomatch
meld_tes_01182,2,17,17,0,0,0.000000,nomatch
meld_tes_01183,1,6,6,0,0,0.000000,nomatch
meld_tes_01184,1,25,25,1,0,0.361158,nonzero
meld_tes_01185,1,4,4,0,0,0.000000,nomatch
meld_tes_01186,2,8,8,0,0,0.000000,nomatch
meld_tes_01187,2,11,11,0,0,0.000000,nomatch
meld_tes_01188,1,3,3,0,0,0.000000,nomatch
meld_tes_01189,1,1,1,0,0,0.000000,nomatch
meld_tes_01190,2,18,18,1,0,0.101144,nonzero
meld_tes_01191,1,9,9,0,0,0.000000,nomatch
meld_tes_01192,1,2,2,0,0,0.000000,nomatch
meld_tes_01193,2,20,20,0,0,0.000000,nomatch
meld_tes_01194,2,5,5,0,0,0.000000,nomatch
meld_tes_01195,1,5,5,0,0,0.000000,nomatch
meld_tes_01196,2,6,6,0,0,0.000000,nomatch
meld_tes_01197,1,12,12,0,0,0.000000,nomatch
meld_tes_01198,1,2,2,0,0,0.000000,nomatch
meld_tes_01199,1,3,3,0,0,0.000000,nomatch
meld_tes_01200,1,12,12,1,0,0.128037,nonzero
meld_tes_01201,1,5,5,0,0,0.000000,nomatch
meld_tes_01202,1,3,3,0,0,0.000000,nomatch
meld_tes_01203,2,14,14,0,0,0.000000,nomatch
meld_tes_01204,1,20,20,0,0,0.000000,nomatch
meld_tes_01205,1,3,3,0,0,0.000000,nomatch
meld_tes_01206,1,7,7,0,0,0.000000,nomatch
meld_tes_01207,1,4,4,0,0,0.000000,nomatch
meld_tes_01208,1,1,1,0,0,0.000000,nomatch
meld_tes_01209,3,16,16,0,0,0.000000,nomatch
meld_tes_01210,2,3,3,0,0,0.000000,nomatch
meld_tes_01211,1,1,1,0,0,0.000000,nomatch
meld_tes_01212,1,1,1,0,0,0.000000,nomatch
meld_tes_01213,1,15,15,0,0,0.000000,nomatch
meld_tes_01214,1,14,14,0,0,0.000000,nomatch
meld_tes_01215,1,21,21,1,0,0.704999,nonzero
meld_tes_01216,1,6,6,0,0,0.000000,nomatch
meld_tes_01217,1,2,2,0,0,0.000000,nomatch
meld_tes_01218,1,2,2,0,0,0.000000,nomatch
meld_tes_01219,1,2,2,0,0,0.000000,nomatch
meld_tes_01220,2,7,7,0,0,0.000000,nomatch
meld_tes_01221,1,1,1,0,0,0.000000,nomatch
meld_tes_01222,1,1,1,0,0,0.000000,nomatch
meld_tes_01223,2,6,6,0,0,0.000000,nomatch
meld_tes_01224,1,4,4,1,0,0.476658,nonzero
meld_tes_01225,1,1,1,0,0,0.000000,nomatch
meld_tes_01226,1,9,9,0,0,0.000000,nomatch
meld_tes_01227,1,1,1,0,0,0.000000,nomatch
meld_tes_01228,2,9,9,0,0,0.000000,nomatch
meld_tes_01229,1,22,22,1,0,-0.361158,nonzero
meld_tes_01230,1,6,6,0,0,0.000000,nomatch
meld_tes_01231,1,15,15,1,0,-0.458831,nonzero
meld_tes_01232,1,11,11,0,0,0.000000,nomatch
meld_tes_01233,1,9,9,0,0,0.000000,nomatch
meld_tes_01234,3,10,10,1,0,0.120386,nonzero
meld_tes_01235,1,10,10,0,0,0.000000,nomatch
meld_tes_01236,3,8,8,0,0,0.000000,nomatch
meld_tes_01237,2,3,3,0,0,0.000000,nomatch
meld_tes_01238,4,12,12,0,0,0.000000,nomatch
meld_tes_01239,1,5,5,0,0,0.000000,nomatch
meld_tes_01240,2,18,18,0,0,0.000000,nomatch
meld_tes_01241,1,1,1,0,0,0.000000,nomatch
meld_tes_01242,1,1,1,0,0,0.000000,nomatch
meld_tes_01243,1,18,18,0,0,0.000000,nomatch
meld_tes_01244,1,13,13,0,0,0.000000,nomatch
meld_tes_01245,1,4,4,0,0,0.000000,nomatch
meld_tes_01246,1,2,2,0,0,0.000000,nomatch
meld_tes_01247,1,2,2,0,0,0.000000,nomatch
meld_tes_01248,1,5,5,0,0,0.000000,nomatch
meld_tes_01249,1,1,1,0,0,0.000000,nomatch
meld_tes_01250,1,1,1,0,0,0.000000,nomatch
meld_tes_01251,1,1,1,0,0,0.000000,nomatch
meld_tes_01252,2,11,11,0,0,0.000000,nomatch
meld_tes_01253,1,1,1,0,0,0.000000,nomatch
meld_tes_01254,1,3,3,0,0,0.000000,nomatch
meld_tes_01255,1,6,6,0,0,0.000000,nomatch
meld_tes_01256,1,8,8,0,0,0.000000,nomatch
meld_tes_01257,1,1,1,0,0,0.000000,nomatch
meld_tes_01258,1,3,3,0,0,0.000000,nomatch
meld_tes_01259,1,2,2,0,0,0.000000,nomatch
meld_tes_01260,1,4,4,0,0,0.000000,nomatch
meld_tes_01261,3,3,3,0,0,0.000000,nomatch
meld_tes_01262,1,9,9,0,0,0.000000,nomatch
meld_tes_01263,2,2,2,0,0,0.000000,nomatch
meld_tes_01264,1,2,2,0,0,0.000000,nomatch
meld_tes_01265,2,24,24,0,0,0.000000,nomatch
meld_tes_01266,1,2,2,0,0,0.000000,nomatch
meld_tes_01267,1,11,11,1,0,-0.361158,nonzero
meld_tes_01268,2,6,6,0,0,0.000000,nomatch
meld_tes_01269,1,4,4,1,0,-0.493915,nonzero
meld_tes_01270,2,14,14,0,0,0.000000,nomatch
meld_tes_01271,1,1,1,0,0,0.000000,nomatch
meld_tes_01272,1,4,4,0,0,0.000000,nomatch
meld_tes_01273,1,1,1,0,0,0.000000,nomatch
meld_tes_01274,1,2,2,0,0,0.000000,nomatch
meld_tes_01275,1,1,1,0,0,0.000000,nomatch
meld_tes_01276,2,7,7,0,0,0.000000,nomatch
meld_tes_01277,1,16,16,1,0,-0.421464,nonzero
meld_tes_01278,1,1,1,0,0,0.000000,nomatch
meld_tes_01279,1,1,1,0,0,0.000000,nomatch
meld_tes_01280,1,5,5,0,0,0.000000,nomatch
meld_tes_01281,2,12,12,0,0,0.000000,nomatch
meld_tes_01282,1,5,5,0,0,0.000000,nomatch
meld_tes_01283,2,2,2,0,0,0.000000,nomatch
meld_tes_01284,2,2,2,0,0,0.000000,nomatch
meld_tes_01285,3,11,11,0,0,0.000000,nomatch
meld_tes_01286,2,10,10,0,0,0.000000,nomatch
meld_tes_01287,2,2,2,0,0,0.000000,nomatch
meld_tes_01288,1,5,5,0,0,0.000000,nomatch
meld_tes_01289,1,7,7,0,0,0.000000,nomatch
meld_tes_01290,1,18,18,0,0,0.000000,nomatch
meld_tes_01291,1,13,13,1,0,0.128037,nonzero
meld_tes_01292,1,8,8,0,0,0.000000,nomatch
meld_tes_01293,2,5,5,0,0,0.000000,nomatch
meld_tes_01294,3,20,20,0,0,0.000000,nomatch
meld_tes_01295,1,1,1,0,0,0.000000,nomatch
meld_tes_01296,1,3,3,0,0,0.000000,nomatch
meld_tes_01297,1,8,8,0,0,0.000000,nomatch
meld_tes_01298,1,2,2,0,0,0.000000,nomatch
meld_tes_01299,1,2,2,0,0,0.000000,nomatch
meld_tes_01300,1,1,1,0,0,0.000000,nomatch
meld_tes_01301,1,1,1,0,0,0.000000,nomatch
meld_tes_01302,1,1,1,0,0,0.000000,nomatch
meld_tes_01303,2,16,16,0,0,0.000000,nomatch
meld_tes_01304,2,16,16,0,0,0.000000,nomatch
meld_tes_01305,2,13,13,0,0,0.000000,nomatch
meld_tes_01306,2,13,13,0,0,0.000000,nomatch
meld_tes_01307,1,3,3,0,0,0.000000,nomatch
meld_tes_01308,1,6,6,0,0,0.000000,nomatch
meld_tes_01309,1,7,7,0,0,0.000000,nomatch
meld_tes_01310,1,6,6,0,0,0.000000,nomatch
meld_tes_01311,1,3,3,0,0,0.000000,nomatch
meld_tes_01312,1,1,1,0,0,0.000000,nomatch
meld_tes_01313,1,5,5,1,0,-0.361158,nonzero
meld_tes_01314,2,24,24,0,0,0.000000,nomatch
meld_tes_01315,1,8,8,0,0,0.000000,nomatch
meld_tes_01316,1,2,2,0,0,0.000000,nomatch
meld_tes_01317,1,3,3,0,0,0.000000,nomatch
meld_tes_01318,1,16,16,1,0,-0.361158,nonzero
meld_tes_01319,1,4,4,0,0,0.000000,nomatch
meld_tes_01320,1,3,3,0,0,0.000000,nomatch
meld_tes_01321,1,13,13,0,0,0.000000,nomatch
meld_tes_01322,1,8,8,0,0,0.000000,nomatch
meld_tes_01323,1,10,10,0,0,0.000000,nomatch
meld_tes_01324,1,18,18,1,0,0.361158,nonzero
meld_tes_01325,2,11,11,0,0,0.000000,nomatch
meld_tes_01326,1,24,24,0,0,0.000000,nomatch
meld_tes_01327,1,11,11,0,0,0.000000,nomatch
meld_tes_01328,1,29,29,0,0,0.000000,nomatch
meld_tes_01329,1,2,2,0,0,0.000000,nomatch
meld_tes_01330,2,25,25,0,0,0.000000,nomatch
meld_tes_01331,2,16,16,0,0,0.000000,nomatch
meld_tes_01332,1,10,10,1,0,0.642809,nonzero
meld_tes_01333,1,7,7,0,0,0.000000,nomatch
meld_tes_01334,1,1,1,0,0,0.000000,nomatch
meld_tes_01335,1,12,12,0,0,0.000000,nomatch
meld_tes_01336,1,1,1,0,0,0.000000,nomatch
meld_tes_01337,2,14,14,0,0,0.000000,nomatch
meld_tes_01338,1,6,6,0,0,0.000000,nomatch
meld_tes_01339,4,16,16,0,0,0.000000,nomatch
meld_tes_01340,2,12,12,1,0,0.229415,nonzero
meld_tes_01341,3,20,20,0,0,0.000000,nomatch
meld_tes_01342,1,7,7,0,0,0.000000,nomatch
meld_tes_01343,1,2,2,0,0,0.000000,nomatch
meld_tes_01344,2,2,2,0,0,0.000000,nomatch
meld_tes_01345,5,17,17,0,0,0.000000,nomatch
meld_tes_01346,1,3,3,0,0,0.000000,nomatch
meld_tes_01347,1,12,12,0,0,0.000000,nomatch
meld_tes_01348,1,1,1,0,0,0.000000,nomatch
meld_tes_01349,1,10,10,0,0,0.000000,nomatch
meld_tes_01350,1,6,6,0,0,0.000000,nomatch
meld_tes_01351,1,1,1,0,0,0.000000,nomatch
meld_tes_01352,1,6,6,0,0,0.000000,nomatch
meld_tes_01353,1,7,7,0,0,0.000000,nomatch
meld_tes_01354,2,8,8,0,0,0.000000,nomatch
meld_tes_01355,1,7,7,0,0,0.000000,nomatch
meld_tes_01356,1,7,7,0,0,0.000000,nomatch
meld_tes_01357,1,1,1,0,0,0.000000,nomatch
meld_tes_01358,1,13,13,0,0,0.000000,nomatch
meld_tes_01359,1,2,2,0,0,0.000000,nomatch
meld_tes_01360,1,23,23,0,0,0.000000,nomatch
meld_tes_01361,1,4,4,0,0,0.000000,nomatch
meld_tes_01362,2,2,2,0,0,0.000000,nomatch
meld_tes_01363,3,21,21,0,0,0.000000,nomatch
meld_tes_01364,2,13,13,1,0,0.229415,nonzero
meld_tes_01365,1,3,3,2,0,-0.670478,nonzero
meld_tes_01366,1,4,4,2,0,-0.090003,nonzero
meld_tes_01367,2,12,12,1,0,0.000000,cancel
meld_tes_01368,1,24,24,0,0,0.000000,nomatch
meld_tes_01369,2,16,16,1,0,-0.180579,nonzero
meld_tes_01370,1,15,15,0,0,0.000000,nomatch
meld_tes_01371,2,5,5,0,0,0.000000,nomatch
meld_tes_01372,1,22,22,0,0,0.000000,nomatch
meld_tes_01373,1,8,8,1,0,-0.261663,nonzero
meld_tes_01374,1,2,2,0,0,0.000000,nomatch
meld_tes_01375,2,10,10,0,0,0.000000,nomatch
meld_tes_01376,1,5,5,0,0,0.000000,nomatch
meld_tes_01377,1,3,3,0,0,0.000000,nomatch
meld_tes_01378,1,9,9,0,0,0.000000,nomatch
meld_tes_01379,1,9,9,0,0,0.000000,nomatch
meld_tes_01380,1,3,3,0,0,0.000000,nomatch
meld_tes_01381,1,6,6,0,0,0.000000,nomatch
meld_tes_01382,1,5,5,0,0,0.000000,nomatch
meld_tes_01383,1,3,3,0,0,0.000000,nomatch
meld_tes_01384,1,2,2,0,0,0.000000,nomatch
meld_tes_01385,1,3,3,0,0,0.000000,nomatch
meld_tes_01386,2,4,4,0,0,0.000000,nomatch
meld_tes_01387,1,6,6,0,0,0.000000,nomatch
meld_tes_01388,4,4,4,0,0,0.000000,nomatch
meld_tes_01389,1,5,5,0,0,0.000000,nomatch
meld_tes_01390,2,8,8,0,0,0.000000,nomatch
meld_tes_01391,1,8,8,0,0,0.000000,nomatch
meld_tes_01392,2,8,8,0,0,0.000000,nomatch
meld_tes_01393,1,4,4,0,0,0.000000,nomatch
meld_tes_01394,1,5,5,0,0,0.000000,nomatch
meld_tes_01395,1,2,2,0,0,0.000000,nomatch
meld_tes_01396,1,1,1,0,0,0.000000,nomatch
meld_tes_01397,1,9,9,0,0,0.000000,nomatch
meld_tes_01398,1,6,6,0,0,0.000000,nomatch
meld_tes_01399,1,22,22,0,0,0.000000,nomatch
meld_tes_01400,1,6,6,1,0,-0.361158,nonzero
meld_tes_01401,2,7,7,0,0,0.000000,nomatch
meld_tes_01402,1,4,4,0,0,0.000000,nomatch
meld_tes_01403,2,16,16,0,0,0.000000,nomatch
meld_tes_01404,1,7,7,2,0,0.036124,nonzero
meld_tes_01405,2,10,10,0,0,0.000000,nomatch
meld_tes_01406,1,28,28,0,0,0.000000,nomatch
meld_tes_01407,1,16,16,1,0,-0.458831,nonzero
meld_tes_01408,1,14,14,1,0,-0.458831,nonzero
meld_tes_01409,1,8,8,1,0,-0.458831,nonzero
meld_tes_01410,1,1,1,0,0,0.000000,nomatch
meld_tes_01411,1,25,25,3,0,0.381819,nonzero
meld_tes_01412,1,4,4,0,0,0.000000,nomatch
meld_tes_01413,1,2,2,0,0,0.000000,nomatch
meld_tes_01414,2,22,22,0,0,0.000000,nomatch
meld_tes_01415,1,21,21,0,0,0.000000,nomatch
meld_tes_01416,2,2,2,0,0,0.000000,nomatch
meld_tes_01417,1,1,1,0,0,0.000000,nomatch
meld_tes_01418,3,10,10,0,0,0.000000,nomatch
meld_tes_01419,2,18,18,1,0,-0.180579,nonzero
meld_tes_01420,1,14,14,1,0,0.542326,nonzero
meld_tes_01421,1,14,14,0,0,0.000000,nomatch
meld_tes_01422,3,16,16,0,0,0.000000,nomatch
meld_tes_01423,1,5,5,0,0,0.000000,nomatch
meld_tes_01424,1,7,7,0,0,0.000000,nomatch
meld_tes_01425,2,9,9,0,0,0.000000,nomatch
meld_tes_01426,1,1,1,0,0,0.000000,nomatch
meld_tes_01427,1,5,5,0,0,0.000000,nomatch
meld_tes_01428,1,23,23,0,0,0.000000,nomatch
meld_tes_01429,1,18,18,0,0,0.000000,nomatch
meld_tes_01430,1,11,11,0,0,0.000000,nomatch
meld_tes_01431,2,5,5,0,0,0.000000,nomatch
meld_tes_01432,3,14,14,1,0,0.152944,nonzero
meld_tes_01433,1,1,1,0,0,0.000000,nomatch
meld_tes_01434,2,10,10,0,0,0.000000,nomatch
meld_tes_01435,1,3,3,0,0,0.000000,nomatch
meld_tes_01436,1,2,2,0,0,0.000000,nomatch
meld_tes_01437,1,13,13,1,0,-0.361158,nonzero
meld_tes_01438,1,19,19,0,0,0.000000,nomatch
meld_tes_01439,1,4,4,0,0,0.000000,nomatch
meld_tes_01440,1,3,3,0,0,0.000000,nomatch
meld_tes_01441,1,7,7,0,0,0.000000,nomatch
meld_tes_01442,3,21,21,0,0,0.000000,nomatch
meld_tes_01443,1,4,4,0,0,0.000000,nomatch
meld_tes_01444,1,21,21,0,0,0.000000,nomatch
meld_tes_01445,2,5,5,0,0,0.000000,nomatch
meld_tes_01446,2,9,9,0,0,0.000000,nomatch
meld_tes_01447,2,15,15,0,0,0.000000,nomatch
meld_tes_01448,3,19,19,0,0,0.000000,nomatch
meld_tes_01449,1,10,10,0,0,0.000000,nomatch
meld_tes_01450,2,3,3,0,0,0.000000,nomatch
meld_tes_01451,1,10,10,0,0,0.000000,nomatch
meld_tes_01452,2,16,16,0,0,0.000000,nomatch
meld_tes_01453,1,8,8,0,0,0.000000,nomatch
meld_tes_01454,1,11,11,0,0,0.000000,nomatch
meld_tes_01455,3,14,14,0,0,0.000000,nomatch
meld_tes_01456,1,27,27,1,0,-0.411765,nonzero
meld_tes_01457,1,9,9,0,0,0.000000,nomatch
meld_tes_01458,2,18,18,0,0,0.000000,nomatch
meld_tes_01459,1,10,10,0,0,0.000000,nomatch
meld_tes_01460,1,15,15,0,0,0.000000,nomatch
meld_tes_01461,2,13,13,0,0,0.000000,nomatch
meld_tes_01462,2,19,19,0,0,0.000000,nomatch
meld_tes_01463,1,6,6,0,0,0.000000,nomatch
meld_tes_01464,1,9,9,0,0,0.000000,nomatch
meld_tes_01465,2,11,11,0,0,0.000000,nomatch
meld_tes_01466,1,4,4,0,0,0.000000,nomatch
meld_tes_01467,1,15,15,0,0,0.000000,nomatch
meld_tes_01468,2,16,16,0,0,0.000000,nomatch
meld_tes_01469,2,7,7,0,0,0.000000,nomatch
meld_tes_01470,1,3,3,0,0,0.000000,nomatch
meld_tes_01471,2,2,2,0,0,0.000000,nomatch
meld_tes_01472,4,12,12,0,0,0.000000,nomatch
meld_tes_01473,1,10,10,0,0,0.000000,nomatch
meld_tes_01474,3,16,16,0,0,0.000000,nomatch
meld_tes_01475,2,16,16,0,0,0.000000,nomatch
meld_tes_01476,2,6,6,0,0,0.000000,nomatch
meld_tes_01477,1,21,21,0,0,0.000000,nomatch
meld_tes_01478,1,20,20,0,0,0.000000,nomatch
meld_tes_01479,1,13,13,1,0,-0.361158,nonzero
meld_tes_01480,1,12,12,1,0,-0.361158,nonzero
meld_tes_01481,1,9,9,0,0,0.000000,nomatch
meld_tes_01482,1,3,3,1,0,-0.361158,nonzero
meld_tes_01483,1,12,12,0,0,0.000000,nomatch
meld_tes_01484,1,9,9,2,0,-0.549915,nonzero
meld_tes_01485,1,7,7,1,0,-0.361158,nonzero
meld_tes_01486,1,11,11,1,0,-0.361158,nonzero
meld_tes_01487,1,1,1,0,0,0.000000,nomatch
meld_tes_01488,1,7,7,1,0,0.261663,nonzero
meld_tes_01489,1,2,2,0,0,0.000000,nomatch
meld_tes_01490,1,8,8,0,0,0.000000,nomatch
meld_tes_01491,1,7,7,0,0,0.000000,nomatch
meld_tes_01492,1,8,8,0,0,0.000000,nomatch
meld_tes_01493,1,7,7,0,0,0.000000,nomatch
meld_tes_01494,1,12,12,0,0,0.000000,nomatch
meld_tes_01495,1,14,14,0,0,0.000000,nomatch
meld_tes_01496,1,4,4,0,0,0.000000,nomatch
meld_tes_01497,1,7,7,1,0,0.421464,nonzero
meld_tes_01498,1,5,5,0,0,0.000000,nomatch
meld_tes_01499,3,6,6,0,0,0.000000,nomatch
meld_tes_01500,2,6,6,0,0,0.000000,nomatch
meld_tes_01501,1,8,8,0,0,0.000000,nomatch
meld_tes_01502,2,11,11,0,0,0.000000,nomatch
meld_tes_01503,1,5,5,0,0,0.000000,nomatch
meld_tes_01504,1,1,1,0,0,0.000000,nomatch
meld_tes_01505,3,13,13,0,0,0.000000,nomatch
meld_tes_01506,1,1,1,0,0,0.000000,nomatch
meld_tes_01507,1,1,1,0,0,0.000000,nomatch
meld_tes_01508,1,1,1,0,0,0.000000,nomatch
meld_tes_01509,1,1,1,0,0,0.000000,nomatch
meld_tes_01510,1,2,2,0,0,0.000000,nomatch
meld_tes_01511,2,16,16,1,0,-0.180579,nonzero
meld_tes_01512,1,3,3,0,0,0.000000,nomatch
meld_tes_01513,1,1,1,0,0,0.000000,nomatch
meld_tes_01514,1,22,22,2,0,0.250000,nonzero
meld_tes_01515,1,10,10,0,0,0.000000,nomatch
meld_tes_01516,1,6,6,0,0,0.000000,nomatch
meld_tes_01517,1,10,10,0,0,0.000000,nomatch
meld_tes_01518,1,4,4,0,0,0.000000,nomatch
meld_tes_01519,1,4,4,0,0,0.000000,nomatch
meld_tes_01520,2,11,11,0,0,0.000000,nomatch
meld_tes_01521,1,8,8,1,0,0.361158,nonzero
meld_tes_01522,1,1,1,0,0,0.000000,nomatch
meld_tes_01523,1,14,14,0,0,0.000000,nomatch
meld_tes_01524,1,14,14,1,0,-0.361158,nonzero
meld_tes_01525,2,23,23,0,0,0.000000,nomatch
meld_tes_01526,2,11,11,0,0,0.000000,nomatch
meld_tes_01527,1,7,7,0,0,0.000000,nomatch
meld_tes_01528,1,9,9,1,0,-0.339950,nonzero
meld_tes_01529,2,22,22,0,0,0.000000,nomatch
meld_tes_01530,1,6,6,0,0,0.000000,nomatch
meld_tes_01531,1,8,8,0,0,0.000000,nomatch
meld_tes_01532,1,3,3,0,0,0.000000,nomatch
meld_tes_01533,2,15,15,0,0,0.000000,nomatch
meld_tes_01534,1,8,8,0,0,0.000000,nomatch
meld_tes_01535,1,11,11,0,0,0.000000,nomatch
meld_tes_01536,2,17,17,1,0,0.281620,nonzero
meld_tes_01537,2,16,16,0,0,0.000000,nomatch
meld_tes_01538,2,15,15,0,0,0.000000,nomatch
meld_tes_01539,1,10,10,0,0,0.000000,nomatch
meld_tes_01540,3,20,20,1,0,-0.140488,nonzero
meld_tes_01541,1,6,6,0,0,0.000000,nomatch
meld_tes_01542,1,3,3,0,0,0.000000,nomatch
meld_tes_01543,1,3,3,0,0,0.000000,nomatch
meld_tes_01544,1,16,16,0,0,0.000000,nomatch
meld_tes_01545,1,4,4,0,0,0.000000,nomatch
meld_tes_01546,1,5,5,0,0,0.000000,nomatch
meld_tes_01547,1,4,4,0,0,0.000000,nomatch
meld_tes_01548,1,12,12,0,0,0.000000,nomatch
meld_tes_01549,1,24,24,1,0,0.542326,nonzero
meld_tes_01550,1,1,1,0,0,0.000000,nomatch
meld_tes_01551,1,15,15,0,0,0.000000,nomatch
meld_tes_01552,1,14,14,1,0,0.542326,nonzero
meld_tes_01553,2,10,10,0,0,0.000000,nomatch
meld_tes_01554,2,14,14,0,0,0.000000,nomatch
meld_tes_01555,2,7,7,0,0,0.000000,nomatch
meld_tes_01556,1,5,5,0,0,0.000000,nomatch
meld_tes_01557,1,6,6,0,0,0.000000,nomatch
meld_tes_01558,2,10,10,0,0,0.000000,nomatch
meld_tes_01559,2,9,9,0,0,0.000000,nomatch
meld_tes_01560,1,11,11,0,0,0.000000,nomatch
meld_tes_01561,1,6,6,0,0,0.000000,nomatch
meld_tes_01562,1,1,1,0,0,0.000000,nomatch
meld_tes_01563,1,7,7,0,0,0.000000,nomatch
meld_tes_01564,1,5,5,0,0,0.000000,nomatch
meld_tes_01565,1,2,2,0,0,0.000000,nomatch
meld_tes_01566,1,13,13,1,0,0.361158,nonzero
meld_tes_01567,1,17,17,0,0,0.000000,nomatch
meld_tes_01568,1,9,9,0,0,0.000000,nomatch
meld_tes_01569,3,11,11,0,0,0.000000,nomatch
meld_tes_01570,1,1,1,0,0,0.000000,nomatch
meld_tes_01571,1,5,5,1,0,0.361158,nonzero
meld_tes_01572,1,3,3,0,0,0.000000,nomatch
meld_tes_01573,2,12,12,0,0,0.000000,nomatch
meld_tes_01574,4,16,16,0,0,0.000000,nomatch
meld_tes_01575,1,5,5,0,0,0.000000,nomatch
meld_tes_01576,1,5,5,0,0,0.000000,nomatch
meld_tes_01577,1,16,16,0,0,0.000000,nomatch
meld_tes_01578,1,8,8,0,0,0.000000,nomatch
meld_tes_01579,1,13,13,0,0,0.000000,nomatch
meld_tes_01580,1,4,4,0,0,0.000000,nomatch
meld_tes_01581,1,3,3,0,0,0.000000,nomatch
meld_tes_01582,1,12,12,0,0,0.000000,nomatch
meld_tes_01583,1,14,14,0,0,0.000000,nomatch
meld_tes_01584,1,2,2,0,0,0.000000,nomatch
meld_tes_01585,2,4,4,0,0,0.000000,nomatch
meld_tes_01586,2,6,6,0,0,0.000000,nomatch
meld_tes_01587,1,5,5,0,0,0.000000,nomatch
meld_tes_01588,2,10,10,0,0,0.000000,nomatch
meld_tes_01589,1,1,1,0,0,0.000000,nomatch
meld_tes_01590,2,7,7,0,0,0.000000,nomatch
meld_tes_01591,1,5,5,0,0,0.000000,nomatch
meld_tes_01592,3,14,14,0,0,0.000000,nomatch
meld_tes_01593,1,3,3,0,0,0.000000,nomatch
meld_tes_01594,1,1,1,0,0,0.000000,nomatch
meld_tes_01595,1,16,16,0,0,0.000000,nomatch
meld_tes_01596,1,3,3,0,0,0.000000,nomatch
meld_tes_01597,4,14,14,0,0,0.000000,nomatch
meld_tes_01598,1,4,4,0,0,0.000000,nomatch
meld_tes_01599,1,6,6,0,0,0.000000,nomatch
meld_tes_01600,1,4,4,0,0,0.000000,nomatch
meld_tes_01601,1,1,1,0,0,0.000000,nomatch
meld_tes_01602,2,4,4,0,0,0.000000,nomatch
meld_tes_01603,1,19,19,0,0,0.000000,nomatch
meld_tes_01604,1,4,4,0,0,0.000000,nomatch
meld_tes_01605,1,4,4,0,0,0.000000,nomatch
meld_tes_01606,2,9,9,0,0,0.000000,nomatch
meld_tes_01607,1,7,7,0,0,0.000000,nomatch
meld_tes_01608,1,6,6,0,0,0.000000,nomatch
meld_tes_01609,2,10,10,0,0,0.000000,nomatch
meld_tes_01610,1,8,8,0,0,0.000000,nomatch
meld_tes_01611,2,13,13,0,0,0.000000,nomatch
meld_tes_01612,3,11,11,0,0,0.000000,nomatch
meld_tes_01613,1,1,1,0,0,0.000000,nomatch
meld_tes_01614,1,2,2,0,0,0.000000,nomatch
meld_tes_01615,1,18,18,0,0,0.000000,nomatch
meld_tes_01616,1,15,15,0,0,0.000000,nomatch
meld_tes_01617,6,14,14,0,0,0.000000,nomatch
meld_tes_01618,1,3,3,0,0,0.000000,nomatch
meld_tes_01619,1,1,1,0,0,0.000000,nomatch
meld_tes_01620,3,5,5,1,0,0.152944,nonzero
meld_tes_01621,1,20,20,0,0,0.000000,nomatch
meld_tes_01622,1,11,11,0,0,0.000000,nomatch
meld_tes_01623,1,12,12,0,0,0.000000,nomatch
meld_tes_01624,3,22,22,0,0,0.000000,nomatch
meld_tes_01625,2,9,9,0,0,0.000000,nomatch
meld_tes_01626,1,1,1,0,0,0.000000,nomatch
meld_tes_01627,1,4,4,0,0,0.000000,nomatch
meld_tes_01628,1,12,12,0,0,0.000000,nomatch
meld_tes_01629,1,5,5,0,0,0.000000,nomatch
meld_tes_01630,1,1,1,0,0,0.000000,nomatch
meld_tes_01631,1,1,1,0,0,0.000000,nomatch
meld_tes_01632,1,5,5,0,0,0.000000,nomatch
meld_tes_01633,1,3,3,0,0,0.000000,nomatch
meld_tes_01634,1,13,13,0,0,0.000000,nomatch
meld_tes_01635,2,7,7,0,0,0.000000,nomatch
meld_tes_01636,1,6,6,0,0,0.000000,nomatch
meld_tes_01637,1,3,3,0,0,0.000000,nomatch
meld_tes_01638,1,9,9,2,0,0.282369,nonzero
meld_tes_01639,1,14,14,1,0,0.202289,nonzero
meld_tes_01640,1,15,15,0,0,0.000000,nomatch
meld_tes_01641,1,2,2,0,0,0.000000,nomatch
meld_tes_01642,1,5,5,0,0,0.000000,nomatch
meld_tes_01643,1,11,11,0,0,0.000000,nomatch
meld_tes_01644,2,11,11,0,0,0.000000,nomatch
meld_tes_01645,1,9,9,0,0,0.000000,nomatch
meld_tes_01646,1,13,13,1,0,0.361158,nonzero
meld_tes_01647,1,1,1,0,0,0.000000,nomatch
meld_tes_01648,2,4,4,0,0,0.000000,nomatch
meld_tes_01649,2,8,8,1,0,0.210732,nonzero
meld_tes_01650,2,21,21,1,0,-0.180579,nonzero
meld_tes_01651,1,7,7,0,0,0.000000,nomatch
meld_tes_01652,1,3,3,0,0,0.000000,nomatch
meld_tes_01653,1,1,1,0,0,0.000000,nomatch
meld_tes_01654,1,9,9,0,0,0.000000,nomatch
meld_tes_01655,1,3,3,0,0,0.000000,nomatch
meld_tes_01656,1,8,8,0,0,0.000000,nomatch
meld_tes_01657,2,3,3,0,0,0.000000,nomatch
meld_tes_01658,2,10,10,1,0,-0.210732,nonzero
meld_tes_01659,1,5,5,0,0,0.000000,nomatch
meld_tes_01660,2,12,12,1,0,0.180579,nonzero
meld_tes_01661,2,14,14,0,0,0.000000,nomatch
meld_tes_01662,2,5,5,0,0,0.000000,nomatch
meld_tes_01663,2,12,12,0,0,0.000000,nomatch
meld_tes_01664,1,1,1,0,0,0.000000,nomatch
meld_tes_01665,3,11,11,0,0,0.000000,nomatch
meld_tes_01666,1,8,8,0,0,0.000000,nomatch
meld_tes_01667,1,13,13,0,0,0.000000,nomatch
meld_tes_01668,1,2,2,0,0,0.000000,nomatch
meld_tes_01669,1,20,20,0,0,0.000000,nomatch
meld_tes_01670,1,2,2,0,0,0.000000,nomatch
meld_tes_01671,1,13,13,0,0,0.000000,nomatch
meld_tes_01672,1,1,1,0,0,0.000000,nomatch
meld_tes_01673,1,3,3,0,0,0.000000,nomatch
meld_tes_01674,1,4,4,0,0,0.000000,nomatch
meld_tes_01675,1,8,8,0,0,0.000000,nomatch
meld_tes_01676,1,12,12,0,0,0.000000,nomatch
meld_tes_01677,2,8,8,0,0,0.000000,nomatch
meld_tes_01678,1,10,10,0,1,-0.361158,nonzero
meld_tes_01679,1,20,20,0,0,0.000000,nomatch
meld_tes_01680,1,10,10,1,0,-0.361158,nonzero
meld_tes_01681,1,18,18,1,0,-0.361158,nonzero
meld_tes_01682,1,9,9,0,0,0.000000,nomatch
meld_tes_01683,2,14,14,0,0,0.000000,nomatch
meld_tes_01684,2,12,12,0,0,0.000000,nomatch
meld_tes_01685,4,12,12,0,0,0.000000,nomatch
meld_tes_01686,2,17,17,0,0,0.000000,nomatch
meld_tes_01687,1,4,4,0,0,0.000000,nomatch
meld_tes_01688,1,8,8,0,0,0.000000,nomatch
meld_tes_01689,1,2,2,0,0,0.000000,nomatch
meld_tes_01690,1,10,10,0,0,0.000000,nomatch
meld_tes_01691,1,5,5,0,0,0.000000,nomatch
meld_tes_01692,4,22,22,1,0,0.090289,nonzero
meld_tes_01693,3,17,17,1,0,0.120386,nonzero
meld_tes_01694,1,10,10,0,0,0.000000,nomatch
meld_tes_01695,1,4,4,0,0,0.000000,nomatch
meld_tes_01696,1,5,5,0,0,0.000000,nomatch
meld_tes_01697,1,14,14,0,0,0.000000,nomatch
meld_tes_01698,1,11,11,0,0,0.000000,nomatch
meld_tes_01699,3,27,27,0,0,0.000000,nomatch
meld_tes_01700,1,4,4,1,0,-0.361158,nonzero
meld_tes_01701,2,11,11,0,0,0.000000,nomatch
meld_tes_01702,3,12,12,0,0,0.000000,nomatch
meld_tes_01703,1,4,4,0,0,0.000000,nomatch
meld_tes_01704,1,1,1,0,0,0.000000,nomatch
meld_tes_01705,1,3,3,0,0,0.000000,nomatch
meld_tes_01706,2,11,11,0,0,0.000000,nomatch
meld_tes_01707,1,1,1,0,0,0.000000,nomatch
meld_tes_01708,1,1,1,0,0,0.000000,nomatch
meld_tes_01709,1,2,2,0,0,0.000000,nomatch
meld_tes_01710,1,4,4,0,0,0.000000,nomatch
meld_tes_01711,1,2,2,0,0,0.000000,nomatch
meld_tes_01712,1,2,2,0,0,0.000000,nomatch
meld_tes_01713,1,26,26,0,0,0.000000,nomatch
meld_tes_01714,2,6,6,1,0,-0.180579,nonzero
meld_tes_01715,1,25,25,0,0,0.000000,nomatch
meld_tes_01716,1,3,3,0,0,0.000000,nomatch
meld_tes_01717,1,1,1,0,0,0.000000,nomatch
meld_tes_01718,1,2,2,0,0,0.000000,nomatch
meld_tes_01719,2,15,15,0,0,0.000000,nomatch
meld_tes_01720,2,7,7,0,0,0.000000,nomatch
meld_tes_01721,1,4,4,1,0,0.458831,nonzero
meld_tes_01722,3,15,15,0,0,0.000000,nomatch
meld_tes_01723,1,1,1,0,0,0.000000,nomatch
meld_tes_01724,1,4,4,0,0,0.000000,nomatch
meld_tes_01725,1,1,1,0,0,0.000000,nomatch
meld_tes_01726,1,2,2,0,0,0.000000,nomatch
meld_tes_01727,1,5,5,0,0,0.000000,nomatch
meld_tes_01728,1,1,1,0,0,0.000000,nomatch
meld_tes_01729,1,3,3,0,0,0.000000,nomatch
meld_tes_01730,1,6,6,0,0,0.000000,nomatch
meld_tes_01731,1,4,4,0,0,0.000000,nomatch
meld_tes_01732,1,17,17,0,0,0.000000,nomatch
meld_tes_01733,1,6,6,0,0,0.000000,nomatch
meld_tes_01734,1,5,5,0,0,0.000000,nomatch
meld_tes_01735,1,21,21,0,0,0.000000,nomatch
meld_tes_01736,1,1,1,0,0,0.000000,nomatch
meld_tes_01737,2,15,15,0,0,0.000000,nomatch
meld_tes_01738,1,13,13,0,0,0.000000,nomatch
meld_tes_01739,3,17,17,0,0,0.000000,nomatch
meld_tes_01740,2,23,23,1,0,-0.210732,nonzero
meld_tes_01741,3,13,13,0,0,0.000000,nomatch
meld_tes_01742,1,6,6,0,0,0.000000,nomatch
meld_tes_01743,1,2,2,0,0,0.000000,nomatch
meld_tes_01744,1,5,5,0,0,0.000000,nomatch
meld_tes_01745,1,3,3,1,0,-0.361158,nonzero
meld_tes_01746,2,16,16,0,0,0.000000,nomatch
meld_tes_01747,1,11,11,0,0,0.000000,nomatch
meld_tes_01748,1,16,16,0,0,0.000000,nomatch
meld_tes_01749,1,1,1,0,0,0.000000,nomatch
meld_tes_01750,3,22,22,1,0,0.042679,nonzero
meld_tes_01751,1,3,3,0,0,0.000000,nomatch
meld_tes_01752,1,1,1,0,0,0.000000,nomatch
meld_tes_01753,1,2,2,0,0,0.000000,nomatch
meld_tes_01754,3,15,15,1,0,0.120386,nonzero
meld_tes_01755,1,10,10,0,0,0.000000,nomatch
meld_tes_01756,1,4,4,0,0,0.000000,nomatch
meld_tes_01757,3,3,3,0,0,0.000000,nomatch
meld_tes_01758,2,16,16,0,0,0.000000,nomatch
meld_tes_01759,1,1,1,0,0,0.000000,nomatch
meld_tes_01760,2,11,11,0,0,0.000000,nomatch
meld_tes_01761,1,1,1,0,0,0.000000,nomatch
meld_tes_01762,1,9,9,0,0,0.000000,nomatch
meld_tes_01763,2,12,12,0,0,0.000000,nomatch
meld_tes_01764,2,15,15,0,0,0.000000,nomatch
meld_tes_01765,1,15,15,0,0,0.000000,nomatch
meld_tes_01766,1,8,8,0,0,0.000000,nomatch
meld_tes_01767,2,23,23,0,0,0.000000,nomatch
meld_tes_01768,1,16,16,1,0,0.542326,nonzero
meld_tes_01769,1,23,23,0,0,0.000000,nomatch
meld_tes_01770,2,14,14,0,0,0.000000,nomatch
meld_tes_01771,1,5,5,1,0,0.361158,nonzero
meld_tes_01772,1,13,13,0,1,-0.128037,nonzero
meld_tes_01773,1,21,21,0,0,0.000000,nomatch
meld_tes_01774,2,4,4,0,0,0.000000,nomatch
meld_tes_01775,1,27,27,0,0,0.000000,nomatch
meld_tes_01776,1,1,1,0,0,0.000000,nomatch
meld_tes_01777,1,2,2,0,0,0.000000,nomatch
meld_tes_01778,1,2,2,0,0,0.000000,nomatch
meld_tes_01779,2,8,8,0,0,0.000000,nomatch
meld_tes_01780,1,1,1,0,0,0.000000,nomatch
meld_tes_01781,1,4,4,0,0,0.000000,nomatch
meld_tes_01782,1,4,4,0,0,0.000000,nomatch
meld_tes_01783,3,19,19,0,0,0.000000,nomatch
meld_tes_01784,3,16,16,1,0,0.042679,nonzero
meld_tes_01785,1,2,2,0,0,0.000000,nomatch
meld_tes_01786,1,2,2,0,0,0.000000,nomatch
meld_tes_01787,1,8,8,0,0,0.000000,nomatch
meld_tes_01788,1,1,1,0,0,0.000000,nomatch
meld_tes_01789,1,1,1,0,0,0.000000,nomatch
meld_tes_01790,1,8,8,0,0,0.000000,nomatch
meld_tes_01791,3,20,20,2,0,0.240772,nonzero
meld_tes_01792,2,3,3,0,0,0.000000,nomatch
meld_tes_01793,1,5,5,0,0,0.000000,nomatch
meld_tes_01794,1,1,1,0,0,0.000000,nomatch
meld_tes_01795,2,10,10,0,0,0.000000,nomatch
meld_tes_01796,1,8,8,0,0,0.000000,nomatch
meld_tes_01797,2,6,6,0,0,0.000000,nomatch
meld_tes_01798,2,14,14,1,0,-0.180579,nonzero
meld_tes_01799,1,10,10,0,0,0.000000,nomatch
meld_tes_01800,1,8,8,0,0,0.000000,nomatch
meld_tes_01801,1,1,1,0,0,0.000000,nomatch
meld_tes_01802,1,21,21,0,0,0.000000,nomatch
meld_tes_01803,1,1,1,0,0,0.000000,nomatch
meld_tes_01804,1,1,1,0,0,0.000000,nomatch
meld_tes_01805,1,18,18,0,0,0.000000,nomatch
meld_tes_01806,2,10,10,0,0,0.000000,nomatch
meld_tes_01807,2,13,13,0,0,0.000000,nomatch
meld_tes_01808,1,5,5,0,0,0.000000,nomatch
meld_tes_01809,1,1,1,0,0,0.000000,nomatch
meld_tes_01810,1,22,22,0,0,0.000000,nomatch
meld_tes_01811,1,8,8,0,0,0.000000,nomatch
meld_tes_01812,1,7,7,0,0,0.000000,nomatch
meld_tes_01813,1,4,4,0,0,0.000000,nomatch
meld_tes_01814,1,7,7,0,0,0.000000,nomatch
meld_tes_01815,1,8,8,0,0,0.000000,nomatch
meld_tes_01816,1,12,12,0,0,0.000000,nomatch
meld_tes_01817,1,6,6,0,0,0.000000,nomatch
meld_tes_01818,4,21,21,1,0,0.090289,nonzero
meld_tes_01819,2,3,3,0,0,0.000000,nomatch
meld_tes_01820,1,13,13,1,0,0.642809,nonzero
meld_tes_01821,1,16,16,0,0,0.000000,nomatch
meld_tes_01822,1,4,4,0,0,0.000000,nomatch
meld_tes_01823,1,4,4,0,0,0.000000,nomatch
meld_tes_01824,1,12,12,1,0,0.250000,nonzero
meld_tes_01825,1,13,13,0,0,0.000000,nomatch
meld_tes_01826,1,15,15,0,0,0.000000,nomatch
meld_tes_01827,4,10,10,0,0,0.000000,nomatch
meld_tes_01828,3,16,16,0,0,0.000000,nomatch
meld_tes_01829,2,11,11,0,0,0.000000,nomatch
meld_tes_01830,2,3,3,0,0,0.000000,nomatch
meld_tes_01831,2,5,5,1,0,-0.064019,nonzero
meld_tes_01832,1,7,7,0,0,0.000000,nomatch
meld_tes_01833,1,21,21,0,0,0.000000,nomatch
meld_tes_01834,1,25,25,0,0,0.000000,nomatch
meld_tes_01835,2,10,10,1,0,-0.229415,nonzero
meld_tes_01836,1,9,9,1,0,-0.458831,nonzero
meld_tes_01837,1,3,3,0,0,0.000000,nomatch
meld_tes_01838,1,17,17,2,0,0.307148,nonzero
meld_tes_01839,1,26,26,1,0,0.261663,nonzero
meld_tes_01840,1,1,1,0,0,0.000000,nomatch
meld_tes_01841,1,2,2,0,0,0.000000,nomatch
meld_tes_01842,2,10,10,0,0,0.000000,nomatch
meld_tes_01843,3,13,13,0,0,0.000000,nomatch
meld_tes_01844,3,10,10,0,0,0.000000,nomatch
meld_tes_01845,2,16,16,0,0,0.000000,nomatch
meld_tes_01846,1,5,5,0,0,0.000000,nomatch
meld_tes_01847,1,8,8,0,1,-0.128037,nonzero
meld_tes_01848,1,29,29,1,0,-0.361158,nonzero
meld_tes_01849,1,12,12,1,0,0.202289,nonzero
meld_tes_01850,1,5,5,0,0,0.000000,nomatch
meld_tes_01851,1,9,9,0,0,0.000000,nomatch
meld_tes_01852,1,2,2,0,0,0.000000,nomatch
meld_tes_01853,1,3,3,0,0,0.000000,nomatch
meld_tes_01854,1,8,8,0,0,0.000000,nomatch
meld_tes_01855,1,3,3,0,0,0.000000,nomatch
meld_tes_01856,1,5,5,0,0,0.000000,nomatch
meld_tes_01857,1,3,3,0,0,0.000000,nomatch
meld_tes_01858,1,3,3,0,0,0.000000,nomatch
meld_tes_01859,1,3,3,1,0,-0.458831,nonzero
meld_tes_01860,1,4,4,1,0,-0.458831,nonzero
meld_tes_01861,4,20,20,0,0,0.000000,nomatch
meld_tes_01862,1,2,2,0,0,0.000000,nomatch
meld_tes_01863,1,1,1,0,0,0.000000,nomatch
meld_tes_01864,1,4,4,0,0,0.000000,nomatch
meld_tes_01865,1,1,1,0,0,0.000000,nomatch
meld_tes_01866,1,11,11,0,0,0.000000,nomatch
meld_tes_01867,2,15,15,0,0,0.000000,nomatch
meld_tes_01868,2,10,10,0,0,0.000000,nomatch
meld_tes_01869,2,15,15,0,0,0.000000,nomatch
meld_tes_01870,1,5,5,0,0,0.000000,nomatch
meld_tes_01871,2,20,20,0,0,0.000000,nomatch
meld_tes_01872,1,2,2,0,0,0.000000,nomatch
meld_tes_01873,1,6,6,0,0,0.000000,nomatch
meld_tes_01874,1,26,26,0,0,0.000000,nomatch
meld_tes_01875,1,6,6,0,0,0.000000,nomatch
meld_tes_01876,1,5,5,0,0,0.000000,nomatch
meld_tes_01877,1,2,2,0,0,0.000000,nomatch
meld_tes_01878,1,4,4,0,0,0.000000,nomatch
meld_tes_01879,1,14,14,0,0,0.000000,nomatch
meld_tes_01880,1,5,5,0,0,0.000000,nomatch
meld_tes_01881,1,5,5,0,0,0.000000,nomatch
meld_tes_01882,1,29,29,0,0,0.000000,nomatch
meld_tes_01883,1,4,4,0,0,0.000000,nomatch
meld_tes_01884,1,6,6,0,0,0.000000,nomatch
meld_tes_01885,2,14,14,0,0,0.000000,nomatch
meld_tes_01886,1,10,10,0,0,0.000000,nomatch
meld_tes_01887,1,12,12,1,0,-0.361158,nonzero
meld_tes_01888,1,32,32,0,0,0.000000,nomatch
meld_tes_01889,1,2,2,0,0,0.000000,nomatch
meld_tes_01890,1,10,10,1,0,0.128037,nonzero
meld_tes_01891,1,2,2,0,0,0.000000,nomatch
meld_tes_01892,1,17,17,0,0,0.000000,nomatch
meld_tes_01893,1,15,15,0,0,0.000000,nomatch
meld_tes_01894,3,9,9,0,0,0.000000,nomatch
meld_tes_01895,1,1,1,0,0,0.000000,nomatch
meld_tes_01896,1,5,5,0,0,0.000000,nomatch
meld_tes_01897,1,7,7,0,0,0.000000,nomatch
meld_tes_01898,1,22,22,0,0,0.000000,nomatch
meld_tes_01899,1,1,1,0,0,0.000000,nomatch
meld_tes_01900,1,5,5,1,0,0.128037,nonzero
meld_tes_01901,2,22,22,0,0,0.000000,nomatch
meld_tes_01902,1,1,1,0,0,0.000000,nomatch
meld_tes_01903,1,2,2,0,0,0.000000,nomatch
meld_tes_01904,1,6,6,0,0,0.000000,nomatch
meld_tes_01905,1,23,23,1,0,-0.361158,nonzero
meld_tes_01906,1,1,1,0,0,0.000000,nomatch
meld_tes_01907,1,13,13,0,0,0.000000,nomatch
meld_tes_01908,2,14,14,0,0,0.000000,nomatch
meld_tes_01909,2,17,17,0,0,0.000000,nomatch
meld_tes_01910,1,7,7,0,0,0.000000,nomatch
meld_tes_01911,3,5,5,0,0,0.000000,nomatch
meld_tes_01912,2,14,14,0,0,0.000000,nomatch
meld_tes_01913,2,4,4,0,0,0.000000,nomatch
meld_tes_01914,1,1,1,0,0,0.000000,nomatch
meld_tes_01915,2,7,7,0,0,0.000000,nomatch
meld_tes_01916,1,2,2,0,0,0.000000,nomatch
meld_tes_01917,2,3,3,0,0,0.000000,nomatch
meld_tes_01918,1,14,14,1,0,0.361158,nonzero
meld_tes_01919,3,13,13,1,0,0.120386,nonzero
meld_tes_01920,3,12,12,1,0,0.120386,nonzero
meld_tes_01921,2,24,24,0,0,0.000000,nomatch
meld_tes_01922,1,7,7,0,0,0.000000,nomatch
meld_tes_01923,1,1,1,0,0,0.000000,nomatch
meld_tes_01924,1,1,1,0,0,0.000000,nomatch
meld_tes_01925,1,10,10,0,0,0.000000,nomatch
meld_tes_01926,1,1,1,0,0,0.000000,nomatch
meld_tes_01927,1,1,1,0,0,0.000000,nomatch
meld_tes_01928,1,7,7,1,0,-0.361158,nonzero
meld_tes_01929,1,6,6,0,0,0.000000,nomatch
meld_tes_01930,1,1,1,0,0,0.000000,nomatch
meld_tes_01931,1,8,8,0,0,0.000000,nomatch
meld_tes_01932,3,9,9,0,0,0.000000,nomatch
meld_tes_01933,1,2,2,0,0,0.000000,nomatch
meld_tes_01934,2,10,10,0,0,0.000000,nomatch
meld_tes_01935,1,5,5,0,0,0.000000,nomatch
meld_tes_01936,1,1,1,0,0,0.000000,nomatch
meld_tes_01937,1,11,11,1,0,0.202289,nonzero
meld_tes_01938,1,4,4,0,0,0.000000,nomatch
meld_tes_01939,1,9,9,0,0,0.000000,nomatch
meld_tes_01940,1,13,13,0,0,0.000000,nomatch
meld_tes_01941,1,8,8,0,0,0.000000,nomatch
meld_tes_01942,1,4,4,0,0,0.000000,nomatch
meld_tes_01943,3,21,21,1,0,-0.120386,nonzero
meld_tes_01944,2,18,18,0,0,0.000000,nomatch
meld_tes_01945,2,18,18,0,0,0.000000,nomatch
meld_tes_01946,2,12,12,0,1,-0.064019,nonzero
meld_tes_01947,4,18,18,0,0,0.000000,nomatch
meld_tes_01948,2,9,9,0,0,0.000000,nomatch
meld_tes_01949,1,5,5,0,0,0.000000,nomatch
meld_tes_01950,2,9,9,0,0,0.000000,nomatch
meld_tes_01951,3,15,15,0,0,0.000000,nomatch
meld_tes_01952,3,15,15,1,0,0.120386,nonzero
meld_tes_01953,1,8,8,1,0,0.493915,nonzero
meld_tes_01954,2,7,7,0,0,0.000000,nomatch
meld_tes_01955,1,8,8,0,0,0.000000,nomatch
meld_tes_01956,3,12,12,0,0,0.000000,nomatch
meld_tes_01957,2,8,8,0,0,0.000000,nomatch
meld_tes_01958,2,10,10,0,0,0.000000,nomatch
meld_tes_01959,1,1,1,0,0,0.000000,nomatch
meld_tes_01960,2,23,23,0,0,0.000000,nomatch
meld_tes_01961,1,4,4,0,0,0.000000,nomatch
meld_tes_01962,1,1,1,0,0,0.000000,nomatch
meld_tes_01963,2,4,4,0,0,0.000000,nomatch
meld_tes_01964,2,7,7,0,0,0.000000,nomatch
meld_tes_01965,1,4,4,0,0,0.000000,nomatch
meld_tes_01966,1,16,16,1,0,-0.361158,nonzero
meld_tes_01967,2,9,9,1,0,-0.180579,nonzero
meld_tes_01968,1,16,16,1,0,-0.128037,nonzero
meld_tes_01969,1,8,8,0,0,0.000000,nomatch
meld_tes_01970,2,22,22,0,0,0.000000,nomatch
meld_tes_01971,1,4,4,0,0,0.000000,nomatch
meld_tes_01972,2,15,15,0,0,0.000000,nomatch
meld_tes_01973,4,9,9,0,0,0.000000,nomatch
meld_tes_01974,2,16,16,0,0,0.000000,nomatch
meld_tes_01975,1,11,11,0,0,0.000000,nomatch
meld_tes_01976,1,3,3,0,0,0.000000,nomatch
meld_tes_01977,1,3,3,0,0,0.000000,nomatch
meld_tes_01978,1,20,20,0,0,0.000000,nomatch
meld_tes_01979,2,23,23,0,0,0.000000,nomatch
meld_tes_01980,1,1,1,0,0,0.000000,nomatch
meld_tes_01981,1,4,4,0,0,0.000000,nomatch
meld_tes_01982,1,6,6,0,0,0.000000,nomatch
meld_tes_01983,1,1,1,0,0,0.000000,nomatch
meld_tes_01984,1,10,10,0,0,0.000000,nomatch
meld_tes_01985,1,6,6,0,0,0.000000,nomatch
meld_tes_01986,1,5,5,0,0,0.000000,nomatch
meld_tes_01987,1,6,6,0,0,0.000000,nomatch
meld_tes_01988,1,1,1,0,0,0.000000,nomatch
meld_tes_01989,2,9,9,0,0,0.000000,nomatch
meld_tes_01990,2,6,6,0,0,0.000000,nomatch
meld_tes_01991,1,4,4,0,0,0.000000,nomatch
meld_tes_01992,1,1,1,0,0,0.000000,nomatch
meld_tes_01993,1,13,13,0,0,0.000000,nomatch
meld_tes_01994,1,2,2,0,0,0.000000,nomatch
meld_tes_01995,1,4,4,0,0,0.000000,nomatch
meld_tes_01996,1,2,2,0,0,0.000000,nomatch
meld_tes_01997,1,30,30,0,0,0.000000,nomatch
meld_tes_01998,2,17,17,0,0,0.000000,nomatch
meld_tes_01999,3,18,18,0,0,0.000000,nomatch
meld_tes_02000,1,16,16,2,0,0.709560,nonzero
meld_tes_02001,1,7,7,0,0,0.000000,nomatch
meld_tes_02002,1,8,8,0,0,0.000000,nomatch
meld_tes_02003,1,20,20,2,0,0.000000,cancel
meld_tes_02004,2,21,21,1,0,0.180579,nonzero
meld_tes_02005,2,21,21,2,0,0.359210,nonzero
meld_tes_02006,1,1,1,0,0,0.000000,nomatch
meld_tes_02007,1,1,1,0,0,0.000000,nomatch
meld_tes_02008,1,5,5,0,0,0.000000,nomatch
meld_tes_02009,1,3,3,0,0,0.000000,nomatch
meld_tes_02010,1,4,4,0,0,0.000000,nomatch
meld_tes_02011,2,20,20,0,0,0.000000,nomatch
meld_tes_02012,1,17,17,0,0,0.000000,nomatch
meld_tes_02013,1,7,7,0,0,0.000000,nomatch
meld_tes_02014,1,8,8,0,0,0.000000,nomatch
meld_tes_02015,1,11,11,1,0,0.128037,nonzero
meld_tes_02016,1,10,10,0,0,0.000000,nomatch
meld_tes_02017,1,15,15,1,0,-0.361158,nonzero
meld_tes_02018,1,1,1,0,0,0.000000,nomatch
meld_tes_02019,1,1,1,0,0,0.000000,nomatch
meld_tes_02020,2,14,14,0,0,0.000000,nomatch
meld_tes_02021,2,2,2,0,0,0.000000,nomatch
meld_tes_02022,2,8,8,1,0,-0.180579,nonzero
meld_tes_02023,2,13,13,0,0,0.000000,nomatch
meld_tes_02024,2,13,13,0,0,0.000000,nomatch
meld_tes_02025,1,26,26,0,0,0.000000,nomatch
meld_tes_02026,3,10,10,0,0,0.000000,nomatch
meld_tes_02027,1,4,4,0,0,0.000000,nomatch
meld_tes_02028,1,3,3,0,0,0.000000,nomatch
meld_tes_02029,1,2,2,0,0,0.000000,nomatch
meld_tes_02030,3,15,15,1,0,-0.140488,nonzero
meld_tes_02031,3,16,16,2,0,0.295967,nonzero
meld_tes_02032,1,8,8,0,0,0.000000,nomatch
meld_tes_02033,1,1,1,0,0,0.000000,nomatch
meld_tes_02034,1,5,5,0,0,0.000000,nomatch
meld_tes_02035,1,1,1,0,0,0.000000,nomatch
meld_tes_02036,1,6,6,0,0,0.000000,nomatch
meld_tes_02037,2,11,11,0,0,0.000000,nomatch
meld_tes_02038,1,1,1,0,0,0.000000,nomatch
meld_tes_02039,1,1,1,0,0,0.000000,nomatch
meld_tes_02040,1,1,1,0,0,0.000000,nomatch
meld_tes_02041,1,10,10,0,0,0.000000,nomatch
meld_tes_02042,1,15,15,1,0,-0.361158,nonzero
meld_tes_02043,3,8,8,1,0,0.152944,nonzero
meld_tes_02044,1,6,6,0,0,0.000000,nomatch
meld_tes_02045,2,17,17,2,0,0.000000,cancel
meld_tes_02046,1,4,4,0,0,0.000000,nomatch
meld_tes_02047,1,5,5,0,0,0.000000,nomatch
meld_tes_02048,1,5,5,0,0,0.000000,nomatch
meld_tes_02049,1,1,1,0,0,0.000000,nomatch
meld_tes_02050,2,9,9,0,0,0.000000,nomatch
meld_tes_02051,1,8,8,0,0,0.000000,nomatch
meld_tes_02052,1,4,4,0,0,0.000000,nomatch
meld_tes_02053,1,2,2,0,0,0.000000,nomatch
meld_tes_02054,1,3,3,0,0,0.000000,nomatch
meld_tes_02055,3,24,24,0,0,0.000000,nomatch
meld_tes_02056,2,3,3,0,0,0.000000,nomatch
meld_tes_02057,1,12,12,0,0,0.000000,nomatch
meld_tes_02058,2,10,10,0,0,0.000000,nomatch
meld_tes_02059,1,24,24,0,0,0.000000,nomatch
meld_tes_02060,2,4,4,0,0,0.000000,nomatch
meld_tes_02061,1,1,1,0,0,0.000000,nomatch
meld_tes_02062,1,4,4,0,0,0.000000,nomatch
meld_tes_02063,1,8,8,0,0,0.000000,nomatch
meld_tes_02064,1,5,5,0,0,0.000000,nomatch
meld_tes_02065,1,4,4,0,0,0.000000,nomatch
meld_tes_02066,1,5,5,0,0,0.000000,nomatch
meld_tes_02067,1,8,8,0,0,0.000000,nomatch
meld_tes_02068,1,24,24,0,0,0.000000,nomatch
meld_tes_02069,1,8,8,0,0,0.000000,nomatch
meld_tes_02070,1,18,18,0,0,0.000000,nomatch
meld_tes_02071,1,27,27,0,0,0.000000,nomatch
meld_tes_02072,1,8,8,0,0,0.000000,nomatch
meld_tes_02073,3,24,24,2,0,-0.190628,nonzero
meld_tes_02074,1,10,10,1,0,0.261663,nonzero
meld_tes_02075,1,7,7,0,0,0.000000,nomatch
meld_tes_02076,1,18,18,2,0,-0.612372,nonzero
meld_tes_02077,3,15,15,0,0,0.000000,nomatch
meld_tes_02078,1,1,1,0,0,0.000000,nomatch
meld_tes_02079,1,18,18,0,0,0.000000,nomatch
meld_tes_02080,1,5,5,0,0,0.000000,nomatch
meld_tes_02081,1,1,1,0,0,0.000000,nomatch
meld_tes_02082,1,1,1,0,0,0.000000,nomatch
meld_tes_02083,1,1,1,0,0,0.000000,nomatch
meld_tes_02084,1,5,5,0,0,0.000000,nomatch
meld_tes_02085,1,6,6,0,0,0.000000,nomatch
meld_tes_02086,1,5,5,1,0,-0.250000,nonzero
meld_tes_02087,1,12,12,0,0,0.000000,nomatch
meld_tes_02088,1,4,4,0,0,0.000000,nomatch
meld_tes_02089,1,10,10,0,0,0.000000,nomatch
meld_tes_02090,4,14,14,0,0,0.000000,nomatch
meld_tes_02091,2,12,12,0,0,0.000000,nomatch
meld_tes_02092,1,3,3,0,0,0.000000,nomatch
meld_tes_02093,1,1,1,0,0,0.000000,nomatch
meld_tes_02094,2,11,11,0,0,0.000000,nomatch
meld_tes_02095,1,7,7,0,0,0.000000,nomatch
meld_tes_02096,1,1,1,0,0,0.000000,nomatch
meld_tes_02097,1,9,9,0,0,0.000000,nomatch
meld_tes_02098,1,17,17,1,0,0.250000,nonzero
meld_tes_02099,2,21,21,1,0,0.125000,nonzero
meld_tes_02100,2,19,19,0,0,0.000000,nomatch
meld_tes_02101,1,16,16,0,0,0.000000,nomatch
meld_tes_02102,1,2,2,0,0,0.000000,nomatch
meld_tes_02103,1,1,1,0,0,0.000000,nomatch
meld_tes_02104,1,25,25,0,0,0.000000,nomatch
meld_tes_02105,2,18,18,0,0,0.000000,nomatch
meld_tes_02106,1,4,4,0,0,0.000000,nomatch
meld_tes_02107,1,5,5,0,0,0.000000,nomatch
meld_tes_02108,1,14,14,0,0,0.000000,nomatch
meld_tes_02109,1,10,10,0,0,0.000000,nomatch
meld_tes_02110,1,3,3,0,0,0.000000,nomatch
meld_tes_02111,1,2,2,0,0,0.000000,nomatch
meld_tes_02112,1,17,17,0,0,0.000000,nomatch
meld_tes_02113,1,5,5,0,0,0.000000,nomatch
meld_tes_02114,1,4,4,0,0,0.000000,nomatch
meld_tes_02115,1,35,35,0,0,0.000000,nomatch
meld_tes_02116,1,10,10,0,0,0.000000,nomatch
meld_tes_02117,1,8,8,0,0,0.000000,nomatch
meld_tes_02118,1,1,1,0,0,0.000000,nomatch
meld_tes_02119,1,3,3,0,0,0.000000,nomatch
meld_tes_02120,1,12,12,1,0,-0.361158,nonzero
meld_tes_02121,1,8,8,1,0,-0.361158,nonzero
meld_tes_02122,2,7,7,0,0,0.000000,nomatch
meld_tes_02123,4,8,8,0,0,0.000000,nomatch
meld_tes_02124,1,9,9,0,0,0.000000,nomatch
meld_tes_02125,4,16,16,0,0,0.000000,nomatch
meld_tes_02126,1,3,3,0,0,0.000000,nomatch
meld_tes_02127,1,27,27,0,0,0.000000,nomatch
meld_tes_02128,1,6,6,0,0,0.000000,nomatch
meld_tes_02129,1,6,6,0,0,0.000000,nomatch
meld_tes_02130,2,21,21,0,0,0.000000,nomatch
meld_tes_02131,1,8,8,1,0,0.361158,nonzero
meld_tes_02132,1,7,7,0,0,0.000000,nomatch
meld_tes_02133,1,8,8,0,0,0.000000,nomatch
meld_tes_02134,1,4,4,0,0,0.000000,nomatch
meld_tes_02135,2,15,15,0,0,0.000000,nomatch
meld_tes_02136,1,11,11,0,0,0.000000,nomatch
meld_tes_02137,1,3,3,0,0,0.000000,nomatch
meld_tes_02138,1,9,9,0,0,0.000000,nomatch
meld_tes_02139,1,6,6,0,0,0.000000,nomatch
meld_tes_02140,1,1,1,0,0,0.000000,nomatch
meld_tes_02141,1,2,2,0,0,0.000000,nomatch
meld_tes_02142,1,2,2,0,0,0.000000,nomatch
meld_tes_02143,1,12,12,0,0,0.000000,nomatch
meld_tes_02144,1,4,4,1,0,0.542326,nonzero
meld_tes_02145,1,5,5,0,0,0.000000,nomatch
meld_tes_02146,1,1,1,0,0,0.000000,nomatch
meld_tes_02147,1,1,1,0,0,0.000000,nomatch
meld_tes_02148,3,25,25,0,0,0.000000,nomatch
meld_tes_02149,2,23,23,0,0,0.000000,nomatch
meld_tes_02150,1,14,14,0,0,0.000000,nomatch
meld_tes_02151,3,15,15,0,0,0.000000,nomatch
meld_tes_02152,2,10,10,0,0,0.000000,nomatch
meld_tes_02153,1,9,9,1,0,0.361158,nonzero
meld_tes_02154,1,4,4,0,0,0.000000,nomatch
meld_tes_02155,1,9,9,1,0,-0.250000,nonzero
meld_tes_02156,2,11,11,0,0,0.000000,nomatch
meld_tes_02157,1,12,12,1,0,-0.250000,nonzero
meld_tes_02158,2,15,15,0,0,0.000000,nomatch
meld_tes_02159,1,10,10,0,0,0.000000,nomatch
meld_tes_02160,2,16,16,0,0,0.000000,nomatch
meld_tes_02161,3,8,8,0,0,0.000000,nomatch
meld_tes_02162,2,8,8,0,0,0.000000,nomatch
meld_tes_02163,2,7,7,1,0,0.292941,nonzero
meld_tes_02164,1,1,1,0,0,0.000000,nomatch
meld_tes_02165,1,17,17,1,0,0.128037,nonzero
meld_tes_02166,1,23,23,0,0,0.000000,nomatch
meld_tes_02167,1,1,1,0,0,0.000000,nomatch
meld_tes_02168,1,19,19,0,0,0.000000,nomatch
meld_tes_02169,1,21,21,1,0,0.421464,nonzero
meld_tes_02170,1,8,8,1,0,0.361158,nonzero
meld_tes_02171,1,6,6,1,0,0.361158,nonzero
meld_tes_02172,1,2,2,0,0,0.000000,nomatch
meld_tes_02173,1,12,12,0,0,0.000000,nomatch
meld_tes_02174,1,5,5,1,0,0.542326,nonzero
meld_tes_02175,1,2,2,0,0,0.000000,nomatch
meld_tes_02176,1,5,5,0,0,0.000000,nomatch
meld_tes_02177,1,13,13,1,0,0.361158,nonzero
meld_tes_02178,2,2,2,0,0,0.000000,nomatch
meld_tes_02179,1,4,4,0,0,0.000000,nomatch
meld_tes_02180,2,8,8,0,0,0.000000,nomatch
meld_tes_02181,1,5,5,0,0,0.000000,nomatch
meld_tes_02182,1,2,2,0,0,0.000000,nomatch
meld_tes_02183,1,2,2,0,0,0.000000,nomatch
meld_tes_02184,1,10,10,0,0,0.000000,nomatch
meld_tes_02185,1,16,16,0,0,0.000000,nomatch
meld_tes_02186,1,1,1,0,0,0.000000,nomatch
meld_tes_02187,1,7,7,0,0,0.000000,nomatch
meld_tes_02188,2,11,11,0,0,0.000000,nomatch
meld_tes_02189,1,1,1,0,0,0.000000,nomatch
meld_tes_02190,1,1,1,0,0,0.000000,nomatch
meld_tes_02191,2,9,9,0,0,0.000000,nomatch
meld_tes_02192,2,12,12,0,0,0.000000,nomatch
meld_tes_02193,1,6,6,0,0,0.000000,nomatch
meld_tes_02194,1,5,5,1,0,0.128037,nonzero
meld_tes_02195,2,2,2,0,0,0.000000,nomatch
meld_tes_02196,1,8,8,1,0,0.202289,nonzero
meld_tes_02197,1,2,2,0,0,0.000000,nomatch
meld_tes_02198,1,4,4,0,0,0.000000,nomatch
meld_tes_02199,3,17,17,1,1,0.110265,nonzero
meld_tes_02200,2,6,6,0,0,0.000000,nomatch
meld_tes_02201,2,17,17,0,0,0.000000,nomatch
meld_tes_02202,1,15,15,0,0,0.000000,nomatch
meld_tes_02203,2,11,11,1,0,0.210732,nonzero
meld_tes_02204,2,17,17,1,0,-0.180579,nonzero
meld_tes_02205,3,16,16,0,0,0.000000,nomatch
meld_tes_02206,1,8,8,0,0,0.000000,nomatch
meld_tes_02207,1,18,18,1,0,0.240590,nonzero
meld_tes_02208,1,9,9,0,0,0.000000,nomatch
meld_tes_02209,1,8,8,1,0,0.261663,nonzero
meld_tes_02210,1,8,8,0,0,0.000000,nomatch
meld_tes_02211,1,5,5,0,0,0.000000,nomatch
meld_tes_02212,1,3,3,0,0,0.000000,nomatch
meld_tes_02213,1,3,3,0,0,0.000000,nomatch
meld_tes_02214,2,24,24,0,0,0.000000,nomatch
meld_tes_02215,3,16,16,0,0,0.000000,nomatch
meld_tes_02216,2,18,18,0,0,0.000000,nomatch
meld_tes_02217,2,23,23,0,0,0.000000,nomatch
meld_tes_02218,1,1,1,0,0,0.000000,nomatch
meld_tes_02219,2,7,7,0,0,0.000000,nomatch
meld_tes_02220,1,8,8,0,0,0.000000,nomatch
meld_tes_02221,1,12,12,0,0,0.000000,nomatch
meld_tes_02222,1,3,3,0,0,0.000000,nomatch
meld_tes_02223,1,9,9,0,0,0.000000,nomatch
meld_tes_02224,1,3,3,0,0,0.000000,nomatch
meld_tes_02225,1,17,17,0,0,0.000000,nomatch
meld_tes_02226,1,4,4,0,0,0.000000,nomatch
meld_tes_02227,3,13,13,0,0,0.000000,nomatch
meld_tes_02228,1,3,3,0,0,0.000000,nomatch
meld_tes_02229,3,18,18,1,0,0.120386,nonzero
meld_tes_02230,1,5,5,0,0,0.000000,nomatch
meld_tes_02231,1,6,6,0,0,0.000000,nomatch
meld_tes_02232,1,13,13,1,0,0.578947,nonzero
meld_tes_02233,1,10,10,0,0,0.000000,nomatch
meld_tes_02234,3,20,20,0,0,0.000000,nomatch
meld_tes_02235,1,6,6,0,0,0.000000,nomatch
meld_tes_02236,1,33,33,0,0,0.000000,nomatch
meld_tes_02237,1,7,7,0,0,0.000000,nomatch
meld_tes_02238,3,9,9,0,0,0.000000,nomatch
meld_tes_02239,1,4,4,0,0,0.000000,nomatch
meld_tes_02240,1,6,6,0,0,0.000000,nomatch
meld_tes_02241,2,9,9,0,0,0.000000,nomatch
meld_tes_02242,1,2,2,1,0,0.202289,nonzero
meld_tes_02243,1,1,1,0,0,0.000000,nomatch
meld_tes_02244,1,1,1,0,0,0.000000,nomatch
meld_tes_02245,1,30,30,1,0,-0.421464,nonzero
meld_tes_02246,1,3,3,0,0,0.000000,nomatch
meld_tes_02247,4,4,4,0,0,0.000000,nomatch
meld_tes_02248,1,1,1,0,0,0.000000,nomatch
meld_tes_02249,2,11,11,0,0,0.000000,nomatch
meld_tes_02250,1,5,5,0,0,0.000000,nomatch
meld_tes_02251,3,14,14,0,0,0.000000,nomatch
meld_tes_02252,1,1,1,0,0,0.000000,nomatch
meld_tes_02253,1,1,1,0,0,0.000000,nomatch
meld_tes_02254,1,1,1,0,0,0.000000,nomatch
meld_tes_02255,1,1,1,0,0,0.000000,nomatch
meld_tes_02256,2,9,9,0,0,0.000000,nomatch
meld_tes_02257,1,3,3,0,0,0.000000,nomatch
meld_tes_02258,1,15,15,0,0,0.000000,nomatch
meld_tes_02259,1,4,4,0,0,0.000000,nomatch
meld_tes_02260,1,4,4,1,0,0.361158,nonzero
meld_tes_02261,1,3,3,0,0,0.000000,nomatch
meld_tes_02262,1,4,4,0,0,0.000000,nomatch
meld_tes_02263,1,6,6,0,0,0.000000,nomatch
meld_tes_02264,1,9,9,0,0,0.000000,nomatch
meld_tes_02265,2,17,17,0,0,0.000000,nomatch
meld_tes_02266,1,1,1,0,0,0.000000,nomatch
meld_tes_02267,1,4,4,0,0,0.000000,nomatch
meld_tes_02268,2,9,9,0,0,0.000000,nomatch
meld_tes_02269,2,17,17,0,0,0.000000,nomatch
meld_tes_02270,4,22,22,0,0,0.000000,nomatch
meld_tes_02271,1,39,39,0,0,0.000000,nomatch
meld_tes_02272,1,7,7,0,0,0.000000,nomatch
meld_tes_02273,1,1,1,0,0,0.000000,nomatch
meld_tes_02274,1,1,1,0,0,0.000000,nomatch
meld_tes_02275,1,8,8,0,0,0.000000,nomatch
meld_tes_02276,1,3,3,0,0,0.000000,nomatch
meld_tes_02277,1,14,14,0,0,0.000000,nomatch
meld_tes_02278,1,2,2,0,0,0.000000,nomatch
meld_tes_02279,1,26,26,0,0,0.000000,nomatch
meld_tes_02280,1,6,6,0,0,0.000000,nomatch
meld_tes_02281,1,8,8,0,0,0.000000,nomatch
meld_tes_02282,1,1,1,0,0,0.000000,nomatch
meld_tes_02283,1,6,6,0,0,0.000000,nomatch
meld_tes_02284,1,27,27,0,0,0.000000,nomatch
meld_tes_02285,1,10,10,0,0,0.000000,nomatch
meld_tes_02286,1,9,9,1,0,-0.128037,nonzero
meld_tes_02287,1,1,1,0,0,0.000000,nomatch
meld_tes_02288,2,12,12,0,0,0.000000,nomatch
meld_tes_02289,1,8,8,0,0,0.000000,nomatch
meld_tes_02290,2,20,20,1,0,0.101144,nonzero
meld_tes_02291,1,2,2,0,0,0.000000,nomatch
meld_tes_02292,1,49,49,0,0,0.000000,nomatch
meld_tes_02293,1,1,1,0,0,0.000000,nomatch
meld_tes_02294,1,1,1,0,0,0.000000,nomatch
meld_tes_02295,1,6,6,0,0,0.000000,nomatch
meld_tes_02296,3,23,23,0,0,0.000000,nomatch
meld_tes_02297,1,4,4,0,0,0.000000,nomatch
meld_tes_02298,1,4,4,0,0,0.000000,nomatch
meld_tes_02299,1,7,7,0,0,0.000000,nomatch
meld_tes_02300,1,3,3,0,0,0.000000,nomatch
meld_tes_02301,1,27,27,0,0,0.000000,nomatch
meld_tes_02302,1,22,22,0,0,0.000000,nomatch
meld_tes_02303,1,2,2,0,0,0.000000,nomatch
meld_tes_02304,1,4,4,0,0,0.000000,nomatch
meld_tes_02305,1,2,2,0,0,0.000000,nomatch
meld_tes_02306,1,7,7,0,0,0.000000,nomatch
meld_tes_02307,1,4,4,0,0,0.000000,nomatch
meld_tes_02308,1,11,11,0,0,0.000000,nomatch
meld_tes_02309,1,35,35,0,0,0.000000,nomatch
meld_tes_02310,2,16,16,0,0,0.000000,nomatch
meld_tes_02311,2,6,6,0,0,0.000000,nomatch
meld_tes_02312,1,6,6,0,0,0.000000,nomatch
meld_tes_02313,2,5,5,0,0,0.000000,nomatch
meld_tes_02314,1,11,11,0,0,0.000000,nomatch
meld_tes_02315,1,2,2,0,0,0.000000,nomatch
meld_tes_02316,1,20,20,0,0,0.000000,nomatch
meld_tes_02317,1,1,1,0,0,0.000000,nomatch
meld_tes_02318,1,1,1,0,0,0.000000,nomatch
meld_tes_02319,1,4,4,0,0,0.000000,nomatch
meld_tes_02320,1,10,10,1,0,0.250000,nonzero
meld_tes_02321,1,16,16,0,0,0.000000,nomatch
meld_tes_02322,1,4,4,0,0,0.000000,nomatch
meld_tes_02323,1,4,4,1,0,0.421464,nonzero
meld_tes_02324,1,5,5,0,0,0.000000,nomatch
meld_tes_02325,2,11,11,0,0,0.000000,nomatch
meld_tes_02326,1,23,23,0,0,0.000000,nomatch
meld_tes_02327,2,3,3,0,0,0.000000,nomatch
meld_tes_02328,1,10,10,0,0,0.000000,nomatch
meld_tes_02329,3,4,4,0,0,0.000000,nomatch
meld_tes_02330,1,5,5,0,0,0.000000,nomatch
meld_tes_02331,1,5,5,0,0,0.000000,nomatch
meld_tes_02332,1,13,13,0,0,0.000000,nomatch
meld_tes_02333,1,14,14,1,0,-0.655311,nonzero
meld_tes_02334,1,6,6,1,0,-0.397948,nonzero
meld_tes_02335,1,1,1,0,0,0.000000,nomatch
meld_tes_02336,1,4,4,0,0,0.000000,nomatch
meld_tes_02337,2,14,14,0,0,0.000000,nomatch
meld_tes_02338,1,1,1,0,0,0.000000,nomatch
meld_tes_02339,2,15,15,1,0,0.180579,nonzero
meld_tes_02340,2,10,10,0,0,0.000000,nomatch
meld_tes_02341,1,1,1,0,0,0.000000,nomatch
meld_tes_02342,1,1,1,0,0,0.000000,nomatch
meld_tes_02343,1,21,21,0,0,0.000000,nomatch
meld_tes_02344,1,7,7,1,0,0.458831,nonzero
meld_tes_02345,1,8,8,0,0,0.000000,nomatch
meld_tes_02346,1,2,2,0,0,0.000000,nomatch
meld_tes_02347,1,1,1,0,0,0.000000,nomatch
meld_tes_02348,1,12,12,0,0,0.000000,nomatch
meld_tes_02349,1,18,18,0,0,0.000000,nomatch
meld_tes_02350,1,3,3,0,0,0.000000,nomatch
meld_tes_02351,1,6,6,1,0,-0.361158,nonzero
meld_tes_02352,1,8,8,0,0,0.000000,nomatch
meld_tes_02353,1,13,13,0,0,0.000000,nomatch
meld_tes_02354,1,6,6,0,0,0.000000,nomatch
meld_tes_02355,1,11,11,1,0,-0.361158,nonzero
meld_tes_02356,1,15,15,0,0,0.000000,nomatch
meld_tes_02357,1,7,7,0,0,0.000000,nomatch
meld_tes_02358,1,8,8,0,0,0.000000,nomatch
meld_tes_02359,2,10,10,0,0,0.000000,nomatch
meld_tes_02360,1,12,12,0,0,0.000000,nomatch
meld_tes_02361,1,17,17,0,0,0.000000,nomatch
meld_tes_02362,1,24,24,0,0,0.000000,nomatch
meld_tes_02363,2,16,16,0,0,0.000000,nomatch
meld_tes_02364,1,9,9,0,0,0.000000,nomatch
meld_tes_02365,2,7,7,0,0,0.000000,nomatch
meld_tes_02366,2,12,12,0,0,0.000000,nomatch
meld_tes_02367,1,14,14,0,0,0.000000,nomatch
meld_tes_02368,1,5,5,0,0,0.000000,nomatch
meld_tes_02369,1,17,17,0,0,0.000000,nomatch
meld_tes_02370,1,16,16,0,0,0.000000,nomatch
meld_tes_02371,1,10,10,0,0,0.000000,nomatch
meld_tes_02372,2,10,10,0,0,0.000000,nomatch
meld_tes_02373,1,8,8,0,0,0.000000,nomatch
meld_tes_02374,1,7,7,0,0,0.000000,nomatch
meld_tes_02375,2,9,9,0,0,0.000000,nomatch
meld_tes_02376,2,11,11,0,0,0.000000,nomatch
meld_tes_02377,1,6,6,0,0,0.000000,nomatch
meld_tes_02378,1,4,4,0,0,0.000000,nomatch
meld_tes_02379,1,3,3,0,0,0.000000,nomatch
meld_tes_02380,1,3,3,0,0,0.000000,nomatch
meld_tes_02381,1,5,5,0,0,0.000000,nomatch
meld_tes_02382,1,2,2,0,0,0.000000,nomatch
meld_tes_02383,1,3,3,0,0,0.000000,nomatch
meld_tes_02384,2,8,8,0,0,0.000000,nomatch
meld_tes_02385,2,15,15,0,0,0.000000,nomatch
meld_tes_02386,2,8,8,0,0,0.000000,nomatch
meld_tes_02387,2,6,6,0,0,0.000000,nomatch
meld_tes_02388,1,6,6,0,0,0.000000,nomatch
meld_tes_02389,1,2,2,0,0,0.000000,nomatch
meld_tes_02390,1,3,3,0,0,0.000000,nomatch
meld_tes_02391,1,11,11,0,0,0.000000,nomatch
meld_tes_02392,3,4,4,0,0,0.000000,nomatch
meld_tes_02393,1,17,17,1,0,-0.361158,nonzero
meld_tes_02394,4,9,9,0,0,0.000000,nomatch
meld_tes_02395,2,6,6,0,0,0.000000,nomatch
meld_tes_02396,3,14,14,0,0,0.000000,nomatch
meld_tes_02397,3,19,19,0,0,0.000000,nomatch
meld_tes_02398,3,9,9,0,0,0.000000,nomatch
meld_tes_02399,1,11,11,0,0,0.000000,nomatch
meld_tes_02400,1,9,9,0,0,0.000000,nomatch
meld_tes_02401,2,13,13,0,0,0.000000,nomatch
meld_tes_02402,1,3,3,0,0,0.000000,nomatch
meld_tes_02403,1,18,18,0,0,0.000000,nomatch
meld_tes_02404,1,7,7,1,0,0.542326,nonzero
meld_tes_02405,3,3,3,0,0,0.000000,nomatch
meld_tes_02406,2,4,4,0,0,0.000000,nomatch
meld_tes_02407,2,15,15,0,0,0.000000,nomatch
meld_tes_02408,2,2,2,0,0,0.000000,nomatch
meld_tes_02409,1,8,8,0,0,0.000000,nomatch
meld_tes_02410,1,11,11,0,0,0.000000,nomatch
meld_tes_02411,1,3,3,0,0,0.000000,nomatch
meld_tes_02412,1,4,4,0,0,0.000000,nomatch
meld_tes_02413,2,10,10,0,0,0.000000,nomatch
meld_tes_02414,1,9,9,0,0,0.000000,nomatch
meld_tes_02415,2,6,6,0,0,0.000000,nomatch
meld_tes_02416,1,4,4,1,0,0.128037,nonzero
meld_tes_02417,2,7,7,0,0,0.000000,nomatch
meld_tes_02418,3,16,16,0,0,0.000000,nomatch
meld_tes_02419,1,3,3,0,0,0.000000,nomatch
meld_tes_02420,1,2,2,0,0,0.000000,nomatch
meld_tes_02421,1,4,4,0,0,0.000000,nomatch
meld_tes_02422,1,2,2,0,0,0.000000,nomatch
meld_tes_02423,1,3,3,0,0,0.000000,nomatch
meld_tes_02424,1,10,10,0,0,0.000000,nomatch
meld_tes_02425,1,4,4,0,0,0.000000,nomatch
meld_tes_02426,1,6,6,0,0,0.000000,nomatch
meld_tes_02427,2,11,11,0,0,0.000000,nomatch
meld_tes_02428,1,4,4,0,0,0.000000,nomatch
meld_tes_02429,1,15,15,0,0,0.000000,nomatch
meld_tes_02430,1,25,25,0,0,0.000000,nomatch
meld_tes_02431,1,4,4,0,0,0.000000,nomatch
meld_tes_02432,1,3,3,0,0,0.000000,nomatch
meld_tes_02433,1,4,4,0,0,0.000000,nomatch
meld_tes_02434,1,2,2,0,0,0.000000,nomatch
meld_tes_02435,2,12,12,0,0,0.000000,nomatch
meld_tes_02436,1,3,3,0,0,0.000000,nomatch
meld_tes_02437,1,27,27,0,0,0.000000,nomatch
meld_tes_02438,2,6,6,0,0,0.000000,nomatch
meld_tes_02439,1,6,6,0,0,0.000000,nomatch
meld_tes_02440,1,22,22,1,0,0.202289,nonzero
meld_tes_02441,1,4,4,0,0,0.000000,nomatch
meld_tes_02442,1,1,1,0,0,0.000000,nomatch
meld_tes_02443,5,16,16,0,0,0.000000,nomatch
meld_tes_02444,1,1,1,0,0,0.000000,nomatch
meld_tes_02445,1,4,4,0,0,0.000000,nomatch
meld_tes_02446,2,7,7,0,0,0.000000,nomatch
meld_tes_02447,1,1,1,0,0,0.000000,nomatch
meld_tes_02448,1,1,1,0,0,0.000000,nomatch
meld_tes_02449,2,24,24,0,0,0.000000,nomatch
meld_tes_02450,1,1,1,0,0,0.000000,nomatch
meld_tes_02451,1,5,5,0,0,0.000000,nomatch
meld_tes_02452,1,2,2,0,0,0.000000,nomatch
meld_tes_02453,1,2,2,0,0,0.000000,nomatch
meld_tes_02454,1,1,1,0,0,0.000000,nomatch
meld_tes_02455,1,1,1,0,0,0.000000,nomatch
meld_tes_02456,3,10,10,0,0,0.000000,nomatch
meld_tes_02457,2,2,2,0,0,0.000000,nomatch
meld_tes_02458,4,21,21,0,0,0.000000,nomatch
meld_tes_02459,1,1,1,0,0,0.000000,nomatch
meld_tes_02460,1,6,6,0,0,0.000000,nomatch
meld_tes_02461,1,5,5,0,0,0.000000,nomatch
meld_tes_02462,1,9,9,0,0,0.000000,nomatch
meld_tes_02463,1,4,4,0,0,0.000000,nomatch
meld_tes_02464,1,6,6,1,0,0.361158,nonzero
meld_tes_02465,1,3,3,0,0,0.000000,nomatch
meld_tes_02466,1,5,5,0,0,0.000000,nomatch
meld_tes_02467,1,1,1,0,0,0.000000,nomatch
meld_tes_02468,1,7,7,0,0,0.000000,nomatch
meld_tes_02469,1,7,7,0,0,0.000000,nomatch
meld_tes_02470,1,14,14,0,0,0.000000,nomatch
meld_tes_02471,2,2,2,0,0,0.000000,nomatch
meld_tes_02472,1,1,1,0,0,0.000000,nomatch
meld_tes_02473,1,1,1,0,0,0.000000,nomatch
meld_tes_02474,1,3,3,0,0,0.000000,nomatch
meld_tes_02475,1,3,3,0,0,0.000000,nomatch
meld_tes_02476,1,14,14,0,0,0.000000,nomatch
meld_tes_02477,2,13,13,0,0,0.000000,nomatch
meld_tes_02478,2,4,4,0,0,0.000000,nomatch
meld_tes_02479,1,13,13,0,0,0.000000,nomatch
meld_tes_02480,1,5,5,1,0,-0.361158,nonzero
meld_tes_02481,1,7,7,0,0,0.000000,nomatch
meld_tes_02482,2,11,11,0,0,0.000000,nomatch
meld_tes_02483,1,3,3,0,0,0.000000,nomatch
meld_tes_02484,3,11,11,0,0,0.000000,nomatch
meld_tes_02485,1,3,3,0,0,0.000000,nomatch
meld_tes_02486,2,20,20,0,0,0.000000,nomatch
meld_tes_02487,3,20,20,3,0,0.033165,nonzero
meld_tes_02488,1,4,4,0,0,0.000000,nomatch
meld_tes_02489,1,6,6,0,0,0.000000,nomatch
meld_tes_02490,1,1,1,0,0,0.000000,nomatch
meld_tes_02491,1,2,2,0,0,0.000000,nomatch
meld_tes_02492,1,3,3,0,0,0.000000,nomatch
meld_tes_02493,1,16,16,0,0,0.000000,nomatch
meld_tes_02494,1,5,5,0,0,0.000000,nomatch
meld_tes_02495,1,16,16,0,0,0.000000,nomatch
meld_tes_02496,1,10,10,0,0,0.000000,nomatch
meld_tes_02497,1,7,7,0,0,0.000000,nomatch
meld_tes_02498,1,5,5,1,0,0.542326,nonzero
meld_tes_02499,2,4,4,0,0,0.000000,nomatch
meld_tes_02500,1,15,15,1,0,-0.090003,nonzero
meld_tes_02501,2,6,6,0,0,0.000000,nomatch
meld_tes_02502,1,9,9,1,0,-0.090003,nonzero
meld_tes_02503,3,14,14,0,0,0.000000,nomatch
meld_tes_02504,4,7,7,0,0,0.000000,nomatch
meld_tes_02505,1,2,2,0,0,0.000000,nomatch
meld_tes_02506,1,2,2,0,0,0.000000,nomatch
meld_tes_02507,1,27,27,0,0,0.000000,nomatch
meld_tes_02508,1,8,8,1,0,-0.361158,nonzero
meld_tes_02509,1,21,21,0,0,0.000000,nomatch
meld_tes_02510,1,1,1,0,0,0.000000,nomatch
meld_tes_02511,1,6,6,0,0,0.000000,nomatch
meld_tes_02512,1,28,28,0,0,0.000000,nomatch
meld_tes_02513,1,8,8,0,0,0.000000,nomatch
meld_tes_02514,1,2,2,1,0,0.361158,nonzero
meld_tes_02515,1,1,1,0,0,0.000000,nomatch
meld_tes_02516,2,5,5,0,0,0.000000,nomatch
meld_tes_02517,3,22,22,1,0,0.042679,nonzero
meld_tes_02518,1,30,30,0,0,0.000000,nomatch
meld_tes_02519,1,2,2,0,0,0.000000,nomatch
meld_tes_02520,1,1,1,0,0,0.000000,nomatch
meld_tes_02521,1,1,1,0,0,0.000000,nomatch
meld_tes_02522,1,21,21,1,0,-0.143103,nonzero
meld_tes_02523,1,1,1,0,0,0.000000,nomatch
meld_tes_02524,1,16,16,1,1,-0.549915,nonzero
meld_tes_02525,1,8,8,0,0,0.000000,nomatch
meld_tes_02526,1,3,3,0,0,0.000000,nomatch
meld_tes_02527,1,9,9,1,0,0.261663,nonzero
meld_tes_02528,1,21,21,0,0,0.000000,nomatch
meld_tes_02529,1,1,1,0,0,0.000000,nomatch
meld_tes_02530,2,13,13,1,0,-0.180579,nonzero
meld_tes_02531,2,7,7,0,0,0.000000,nomatch
meld_tes_02532,2,5,5,0,0,0.000000,nomatch
meld_tes_02533,2,2,2,0,0,0.000000,nomatch
meld_tes_02534,2,9,9,0,0,0.000000,nomatch
meld_tes_02535,1,6,6,0,0,0.000000,nomatch
meld_tes_02536,1,6,6,0,0,0.000000,nomatch
meld_tes_02537,2,15,15,0,0,0.000000,nomatch
meld_tes_02538,1,2,2,0,0,0.000000,nomatch
meld_tes_02539,2,18,18,0,0,0.000000,nomatch
meld_tes_02540,1,4,4,0,0,0.000000,nomatch
meld_tes_02541,1,7,7,0,0,0.000000,nomatch
meld_tes_02542,2,12,12,0,0,0.000000,nomatch
meld_tes_02543,2,14,14,0,0,0.000000,nomatch
meld_tes_02544,2,16,16,0,0,0.000000,nomatch
meld_tes_02545,2,7,7,0,0,0.000000,nomatch
meld_tes_02546,1,7,7,0,0,0.000000,nomatch
meld_tes_02547,3,14,14,1,0,0.087221,nonzero
meld_tes_02548,1,10,10,0,0,0.000000,nomatch
meld_tes_02549,2,12,12,1,0,0.130831,nonzero
meld_tes_02550,1,8,8,0,0,0.000000,nomatch
meld_tes_02551,1,5,5,0,0,0.000000,nomatch
meld_tes_02552,1,3,3,0,0,0.000000,nomatch
meld_tes_02553,3,7,7,0,0,0.000000,nomatch
meld_tes_02554,3,14,14,1,0,-0.204124,nonzero
meld_tes_02555,1,8,8,0,0,0.000000,nomatch
meld_tes_02556,1,7,7,0,0,0.000000,nomatch
meld_tes_02557,1,16,16,0,0,0.000000,nomatch
meld_tes_02558,1,12,12,0,0,0.000000,nomatch
meld_tes_02559,1,8,8,0,0,0.000000,nomatch
meld_tes_02560,2,6,6,0,0,0.000000,nomatch
meld_tes_02561,1,4,4,0,0,0.000000,nomatch
meld_tes_02562,1,3,3,0,0,0.000000,nomatch
meld_tes_02563,2,14,14,0,0,0.000000,nomatch
meld_tes_02564,2,3,3,0,0,0.000000,nomatch
meld_tes_02565,2,12,12,1,0,-0.147979,nonzero
meld_tes_02566,1,11,11,0,0,0.000000,nomatch
meld_tes_02567,1,15,15,0,0,0.000000,nomatch
meld_tes_02568,1,19,19,0,0,0.000000,nomatch
meld_tes_02569,2,4,4,0,0,0.000000,nomatch
meld_tes_02570,1,1,1,0,0,0.000000,nomatch
meld_tes_02571,1,1,1,0,0,0.000000,nomatch
meld_tes_02572,1,1,1,0,0,0.000000,nomatch
meld_tes_02573,1,1,1,0,0,0.000000,nomatch
meld_tes_02574,4,15,15,0,0,0.000000,nomatch
meld_tes_02575,1,1,1,0,0,0.000000,nomatch
meld_tes_02576,1,4,4,0,0,0.000000,nomatch
meld_tes_02577,2,10,10,0,0,0.000000,nomatch
meld_tes_02578,1,5,5,0,0,0.000000,nomatch
meld_tes_02579,1,5,5,0,0,0.000000,nomatch
meld_tes_02580,1,25,25,0,0,0.000000,nomatch
meld_tes_02581,1,8,8,1,0,-0.458831,nonzero
meld_tes_02582,1,10,10,1,0,-0.261663,nonzero
meld_tes_02583,1,17,17,1,0,-0.261663,nonzero
meld_tes_02584,2,13,13,0,0,0.000000,nomatch
meld_tes_02585,1,15,15,0,0,0.000000,nomatch
meld_tes_02586,1,6,6,1,0,0.361158,nonzero
meld_tes_02587,1,6,6,0,0,0.000000,nomatch
meld_tes_02588,1,8,8,0,0,0.000000,nomatch
meld_tes_02589,1,14,14,0,0,0.000000,nomatch
meld_tes_02590,3,16,16,0,0,0.000000,nomatch
meld_tes_02591,2,13,13,1,0,0.180579,nonzero
meld_tes_02592,1,5,5,0,0,0.000000,nomatch
meld_tes_02593,2,14,14,0,0,0.000000,nomatch
meld_tes_02594,1,2,2,0,0,0.000000,nomatch
meld_tes_02595,2,4,4,0,0,0.000000,nomatch
meld_tes_02596,1,5,5,0,0,0.000000,nomatch
meld_tes_02597,1,5,5,0,0,0.000000,nomatch
meld_tes_02598,1,2,2,0,0,0.000000,nomatch
meld_tes_02599,1,6,6,0,0,0.000000,nomatch
meld_tes_02600,2,8,8,0,0,0.000000,nomatch
meld_tes_02601,4,22,22,0,0,0.000000,nomatch
meld_tes_02602,1,1,1,0,0,0.000000,nomatch
meld_tes_02603,1,7,7,0,0,0.000000,nomatch
meld_tes_02604,1,21,21,0,0,0.000000,nomatch
meld_tes_02605,2,19,19,2,0,-0.361158,nonzero
meld_tes_02606,1,6,6,0,0,0.000000,nomatch
meld_tes_02607,2,11,11,0,0,0.000000,nomatch
meld_tes_02608,1,11,11,1,0,0.128037,nonzero
meld_tes_02609,1,5,5,0,0,0.000000,nomatch
