id,n_sents,n_words,n_tokens,token_matches,phrase_matches,score,class
ed_000000,2,25,25,0,0,0.000000,nomatch
ed_000005,1,6,6,0,0,0.000000,nomatch
ed_000010,1,18,18,0,0,0.000000,nomatch
ed_000014,1,8,8,1,0,0.458831,nonzero
ed_000017,1,20,20,1,0,-0.545378,nonzero
ed_000021,1,17,17,1,0,0.585882,nonzero
ed_000024,1,8,8,1,0,-0.361158,nonzero
ed_000027,2,18,18,0,0,0.000000,nomatch
ed_000031,3,32,32,1,0,-0.140488,nonzero
ed_000034,3,30,30,0,0,0.000000,nomatch
ed_000037,2,24,24,2,0,-0.476373,nonzero
ed_000041,1,11,11,0,0,0.000000,nomatch
ed_000044,2,30,30,0,0,0.000000,nomatch
ed_000047,2,12,12,0,0,0.000000,nomatch
ed_000051,3,32,32,0,0,0.000000,nomatch
ed_000056,1,14,14,0,0,0.000000,nomatch
ed_000060,1,12,12,0,0,0.000000,nomatch
ed_000063,2,29,29,2,0,-0.128037,nonzero
ed_000066,2,38,38,1,0,-0.180579,nonzero
ed_000069,1,18,18,1,0,0.250000,nonzero
ed_000073,1,15,15,0,0,0.000000,nomatch
ed_000078,3,39,39,1,0,0.175581,nonzero
ed_000082,1,10,10,0,0,0.000000,nomatch
ed_000088,3,49,49,1,0,-0.218437,nonzero
ed_000092,1,28,28,1,0,0.563239,nonzero
ed_000095,1,8,8,0,0,0.000000,nomatch
ed_000098,2,34,34,1,0,0.101144,nonzero
ed_000103,1,28,28,2,0,-0.250000,nonzero
ed_000107,1,10,10,0,0,0.000000,nomatch
ed_000110,1,13,13,0,0,0.000000,nomatch
ed_000113,3,37,37,1,0,-0.140488,nonzero
ed_000116,2,25,25,0,0,0.000000,nomatch
ed_000121,1,15,15,0,0,0.000000,nomatch
ed_000127,1,12,12,0,0,0.000000,nomatch
ed_000130,3,28,28,2,0,0.231068,nonzero
ed_000133,1,20,20,0,0,0.000000,nomatch
ed_000136,2,30,30,1,0,-0.180579,nonzero
ed_000139,3,26,26,0,0,0.000000,nomatch
ed_000142,2,34,34,2,0,0.458831,nonzero
ed_000145,2,27,27,0,0,0.000000,nomatch
ed_000148,1,16,16,0,0,0.000000,nomatch
ed_000152,1,13,13,0,0,0.000000,nomatch
ed_000157,3,46,46,1,0,0.140488,nonzero
ed_000161,4,25,25,1,0,-0.114708,nonzero
ed_000165,2,15,15,2,0,-0.440148,nonzero
ed_000168,1,10,10,0,0,0.000000,nomatch
ed_000173,1,11,11,0,0,0.000000,nomatch
ed_000176,1,12,12,0,0,0.000000,nomatch
ed_000180,2,37,37,1,0,0.125000,nonzero
ed_000185,2,15,15,1,0,-0.229415,nonzero
ed_000188,1,20,20,1,0,-0.339950,nonzero
ed_000191,2,26,26,0,0,0.000000,nomatch
ed_000194,3,31,31,0,0,0.000000,nomatch
ed_000198,2,15,15,1,0,0.101144,nonzero
ed_000201,2,14,14,0,0,0.000000,nomatch
ed_000204,1,13,13,1,0,0.542326,nonzero
ed_000207,1,12,12,0,0,0.000000,nomatch
ed_000210,2,25,25,2,0,-0.342589,nonzero
ed_000214,1,10,10,0,0,0.000000,nomatch
ed_000217,2,22,22,2,0,-0.582415,nonzero
ed_000221,2,14,14,0,0,0.000000,nomatch
ed_000224,1,15,15,0,0,0.000000,nomatch
ed_000228,3,29,29,3,0,0.361158,nonzero
ed_000233,2,19,19,0,0,0.000000,nomatch
ed_000236,2,19,19,0,0,0.000000,nomatch
ed_000240,1,17,17,2,0,-0.799778,nonzero
ed_000243,2,17,17,0,0,0.000000,nomatch
ed_000247,1,8,8,1,0,0.458831,nonzero
ed_000250,1,15,15,0,0,0.000000,nomatch
ed_000253,1,15,15,0,0,0.000000,nomatch
ed_000256,1,11,11,1,0,-0.458831,nonzero
ed_000259,1,12,12,0,0,0.000000,nomatch
ed_000262,3,26,26,0,0,0.000000,nomatch
ed_000266,2,17,17,0,0,0.000000,nomatch
ed_000270,1,12,12,0,0,0.000000,nomatch
ed_000273,2,17,17,0,0,0.000000,nomatch
ed_000277,1,18,18,1,0,-0.458831,nonzero
ed_000282,3,15,15,0,0,0.000000,nomatch
ed_000286,1,11,11,0,0,0.000000,nomatch
ed_000289,1,21,21,0,0,0.000000,nomatch
ed_000292,2,9,9,0,0,0.000000,nomatch
ed_000295,2,17,17,0,0,0.000000,nomatch
ed_000301,2,22,22,0,0,0.000000,nomatch
ed_000306,2,12,12,0,0,0.000000,nomatch
ed_000309,2,24,24,0,0,0.000000,nomatch
ed_000312,1,10,10,1,0,-0.361158,nonzero
ed_000315,2,11,11,1,0,-0.180579,nonzero
ed_000318,3,26,26,1,0,-0.152944,nonzero
ed_000323,2,20,20,0,0,0.000000,nomatch
ed_000328,1,24,24,1,0,-0.361158,nonzero
ed_000332,1,11,11,0,0,0.000000,nomatch
ed_000335,2,15,15,1,0,0.180579,nonzero
ed_000338,1,8,8,0,0,0.000000,nomatch
ed_000341,2,19,19,1,0,-0.180579,nonzero
ed_000344,1,12,12,0,0,0.000000,nomatch
ed_000350,2,27,27,1,0,-0.229415,nonzero
ed_000356,1,12,12,0,0,0.000000,nomatch
ed_000359,1,12,12,0,0,0.000000,nomatch
ed_000363,1,12,12,0,0,0.000000,nomatch
ed_000368,2,14,14,0,0,0.000000,nomatch
ed_000372,1,9,9,0,0,0.000000,nomatch
ed_000375,1,8,8,0,0,0.000000,nomatch
ed_000379,1,15,15,0,0,0.000000,nomatch
ed_000383,1,13,13,0,0,0.000000,nomatch
ed_000386,1,10,10,1,0,-0.128037,nonzero
ed_000389,1,14,14,0,0,0.000000,nomatch
ed_000392,3,34,34,0,0,0.000000,nomatch
ed_000399,1,9,9,0,0,0.000000,nomatch
ed_000405,1,13,13,0,0,0.000000,nomatch
ed_000408,1,7,7,0,0,0.000000,nomatch
ed_000411,2,23,23,0,0,0.000000,nomatch
ed_000414,1,6,6,0,0,0.000000,nomatch
ed_000417,2,20,20,0,0,0.000000,nomatch
ed_000420,2,10,10,1,0,0.229415,nonzero
ed_000424,2,21,21,1,0,-0.125000,nonzero
ed_000427,2,15,15,1,0,-0.210732,nonzero
ed_000431,1,11,11,1,0,0.458831,nonzero
ed_000434,1,9,9,0,0,0.000000,nomatch
ed_000437,2,12,12,1,0,0.180579,nonzero
ed_000441,1,4,4,0,0,0.000000,nomatch
ed_000444,2,14,14,0,0,0.000000,nomatch
ed_000447,2,16,16,1,0,-0.064019,nonzero
ed_000451,2,13,13,0,0,0.000000,nomatch
ed_000454,1,9,9,0,0,0.000000,nomatch
ed_000458,1,27,27,0,0,0.000000,nomatch
ed_000461,2,38,38,1,0,0.180579,nonzero
ed_000465,1,16,16,1,0,-0.458831,nonzero
ed_000468,1,7,7,0,0,0.000000,nomatch
ed_000471,1,10,10,0,0,0.000000,nomatch
ed_000475,1,12,12,1,0,-0.585882,nonzero
ed_000478,1,15,15,0,0,0.000000,nomatch
ed_000481,4,34,34,1,0,0.032009,nonzero
ed_000485,3,16,16,1,0,0.120386,nonzero
ed_000488,1,11,11,1,0,0.361158,nonzero
ed_000491,1,13,13,1,0,0.458831,nonzero
ed_000494,1,10,10,0,0,0.000000,nomatch
ed_000498,1,12,12,0,0,0.000000,nomatch
ed_000502,1,16,16,0,0,0.000000,nomatch
ed_000506,2,14,14,0,0,0.000000,nomatch
ed_000510,1,4,4,0,0,0.000000,nomatch
ed_000513,2,26,26,0,0,0.000000,nomatch
ed_000516,3,32,32,2,0,0.085358,nonzero
ed_000520,2,21,21,0,0,0.000000,nomatch
ed_000523,1,12,12,0,0,0.000000,nomatch
ed_000526,2,17,17,0,1,-0.064019,nonzero
ed_000529,2,22,22,0,0,0.000000,nomatch
ed_000533,1,3,3,0,0,0.000000,nomatch
ed_000536,3,36,36,1,0,-0.158886,nonzero
ed_000540,1,13,13,0,0,0.000000,nomatch
ed_000543,2,19,19,1,0,0.180579,nonzero
ed_000547,1,13,13,0,0,0.000000,nomatch
ed_000551,1,11,11,1,0,-0.361158,nonzero
ed_000554,1,11,11,0,0,0.000000,nomatch
ed_000558,2,12,12,2,0,-0.523004,nonzero
ed_000561,3,19,19,0,0,0.000000,nomatch
ed_000564,1,12,12,1,0,-0.458831,nonzero
ed_000567,1,14,14,0,0,0.000000,nomatch
ed_000571,2,11,11,0,0,0.000000,nomatch
ed_000575,1,8,8,0,0,0.000000,nomatch
ed_000578,1,12,12,0,0,0.000000,nomatch
ed_000581,1,13,13,1,0,-0.361158,nonzero
ed_000584,2,21,21,1,0,0.064019,nonzero
ed_000589,1,11,11,1,0,-0.361158,nonzero
ed_000592,1,5,5,0,0,0.000000,nomatch
ed_000595,1,9,9,1,0,0.493915,nonzero
ed_000598,2,19,19,1,0,-0.263371,nonzero
ed_000602,1,7,7,0,0,0.000000,nomatch
ed_000605,1,5,5,0,0,0.000000,nomatch
ed_000608,2,14,14,1,0,-0.180579,nonzero
ed_000612,1,9,9,0,0,0.000000,nomatch
ed_000615,1,16,16,0,0,0.000000,nomatch
ed_000619,1,7,7,1,0,-0.361158,nonzero
ed_000622,1,10,10,1,0,-0.458831,nonzero
ed_000626,1,13,13,0,0,0.000000,nomatch
ed_000630,1,9,9,0,0,0.000000,nomatch
ed_000633,1,13,13,1,0,-0.421464,nonzero
ed_000636,1,5,5,1,0,-0.458831,nonzero
ed_000639,2,17,17,0,0,0.000000,nomatch
ed_000643,1,14,14,0,0,0.000000,nomatch
ed_000648,1,9,9,2,0,-0.787577,nonzero
ed_000651,1,12,12,0,0,0.000000,nomatch
ed_000655,1,6,6,1,0,0.458831,nonzero
ed_000658,2,21,21,0,0,0.000000,nomatch
ed_000662,1,5,5,1,0,-0.684850,nonzero
ed_000665,1,6,6,0,0,0.000000,nomatch
ed_000668,1,15,15,0,0,0.000000,nomatch
ed_000672,2,22,22,0,0,0.000000,nomatch
ed_000676,1,7,7,1,0,0.361158,nonzero
ed_000679,1,5,5,0,0,0.000000,nomatch
ed_000682,1,8,8,1,0,0.578947,nonzero
ed_000685,3,17,17,1,0,0.180775,nonzero
ed_000688,1,13,13,0,0,0.000000,nomatch
ed_000692,1,6,6,0,0,0.000000,nomatch
ed_000695,2,20,20,0,0,0.000000,nomatch
ed_000698,1,8,8,0,0,0.000000,nomatch
ed_000701,1,14,14,0,0,0.000000,nomatch
ed_000704,2,12,12,1,0,-0.229415,nonzero
ed_000707,2,25,25,0,0,0.000000,nomatch
ed_000711,1,8,8,2,0,-0.735147,nonzero
ed_000714,1,12,12,0,0,0.000000,nomatch
ed_000718,1,16,16,0,0,0.000000,nomatch
ed_000721,2,10,10,0,0,0.000000,nomatch
ed_000725,1,8,8,1,0,-0.578947,nonzero
ed_000728,1,11,11,1,0,-0.361158,nonzero
ed_000731,3,19,19,0,0,0.000000,nomatch
ed_000734,1,12,12,1,0,-0.361158,nonzero
ed_000738,1,14,14,0,0,0.000000,nomatch
ed_000741,1,14,14,0,0,0.000000,nomatch
ed_000745,2,18,18,1,0,-0.327655,nonzero
ed_000748,2,16,16,2,0,0.000000,cancel
ed_000752,2,10,10,0,0,0.000000,nomatch
ed_000756,1,9,9,1,0,0.361158,nonzero
ed_000759,2,15,15,0,0,0.000000,nomatch
ed_000762,2,18,18,0,0,0.000000,nomatch
ed_000765,2,32,32,1,0,0.180579,nonzero
ed_000768,1,5,5,0,0,0.000000,nomatch
ed_000771,3,17,17,1,0,0.120386,nonzero
ed_000775,1,6,6,1,0,-0.421464,nonzero
ed_000778,2,28,28,1,0,0.263371,nonzero
ed_000782,1,8,8,0,0,0.000000,nomatch
ed_000785,1,5,5,1,0,-0.361158,nonzero
ed_000788,1,1,1,1,0,-0.458831,nonzero
ed_000792,2,57,57,1,0,0.227599,nonzero
ed_000795,1,7,7,0,0,0.000000,nomatch
ed_000798,2,41,41,1,0,0.180579,nonzero
ed_000802,1,10,10,1,0,-0.684850,nonzero
ed_000805,1,6,6,1,0,0.493915,nonzero
ed_000808,1,6,6,0,0,0.000000,nomatch
ed_000811,1,22,22,0,0,0.000000,nomatch
ed_000818,2,15,15,0,0,0.000000,nomatch
ed_000821,2,38,38,1,0,-0.224852,nonzero
ed_000825,1,8,8,1,0,-0.458831,nonzero
ed_000828,1,6,6,0,0,0.000000,nomatch
ed_000831,3,17,17,1,0,0.164638,nonzero
ed_000838,2,15,15,0,0,0.000000,nomatch
ed_000845,2,20,20,0,0,0.000000,nomatch
ed_000848,2,13,13,1,0,-0.327655,nonzero
ed_000852,1,7,7,1,0,-0.361158,nonzero
ed_000855,2,49,49,0,0,0.000000,nomatch
ed_000858,2,43,43,0,0,0.000000,nomatch
ed_000861,1,7,7,0,0,0.000000,nomatch
ed_000864,1,7,7,1,0,0.458831,nonzero
ed_000867,2,20,20,0,0,0.000000,nomatch
ed_000870,1,7,7,0,0,0.000000,nomatch
ed_000873,2,17,17,0,0,0.000000,nomatch
ed_000877,2,15,15,1,0,-0.113174,nonzero
ed_000880,2,14,14,0,0,0.000000,nomatch
ed_000885,1,6,6,0,0,0.000000,nomatch
ed_000888,1,7,7,1,0,0.493915,nonzero
ed_000891,2,21,21,1,0,0.130831,nonzero
ed_000895,1,7,7,0,0,0.000000,nomatch
ed_000898,3,27,27,0,0,0.000000,nomatch
ed_000902,1,15,15,1,0,-0.796160,nonzero
ed_000906,2,40,40,0,0,0.000000,nomatch
ed_000909,2,31,31,0,0,0.000000,nomatch
ed_000915,3,54,54,1,0,-0.158886,nonzero
ed_000921,1,9,9,1,0,-0.585882,nonzero
ed_000924,2,23,23,1,0,-0.258564,nonzero
ed_000927,2,32,32,1,0,-0.292941,nonzero
ed_000930,1,16,16,0,0,0.000000,nomatch
ed_000933,2,16,16,0,0,0.000000,nomatch
ed_000936,1,41,41,3,0,0.361158,nonzero
ed_000943,1,17,17,0,0,0.000000,nomatch
ed_000946,2,26,26,0,0,0.000000,nomatch
ed_000949,2,21,21,1,0,-0.229415,nonzero
ed_000953,2,35,35,0,0,0.000000,nomatch
ed_000956,1,16,16,1,0,0.458831,nonzero
ed_000959,1,6,6,0,0,0.000000,nomatch
ed_000962,2,24,24,2,0,-0.522357,nonzero
ed_000966,1,21,21,2,0,0.798657,nonzero
ed_000971,1,15,15,1,0,-0.684850,nonzero
ed_000975,2,14,14,0,0,0.000000,nomatch
ed_000978,2,24,24,0,0,0.000000,nomatch
ed_000981,1,13,13,1,0,-0.361158,nonzero
ed_000985,2,17,17,0,0,0.000000,nomatch
ed_000988,2,26,26,3,0,-0.578659,nonzero
ed_000993,2,14,14,1,0,-0.210732,nonzero
ed_000996,2,22,22,1,0,-0.229415,nonzero
ed_001000,2,14,14,0,0,0.000000,nomatch
ed_001003,2,19,19,0,0,0.000000,nomatch
ed_001006,2,50,50,0,0,0.000000,nomatch
ed_001009,2,18,18,0,0,0.000000,nomatch
ed_001012,1,9,9,0,0,0.000000,nomatch
ed_001019,2,25,25,1,0,-0.227599,nonzero
ed_001026,3,44,44,1,0,0.067430,nonzero
ed_001029,2,17,17,0,0,0.000000,nomatch
ed_001032,3,46,46,2,0,-0.226941,nonzero
ed_001035,3,43,43,0,0,0.000000,nomatch
ed_001040,2,41,41,0,0,0.000000,nomatch
ed_001043,1,25,25,1,0,0.542326,nonzero
ed_001046,3,48,48,0,0,0.000000,nomatch
ed_001049,2,36,36,2,0,-0.190910,nonzero
ed_001052,2,44,44,2,0,0.409994,nonzero
ed_001055,2,19,19,0,0,0.000000,nomatch
ed_001058,1,10,10,0,0,0.000000,nomatch
ed_001062,2,17,17,0,0,0.000000,nomatch
ed_001065,2,15,15,0,0,0.000000,nomatch
ed_001068,2,49,49,0,0,0.000000,nomatch
ed_001071,1,18,18,0,0,0.000000,nomatch
ed_001074,3,32,32,0,0,0.000000,nomatch
ed_001077,2,23,23,0,0,0.000000,nomatch
ed_001080,1,11,11,0,0,0.000000,nomatch
ed_001083,2,37,37,0,0,0.000000,nomatch
ed_001086,2,46,46,0,0,0.000000,nomatch
ed_001089,2,13,13,1,0,-0.180579,nonzero
ed_001092,2,15,15,1,0,0.222544,nonzero
ed_001095,3,28,28,0,0,0.000000,nomatch
ed_001098,2,15,15,2,0,0.451959,nonzero
ed_001101,2,16,16,1,0,0.229415,nonzero
ed_001104,1,11,11,0,0,0.000000,nomatch
ed_001108,4,55,55,0,0,0.000000,nomatch
ed_001112,1,28,28,0,0,0.000000,nomatch
ed_001116,2,18,18,1,0,-0.180579,nonzero
ed_001120,2,25,25,0,0,0.000000,nomatch
ed_001123,2,21,21,0,0,0.000000,nomatch
ed_001126,1,26,26,0,0,0.000000,nomatch
ed_001129,1,11,11,1,0,-0.361158,nonzero
ed_001133,2,19,19,0,0,0.000000,nomatch
ed_001136,3,37,37,1,0,-0.152944,nonzero
ed_001139,3,35,35,0,0,0.000000,nomatch
ed_001142,2,11,11,0,0,0.000000,nomatch
ed_001146,2,19,19,1,0,-0.229415,nonzero
ed_001149,1,7,7,1,0,0.493915,nonzero
ed_001152,2,17,17,2,0,-0.409994,nonzero
ed_001155,2,10,10,0,0,0.000000,nomatch
ed_001158,2,12,12,1,0,0.271163,nonzero
ed_001161,2,18,18,0,0,0.000000,nomatch
ed_001164,2,20,20,1,0,-0.229415,nonzero
ed_001167,1,19,19,0,0,0.000000,nomatch
ed_001171,2,14,14,2,0,0.451742,nonzero
ed_001174,2,27,27,3,0,0.687668,nonzero
ed_001178,4,39,39,1,0,0.090289,nonzero
ed_001182,3,31,31,2,0,0.317582,nonzero
ed_001185,2,17,17,0,0,0.000000,nomatch
ed_001191,2,18,18,0,0,0.000000,nomatch
ed_001196,2,34,34,0,0,0.000000,nomatch
ed_001200,2,14,14,1,0,0.246957,nonzero
ed_001203,1,8,8,0,0,0.000000,nomatch
ed_001206,1,10,10,1,0,0.361158,nonzero
ed_001209,1,14,14,0,0,0.000000,nomatch
ed_001213,1,18,18,1,0,-0.487080,nonzero
ed_001216,1,8,8,0,0,0.000000,nomatch
ed_001219,3,41,41,1,0,0.087221,nonzero
ed_001222,1,18,18,0,0,0.000000,nomatch
ed_001225,1,12,12,1,0,-0.421464,nonzero
ed_001228,1,11,11,1,0,-0.361158,nonzero
ed_001231,2,38,38,0,0,0.000000,nomatch
ed_001238,3,35,35,0,0,0.000000,nomatch
ed_001244,1,23,23,1,0,-0.128037,nonzero
ed_001249,1,9,9,0,0,0.000000,nomatch
ed_001252,1,26,26,0,0,0.000000,nomatch
ed_001255,2,13,13,0,0,0.000000,nomatch
ed_001258,1,26,26,0,0,0.000000,nomatch
ed_001265,4,67,67,1,0,-0.090289,nonzero
ed_001270,1,10,10,0,0,0.000000,nomatch
ed_001274,1,7,7,1,0,-0.648557,nonzero
ed_001279,3,40,40,2,0,-0.216186,nonzero
ed_001282,2,22,22,0,0,0.000000,nomatch
ed_001285,1,11,11,1,0,-0.458831,nonzero
ed_001288,3,27,27,1,0,-0.087221,nonzero
ed_001291,1,22,22,1,0,-0.268607,nonzero
ed_001294,1,15,15,1,0,0.128037,nonzero
ed_001298,3,43,43,2,0,-0.379705,nonzero
ed_001301,1,16,16,0,0,0.000000,nomatch
ed_001304,2,37,37,0,0,0.000000,nomatch
ed_001308,2,23,23,1,0,-0.342425,nonzero
ed_001311,1,5,5,0,0,0.000000,nomatch
ed_001314,1,10,10,1,0,-0.361158,nonzero
ed_001318,2,20,20,0,0,0.000000,nomatch
ed_001322,3,39,39,0,0,0.000000,nomatch
ed_001325,1,8,8,0,0,0.000000,nomatch
ed_001328,1,38,38,0,0,0.000000,nomatch
ed_001333,1,18,18,0,0,0.000000,nomatch
ed_001336,2,13,13,1,0,-0.289473,nonzero
ed_001339,1,11,11,1,0,-0.578947,nonzero
ed_001343,1,33,33,0,0,0.000000,nomatch
ed_001346,3,28,28,0,0,0.000000,nomatch
ed_001349,1,17,17,1,0,-0.458831,nonzero
ed_001352,1,19,19,0,0,0.000000,nomatch
ed_001355,2,59,59,0,0,0.000000,nomatch
ed_001358,1,24,24,0,0,0.000000,nomatch
ed_001361,2,14,14,0,0,0.000000,nomatch
ed_001366,3,47,47,0,0,0.000000,nomatch
ed_001370,1,11,11,1,0,-0.458831,nonzero
ed_001374,1,13,13,0,0,0.000000,nomatch
ed_001378,1,21,21,0,0,0.000000,nomatch
ed_001381,1,26,26,1,1,0.458831,nonzero
ed_001385,1,15,15,0,0,0.000000,nomatch
ed_001388,2,22,22,3,0,-0.445489,nonzero
ed_001391,1,31,31,0,0,0.000000,nomatch
ed_001394,3,28,28,1,0,0.120386,nonzero
ed_001397,1,11,11,2,0,0.764969,nonzero
ed_001400,2,14,14,0,0,0.000000,nomatch
ed_001403,1,14,14,0,0,0.000000,nomatch
ed_001407,4,51,51,1,0,-0.105366,nonzero
ed_001412,3,35,35,3,0,-0.417896,nonzero
ed_001415,2,19,19,1,0,-0.224852,nonzero
ed_001423,4,41,41,1,0,0.123479,nonzero
ed_001427,2,25,25,0,0,0.000000,nomatch
ed_001430,2,15,15,0,0,0.000000,nomatch
ed_001433,2,15,15,0,0,0.000000,nomatch
ed_001436,1,13,13,1,0,-0.361158,nonzero
ed_001439,1,16,16,1,0,0.526742,nonzero
ed_001442,1,26,26,1,0,-0.250000,nonzero
ed_001445,1,17,17,0,0,0.000000,nomatch
ed_001450,2,19,19,0,0,0.000000,nomatch
ed_001453,2,16,16,0,0,0.000000,nomatch
ed_001456,2,24,24,0,0,0.000000,nomatch
ed_001459,1,31,31,0,0,0.000000,nomatch
ed_001463,5,34,34,1,0,0.052333,nonzero
ed_001467,2,26,26,0,0,0.000000,nomatch
ed_001470,1,9,9,0,0,0.000000,nomatch
ed_001473,2,19,19,1,0,0.292941,nonzero
ed_001476,2,16,16,1,0,0.064019,nonzero
ed_001479,1,13,13,1,0,0.563239,nonzero
ed_001482,1,13,13,0,0,0.000000,nomatch
ed_001485,2,19,19,0,0,0.000000,nomatch
ed_001490,1,15,15,0,0,0.000000,nomatch
ed_001493,1,12,12,1,0,0.421464,nonzero
ed_001497,3,30,30,1,0,-0.152944,nonzero
ed_001500,2,14,14,0,0,0.000000,nomatch
ed_001503,2,11,11,1,0,-0.289473,nonzero
ed_001506,1,11,11,1,0,0.202289,nonzero
ed_001509,3,37,37,0,0,0.000000,nomatch
ed_001512,1,5,5,0,0,0.000000,nomatch
ed_001515,2,24,24,1,0,-0.306186,nonzero
ed_001518,2,17,17,1,0,0.180579,nonzero
ed_001521,2,15,15,1,0,-0.210732,nonzero
ed_001524,1,4,4,0,0,0.000000,nomatch
ed_001527,2,17,17,0,0,0.000000,nomatch
ed_001530,1,5,5,1,0,-0.128037,nonzero
ed_001533,2,27,27,0,0,0.000000,nomatch
ed_001536,2,28,28,1,0,-0.229415,nonzero
ed_001539,1,21,21,0,0,0.000000,nomatch
ed_001542,3,22,22,0,0,0.000000,nomatch
ed_001545,1,4,4,0,0,0.000000,nomatch
ed_001548,3,39,39,0,0,0.000000,nomatch
ed_001551,1,7,7,1,0,-0.585882,nonzero
ed_001554,3,29,29,0,0,0.000000,nomatch
ed_001557,1,6,6,1,0,-0.421464,nonzero
ed_001560,3,42,42,1,0,0.152944,nonzero
ed_001563,1,8,8,0,0,0.000000,nomatch
ed_001566,2,10,10,1,0,0.246957,nonzero
ed_001569,1,6,6,0,0,0.000000,nomatch
ed_001572,3,33,33,1,0,-0.120386,nonzero
ed_001575,1,18,18,1,0,0.493915,nonzero
ed_001578,2,39,39,2,0,0.324279,nonzero
ed_001581,1,6,6,0,0,0.000000,nomatch
ed_001584,2,35,35,1,0,-0.169975,nonzero
ed_001589,2,28,28,1,0,-0.229415,nonzero
ed_001592,1,8,8,1,0,0.339950,nonzero
ed_001595,2,27,27,1,0,0.180579,nonzero
ed_001600,2,19,19,0,0,0.000000,nomatch
ed_001603,2,38,38,0,0,0.000000,nomatch
ed_001606,1,8,8,0,0,0.000000,nomatch
ed_001609,1,5,5,0,0,0.000000,nomatch
ed_001612,1,6,6,0,0,0.000000,nomatch
ed_001615,2,39,39,1,0,0.229415,nonzero
ed_001618,1,8,8,0,0,0.000000,nomatch
ed_001621,1,7,7,0,0,0.000000,nomatch
ed_001624,2,22,22,0,0,0.000000,nomatch
ed_001627,2,17,17,1,0,0.271163,nonzero
ed_001631,1,6,6,0,0,0.000000,nomatch
ed_001634,3,33,33,2,0,0.329277,nonzero
ed_001637,3,50,50,1,0,0.067430,nonzero
ed_001641,1,7,7,0,0,0.000000,nomatch
ed_001644,1,17,17,1,0,-0.458831,nonzero
ed_001647,1,17,17,0,0,0.000000,nomatch
ed_001650,2,19,19,1,0,0.210732,nonzero
ed_001653,2,22,22,0,0,0.000000,nomatch
ed_001656,1,27,27,0,0,0.000000,nomatch
ed_001659,3,28,28,0,0,0.000000,nomatch
ed_001662,1,5,5,0,0,0.000000,nomatch
ed_001665,1,7,7,1,0,-0.526742,nonzero
ed_001668,1,5,5,0,0,0.000000,nomatch
ed_001671,2,31,31,1,0,0.271163,nonzero
ed_001674,1,6,6,1,0,-0.458831,nonzero
ed_001677,1,8,8,0,0,0.000000,nomatch
ed_001680,1,7,7,0,0,0.000000,nomatch
ed_001683,2,26,26,0,1,-0.210732,nonzero
ed_001686,1,9,9,1,0,0.458831,nonzero
ed_001689,1,9,9,1,0,-0.458831,nonzero
ed_001692,1,8,8,0,0,0.000000,nomatch
ed_001695,4,58,58,1,0,0.090289,nonzero
ed_001699,2,23,23,0,0,0.000000,nomatch
ed_001702,3,31,31,1,0,0.236520,nonzero
ed_001705,1,13,13,1,0,0.202289,nonzero
ed_001708,1,6,6,0,0,0.000000,nomatch
ed_001713,1,9,9,0,0,0.000000,nomatch
ed_001716,1,7,7,0,0,0.000000,nomatch
ed_001719,2,26,26,1,0,0.064019,nonzero
ed_001722,1,8,8,0,0,0.000000,nomatch
ed_001725,1,8,8,0,0,0.000000,nomatch
ed_001728,3,41,41,0,0,0.000000,nomatch
ed_001731,2,33,33,0,0,0.000000,nomatch
ed_001735,1,0,0,0,0,0.000000,nomatch
ed_001738,2,14,14,1,0,-0.238329,nonzero
ed_001741,1,8,8,1,0,0.445087,nonzero
ed_001744,1,13,13,1,0,-0.655311,nonzero
ed_001747,1,7,7,0,0,0.000000,nomatch
ed_001750,1,10,10,1,0,-0.361158,nonzero
ed_001753,2,42,42,0,0,0.000000,nomatch
ed_001756,1,5,5,0,0,0.000000,nomatch
ed_001759,1,19,19,1,0,0.526742,nonzero
ed_001762,1,7,7,1,0,0.526742,nonzero
ed_001765,1,14,14,0,0,0.000000,nomatch
ed_001768,1,9,9,1,0,-0.361158,nonzero
ed_001771,1,5,5,1,0,-0.458831,nonzero
ed_001774,2,27,27,1,0,-0.064019,nonzero
ed_001777,1,9,9,0,0,0.000000,nomatch
ed_001781,1,17,17,1,0,-0.361158,nonzero
ed_001784,2,29,29,0,0,0.000000,nomatch
ed_001787,1,10,10,1,0,-0.655311,nonzero
ed_001791,2,14,14,1,0,0.180579,nonzero
ed_001794,2,8,8,0,0,0.000000,nomatch
ed_001797,2,16,16,0,0,0.000000,nomatch
ed_001801,2,35,35,1,0,0.064019,nonzero
ed_001805,2,28,28,0,0,0.000000,nomatch
ed_001808,1,11,11,1,0,-0.458831,nonzero
ed_001812,1,17,17,0,0,0.000000,nomatch
ed_001815,2,19,19,0,0,0.000000,nomatch
ed_001818,5,50,50,0,0,0.000000,nomatch
ed_001822,3,24,24,0,0,0.000000,nomatch
ed_001826,1,11,11,1,0,-0.361158,nonzero
ed_001829,2,25,25,0,0,0.000000,nomatch
ed_001833,2,19,19,0,0,0.000000,nomatch
ed_001836,1,16,16,0,0,0.000000,nomatch
ed_001839,1,14,14,1,0,-0.128037,nonzero
ed_001842,3,33,33,0,0,0.000000,nomatch
ed_001845,2,15,15,1,0,0.281620,nonzero
ed_001849,2,11,11,0,0,0.000000,nomatch
ed_001852,2,30,30,0,0,0.000000,nomatch
ed_001855,1,21,21,0,0,0.000000,nomatch
ed_001858,1,28,28,1,0,0.704999,nonzero
ed_001861,3,41,41,1,0,0.042679,nonzero
ed_001864,2,16,16,0,0,0.000000,nomatch
ed_001867,2,13,13,0,0,0.000000,nomatch
ed_001870,1,21,21,0,0,0.000000,nomatch
ed_001873,2,12,12,0,0,0.000000,nomatch
ed_001876,2,17,17,1,0,-0.229415,nonzero
ed_001879,2,25,25,0,0,0.000000,nomatch
ed_001882,1,23,23,1,0,-0.458831,nonzero
ed_001885,2,15,15,0,0,0.000000,nomatch
ed_001888,2,17,17,0,0,0.000000,nomatch
ed_001891,3,44,44,0,0,0.000000,nomatch
ed_001894,2,15,15,0,0,0.000000,nomatch
ed_001897,1,7,7,0,0,0.000000,nomatch
ed_001901,1,8,8,0,0,0.000000,nomatch
ed_001904,1,20,20,1,0,-0.128037,nonzero
ed_001907,2,14,14,1,0,0.180579,nonzero
ed_001910,3,55,55,0,0,0.000000,nomatch
ed_001914,1,9,9,0,0,0.000000,nomatch
ed_001917,2,40,40,0,0,0.000000,nomatch
ed_001921,1,11,11,0,0,0.000000,nomatch
ed_001924,3,46,46,0,0,0.000000,nomatch
ed_001927,2,18,18,0,0,0.000000,nomatch
ed_001930,1,29,29,1,0,0.361158,nonzero
ed_001934,1,10,10,0,0,0.000000,nomatch
ed_001938,3,75,75,2,0,-0.046031,nonzero
ed_001941,2,30,30,1,0,-0.224852,nonzero
ed_001945,1,22,22,1,0,-0.655311,nonzero
ed_001948,2,44,44,0,0,0.000000,nomatch
ed_001951,1,14,14,0,0,0.000000,nomatch
ed_001954,6,81,81,2,0,0.002876,nonzero
ed_001958,2,22,22,0,0,0.000000,nomatch
ed_001961,1,4,4,0,0,0.000000,nomatch
ed_001964,2,19,19,0,0,0.000000,nomatch
ed_001967,2,12,12,0,0,0.000000,nomatch
ed_001970,1,22,22,0,0,0.000000,nomatch
ed_001975,2,27,27,0,0,0.000000,nomatch
ed_001978,3,22,22,0,0,0.000000,nomatch
ed_001982,1,6,6,1,0,-0.128037,nonzero
ed_001985,2,24,24,0,0,0.000000,nomatch
ed_001988,1,13,13,0,0,0.000000,nomatch
ed_001991,1,13,13,0,0,0.000000,nomatch
ed_001994,1,8,8,1,0,-0.487080,nonzero
ed_001999,1,8,8,0,0,0.000000,nomatch
ed_002003,1,10,10,0,0,0.000000,nomatch
ed_002007,5,49,49,2,1,-0.216271,nonzero
ed_002010,2,20,20,0,0,0.000000,nomatch
ed_002013,2,18,18,1,0,0.246957,nonzero
ed_002017,2,17,17,1,0,-0.229415,nonzero
ed_002022,2,20,20,0,0,0.000000,nomatch
ed_002026,1,8,8,0,0,0.000000,nomatch
ed_002031,1,9,9,0,0,0.000000,nomatch
ed_002035,2,23,23,0,0,0.000000,nomatch
ed_002038,2,19,19,2,0,0.321983,nonzero
ed_002041,3,34,34,1,0,0.214270,nonzero
ed_002044,2,35,35,0,0,0.000000,nomatch
ed_002049,2,29,29,0,0,0.000000,nomatch
ed_002052,2,32,32,2,0,0.066379,nonzero
ed_002055,2,34,34,0,0,0.000000,nomatch
ed_002058,1,16,16,1,0,-0.458831,nonzero
ed_002062,3,48,48,2,0,0.000000,cancel
ed_002067,1,19,19,0,0,0.000000,nomatch
ed_002070,1,9,9,1,0,0.250000,nonzero
ed_002073,2,23,23,1,0,0.281620,nonzero
ed_002076,2,19,19,1,0,0.263371,nonzero
ed_002079,1,10,10,0,0,0.000000,nomatch
ed_002083,2,18,18,0,0,0.000000,nomatch
ed_002086,1,23,23,1,0,-0.493915,nonzero
ed_002089,1,10,10,1,0,-0.517127,nonzero
ed_002093,2,33,33,1,0,-0.327655,nonzero
ed_002096,2,30,30,1,0,0.125000,nonzero
ed_002099,3,46,46,3,0,0.475994,nonzero
ed_002102,2,18,18,0,0,0.000000,nomatch
ed_002105,2,23,23,0,0,0.000000,nomatch
ed_002108,2,22,22,0,0,0.000000,nomatch
ed_002111,1,17,17,0,0,0.000000,nomatch
ed_002114,1,21,21,0,0,0.000000,nomatch
ed_002117,2,28,28,1,0,-0.229415,nonzero
ed_002121,1,5,5,1,0,-0.361158,nonzero
ed_002124,2,19,19,1,0,-0.180579,nonzero
ed_002127,1,4,4,1,0,0.526742,nonzero
ed_002130,1,9,9,1,0,0.458831,nonzero
ed_002133,2,32,32,0,0,0.000000,nomatch
ed_002136,2,48,48,3,0,-0.154660,nonzero
ed_002139,3,21,21,1,0,-0.120386,nonzero
ed_002142,1,12,12,0,0,0.000000,nomatch
ed_002145,2,15,15,0,0,0.000000,nomatch
ed_002152,1,21,21,0,0,0.000000,nomatch
ed_002155,1,5,5,0,0,0.000000,nomatch
ed_002158,1,15,15,0,0,0.000000,nomatch
ed_002161,2,20,20,0,0,0.000000,nomatch
ed_002164,2,21,21,0,0,0.000000,nomatch
ed_002168,2,27,27,0,0,0.000000,nomatch
ed_002173,1,13,13,0,0,0.000000,nomatch
ed_002176,1,9,9,1,0,-0.526742,nonzero
ed_002179,1,7,7,0,0,0.000000,nomatch
ed_002182,1,13,13,1,0,-0.449704,nonzero
ed_002186,1,10,10,0,0,0.000000,nomatch
ed_002191,1,19,19,1,0,-0.458831,nonzero
ed_002195,2,27,27,0,0,0.000000,nomatch
ed_002201,1,8,8,0,0,0.000000,nomatch
ed_002204,2,32,32,0,0,0.000000,nomatch
ed_002208,3,47,47,1,0,-0.120386,nonzero
ed_002215,2,20,20,0,0,0.000000,nomatch
ed_002219,1,8,8,0,0,0.000000,nomatch
ed_002222,1,18,18,0,0,0.000000,nomatch
ed_002225,1,5,5,1,0,-0.684850,nonzero
ed_002228,2,29,29,1,0,-0.180579,nonzero
ed_002233,1,12,12,2,0,-0.636950,nonzero
ed_002236,2,19,19,1,0,0.263371,nonzero
ed_002239,3,17,17,1,0,0.042679,nonzero
ed_002242,2,15,15,1,0,0.292941,nonzero
ed_002245,1,7,7,0,0,0.000000,nomatch
ed_002248,2,18,18,0,0,0.000000,nomatch
ed_002252,1,15,15,0,0,0.000000,nomatch
ed_002255,1,7,7,1,0,0.361158,nonzero
ed_002258,1,4,4,1,0,0.458831,nonzero
ed_002261,1,6,6,1,0,-0.476658,nonzero
ed_002264,2,20,20,1,0,-0.210732,nonzero
ed_002267,1,13,13,1,0,0.361158,nonzero
ed_002270,1,11,11,0,0,0.000000,nomatch
ed_002274,1,28,28,0,0,0.000000,nomatch
ed_002277,1,14,14,0,0,0.000000,nomatch
ed_002280,1,14,14,0,0,0.000000,nomatch
ed_002283,1,9,9,0,0,0.000000,nomatch
ed_002286,1,14,14,1,0,0.458831,nonzero
ed_002289,2,14,14,0,0,0.000000,nomatch
ed_002292,1,3,3,0,0,0.000000,nomatch
ed_002295,2,16,16,1,0,-0.263371,nonzero
ed_002298,1,8,8,0,0,0.000000,nomatch
ed_002304,1,6,6,0,0,0.000000,nomatch
ed_002307,1,24,24,1,0,-0.250000,nonzero
ed_002310,2,29,29,3,0,0.063757,nonzero
ed_002313,1,12,12,0,0,0.000000,nomatch
ed_002316,1,17,17,0,0,0.000000,nomatch
ed_002319,1,6,6,0,0,0.000000,nomatch
ed_002322,2,16,16,3,1,0.274352,nonzero
ed_002325,1,13,13,0,0,0.000000,nomatch
ed_002328,1,14,14,1,0,0.421464,nonzero
ed_002331,1,6,6,0,0,0.000000,nomatch
ed_002334,3,19,19,1,0,-0.140488,nonzero
ed_002338,1,7,7,0,0,0.000000,nomatch
ed_002341,3,46,46,1,0,-0.042679,nonzero
ed_002346,1,24,24,0,0,0.000000,nomatch
ed_002350,1,15,15,0,0,0.000000,nomatch
ed_002353,1,5,5,1,0,-0.165514,nonzero
ed_002356,1,20,20,1,0,-0.421464,nonzero
ed_002362,3,50,50,0,0,0.000000,nomatch
ed_002367,1,12,12,0,0,0.000000,nomatch
ed_002370,1,6,6,0,0,0.000000,nomatch
ed_002373,2,16,16,0,0,0.000000,nomatch
ed_002376,2,15,15,1,0,-0.180579,nonzero
ed_002379,2,12,12,0,0,0.000000,nomatch
ed_002383,3,46,46,1,0,0.175581,nonzero
ed_002386,2,24,24,0,0,0.000000,nomatch
ed_002389,1,15,15,0,0,0.000000,nomatch
ed_002392,1,11,11,0,0,0.000000,nomatch
ed_002395,2,34,34,0,0,0.000000,nomatch
ed_002398,2,22,22,0,0,0.000000,nomatch
ed_002401,2,10,10,1,0,-0.210732,nonzero
ed_002408,2,11,11,0,0,0.000000,nomatch
ed_002411,1,31,31,0,0,0.000000,nomatch
ed_002415,1,16,16,0,0,0.000000,nomatch
ed_002418,2,20,20,0,0,0.000000,nomatch
ed_002421,3,29,29,2,0,0.305887,nonzero
ed_002427,3,36,36,1,0,0.187746,nonzero
ed_002432,2,16,16,1,0,-0.210732,nonzero
ed_002435,2,35,35,0,0,0.000000,nomatch
ed_002439,2,31,31,1,0,-0.342425,nonzero
ed_002442,3,25,25,1,0,-0.226941,nonzero
ed_002445,2,26,26,1,0,0.101144,nonzero
ed_002448,2,26,26,0,0,0.000000,nomatch
ed_002452,1,19,19,1,0,-0.526742,nonzero
ed_002456,1,17,17,0,0,0.000000,nomatch
ed_002459,2,19,19,0,0,0.000000,nomatch
ed_002462,1,6,6,0,0,0.000000,nomatch
ed_002465,2,40,40,0,0,0.000000,nomatch
ed_002468,1,17,17,0,0,0.000000,nomatch
ed_002471,4,63,63,1,0,-0.062500,nonzero
ed_002475,2,25,25,0,0,0.000000,nomatch
ed_002478,1,12,12,0,0,0.000000,nomatch
ed_002481,2,12,12,0,0,0.000000,nomatch
ed_002484,3,36,36,0,0,0.000000,nomatch
ed_002487,1,21,21,0,0,0.000000,nomatch
ed_002490,1,10,10,0,0,0.000000,nomatch
ed_002493,3,23,23,2,0,-0.020102,nonzero
ed_002496,2,32,32,0,0,0.000000,nomatch
ed_002499,1,17,17,0,0,0.000000,nomatch
ed_002502,1,21,21,0,0,0.000000,nomatch
ed_002505,2,20,20,1,0,0.297018,nonzero
ed_002508,1,16,16,1,0,0.458831,nonzero
ed_002511,2,38,38,0,0,0.000000,nomatch
ed_002514,2,21,21,0,0,0.000000,nomatch
ed_002517,1,20,20,1,0,0.458831,nonzero
ed_002521,1,7,7,0,0,0.000000,nomatch
ed_002525,3,24,24,1,0,0.180775,nonzero
ed_002528,1,15,15,0,0,0.000000,nomatch
ed_002531,3,27,27,0,0,0.000000,nomatch
ed_002534,2,14,14,0,0,0.000000,nomatch
ed_002537,1,16,16,0,0,0.000000,nomatch
ed_002540,1,14,14,0,0,0.000000,nomatch
ed_002543,2,32,32,0,0,0.000000,nomatch
ed_002549,3,33,33,1,0,0.226941,nonzero
ed_002555,1,14,14,0,0,0.000000,nomatch
ed_002558,2,24,24,0,0,0.000000,nomatch
ed_002561,1,22,22,1,0,0.128037,nonzero
ed_002564,2,34,34,3,0,0.356448,nonzero
ed_002567,2,25,25,1,0,0.263371,nonzero
ed_002570,1,15,15,0,0,0.000000,nomatch
ed_002573,2,72,72,1,0,0.180579,nonzero
ed_002576,2,13,13,1,0,-0.224852,nonzero
ed_002579,1,17,17,0,0,0.000000,nomatch
ed_002582,5,54,54,1,0,-0.072232,nonzero
ed_002586,2,25,25,2,0,-0.361158,nonzero
ed_002592,3,36,36,0,0,0.000000,nomatch
ed_002596,2,29,29,0,0,0.000000,nomatch
ed_002599,1,15,15,0,0,0.000000,nomatch
ed_002602,1,20,20,0,0,0.000000,nomatch
ed_002605,2,31,31,1,0,-0.224852,nonzero
ed_002608,2,34,34,0,0,0.000000,nomatch
ed_002611,3,27,27,0,0,0.000000,nomatch
ed_002614,1,18,18,0,0,0.000000,nomatch
ed_002617,1,13,13,0,0,0.000000,nomatch
ed_002624,3,56,56,1,0,-0.149901,nonzero
ed_002627,4,57,57,0,0,0.000000,nomatch
ed_002630,3,21,21,2,0,0.020102,nonzero
ed_002633,2,31,31,1,0,-0.327655,nonzero
ed_002637,1,14,14,1,0,0.557370,nonzero
ed_002640,2,18,18,0,0,0.000000,nomatch
ed_002644,1,10,10,0,0,0.000000,nomatch
ed_002648,1,17,17,0,0,0.000000,nomatch
ed_002651,1,6,6,2,0,0.718421,nonzero
ed_002654,3,25,25,0,0,0.000000,nomatch
ed_002657,2,18,18,0,0,0.000000,nomatch
ed_002660,2,21,21,1,0,-0.263371,nonzero
ed_002663,2,45,45,0,0,0.000000,nomatch
ed_002668,1,12,12,0,0,0.000000,nomatch
ed_002672,1,15,15,1,0,0.202289,nonzero
ed_002675,1,22,22,0,0,0.000000,nomatch
ed_002678,2,18,18,1,0,0.180579,nonzero
ed_002681,2,34,34,1,0,-0.229415,nonzero
ed_002684,3,26,26,0,0,0.000000,nomatch
ed_002687,2,24,24,2,0,-0.180579,nonzero
ed_002690,3,49,49,1,0,-0.185790,nonzero
ed_002694,1,12,12,1,0,-0.361158,nonzero
ed_002697,1,9,9,1,0,0.458831,nonzero
ed_002700,1,14,14,0,0,0.000000,nomatch
ed_002705,1,16,16,0,0,0.000000,nomatch
ed_002708,3,21,21,0,0,0.000000,nomatch
ed_002712,2,52,52,2,0,-0.531038,nonzero
ed_002715,1,6,6,0,0,0.000000,nomatch
ed_002718,2,20,20,1,0,-0.210732,nonzero
ed_002722,2,13,13,0,0,0.000000,nomatch
ed_002725,2,30,30,1,0,0.180579,nonzero
ed_002728,1,15,15,0,0,0.000000,nomatch
ed_002732,1,13,13,0,0,0.000000,nomatch
ed_002735,2,41,41,2,0,-0.457689,nonzero
ed_002738,1,16,16,2,0,-0.670478,nonzero
ed_002741,2,28,28,0,0,0.000000,nomatch
ed_002744,1,14,14,0,0,0.000000,nomatch
ed_002747,2,18,18,1,0,-0.229415,nonzero
ed_002751,2,23,23,0,0,0.000000,nomatch
ed_002754,2,26,26,0,0,0.000000,nomatch
ed_002757,1,7,7,1,0,-0.458831,nonzero
ed_002760,1,0,0,0,0,0.000000,nomatch
ed_002763,3,37,37,0,0,0.000000,nomatch
ed_002766,1,17,17,1,0,0.542326,nonzero
ed_002769,1,6,6,0,0,0.000000,nomatch
ed_002773,2,19,19,1,0,-0.229415,nonzero
ed_002776,3,41,41,0,0,0.000000,nomatch
ed_002779,1,6,6,1,0,-0.748232,nonzero
ed_002782,1,11,11,0,0,0.000000,nomatch
ed_002786,1,8,8,0,0,0.000000,nomatch
ed_002789,2,13,13,1,0,-0.340411,nonzero
ed_002792,1,15,15,0,0,0.000000,nomatch
ed_002796,1,18,18,0,0,0.000000,nomatch
ed_002799,1,8,8,1,0,0.585882,nonzero
ed_002802,1,5,5,1,0,0.458831,nonzero
ed_002805,1,17,17,0,0,0.000000,nomatch
ed_002809,2,31,31,1,0,-0.180579,nonzero
ed_002812,2,11,11,2,0,0.431186,nonzero
ed_002815,1,22,22,0,0,0.000000,nomatch
ed_002818,2,32,32,0,0,0.000000,nomatch
ed_002821,1,18,18,0,0,0.000000,nomatch
ed_002824,1,17,17,1,0,0.361158,nonzero
ed_002827,1,7,7,1,0,-0.684850,nonzero
ed_002830,1,10,10,0,0,0.000000,nomatch
ed_002833,1,4,4,1,0,-0.578947,nonzero
ed_002836,3,33,33,0,0,0.000000,nomatch
ed_002840,3,43,43,0,0,0.000000,nomatch
ed_002843,1,21,21,0,0,0.000000,nomatch
ed_002846,2,24,24,0,0,0.000000,nomatch
ed_002851,3,40,40,2,0,-0.251859,nonzero
ed_002855,2,31,31,0,0,0.000000,nomatch
ed_002859,2,11,11,0,0,0.000000,nomatch
ed_002862,1,23,23,0,0,0.000000,nomatch
ed_002866,3,38,38,0,0,0.000000,nomatch
ed_002870,1,8,8,0,0,0.000000,nomatch
ed_002873,1,8,8,1,0,-0.361158,nonzero
ed_002876,1,17,17,0,0,0.000000,nomatch
ed_002880,1,26,26,3,0,-0.790569,nonzero
ed_002884,1,8,8,0,0,0.000000,nomatch
ed_002888,1,28,28,0,0,0.000000,nomatch
ed_002891,1,14,14,0,0,0.000000,nomatch
ed_002895,2,18,18,1,0,-0.180579,nonzero
ed_002899,2,33,33,0,0,0.000000,nomatch
ed_002903,1,9,9,0,0,0.000000,nomatch
ed_002906,1,17,17,1,0,-0.361158,nonzero
ed_002909,1,12,12,0,0,0.000000,nomatch
ed_002912,1,10,10,1,0,-0.458831,nonzero
ed_002916,2,33,33,2,0,-0.361158,nonzero
ed_002919,1,14,14,0,0,0.000000,nomatch
ed_002922,2,43,43,1,0,0.064019,nonzero
ed_002926,2,20,20,0,0,0.000000,nomatch
ed_002930,2,30,30,0,0,0.000000,nomatch
ed_002933,1,28,28,0,0,0.000000,nomatch
ed_002936,1,22,22,0,0,0.000000,nomatch
ed_002943,2,37,37,1,0,0.229415,nonzero
ed_002946,1,20,20,1,0,0.526742,nonzero
ed_002949,1,9,9,1,0,-0.361158,nonzero
ed_002952,2,15,15,0,0,0.000000,nomatch
ed_002955,2,38,38,1,0,0.120295,nonzero
ed_002959,2,39,39,1,0,0.180579,nonzero
ed_002964,1,10,10,1,0,0.458831,nonzero
ed_002968,3,24,24,1,0,0.152944,nonzero
ed_002971,2,30,30,1,0,-0.195971,nonzero
ed_002975,1,18,18,0,0,0.000000,nomatch
ed_002978,1,17,17,2,0,-0.824350,nonzero
ed_002982,1,14,14,0,0,0.000000,nomatch
ed_002986,1,15,15,0,0,0.000000,nomatch
ed_002990,3,41,41,0,0,0.000000,nomatch
ed_002993,1,10,10,0,0,0.000000,nomatch
ed_002996,2,30,30,0,0,0.000000,nomatch
ed_002999,1,14,14,0,0,0.000000,nomatch
ed_003002,1,25,25,0,0,0.000000,nomatch
ed_003006,2,24,24,1,0,0.169975,nonzero
ed_003010,1,5,5,0,0,0.000000,nomatch
ed_003013,1,17,17,1,0,-0.361158,nonzero
ed_003016,1,6,6,0,0,0.000000,nomatch
ed_003020,1,5,5,0,0,0.000000,nomatch
ed_003024,3,41,41,0,0,0.000000,nomatch
ed_003027,1,9,9,0,0,0.000000,nomatch
ed_003031,1,9,9,0,0,0.000000,nomatch
ed_003034,1,7,7,0,0,0.000000,nomatch
ed_003037,1,11,11,1,0,-0.487080,nonzero
ed_003040,1,13,13,1,0,0.526742,nonzero
ed_003043,2,18,18,0,0,0.000000,nomatch
ed_003047,3,46,46,0,0,0.000000,nomatch
ed_003050,1,10,10,0,0,0.000000,nomatch
ed_003053,1,8,8,1,0,0.526742,nonzero
ed_003057,1,12,12,0,0,0.000000,nomatch
ed_003060,1,8,8,1,0,-0.421464,nonzero
ed_003063,2,19,19,0,0,0.000000,nomatch
ed_003066,2,36,36,1,0,0.229415,nonzero
ed_003069,4,66,66,3,0,0.159661,nonzero
ed_003073,1,11,11,0,0,0.000000,nomatch
ed_003077,1,6,6,1,0,-0.578947,nonzero
ed_003080,1,11,11,0,0,0.000000,nomatch
ed_003083,3,38,38,0,0,0.000000,nomatch
ed_003086,1,20,20,0,0,0.000000,nomatch
ed_003091,1,7,7,0,0,0.000000,nomatch
ed_003094,1,5,5,1,0,-0.684850,nonzero
ed_003097,1,10,10,0,0,0.000000,nomatch
ed_003100,1,11,11,0,0,0.000000,nomatch
ed_003103,1,11,11,1,0,0.526742,nonzero
ed_003106,2,27,27,1,0,0.180579,nonzero
ed_003110,2,32,32,1,0,0.229415,nonzero
ed_003113,1,19,19,0,0,0.000000,nomatch
ed_003116,1,7,7,0,0,0.000000,nomatch
ed_003120,1,12,12,0,0,0.000000,nomatch
ed_003123,1,9,9,1,0,0.458831,nonzero
ed_003126,1,9,9,0,0,0.000000,nomatch
ed_003129,2,29,29,0,0,0.000000,nomatch
ed_003133,1,5,5,1,0,-0.684850,nonzero
ed_003136,1,8,8,0,0,0.000000,nomatch
ed_003139,1,8,8,1,0,-0.526742,nonzero
ed_003142,2,25,25,1,0,0.210732,nonzero
ed_003145,1,6,6,0,0,0.000000,nomatch
ed_003148,1,7,7,1,0,0.493915,nonzero
ed_003151,1,12,12,0,0,0.000000,nomatch
ed_003154,1,12,12,1,0,-0.128037,nonzero
ed_003157,2,58,58,1,0,0.064019,nonzero
ed_003160,1,5,5,0,0,0.000000,nomatch
ed_003163,3,27,27,0,0,0.000000,nomatch
ed_003166,2,22,22,1,0,-0.088929,nonzero
ed_003170,1,11,11,0,0,0.000000,nomatch
ed_003173,1,11,11,0,0,0.000000,nomatch
ed_003176,2,13,13,2,0,-0.538388,nonzero
ed_003180,1,7,7,0,0,0.000000,nomatch
ed_003183,4,29,29,0,0,0.000000,nomatch
ed_003186,1,13,13,0,0,0.000000,nomatch
ed_003189,2,23,23,1,0,0.180579,nonzero
ed_003193,1,17,17,0,0,0.000000,nomatch
ed_003196,1,11,11,1,0,-0.421464,nonzero
ed_003199,2,17,17,1,0,0.180579,nonzero
ed_003203,1,6,6,0,0,0.000000,nomatch
ed_003206,1,7,7,1,0,-0.458831,nonzero
ed_003209,1,18,18,0,0,0.000000,nomatch
ed_003212,1,10,10,0,0,0.000000,nomatch
ed_003215,1,5,5,0,0,0.000000,nomatch
ed_003218,1,10,10,1,0,-0.361158,nonzero
ed_003221,2,31,31,0,0,0.000000,nomatch
ed_003224,1,10,10,1,0,-0.684850,nonzero
ed_003227,2,26,26,0,0,0.000000,nomatch
ed_003231,2,14,14,1,0,0.271163,nonzero
ed_003236,1,5,5,0,0,0.000000,nomatch
ed_003239,1,5,5,0,0,0.000000,nomatch
ed_003242,2,21,21,0,0,0.000000,nomatch
ed_003246,1,19,19,0,0,0.000000,nomatch
ed_003249,1,5,5,0,0,0.000000,nomatch
ed_003252,1,22,22,0,0,0.000000,nomatch
ed_003256,1,14,14,2,0,-0.761486,nonzero
ed_003259,2,21,21,1,0,-0.147979,nonzero
ed_003262,1,14,14,0,0,0.000000,nomatch
ed_003267,3,35,35,0,0,0.000000,nomatch
ed_003270,1,6,6,0,0,0.000000,nomatch
ed_003273,1,9,9,1,0,-0.421464,nonzero
ed_003276,2,24,24,1,0,0.271163,nonzero
ed_003280,1,13,13,1,0,0.361158,nonzero
ed_003283,1,21,21,2,0,-0.670478,nonzero
ed_003286,1,12,12,0,0,0.000000,nomatch
ed_003293,2,19,19,1,0,-0.306186,nonzero
ed_003296,1,9,9,0,0,0.000000,nomatch
ed_003299,2,11,11,0,0,0.000000,nomatch
ed_003303,1,8,8,2,0,0.769061,nonzero
ed_003306,1,9,9,1,0,-0.361158,nonzero
ed_003309,1,8,8,1,0,-0.684850,nonzero
ed_003312,2,22,22,0,0,0.000000,nomatch
ed_003315,2,19,19,0,0,0.000000,nomatch
ed_003319,3,45,45,1,0,-0.181793,nonzero
ed_003323,1,14,14,0,0,0.000000,nomatch
ed_003326,1,11,11,1,0,-0.361158,nonzero
ed_003329,1,9,9,0,0,0.000000,nomatch
ed_003332,2,13,13,0,0,0.000000,nomatch
ed_003335,2,23,23,1,0,-0.180579,nonzero
ed_003340,1,8,8,0,0,0.000000,nomatch
ed_003343,3,30,30,1,0,-0.120386,nonzero
ed_003346,1,8,8,1,0,0.578947,nonzero
ed_003349,1,17,17,0,0,0.000000,nomatch
ed_003352,3,39,39,1,0,-0.130647,nonzero
ed_003356,2,30,30,0,0,0.000000,nomatch
ed_003360,1,20,20,2,0,-0.077228,nonzero
ed_003363,2,22,22,1,0,-0.180579,nonzero
ed_003368,2,12,12,1,0,0.101144,nonzero
ed_003372,3,29,29,1,0,0.130647,nonzero
ed_003375,1,14,14,2,0,-0.829851,nonzero
ed_003379,1,17,17,0,0,0.000000,nomatch
ed_003382,2,24,24,2,0,0.560636,nonzero
ed_003386,2,15,15,1,0,0.101144,nonzero
ed_003390,2,38,38,3,0,-0.255371,nonzero
ed_003393,3,28,28,1,0,-0.204124,nonzero
ed_003396,2,26,26,3,0,-0.442215,nonzero
ed_003399,1,34,34,0,0,0.000000,nomatch
ed_003402,3,22,22,0,0,0.000000,nomatch
ed_003405,1,13,13,0,0,0.000000,nomatch
ed_003408,2,33,33,0,0,0.000000,nomatch
ed_003412,2,21,21,1,0,-0.272689,nonzero
ed_003416,1,20,20,0,0,0.000000,nomatch
ed_003419,2,42,42,1,0,-0.354780,nonzero
ed_003422,1,6,6,0,0,0.000000,nomatch
ed_003425,2,9,9,0,0,0.000000,nomatch
ed_003428,2,30,30,1,0,-0.229415,nonzero
ed_003431,1,8,8,2,0,0.775026,nonzero
ed_003435,2,21,21,0,0,0.000000,nomatch
ed_003438,1,33,33,0,0,0.000000,nomatch
ed_003441,2,17,17,0,0,0.000000,nomatch
ed_003446,3,37,37,0,0,0.000000,nomatch
ed_003450,2,27,27,0,0,0.000000,nomatch
ed_003454,2,32,32,1,0,-0.289473,nonzero
ed_003457,1,5,5,1,0,0.585882,nonzero
ed_003460,1,28,28,1,0,0.177858,nonzero
ed_003463,2,32,32,0,0,0.000000,nomatch
ed_003466,2,23,23,0,0,0.000000,nomatch
ed_003469,2,14,14,1,0,-0.147979,nonzero
ed_003473,1,9,9,0,0,0.000000,nomatch
ed_003476,1,15,15,2,0,-0.866790,nonzero
ed_003479,2,27,27,1,0,-0.180579,nonzero
ed_003482,2,24,24,0,0,0.000000,nomatch
ed_003485,2,16,16,0,0,0.000000,nomatch
ed_003489,1,20,20,0,0,0.000000,nomatch
ed_003492,1,8,8,0,0,0.000000,nomatch
ed_003495,2,19,19,1,0,0.180579,nonzero
ed_003499,2,17,17,0,0,0.000000,nomatch
ed_003502,1,12,12,0,0,0.000000,nomatch
ed_003505,2,12,12,0,0,0.000000,nomatch
ed_003508,2,28,28,1,0,-0.125000,nonzero
ed_003512,3,17,17,1,0,0.187746,nonzero
ed_003516,2,20,20,0,0,0.000000,nomatch
ed_003519,1,27,27,1,0,-0.493915,nonzero
ed_003522,1,10,10,0,0,0.000000,nomatch
ed_003525,2,16,16,1,0,-0.210732,nonzero
ed_003530,2,21,21,0,0,0.000000,nomatch
ed_003534,1,19,19,0,0,0.000000,nomatch
ed_003537,2,8,8,0,0,0.000000,nomatch
ed_003540,2,19,19,0,0,0.000000,nomatch
ed_003544,3,19,19,0,0,0.000000,nomatch
ed_003547,2,15,15,0,0,0.000000,nomatch
ed_003550,2,15,15,0,0,0.000000,nomatch
ed_003553,3,73,73,2,0,-0.020102,nonzero
ed_003557,1,15,15,0,0,0.000000,nomatch
ed_003560,1,13,13,0,0,0.000000,nomatch
ed_003563,2,15,15,0,0,0.000000,nomatch
ed_003566,2,14,14,0,1,-0.306186,nonzero
ed_003570,2,22,22,1,0,0.180579,nonzero
ed_003573,2,12,12,0,0,0.000000,nomatch
ed_003577,2,18,18,0,0,0.000000,nomatch
ed_003580,1,17,17,1,0,0.458831,nonzero
ed_003583,2,51,51,0,0,0.000000,nomatch
ed_003587,2,13,13,0,0,0.000000,nomatch
ed_003593,3,53,53,0,0,0.000000,nomatch
ed_003597,2,24,24,1,0,0.271163,nonzero
ed_003601,2,17,17,0,1,-0.064019,nonzero
ed_003606,1,8,8,1,0,0.391942,nonzero
ed_003609,2,19,19,0,0,0.000000,nomatch
ed_003612,1,16,16,0,0,0.000000,nomatch
ed_003615,2,20,20,0,0,0.000000,nomatch
ed_003619,2,18,18,0,0,0.000000,nomatch
ed_003622,3,33,33,0,0,0.000000,nomatch
ed_003625,1,16,16,0,0,0.000000,nomatch
ed_003629,1,9,9,1,0,-0.585882,nonzero
ed_003632,1,25,25,0,0,0.000000,nomatch
ed_003635,2,18,18,1,0,0.180579,nonzero
ed_003639,2,16,16,0,0,0.000000,nomatch
ed_003643,2,32,32,0,0,0.000000,nomatch
ed_003646,1,14,14,1,0,-0.361158,nonzero
ed_003650,1,7,7,2,1,0.564693,nonzero
ed_003653,1,10,10,0,0,0.000000,nomatch
ed_003657,1,7,7,0,0,0.000000,nomatch
ed_003660,3,49,49,2,0,0.314540,nonzero
ed_003663,1,20,20,0,0,0.000000,nomatch
ed_003666,2,32,32,0,0,0.000000,nomatch
ed_003669,1,16,16,0,0,0.000000,nomatch
ed_003673,1,20,20,0,0,0.000000,nomatch
ed_003676,1,7,7,1,0,0.458831,nonzero
ed_003679,1,7,7,0,0,0.000000,nomatch
ed_003682,1,11,11,0,0,0.000000,nomatch
ed_003685,1,16,16,0,0,0.000000,nomatch
ed_003688,2,12,12,1,0,-0.210732,nonzero
ed_003692,1,7,7,1,0,0.250000,nonzero
ed_003695,1,10,10,1,0,-0.361158,nonzero
ed_003698,1,13,13,1,0,0.309370,nonzero
ed_003702,4,45,45,2,0,-0.041396,nonzero
ed_003705,1,9,9,0,0,0.000000,nomatch
ed_003709,3,35,35,0,1,-0.042679,nonzero
ed_003712,2,12,12,1,0,0.180579,nonzero
ed_003716,1,23,23,0,0,0.000000,nomatch
ed_003719,1,26,26,2,0,0.612372,nonzero
ed_003727,3,53,53,0,0,0.000000,nomatch
ed_003730,1,20,20,1,0,0.542326,nonzero
ed_003733,1,23,23,0,0,0.000000,nomatch
ed_003738,2,17,17,0,0,0.000000,nomatch
ed_003741,1,23,23,1,0,0.202289,nonzero
ed_003744,1,12,12,0,0,0.000000,nomatch
ed_003748,2,16,16,0,0,0.000000,nomatch
ed_003751,1,11,11,1,0,-0.361158,nonzero
ed_003754,3,35,35,0,0,0.000000,nomatch
ed_003758,1,10,10,0,0,0.000000,nomatch
ed_003761,1,17,17,1,0,0.458831,nonzero
ed_003765,3,38,38,0,0,0.000000,nomatch
ed_003768,1,11,11,1,0,0.493915,nonzero
ed_003772,2,12,12,0,0,0.000000,nomatch
ed_003776,3,45,45,0,0,0.000000,nomatch
ed_003779,1,16,16,1,0,-0.748232,nonzero
ed_003783,2,33,33,0,0,0.000000,nomatch
ed_003787,1,10,10,1,0,-0.578947,nonzero
ed_003790,2,17,17,0,0,0.000000,nomatch
ed_003793,2,68,68,2,0,-0.076547,nonzero
ed_003796,3,38,38,1,0,-0.120386,nonzero
ed_003799,2,18,18,0,0,0.000000,nomatch
ed_003802,2,22,22,0,0,0.000000,nomatch
ed_003805,1,15,15,0,0,0.000000,nomatch
ed_003809,5,64,64,1,0,-0.135655,nonzero
ed_003812,3,38,38,1,0,0.175581,nonzero
ed_003815,1,26,26,0,0,0.000000,nomatch
ed_003818,1,18,18,1,0,0.493915,nonzero
ed_003821,2,12,12,0,0,0.000000,nomatch
ed_003825,2,17,17,1,0,0.271163,nonzero
ed_003828,3,26,26,0,0,0.000000,nomatch
ed_003831,1,21,21,0,0,0.000000,nomatch
ed_003835,2,24,24,0,0,0.000000,nomatch
ed_003838,1,9,9,0,0,0.000000,nomatch
ed_003841,1,14,14,0,0,0.000000,nomatch
ed_003844,2,18,18,1,0,0.210732,nonzero
ed_003847,3,40,40,1,0,-0.132649,nonzero
ed_003850,2,18,18,1,0,0.064019,nonzero
ed_003854,3,36,36,0,0,0.000000,nomatch
ed_003857,1,13,13,0,0,0.000000,nomatch
ed_003861,1,8,8,0,0,0.000000,nomatch
ed_003864,1,16,16,0,0,0.000000,nomatch
ed_003868,4,51,51,1,0,-0.105366,nonzero
ed_003871,2,22,22,0,0,0.000000,nomatch
ed_003874,1,22,22,1,0,0.585882,nonzero
ed_003878,1,12,12,0,0,0.000000,nomatch
ed_003881,2,24,24,0,0,0.000000,nomatch
ed_003884,1,9,9,0,0,0.000000,nomatch
ed_003887,2,33,33,0,0,0.000000,nomatch
ed_003890,1,14,14,0,0,0.000000,nomatch
ed_003893,2,37,37,0,0,0.000000,nomatch
ed_003896,2,28,28,1,0,0.263371,nonzero
ed_003899,1,13,13,0,0,0.000000,nomatch
ed_003902,2,13,13,0,0,0.000000,nomatch
ed_003905,4,48,48,1,0,0.105366,nonzero
ed_003908,1,19,19,0,0,0.000000,nomatch
ed_003911,1,10,10,0,0,0.000000,nomatch
ed_003914,1,16,16,0,0,0.000000,nomatch
ed_003917,1,24,24,0,0,0.000000,nomatch
ed_003920,1,12,12,0,0,0.000000,nomatch
ed_003924,1,13,13,0,0,0.000000,nomatch
ed_003927,1,13,13,0,0,0.000000,nomatch
ed_003934,2,23,23,0,0,0.000000,nomatch
ed_003939,2,13,13,0,0,0.000000,nomatch
ed_003942,3,34,34,1,0,0.164638,nonzero
ed_003946,2,18,18,0,0,0.000000,nomatch
ed_003949,2,18,18,0,0,0.000000,nomatch
ed_003952,1,7,7,0,0,0.000000,nomatch
ed_003955,2,19,19,1,1,0.242678,nonzero
ed_003959,2,17,17,0,0,0.000000,nomatch
ed_003962,2,33,33,1,0,0.246957,nonzero
ed_003965,2,18,18,1,0,-0.263371,nonzero
ed_003968,2,21,21,1,0,0.263371,nonzero
ed_003971,2,25,25,1,0,0.064019,nonzero
ed_003974,1,8,8,0,0,0.000000,nomatch
ed_003977,2,28,28,0,0,0.000000,nomatch
ed_003980,1,9,9,0,0,0.000000,nomatch
ed_003983,1,13,13,0,0,0.000000,nomatch
ed_003986,2,32,32,1,0,-0.278685,nonzero
ed_003993,3,29,29,1,0,0.059286,nonzero
ed_003996,2,26,26,0,0,0.000000,nomatch
ed_003999,3,27,27,1,0,-0.228283,nonzero
ed_004002,1,12,12,0,0,0.000000,nomatch
ed_004005,1,26,26,1,0,-0.476658,nonzero
ed_004009,1,18,18,0,0,0.000000,nomatch
ed_004012,1,19,19,1,0,-0.458831,nonzero
ed_004015,1,13,13,0,0,0.000000,nomatch
ed_004018,1,13,13,1,1,0.458831,nonzero
ed_004021,1,7,7,0,0,0.000000,nomatch
ed_004025,1,11,11,2,0,0.757937,nonzero
ed_004028,1,12,12,0,0,0.000000,nomatch
ed_004031,1,22,22,1,0,0.526742,nonzero
ed_004035,1,27,27,0,0,0.000000,nomatch
ed_004042,1,11,11,1,0,-0.361158,nonzero
ed_004045,3,26,26,0,0,0.000000,nomatch
ed_004049,2,45,45,1,0,0.064019,nonzero
ed_004053,1,13,13,0,0,0.000000,nomatch
ed_004056,2,17,17,1,0,-0.229415,nonzero
ed_004060,1,11,11,0,0,0.000000,nomatch
ed_004063,2,20,20,1,0,-0.177426,nonzero
ed_004066,2,20,20,0,0,0.000000,nomatch
ed_004070,1,6,6,0,0,0.000000,nomatch
ed_004074,1,9,9,0,0,0.000000,nomatch
ed_004077,1,15,15,0,0,0.000000,nomatch
ed_004080,2,32,32,2,0,-0.244597,nonzero
ed_004084,1,24,24,0,0,0.000000,nomatch
ed_004088,1,8,8,0,0,0.000000,nomatch
ed_004091,2,11,11,0,0,0.000000,nomatch
ed_004098,2,15,15,0,0,0.000000,nomatch
ed_004102,2,16,16,0,0,0.000000,nomatch
ed_004105,1,4,4,0,0,0.000000,nomatch
ed_004108,2,18,18,0,0,0.000000,nomatch
ed_004111,1,15,15,0,0,0.000000,nomatch
ed_004114,1,15,15,0,0,0.000000,nomatch
ed_004118,2,18,18,0,0,0.000000,nomatch
ed_004121,2,14,14,0,0,0.000000,nomatch
ed_004125,1,15,15,1,0,-0.361158,nonzero
ed_004128,1,8,8,1,0,0.585882,nonzero
ed_004131,2,15,15,1,0,0.229415,nonzero
ed_004135,2,22,22,1,0,0.263371,nonzero
ed_004142,1,33,33,0,0,0.000000,nomatch
ed_004146,1,9,9,1,1,0.458831,nonzero
ed_004149,2,17,17,0,0,0.000000,nomatch
ed_004153,2,19,19,0,0,0.000000,nomatch
ed_004160,2,10,10,1,0,0.281620,nonzero
ed_004164,1,27,27,0,0,0.000000,nomatch
ed_004170,2,18,18,1,0,-0.327655,nonzero
ed_004177,2,11,11,1,0,-0.180579,nonzero
ed_004180,1,11,11,1,0,0.458831,nonzero
ed_004184,1,10,10,0,0,0.000000,nomatch
ed_004187,2,14,14,0,0,0.000000,nomatch
ed_004192,1,10,10,0,0,0.000000,nomatch
ed_004195,2,12,12,0,0,0.000000,nomatch
ed_004198,1,11,11,1,0,-0.487080,nonzero
ed_004204,1,15,15,0,0,0.000000,nomatch
ed_004211,2,11,11,0,0,0.000000,nomatch
ed_004215,1,11,11,1,0,0.128037,nonzero
ed_004218,1,16,16,0,0,0.000000,nomatch
ed_004222,1,23,23,0,0,0.000000,nomatch
ed_004225,1,6,6,0,0,0.000000,nomatch
ed_004232,1,17,17,0,0,0.000000,nomatch
ed_004235,1,13,13,1,0,-0.348498,nonzero
ed_004239,1,17,17,1,0,0.361158,nonzero
ed_004242,3,43,43,1,0,0.067430,nonzero
ed_004245,1,13,13,0,0,0.000000,nomatch
ed_004248,3,40,40,1,0,0.187746,nonzero
ed_004251,1,17,17,2,0,0.226348,nonzero
ed_004255,2,10,10,0,0,0.000000,nomatch
ed_004258,2,17,17,0,0,0.000000,nomatch
ed_004261,2,32,32,0,0,0.000000,nomatch
ed_004264,2,9,9,0,0,0.000000,nomatch
ed_004267,2,14,14,0,0,0.000000,nomatch
ed_004271,2,13,13,0,0,0.000000,nomatch
ed_004275,2,18,18,0,0,0.000000,nomatch
ed_004278,2,22,22,1,0,0.271163,nonzero
ed_004281,2,14,14,0,0,0.000000,nomatch
ed_004284,1,16,16,0,0,0.000000,nomatch
ed_004287,2,11,11,0,0,0.000000,nomatch
ed_004291,1,9,9,0,0,0.000000,nomatch
ed_004294,2,14,14,0,0,0.000000,nomatch
ed_004298,1,18,18,0,0,0.000000,nomatch
ed_004301,1,15,15,1,0,-0.748232,nonzero
ed_004305,3,34,34,0,0,0.000000,nomatch
ed_004308,2,13,13,1,0,-0.045001,nonzero
ed_004312,1,16,16,0,0,0.000000,nomatch
ed_004315,2,15,15,0,0,0.000000,nomatch
ed_004318,1,14,14,0,0,0.000000,nomatch
ed_004325,1,5,5,0,0,0.000000,nomatch
ed_004331,1,10,10,0,0,0.000000,nomatch
ed_004335,1,9,9,0,0,0.000000,nomatch
ed_004338,2,10,10,1,0,-0.289473,nonzero
ed_004341,2,13,13,2,0,-0.335239,nonzero
ed_004345,1,19,19,1,0,-0.476658,nonzero
ed_004350,2,14,14,0,0,0.000000,nomatch
ed_004354,1,23,23,1,0,0.594036,nonzero
ed_004357,2,14,14,1,0,-0.229415,nonzero
ed_004360,1,9,9,0,0,0.000000,nomatch
ed_004364,1,9,9,1,0,0.361158,nonzero
ed_004368,2,13,13,0,0,0.000000,nomatch
ed_004374,3,66,66,1,0,0.042679,nonzero
ed_004378,1,12,12,0,0,0.000000,nomatch
ed_004381,1,10,10,0,0,0.000000,nomatch
ed_004385,1,8,8,0,0,0.000000,nomatch
ed_004389,3,36,36,0,0,0.000000,nomatch
ed_004392,1,6,6,1,0,-0.476658,nonzero
ed_004395,3,35,35,0,0,0.000000,nomatch
ed_004398,1,4,4,1,0,-0.361158,nonzero
ed_004401,1,5,5,0,0,0.000000,nomatch
ed_004405,1,17,17,1,0,-0.655311,nonzero
ed_004408,3,31,31,0,0,0.000000,nomatch
ed_004411,1,5,5,1,0,0.557370,nonzero
ed_004414,2,12,12,1,0,-0.180579,nonzero
ed_004417,3,58,58,0,0,0.000000,nomatch
ed_004420,1,4,4,0,0,0.000000,nomatch
ed_004424,1,18,18,0,0,0.000000,nomatch
ed_004428,2,16,16,1,0,0.180579,nonzero
ed_004431,1,8,8,0,0,0.000000,nomatch
ed_004434,3,41,41,0,0,0.000000,nomatch
ed_004437,1,15,15,0,0,0.000000,nomatch
ed_004441,2,29,29,0,1,-0.210732,nonzero
ed_004444,1,16,16,1,0,-0.361158,nonzero
ed_004447,2,16,16,1,0,-0.342425,nonzero
ed_004450,1,13,13,0,0,0.000000,nomatch
ed_004454,1,9,9,0,0,0.000000,nomatch
ed_004457,1,6,6,0,0,0.000000,nomatch
ed_004460,1,10,10,0,0,0.000000,nomatch
ed_004463,1,14,14,1,0,-0.361158,nonzero
ed_004466,1,28,28,0,0,0.000000,nomatch
ed_004469,3,34,34,0,0,0.000000,nomatch
ed_004473,1,10,10,1,0,0.585882,nonzero
ed_004476,4,37,37,2,0,-0.204997,nonzero
ed_004479,3,44,44,0,0,0.000000,nomatch
ed_004482,2,10,10,0,0,0.000000,nomatch
ed_004485,2,13,13,0,0,0.000000,nomatch
ed_004489,2,11,11,0,0,0.000000,nomatch
ed_004493,2,19,19,2,0,0.022563,nonzero
ed_004496,2,29,29,1,0,0.292941,nonzero
ed_004499,2,20,20,0,0,0.000000,nomatch
ed_004502,1,12,12,0,0,0.000000,nomatch
ed_004506,2,21,21,0,0,0.000000,nomatch
ed_004509,2,21,21,0,0,0.000000,nomatch
ed_004512,2,16,16,0,0,0.000000,nomatch
ed_004516,1,17,17,0,0,0.000000,nomatch
ed_004519,1,6,6,0,0,0.000000,nomatch
ed_004523,2,10,10,1,0,0.180579,nonzero
ed_004526,2,24,24,2,0,-0.335239,nonzero
ed_004529,2,13,13,1,0,-0.169975,nonzero
ed_004533,1,6,6,0,1,-0.421464,nonzero
ed_004536,2,13,13,0,0,0.000000,nomatch
ed_004540,1,6,6,0,0,0.000000,nomatch
ed_004543,3,29,29,1,0,-0.192982,nonzero
ed_004547,1,9,9,0,0,0.000000,nomatch
ed_004550,2,12,12,0,0,0.000000,nomatch
ed_004553,1,17,17,0,0,0.000000,nomatch
ed_004556,2,10,10,1,0,-0.180579,nonzero
ed_004559,1,14,14,0,0,0.000000,nomatch
ed_004562,2,7,7,0,0,0.000000,nomatch
ed_004565,5,62,62,1,0,0.136165,nonzero
ed_004569,2,12,12,0,0,0.000000,nomatch
ed_004572,2,30,30,1,0,-0.180579,nonzero
ed_004575,1,19,19,0,0,0.000000,nomatch
ed_004579,2,23,23,1,0,-0.180579,nonzero
ed_004582,1,15,15,0,0,0.000000,nomatch
ed_004585,1,24,24,0,0,0.000000,nomatch
ed_004588,1,7,7,0,0,0.000000,nomatch
ed_004592,2,22,22,0,0,0.000000,nomatch
ed_004595,2,32,32,0,0,0.000000,nomatch
ed_004598,1,11,11,0,0,0.000000,nomatch
ed_004601,1,14,14,1,0,-0.361158,nonzero
ed_004604,1,17,17,1,0,0.458831,nonzero
ed_004607,1,14,14,0,0,0.000000,nomatch
ed_004611,2,12,12,0,0,0.000000,nomatch
ed_004614,4,38,38,2,0,0.122299,nonzero
ed_004618,2,25,25,1,0,0.064019,nonzero
ed_004621,1,17,17,0,0,0.000000,nomatch
ed_004625,3,22,22,0,0,0.000000,nomatch
ed_004628,1,12,12,0,0,0.000000,nomatch
ed_004631,2,15,15,0,0,0.000000,nomatch
ed_004634,1,5,5,0,0,0.000000,nomatch
ed_004638,1,5,5,1,0,-0.578947,nonzero
ed_004641,2,10,10,0,0,0.000000,nomatch
ed_004644,1,14,14,0,0,0.000000,nomatch
ed_004650,1,22,22,0,0,0.000000,nomatch
ed_004653,2,23,23,0,0,0.000000,nomatch
ed_004656,1,10,10,0,0,0.000000,nomatch
ed_004659,2,11,11,0,0,0.000000,nomatch
ed_004663,2,14,14,0,0,0.000000,nomatch
ed_004666,2,12,12,0,0,0.000000,nomatch
ed_004669,2,22,22,0,0,0.000000,nomatch
ed_004672,2,21,21,0,0,0.000000,nomatch
ed_004675,1,18,18,0,0,0.000000,nomatch
ed_004679,1,7,7,0,0,0.000000,nomatch
ed_004682,1,4,4,1,0,0.542326,nonzero
ed_004685,1,12,12,0,0,0.000000,nomatch
ed_004689,1,5,5,0,0,0.000000,nomatch
ed_004693,1,12,12,1,0,-0.458831,nonzero
ed_004697,1,11,11,0,0,0.000000,nomatch
ed_004700,1,10,10,1,0,0.526742,nonzero
ed_004703,1,16,16,0,0,0.000000,nomatch
ed_004707,1,9,9,1,0,-0.361158,nonzero
ed_004710,1,27,27,0,0,0.000000,nomatch
ed_004715,1,13,13,0,0,0.000000,nomatch
ed_004718,1,14,14,0,0,0.000000,nomatch
ed_004721,1,9,9,0,0,0.000000,nomatch
ed_004724,1,10,10,0,0,0.000000,nomatch
ed_004727,2,12,12,1,0,-0.180579,nonzero
ed_004733,1,9,9,0,0,0.000000,nomatch
ed_004736,1,16,16,0,0,0.000000,nomatch
ed_004739,1,7,7,0,0,0.000000,nomatch
ed_004742,1,15,15,0,0,0.000000,nomatch
ed_004746,1,11,11,0,0,0.000000,nomatch
ed_004749,2,7,7,0,0,0.000000,nomatch
ed_004752,2,10,10,1,0,0.263371,nonzero
ed_004755,1,8,8,0,0,0.000000,nomatch
ed_004758,1,10,10,0,0,0.000000,nomatch
ed_004761,1,22,22,1,0,-0.655311,nonzero
ed_004764,1,21,21,1,0,-0.361158,nonzero
ed_004767,1,11,11,0,0,0.000000,nomatch
ed_004771,1,9,9,1,0,-0.339950,nonzero
ed_004774,1,9,9,1,0,-0.655311,nonzero
ed_004777,1,20,20,0,0,0.000000,nomatch
ed_004779,2,25,25,1,0,-0.180579,nonzero
ed_004782,1,16,16,1,0,-0.361158,nonzero
ed_004786,1,8,8,0,0,0.000000,nomatch
ed_004790,3,36,36,1,0,0.120386,nonzero
ed_004792,2,23,23,1,0,0.271163,nonzero
ed_004795,2,25,25,2,0,0.255304,nonzero
ed_004798,2,13,13,1,0,-0.210732,nonzero
ed_004801,1,17,17,0,0,0.000000,nomatch
ed_004804,1,25,25,0,0,0.000000,nomatch
ed_004808,1,31,31,1,0,-0.250000,nonzero
ed_004812,2,8,8,0,0,0.000000,nomatch
ed_004817,1,24,24,0,0,0.000000,nomatch
ed_004822,1,14,14,1,0,0.594036,nonzero
ed_004827,1,16,16,1,0,0.128037,nonzero
ed_004831,1,11,11,0,0,0.000000,nomatch
ed_004834,1,3,3,0,0,0.000000,nomatch
ed_004837,1,7,7,0,0,0.000000,nomatch
ed_004840,1,11,11,1,0,-0.458831,nonzero
ed_004844,2,24,24,0,0,0.000000,nomatch
ed_004849,2,5,5,1,0,-0.064019,nonzero
ed_004852,1,25,25,1,0,-0.361158,nonzero
ed_004855,1,8,8,0,0,0.000000,nomatch
ed_004858,1,24,24,0,0,0.000000,nomatch
ed_004861,1,17,17,1,0,-0.373621,nonzero
ed_004865,1,8,8,0,0,0.000000,nomatch
ed_004868,1,7,7,0,0,0.000000,nomatch
ed_004871,1,16,16,0,0,0.000000,nomatch
ed_004874,1,7,7,0,0,0.000000,nomatch
ed_004877,1,16,16,0,0,0.000000,nomatch
ed_004880,2,17,17,0,0,0.000000,nomatch
ed_004884,1,12,12,0,0,0.000000,nomatch
ed_004888,1,7,7,0,0,0.000000,nomatch
ed_004891,3,53,53,1,0,-0.149901,nonzero
ed_004894,1,8,8,1,0,0.526742,nonzero
ed_004897,2,25,25,1,0,-0.210732,nonzero
ed_004900,1,5,5,1,0,0.250000,nonzero
ed_004903,1,21,21,2,0,0.128037,nonzero
ed_004907,1,10,10,1,0,0.493915,nonzero
ed_004910,2,18,18,2,0,-0.427536,nonzero
ed_004912,1,19,19,0,0,0.000000,nomatch
ed_004915,1,17,17,0,0,0.000000,nomatch
ed_004919,1,13,13,0,0,0.000000,nomatch
ed_004922,2,17,17,0,0,0.000000,nomatch
ed_004925,1,24,24,2,0,-0.618692,nonzero
ed_004929,1,5,5,0,0,0.000000,nomatch
ed_004932,1,8,8,0,0,0.000000,nomatch
ed_004938,1,9,9,0,0,0.000000,nomatch
ed_004941,2,31,31,2,0,0.125000,nonzero
ed_004944,1,10,10,0,0,0.000000,nomatch
ed_004947,1,8,8,1,0,-0.655311,nonzero
ed_004951,2,26,26,1,0,0.281620,nonzero
ed_004954,1,18,18,0,0,0.000000,nomatch
ed_004957,1,11,11,0,0,0.000000,nomatch
ed_004960,2,25,25,0,0,0.000000,nomatch
ed_004963,1,13,13,0,0,0.000000,nomatch
ed_004966,1,17,17,3,0,0.077228,nonzero
ed_004969,1,9,9,1,0,-0.361158,nonzero
ed_004973,1,18,18,0,0,0.000000,nomatch
ed_004978,1,18,18,1,0,-0.128037,nonzero
ed_004981,2,16,16,0,0,0.000000,nomatch
ed_004984,1,16,16,0,0,0.000000,nomatch
ed_004987,2,20,20,0,0,0.000000,nomatch
ed_004990,1,23,23,0,0,0.000000,nomatch
ed_004994,1,17,17,1,0,-0.578947,nonzero
ed_004997,1,13,13,0,0,0.000000,nomatch
ed_005000,1,10,10,0,0,0.000000,nomatch
ed_005003,1,10,10,1,0,0.458831,nonzero
ed_005006,2,8,8,1,0,-0.064019,nonzero
ed_005010,1,18,18,0,0,0.000000,nomatch
ed_005013,1,15,15,1,0,0.361158,nonzero
ed_005016,1,15,15,0,0,0.000000,nomatch
ed_005019,1,13,13,1,0,-0.250000,nonzero
ed_005022,1,11,11,0,0,0.000000,nomatch
ed_005026,1,10,10,1,0,0.458831,nonzero
ed_005029,2,25,25,0,0,0.000000,nomatch
ed_005032,2,24,24,0,0,0.000000,nomatch
ed_005035,1,12,12,0,0,0.000000,nomatch
ed_005038,1,12,12,0,0,0.000000,nomatch
ed_005041,1,18,18,1,0,-0.361158,nonzero
ed_005044,2,10,10,1,0,-0.064019,nonzero
ed_005047,1,9,9,0,0,0.000000,nomatch
ed_005050,1,21,21,2,0,-0.411765,nonzero
ed_005053,1,6,6,1,0,0.493915,nonzero
ed_005056,1,15,15,0,0,0.000000,nomatch
ed_005060,1,15,15,0,0,0.000000,nomatch
ed_005063,1,17,17,0,0,0.000000,nomatch
ed_005066,1,9,9,0,0,0.000000,nomatch
ed_005069,4,35,35,1,0,-0.090289,nonzero
ed_005073,1,14,14,1,0,-0.526742,nonzero
ed_005076,1,15,15,0,0,0.000000,nomatch
ed_005079,1,19,19,1,0,-0.128037,nonzero
ed_005082,1,12,12,1,0,-0.458831,nonzero
ed_005086,1,13,13,0,0,0.000000,nomatch
ed_005090,1,15,15,1,0,-0.526742,nonzero
ed_005093,1,5,5,0,0,0.000000,nomatch
ed_005096,1,5,5,1,0,-0.421464,nonzero
ed_005099,1,10,10,0,0,0.000000,nomatch
ed_005102,1,20,20,0,0,0.000000,nomatch
ed_005105,1,17,17,1,1,0.458831,nonzero
ed_005108,2,13,13,0,0,0.000000,nomatch
ed_005111,1,16,16,0,0,0.000000,nomatch
ed_005114,1,12,12,1,0,-0.421464,nonzero
ed_005117,1,7,7,0,0,0.000000,nomatch
ed_005120,3,22,22,1,0,0.120386,nonzero
ed_005124,1,15,15,2,0,0.250000,nonzero
ed_005127,1,18,18,0,0,0.000000,nomatch
ed_005130,1,8,8,1,0,-0.361158,nonzero
ed_005133,1,16,16,1,0,0.458831,nonzero
ed_005136,1,10,10,0,0,0.000000,nomatch
ed_005139,1,14,14,1,0,0.493915,nonzero
ed_005142,2,21,21,0,0,0.000000,nomatch
ed_005145,1,16,16,1,0,-0.578947,nonzero
ed_005148,1,6,6,0,0,0.000000,nomatch
ed_005151,1,21,21,0,0,0.000000,nomatch
ed_005154,3,26,26,0,0,0.000000,nomatch
ed_005157,1,8,8,0,0,0.000000,nomatch
ed_005160,1,16,16,0,0,0.000000,nomatch
ed_005163,1,10,10,2,0,-0.250000,nonzero
ed_005166,1,6,6,0,0,0.000000,nomatch
ed_005170,1,10,10,0,0,0.000000,nomatch
ed_005173,1,9,9,0,0,0.000000,nomatch
ed_005176,1,6,6,0,0,0.000000,nomatch
ed_005179,1,13,13,0,0,0.000000,nomatch
ed_005182,1,12,12,1,0,0.458831,nonzero
ed_005185,1,6,6,1,0,-0.361158,nonzero
ed_005188,2,43,43,0,0,0.000000,nomatch
ed_005191,1,15,15,2,0,-0.411765,nonzero
ed_005194,3,23,23,1,0,-0.042679,nonzero
ed_005197,1,11,11,1,0,-0.361158,nonzero
ed_005200,1,6,6,0,0,0.000000,nomatch
ed_005203,3,36,36,1,0,-0.140488,nonzero
ed_005206,1,18,18,0,0,0.000000,nomatch
ed_005209,1,10,10,0,1,-0.128037,nonzero
ed_005212,1,6,6,1,0,-0.458831,nonzero
ed_005215,2,21,21,0,0,0.000000,nomatch
ed_005218,1,8,8,1,0,-0.458831,nonzero
ed_005221,2,18,18,0,0,0.000000,nomatch
ed_005224,1,17,17,0,0,0.000000,nomatch
ed_005227,2,20,20,1,0,0.229415,nonzero
ed_005230,1,7,7,1,0,0.458831,nonzero
ed_005233,1,11,11,1,0,0.585882,nonzero
ed_005236,1,18,18,1,0,-0.421464,nonzero
ed_005239,2,12,12,0,0,0.000000,nomatch
ed_005243,1,17,17,2,0,-0.690775,nonzero
ed_005246,1,12,12,0,0,0.000000,nomatch
ed_005251,1,14,14,1,0,0.458831,nonzero
ed_005254,1,10,10,0,0,0.000000,nomatch
ed_005257,1,6,6,0,0,0.000000,nomatch
ed_005260,1,5,5,0,0,0.000000,nomatch
ed_005263,1,12,12,0,0,0.000000,nomatch
ed_005266,1,9,9,1,0,-0.421464,nonzero
ed_005269,2,21,21,1,0,0.229415,nonzero
ed_005272,1,13,13,1,0,0.458831,nonzero
ed_005275,1,6,6,1,0,0.526742,nonzero
ed_005278,1,13,13,1,0,-0.458831,nonzero
ed_005281,1,15,15,0,0,0.000000,nomatch
ed_005285,1,7,7,0,0,0.000000,nomatch
ed_005288,1,13,13,0,0,0.000000,nomatch
ed_005291,1,12,12,0,0,0.000000,nomatch
ed_005294,1,12,12,2,0,-0.612372,nonzero
ed_005297,4,43,43,0,0,0.000000,nomatch
ed_005301,1,10,10,0,0,0.000000,nomatch
ed_005306,3,41,41,2,0,0.254990,nonzero
ed_005310,1,7,7,1,0,0.493915,nonzero
ed_005313,1,10,10,0,0,0.000000,nomatch
ed_005316,2,14,14,1,1,0.142323,nonzero
ed_005319,1,13,13,0,0,0.000000,nomatch
ed_005322,3,38,38,2,0,0.328524,nonzero
ed_005325,3,27,27,0,0,0.000000,nomatch
ed_005330,2,43,43,2,0,-0.384100,nonzero
ed_005333,2,13,13,0,0,0.000000,nomatch
ed_005336,1,5,5,1,0,0.542326,nonzero
ed_005339,2,23,23,1,0,0.306186,nonzero
ed_005342,1,5,5,1,0,-0.458831,nonzero
ed_005345,2,23,23,1,1,0.229415,nonzero
ed_005348,4,39,39,1,0,-0.090289,nonzero
ed_005351,1,15,15,1,0,0.128037,nonzero
ed_005354,2,23,23,0,0,0.000000,nomatch
ed_005358,1,19,19,0,0,0.000000,nomatch
ed_005363,3,30,30,1,0,0.042679,nonzero
ed_005366,1,8,8,0,0,0.000000,nomatch
ed_005370,1,13,13,0,0,0.000000,nomatch
ed_005373,2,11,11,0,0,0.000000,nomatch
ed_005377,1,7,7,0,0,0.000000,nomatch
ed_005380,1,10,10,0,0,0.000000,nomatch
ed_005384,2,24,24,1,0,0.289473,nonzero
ed_005387,2,20,20,1,0,-0.180579,nonzero
ed_005390,1,22,22,0,0,0.000000,nomatch
ed_005394,2,23,23,0,0,0.000000,nomatch
ed_005397,1,8,8,0,0,0.000000,nomatch
ed_005401,1,7,7,1,0,-0.361158,nonzero
ed_005404,1,15,15,0,0,0.000000,nomatch
ed_005408,3,43,43,1,0,0.083333,nonzero
ed_005411,2,23,23,1,0,-0.180579,nonzero
ed_005414,1,5,5,0,0,0.000000,nomatch
ed_005417,2,22,22,1,0,0.246957,nonzero
ed_005420,2,15,15,0,0,0.000000,nomatch
ed_005423,1,3,3,0,0,0.000000,nomatch
ed_005426,2,25,25,0,0,0.000000,nomatch
ed_005429,1,8,8,0,0,0.000000,nomatch
ed_005432,1,10,10,0,0,0.000000,nomatch
ed_005435,2,18,18,3,0,0.736803,nonzero
ed_005438,3,22,22,0,0,0.000000,nomatch
ed_005441,2,19,19,0,0,0.000000,nomatch
ed_005444,3,24,24,2,0,-0.446720,nonzero
ed_005447,1,4,4,1,0,-0.128037,nonzero
ed_005450,1,5,5,0,0,0.000000,nomatch
ed_005456,1,20,20,0,0,0.000000,nomatch
ed_005459,1,10,10,1,0,0.458831,nonzero
ed_005462,1,9,9,0,0,0.000000,nomatch
ed_005465,1,23,23,0,0,0.000000,nomatch
ed_005468,1,19,19,0,0,0.000000,nomatch
ed_005471,1,9,9,0,0,0.000000,nomatch
ed_005474,1,7,7,0,0,0.000000,nomatch
ed_005477,4,25,25,1,0,-0.177390,nonzero
ed_005480,1,6,6,0,0,0.000000,nomatch
ed_005484,2,22,22,0,0,0.000000,nomatch
ed_005487,1,15,15,0,0,0.000000,nomatch
ed_005490,1,8,8,0,0,0.000000,nomatch
ed_005493,1,12,12,0,0,0.000000,nomatch
ed_005496,1,11,11,0,0,0.000000,nomatch
ed_005499,3,40,40,0,0,0.000000,nomatch
ed_005502,3,18,18,0,0,0.000000,nomatch
ed_005505,1,8,8,0,0,0.000000,nomatch
ed_005508,2,21,21,0,0,0.000000,nomatch
ed_005511,1,8,8,0,0,0.000000,nomatch
ed_005514,1,8,8,1,0,-0.578947,nonzero
ed_005517,1,8,8,0,0,0.000000,nomatch
ed_005520,1,5,5,0,0,0.000000,nomatch
ed_005523,2,10,10,0,0,0.000000,nomatch
ed_005526,1,11,11,0,0,0.000000,nomatch
ed_005529,1,9,9,0,0,0.000000,nomatch
ed_005532,1,16,16,0,0,0.000000,nomatch
ed_005535,1,13,13,1,0,0.128037,nonzero
ed_005538,1,11,11,0,0,0.000000,nomatch
ed_005542,1,19,19,0,0,0.000000,nomatch
ed_005545,3,45,45,2,0,-0.338823,nonzero
ed_005548,1,12,12,0,0,0.000000,nomatch
ed_005551,1,9,9,0,0,0.000000,nomatch
ed_005554,2,80,80,1,0,-0.045001,nonzero
ed_005558,1,12,12,0,0,0.000000,nomatch
ed_005561,1,29,29,0,0,0.000000,nomatch
ed_005565,1,7,7,0,0,0.000000,nomatch
ed_005568,1,11,11,0,0,0.000000,nomatch
ed_005571,2,11,11,0,0,0.000000,nomatch
ed_005574,1,14,14,1,0,0.458831,nonzero
ed_005577,1,16,16,1,0,-0.128037,nonzero
ed_005580,1,42,42,1,0,0.361158,nonzero
ed_005584,1,13,13,0,0,0.000000,nomatch
ed_005587,2,19,19,1,0,-0.229415,nonzero
ed_005590,1,6,6,0,0,0.000000,nomatch
ed_005593,1,11,11,0,0,0.000000,nomatch
ed_005596,1,9,9,1,0,-0.361158,nonzero
ed_005599,1,5,5,1,0,-0.361158,nonzero
ed_005602,1,5,5,0,0,0.000000,nomatch
ed_005605,3,39,39,2,0,-0.345926,nonzero
ed_005609,1,6,6,0,0,0.000000,nomatch
ed_005612,1,7,7,0,0,0.000000,nomatch
ed_005615,1,10,10,0,0,0.000000,nomatch
ed_005618,2,16,16,1,0,-0.064019,nonzero
ed_005621,2,33,33,0,0,0.000000,nomatch
ed_005625,1,16,16,0,0,0.000000,nomatch
ed_005628,1,4,4,0,0,0.000000,nomatch
ed_005631,2,26,26,0,0,0.000000,nomatch
ed_005634,1,7,7,1,0,0.202289,nonzero
ed_005637,2,22,22,0,0,0.000000,nomatch
ed_005640,1,8,8,1,0,0.361158,nonzero
ed_005643,1,9,9,0,0,0.000000,nomatch
ed_005646,1,12,12,0,0,0.000000,nomatch
ed_005649,2,14,14,1,0,0.180579,nonzero
ed_005653,2,17,17,0,0,0.000000,nomatch
ed_005656,2,23,23,1,0,0.272689,nonzero
ed_005659,2,20,20,1,0,-0.229415,nonzero
ed_005662,2,21,21,0,0,0.000000,nomatch
ed_005665,4,47,47,1,0,-0.090289,nonzero
ed_005668,1,16,16,1,0,0.642809,nonzero
ed_005671,2,29,29,1,0,0.271163,nonzero
ed_005675,1,27,27,0,0,0.000000,nomatch
ed_005678,1,15,15,2,0,-0.863799,nonzero
ed_005681,1,6,6,0,0,0.000000,nomatch
ed_005685,2,22,22,0,0,0.000000,nomatch
ed_005688,2,23,23,0,0,0.000000,nomatch
ed_005691,3,32,32,0,0,0.000000,nomatch
ed_005694,2,21,21,0,0,0.000000,nomatch
ed_005697,1,24,24,0,0,0.000000,nomatch
ed_005700,1,9,9,2,0,0.778253,nonzero
ed_005703,1,17,17,0,0,0.000000,nomatch
ed_005706,2,17,17,0,0,0.000000,nomatch
ed_005709,2,12,12,1,0,0.229415,nonzero
ed_005714,3,17,17,2,0,0.163065,nonzero
ed_005717,1,8,8,1,0,0.458831,nonzero
ed_005720,1,13,13,0,0,0.000000,nomatch
ed_005723,2,20,20,1,0,0.064019,nonzero
ed_005726,2,29,29,1,0,0.101144,nonzero
ed_005729,1,12,12,0,0,0.000000,nomatch
ed_005732,2,26,26,0,0,0.000000,nomatch
ed_005735,2,26,26,0,0,0.000000,nomatch
ed_005738,1,5,5,0,0,0.000000,nomatch
ed_005741,1,14,14,1,0,0.250000,nonzero
ed_005744,2,30,30,2,0,0.190910,nonzero
ed_005747,1,14,14,0,0,0.000000,nomatch
ed_005750,1,27,27,0,0,0.000000,nomatch
ed_005753,1,13,13,0,0,0.000000,nomatch
ed_005757,2,23,23,1,0,0.229415,nonzero
ed_005760,2,12,12,1,0,0.180579,nonzero
ed_005763,2,34,34,1,0,0.238329,nonzero
ed_005767,1,9,9,0,0,0.000000,nomatch
ed_005770,2,49,49,1,0,-0.327655,nonzero
ed_005773,1,13,13,0,0,0.000000,nomatch
ed_005776,2,13,13,0,0,0.000000,nomatch
ed_005779,3,25,25,1,0,-0.164638,nonzero
ed_005782,1,23,23,0,0,0.000000,nomatch
ed_005785,3,40,40,0,0,0.000000,nomatch
ed_005789,1,13,13,0,1,-0.128037,nonzero
ed_005792,1,7,7,0,0,0.000000,nomatch
ed_005795,1,19,19,0,0,0.000000,nomatch
ed_005798,1,25,25,0,0,0.000000,nomatch
ed_005801,2,28,28,0,0,0.000000,nomatch
ed_005805,1,6,6,1,0,-0.361158,nonzero
ed_005808,1,4,4,0,0,0.000000,nomatch
ed_005811,1,4,4,0,0,0.000000,nomatch
ed_005814,2,17,17,0,0,0.000000,nomatch
ed_005818,1,31,31,1,0,0.542326,nonzero
ed_005822,1,9,9,0,0,0.000000,nomatch
ed_005825,1,39,39,1,0,-0.295958,nonzero
ed_005828,2,18,18,1,0,0.229415,nonzero
ed_005831,1,11,11,0,0,0.000000,nomatch
ed_005834,1,23,23,1,1,0.458831,nonzero
ed_005837,1,10,10,0,0,0.000000,nomatch
ed_005840,2,16,16,2,0,0.458831,nonzero
ed_005843,2,28,28,1,0,0.278685,nonzero
ed_005848,2,43,43,3,0,0.486765,nonzero
ed_005852,2,16,16,1,0,-0.210732,nonzero
ed_005855,1,8,8,0,0,0.000000,nomatch
ed_005858,1,8,8,0,0,0.000000,nomatch
ed_005861,2,13,13,0,0,0.000000,nomatch
ed_005865,1,14,14,1,0,-0.361158,nonzero
ed_005868,1,14,14,0,0,0.000000,nomatch
ed_005872,2,16,16,0,0,0.000000,nomatch
ed_005875,1,7,7,0,0,0.000000,nomatch
ed_005879,2,31,31,1,0,-0.169975,nonzero
ed_005882,2,11,11,1,0,-0.064019,nonzero
ed_005886,2,15,15,2,0,-0.361158,nonzero
ed_005889,1,7,7,1,0,0.458831,nonzero
ed_005892,1,8,8,0,0,0.000000,nomatch
ed_005895,1,20,20,0,0,0.000000,nomatch
ed_005898,3,29,29,1,0,0.152944,nonzero
ed_005901,2,18,18,2,0,-0.225580,nonzero
ed_005904,1,19,19,0,0,0.000000,nomatch
ed_005909,2,33,33,0,0,0.000000,nomatch
ed_005913,2,20,20,0,0,0.000000,nomatch
ed_005917,2,19,19,1,0,-0.229415,nonzero
ed_005920,2,22,22,1,0,-0.180579,nonzero
ed_005923,1,7,7,0,0,0.000000,nomatch
ed_005926,1,16,16,1,0,0.361158,nonzero
ed_005930,1,10,10,1,0,-0.361158,nonzero
ed_005933,2,17,17,2,0,0.493915,nonzero
ed_005936,1,7,7,1,0,-0.421464,nonzero
ed_005939,1,19,19,1,0,-0.361158,nonzero
ed_005942,1,17,17,0,0,0.000000,nomatch
ed_005945,1,6,6,1,0,-0.361158,nonzero
ed_005948,2,15,15,0,0,0.000000,nomatch
ed_005951,2,23,23,1,0,-0.306186,nonzero
ed_005955,1,11,11,1,0,-0.557370,nonzero
ed_005958,2,18,18,0,0,0.000000,nomatch
ed_005961,1,9,9,0,0,0.000000,nomatch
ed_005965,2,26,26,0,0,0.000000,nomatch
ed_005968,1,7,7,0,0,0.000000,nomatch
ed_005974,2,31,31,0,0,0.000000,nomatch
ed_005978,1,11,11,1,0,0.361158,nonzero
ed_005982,2,12,12,1,0,-0.342425,nonzero
ed_005985,2,16,16,0,1,-0.064019,nonzero
ed_005988,1,10,10,0,0,0.000000,nomatch
ed_005991,2,20,20,1,0,-0.229415,nonzero
ed_005994,2,16,16,0,0,0.000000,nomatch
ed_005997,1,8,8,0,0,0.000000,nomatch
ed_006000,1,10,10,0,0,0.000000,nomatch
ed_006004,2,15,15,1,0,-0.229415,nonzero
ed_006007,2,33,33,2,0,0.363473,nonzero
ed_006010,1,11,11,0,0,0.000000,nomatch
ed_006013,2,18,18,2,0,0.327655,nonzero
ed_006017,1,11,11,0,0,0.000000,nomatch
ed_006021,1,3,3,1,0,-0.684850,nonzero
ed_006024,2,11,11,1,0,-0.064019,nonzero
ed_006027,1,7,7,1,0,0.458831,nonzero
ed_006030,3,32,32,0,0,0.000000,nomatch
ed_006033,1,15,15,0,0,0.000000,nomatch
ed_006036,2,17,17,2,0,-0.409994,nonzero
ed_006039,1,6,6,1,0,0.361158,nonzero
ed_006042,3,27,27,1,0,0.120386,nonzero
ed_006045,2,29,29,1,0,-0.210732,nonzero
ed_006049,2,24,24,0,0,0.000000,nomatch
ed_006052,2,24,24,0,0,0.000000,nomatch
ed_006055,2,16,16,1,0,-0.229415,nonzero
ed_006058,1,12,12,0,0,0.000000,nomatch
ed_006061,2,29,29,0,0,0.000000,nomatch
ed_006064,1,14,14,0,0,0.000000,nomatch
ed_006067,2,26,26,0,0,0.000000,nomatch
ed_006070,4,43,43,1,0,0.114708,nonzero
ed_006073,2,12,12,0,0,0.000000,nomatch
ed_006077,1,9,9,1,0,-0.128037,nonzero
ed_006080,2,25,25,0,0,0.000000,nomatch
ed_006083,1,10,10,1,0,0.128037,nonzero
ed_006087,2,19,19,0,0,0.000000,nomatch
ed_006090,1,15,15,1,0,-0.421464,nonzero
ed_006093,2,15,15,0,0,0.000000,nomatch
ed_006096,2,13,13,0,0,0.000000,nomatch
ed_006100,2,14,14,0,0,0.000000,nomatch
ed_006106,1,11,11,1,0,-0.458831,nonzero
ed_006109,1,11,11,0,0,0.000000,nomatch
ed_006112,2,11,11,1,0,0.229415,nonzero
ed_006115,2,13,13,0,0,0.000000,nomatch
ed_006118,2,18,18,1,0,-0.342425,nonzero
ed_006121,2,12,12,0,0,0.000000,nomatch
ed_006125,2,14,14,0,0,0.000000,nomatch
ed_006128,2,27,27,1,0,0.278685,nonzero
ed_006131,2,23,23,0,0,0.000000,nomatch
ed_006134,1,9,9,1,0,0.458831,nonzero
ed_006137,1,7,7,0,0,0.000000,nomatch
ed_006140,1,9,9,1,0,0.458831,nonzero
ed_006143,2,9,9,0,0,0.000000,nomatch
ed_006146,1,8,8,1,0,0.458831,nonzero
ed_006149,1,13,13,0,0,0.000000,nomatch
ed_006152,1,10,10,0,0,0.000000,nomatch
ed_006155,1,7,7,0,0,0.000000,nomatch
ed_006158,2,31,31,2,0,0.116560,nonzero
ed_006161,1,9,9,0,0,0.000000,nomatch
ed_006164,2,11,11,1,0,-0.064019,nonzero
ed_006168,1,10,10,1,0,-0.487080,nonzero
ed_006171,1,8,8,0,0,0.000000,nomatch
ed_006174,3,26,26,2,0,0.233450,nonzero
ed_006178,1,15,15,1,0,-0.684850,nonzero
ed_006182,2,21,21,0,0,0.000000,nomatch
ed_006187,2,18,18,0,0,0.000000,nomatch
ed_006190,2,13,13,0,0,0.000000,nomatch
ed_006194,2,11,11,1,0,-0.210732,nonzero
ed_006197,1,20,20,0,0,0.000000,nomatch
ed_006200,2,20,20,0,0,0.000000,nomatch
ed_006203,1,15,15,0,0,0.000000,nomatch
ed_006206,2,16,16,2,0,0.467745,nonzero
ed_006210,2,21,21,1,0,-0.327655,nonzero
ed_006213,3,32,32,0,0,0.000000,nomatch
ed_006218,2,11,11,1,0,0.120295,nonzero
ed_006223,2,11,11,0,0,0.000000,nomatch
ed_006226,1,15,15,1,0,-0.361158,nonzero
ed_006229,2,14,14,0,0,0.000000,nomatch
ed_006232,2,20,20,0,0,0.000000,nomatch
ed_006235,1,11,11,0,0,0.000000,nomatch
ed_006238,2,16,16,2,0,0.299687,nonzero
ed_006242,2,14,14,0,0,0.000000,nomatch
ed_006245,1,13,13,0,0,0.000000,nomatch
ed_006249,2,19,19,1,0,0.263371,nonzero
ed_006252,1,7,7,0,0,0.000000,nomatch
ed_006255,2,17,17,1,0,-0.243540,nonzero
ed_006258,2,18,18,0,0,0.000000,nomatch
ed_006261,3,30,30,0,0,0.000000,nomatch
ed_006264,2,17,17,0,0,0.000000,nomatch
ed_006267,2,23,23,1,0,-0.210732,nonzero
ed_006270,2,14,14,0,0,0.000000,nomatch
ed_006273,3,25,25,0,0,0.000000,nomatch
ed_006276,1,13,13,1,0,0.202289,nonzero
ed_006279,1,7,7,0,0,0.000000,nomatch
ed_006282,2,12,12,1,0,-0.285942,nonzero
ed_006285,1,21,21,1,0,0.493915,nonzero
ed_006289,2,25,25,0,0,0.000000,nomatch
ed_006292,2,34,34,0,0,0.000000,nomatch
ed_006296,2,16,16,1,1,0.229415,nonzero
ed_006299,2,31,31,2,0,0.271163,nonzero
ed_006302,2,11,11,1,0,0.281620,nonzero
ed_006306,2,16,16,0,0,0.000000,nomatch
ed_006309,2,19,19,2,0,0.229415,nonzero
ed_006313,1,24,24,0,0,0.000000,nomatch
ed_006316,1,12,12,1,0,-0.361158,nonzero
ed_006319,1,22,22,1,0,-0.493915,nonzero
ed_006323,2,21,21,0,0,0.000000,nomatch
ed_006327,2,17,17,0,0,0.000000,nomatch
ed_006330,2,18,18,0,0,0.000000,nomatch
ed_006334,2,35,35,0,0,0.000000,nomatch
ed_006337,1,16,16,0,0,0.000000,nomatch
ed_006340,2,16,16,0,0,0.000000,nomatch
ed_006344,2,19,19,0,0,0.000000,nomatch
ed_006347,2,32,32,0,0,0.000000,nomatch
ed_006350,1,9,9,1,0,-0.421464,nonzero
ed_006354,2,21,21,0,0,0.000000,nomatch
ed_006357,2,15,15,0,0,0.000000,nomatch
ed_006361,1,26,26,1,0,-0.361158,nonzero
ed_006364,2,17,17,2,0,0.441138,nonzero
ed_006368,1,20,20,1,1,-0.790569,nonzero
ed_006371,3,20,20,1,1,-0.163065,nonzero
ed_006374,1,13,13,0,0,0.000000,nomatch
ed_006378,2,18,18,1,0,0.246957,nonzero
ed_006381,1,14,14,0,0,0.000000,nomatch
ed_006385,2,28,28,1,0,-0.180579,nonzero
ed_006389,2,25,25,2,0,-0.409994,nonzero
ed_006392,1,8,8,1,0,-0.557370,nonzero
ed_006395,2,19,19,0,0,0.000000,nomatch
ed_006398,2,13,13,0,0,0.000000,nomatch
ed_006402,2,25,25,1,0,0.278685,nonzero
ed_006405,3,29,29,0,0,0.000000,nomatch
ed_006409,2,20,20,0,0,0.000000,nomatch
ed_006412,3,29,29,0,0,0.000000,nomatch
ed_006415,1,11,11,0,0,0.000000,nomatch
ed_006418,2,13,13,0,0,0.000000,nomatch
ed_006422,1,10,10,1,0,-0.449704,nonzero
ed_006425,4,33,33,0,0,0.000000,nomatch
ed_006428,2,10,10,0,0,0.000000,nomatch
ed_006431,1,6,6,0,0,0.000000,nomatch
ed_006434,2,32,32,0,1,-0.064019,nonzero
ed_006437,2,32,32,0,0,0.000000,nomatch
ed_006440,2,23,23,0,0,0.000000,nomatch
ed_006444,2,27,27,1,0,0.229415,nonzero
ed_006447,1,13,13,0,0,0.000000,nomatch
ed_006450,1,13,13,0,0,0.000000,nomatch
ed_006454,3,16,16,1,0,-0.098653,nonzero
ed_006458,2,27,27,1,0,0.064019,nonzero
ed_006461,1,12,12,1,0,0.458831,nonzero
ed_006465,1,8,8,0,0,0.000000,nomatch
ed_006468,2,18,18,1,0,0.263371,nonzero
ed_006471,1,17,17,0,0,0.000000,nomatch
ed_006475,3,32,32,1,0,-0.140488,nonzero
ed_006479,1,14,14,0,0,0.000000,nomatch
ed_006482,1,20,20,2,0,0.636950,nonzero
ed_006485,3,31,31,2,0,0.260874,nonzero
ed_006488,2,18,18,0,0,0.000000,nomatch
ed_006491,3,19,19,0,0,0.000000,nomatch
ed_006494,1,8,8,0,0,0.000000,nomatch
ed_006497,2,13,13,0,0,0.000000,nomatch
ed_006501,1,10,10,1,0,-0.458831,nonzero
ed_006505,1,9,9,0,0,0.000000,nomatch
ed_006508,1,6,6,0,0,0.000000,nomatch
ed_006513,1,20,20,1,0,0.421464,nonzero
ed_006517,1,12,12,0,0,0.000000,nomatch
ed_006520,1,13,13,1,0,0.526742,nonzero
ed_006523,2,32,32,0,0,0.000000,nomatch
ed_006526,3,33,33,1,0,0.042679,nonzero
ed_006529,2,11,11,0,0,0.000000,nomatch
ed_006533,2,30,30,0,1,-0.064019,nonzero
ed_006536,1,6,6,0,0,0.000000,nomatch
ed_006540,4,33,33,0,0,0.000000,nomatch
ed_006543,1,19,19,0,0,0.000000,nomatch
ed_006546,1,16,16,0,0,0.000000,nomatch
ed_006549,3,34,34,0,0,0.000000,nomatch
ed_006554,1,14,14,1,0,0.594036,nonzero
ed_006558,3,24,24,0,0,0.000000,nomatch
ed_006561,1,16,16,2,0,-0.700349,nonzero
ed_006564,2,22,22,1,0,-0.180579,nonzero
ed_006567,1,19,19,0,0,0.000000,nomatch
ed_006571,4,36,36,0,0,0.000000,nomatch
ed_006574,1,9,9,0,0,0.000000,nomatch
ed_006577,2,32,32,0,0,0.000000,nomatch
ed_006580,2,37,37,1,0,-0.180579,nonzero
ed_006583,1,17,17,1,0,-0.421464,nonzero
ed_006587,3,26,26,2,0,0.295967,nonzero
ed_006590,2,14,14,0,0,0.000000,nomatch
ed_006593,1,10,10,1,0,-0.421464,nonzero
ed_006597,1,11,11,0,0,0.000000,nomatch
ed_006600,3,28,28,0,0,0.000000,nomatch
ed_006603,2,17,17,0,0,0.000000,nomatch
ed_006606,2,25,25,1,0,-0.210732,nonzero
ed_006609,1,16,16,0,0,0.000000,nomatch
ed_006613,2,24,24,0,0,0.000000,nomatch
ed_006616,2,13,13,0,0,0.000000,nomatch
ed_006620,3,71,71,0,0,0.000000,nomatch
ed_006623,1,5,5,1,0,-0.458831,nonzero
ed_006626,1,9,9,1,0,0.361158,nonzero
ed_006629,1,11,11,1,0,0.526742,nonzero
ed_006632,1,17,17,0,0,0.000000,nomatch
ed_006635,2,15,15,1,0,-0.064019,nonzero
ed_006639,1,8,8,0,0,0.000000,nomatch
ed_006642,1,6,6,0,0,0.000000,nomatch
ed_006645,2,20,20,0,0,0.000000,nomatch
ed_006648,3,32,32,0,0,0.000000,nomatch
ed_006652,1,6,6,0,0,0.000000,nomatch
ed_006655,2,22,22,0,0,0.000000,nomatch
ed_006658,2,13,13,1,0,-0.180579,nonzero
ed_006661,1,7,7,0,0,0.000000,nomatch
ed_006664,2,21,21,1,0,-0.289473,nonzero
ed_006667,1,7,7,1,0,-0.421464,nonzero
ed_006670,1,8,8,0,0,0.000000,nomatch
ed_006673,2,22,22,0,0,0.000000,nomatch
ed_006676,1,10,10,0,0,0.000000,nomatch
ed_006679,2,12,12,1,0,-0.229415,nonzero
ed_006683,1,8,8,1,0,0.339950,nonzero
ed_006686,2,24,24,0,0,0.000000,nomatch
ed_006689,3,32,32,1,0,-0.120386,nonzero
ed_006692,1,6,6,1,0,0.458831,nonzero
ed_006696,2,24,24,0,0,0.000000,nomatch
ed_006699,2,11,11,0,0,0.000000,nomatch
ed_006702,4,30,30,0,0,0.000000,nomatch
ed_006705,2,17,17,0,0,0.000000,nomatch
ed_006708,2,15,15,1,0,0.246957,nonzero
ed_006712,1,4,4,0,0,0.000000,nomatch
ed_006715,1,13,13,0,0,0.000000,nomatch
ed_006718,2,20,20,0,0,0.000000,nomatch
ed_006721,2,21,21,1,0,0.180579,nonzero
ed_006724,1,5,5,1,0,-0.458831,nonzero
ed_006727,1,10,10,0,0,0.000000,nomatch
ed_006730,1,14,14,1,0,-0.361158,nonzero
ed_006733,1,4,4,0,0,0.000000,nomatch
ed_006736,2,18,18,0,0,0.000000,nomatch
ed_006739,1,11,11,0,0,0.000000,nomatch
ed_006742,2,22,22,1,0,0.180579,nonzero
ed_006746,1,11,11,0,0,0.000000,nomatch
ed_006749,1,21,21,0,0,0.000000,nomatch
ed_006752,2,22,22,0,0,0.000000,nomatch
ed_006755,2,10,10,0,0,0.000000,nomatch
ed_006758,2,18,18,0,0,0.000000,nomatch
ed_006761,1,11,11,0,0,0.000000,nomatch
ed_006764,1,11,11,0,0,0.000000,nomatch
ed_006767,1,8,8,1,0,0.526742,nonzero
ed_006772,3,36,36,3,0,-0.016936,nonzero
ed_006777,2,18,18,1,0,-0.263371,nonzero
ed_006781,1,6,6,0,0,0.000000,nomatch
ed_006784,2,11,11,1,0,-0.210732,nonzero
ed_006787,2,9,9,1,0,-0.210732,nonzero
ed_006790,2,22,22,0,0,0.000000,nomatch
ed_006793,2,16,16,0,0,0.000000,nomatch
ed_006796,1,10,10,0,0,0.000000,nomatch
ed_006799,2,19,19,0,0,0.000000,nomatch
ed_006802,1,22,22,1,0,0.612372,nonzero
ed_006805,1,12,12,1,0,0.526742,nonzero
ed_006808,2,16,16,0,0,0.000000,nomatch
ed_006812,2,13,13,1,0,0.340411,nonzero
ed_006815,1,12,12,0,0,0.000000,nomatch
ed_006819,1,6,6,1,0,-0.128037,nonzero
ed_006822,1,15,15,0,0,0.000000,nomatch
ed_006825,2,15,15,0,0,0.000000,nomatch
ed_006828,1,7,7,0,0,0.000000,nomatch
ed_006831,2,26,26,1,0,0.180579,nonzero
ed_006835,1,11,11,0,0,0.000000,nomatch
ed_006838,2,14,14,0,0,0.000000,nomatch
ed_006841,1,12,12,1,0,-0.557370,nonzero
ed_006845,1,11,11,1,0,-0.421464,nonzero
ed_006848,1,20,20,0,0,0.000000,nomatch
ed_006851,2,14,14,0,0,0.000000,nomatch
ed_006855,1,9,9,1,0,-0.128037,nonzero
ed_006859,3,37,37,2,0,-0.140488,nonzero
ed_006865,1,12,12,1,0,-0.361158,nonzero
ed_006869,2,17,17,1,0,0.246957,nonzero
ed_006874,3,29,29,1,0,0.042679,nonzero
ed_006877,1,15,15,0,0,0.000000,nomatch
ed_006880,1,9,9,0,0,0.000000,nomatch
ed_006883,2,19,19,0,0,0.000000,nomatch
ed_006886,1,21,21,0,0,0.000000,nomatch
ed_006890,1,9,9,0,0,0.000000,nomatch
ed_006893,1,9,9,1,0,-0.261663,nonzero
ed_006896,2,15,15,0,0,0.000000,nomatch
ed_006902,1,9,9,0,0,0.000000,nomatch
ed_006905,3,29,29,0,0,0.000000,nomatch
ed_006909,2,10,10,1,0,0.224852,nonzero
ed_006912,1,11,11,0,0,0.000000,nomatch
ed_006915,1,30,30,0,0,0.000000,nomatch
ed_006919,1,6,6,0,0,0.000000,nomatch
ed_006922,3,15,15,1,0,-0.140488,nonzero
ed_006925,2,16,16,0,0,0.000000,nomatch
ed_006928,1,6,6,0,0,0.000000,nomatch
ed_006931,2,16,16,0,0,0.000000,nomatch
ed_006935,1,8,8,0,0,0.000000,nomatch
ed_006938,3,29,29,0,0,0.000000,nomatch
ed_006942,1,14,14,1,0,-0.476658,nonzero
ed_006945,2,29,29,1,0,-0.180579,nonzero
ed_006948,3,31,31,1,0,-0.042679,nonzero
ed_006951,1,14,14,0,0,0.000000,nomatch
ed_006954,2,9,9,1,0,-0.064019,nonzero
ed_006958,2,23,23,1,0,0.210732,nonzero
ed_006963,1,10,10,1,0,-0.578947,nonzero
ed_006968,1,17,17,1,0,-0.748232,nonzero
ed_006972,2,15,15,1,0,0.263371,nonzero
ed_006978,4,33,33,1,0,0.090289,nonzero
ed_006981,1,21,21,1,0,-0.458831,nonzero
ed_006986,2,27,27,0,0,0.000000,nomatch
ed_006992,3,42,42,0,0,0.000000,nomatch
ed_006995,1,8,8,2,0,0.571885,nonzero
ed_006998,2,28,28,0,0,0.000000,nomatch
ed_007001,2,13,13,0,0,0.000000,nomatch
ed_007005,1,12,12,0,0,0.000000,nomatch
ed_007010,2,10,10,0,0,0.000000,nomatch
ed_007014,2,37,37,0,0,0.000000,nomatch
ed_007017,1,31,31,0,0,0.000000,nomatch
ed_007021,1,15,15,0,0,0.000000,nomatch
ed_007025,2,24,24,0,0,0.000000,nomatch
ed_007029,1,23,23,0,0,0.000000,nomatch
ed_007032,1,6,6,0,0,0.000000,nomatch
ed_007036,2,18,18,2,0,-0.335239,nonzero
ed_007039,1,19,19,1,0,0.361158,nonzero
ed_007042,4,22,22,0,0,0.000000,nomatch
ed_007045,1,10,10,1,0,-0.458831,nonzero
ed_007048,2,18,18,0,0,0.000000,nomatch
ed_007054,2,13,13,0,0,0.000000,nomatch
ed_007058,2,19,19,0,0,0.000000,nomatch
ed_007064,2,18,18,1,0,-0.064019,nonzero
ed_007068,1,17,17,1,0,-0.361158,nonzero
ed_007071,1,15,15,1,0,0.493915,nonzero
ed_007074,2,14,14,0,0,0.000000,nomatch
ed_007078,1,14,14,1,0,0.642809,nonzero
ed_007081,1,4,4,0,0,0.000000,nomatch
ed_007084,3,21,21,1,0,0.195294,nonzero
ed_007087,1,17,17,1,0,-0.361158,nonzero
ed_007091,2,14,14,0,0,0.000000,nomatch
ed_007095,1,17,17,2,0,0.510607,nonzero
ed_007098,2,31,31,0,0,0.000000,nomatch
ed_007101,2,12,12,0,0,0.000000,nomatch
ed_007105,2,15,15,1,0,-0.229415,nonzero
ed_007108,1,20,20,0,0,0.000000,nomatch
ed_007111,1,14,14,0,0,0.000000,nomatch
ed_007114,2,21,21,0,0,0.000000,nomatch
ed_007117,1,12,12,1,0,-0.361158,nonzero
ed_007120,1,5,5,0,0,0.000000,nomatch
ed_007123,1,13,13,1,0,-0.458831,nonzero
ed_007126,2,52,52,0,1,-0.064019,nonzero
ed_007129,1,17,17,2,0,-0.735147,nonzero
ed_007132,1,12,12,1,0,0.361158,nonzero
ed_007135,1,21,21,2,0,0.128037,nonzero
ed_007138,1,15,15,0,0,0.000000,nomatch
ed_007141,3,53,53,0,0,0.000000,nomatch
ed_007144,1,18,18,1,0,0.421464,nonzero
ed_007147,2,23,23,1,0,-0.130831,nonzero
ed_007150,2,31,31,1,0,-0.342425,nonzero
ed_007153,1,12,12,0,0,0.000000,nomatch
ed_007156,1,13,13,1,0,0.493915,nonzero
ed_007159,1,11,11,0,0,0.000000,nomatch
ed_007162,1,16,16,1,0,0.458831,nonzero
ed_007165,2,26,26,1,0,-0.210732,nonzero
ed_007168,2,14,14,0,0,0.000000,nomatch
ed_007172,1,19,19,1,0,0.458831,nonzero
ed_007175,1,16,16,0,0,0.000000,nomatch
ed_007178,1,17,17,1,0,0.493915,nonzero
ed_007181,3,21,21,1,0,0.181793,nonzero
ed_007184,2,24,24,2,0,-0.038614,nonzero
ed_007187,1,12,12,0,0,0.000000,nomatch
ed_007190,1,23,23,0,0,0.000000,nomatch
ed_007193,1,17,17,1,0,0.622427,nonzero
ed_007200,1,21,21,0,0,0.000000,nomatch
ed_007203,1,12,12,0,0,0.000000,nomatch
ed_007206,1,15,15,1,0,0.361158,nonzero
ed_007209,1,7,7,0,0,0.000000,nomatch
ed_007213,1,10,10,0,0,0.000000,nomatch
ed_007216,1,4,4,0,0,0.000000,nomatch
ed_007220,1,20,20,1,0,-0.361158,nonzero
ed_007227,1,11,11,1,0,-0.128037,nonzero
ed_007232,2,29,29,1,0,0.324279,nonzero
ed_007235,2,37,37,0,0,0.000000,nomatch
ed_007238,1,11,11,0,0,0.000000,nomatch
ed_007241,2,12,12,0,0,0.000000,nomatch
ed_007245,2,29,29,0,0,0.000000,nomatch
ed_007248,3,36,36,2,0,-0.358925,nonzero
ed_007251,1,8,8,1,0,0.585882,nonzero
ed_007255,1,14,14,1,0,0.458831,nonzero
ed_007258,2,10,10,0,0,0.000000,nomatch
ed_007262,2,23,23,1,0,0.306186,nonzero
ed_007265,1,8,8,0,0,0.000000,nomatch
ed_007268,1,12,12,1,0,0.128037,nonzero
ed_007271,2,35,35,0,0,0.000000,nomatch
ed_007278,1,21,21,1,0,-0.545378,nonzero
ed_007281,1,15,15,1,0,-0.458831,nonzero
ed_007284,3,28,28,1,0,0.175581,nonzero
ed_007287,4,22,22,2,0,-0.175087,nonzero
ed_007290,1,7,7,1,0,-0.458831,nonzero
ed_007293,1,12,12,1,0,-0.361158,nonzero
ed_007296,1,13,13,1,0,0.128037,nonzero
ed_007299,1,9,9,1,0,0.476658,nonzero
ed_007302,2,27,27,0,0,0.000000,nomatch
ed_007305,1,10,10,1,0,-0.458831,nonzero
ed_007308,1,14,14,0,0,0.000000,nomatch
ed_007311,1,9,9,0,0,0.000000,nomatch
ed_007314,1,16,16,0,0,0.000000,nomatch
ed_007317,2,20,20,1,0,-0.210732,nonzero
ed_007320,1,12,12,0,0,0.000000,nomatch
ed_007324,1,7,7,0,0,0.000000,nomatch
ed_007327,1,9,9,1,0,-0.361158,nonzero
ed_007330,2,16,16,2,0,0.518889,nonzero
ed_007333,2,20,20,2,0,0.000000,cancel
ed_007336,3,33,33,0,0,0.000000,nomatch
ed_007339,2,16,16,0,0,0.000000,nomatch
ed_007343,1,12,12,0,0,0.000000,nomatch
ed_007346,2,9,9,0,0,0.000000,nomatch
ed_007349,1,8,8,0,0,0.000000,nomatch
ed_007352,2,18,18,0,0,0.000000,nomatch
ed_007355,1,9,9,1,0,-0.684850,nonzero
ed_007358,1,8,8,0,0,0.000000,nomatch
ed_007361,2,20,20,0,0,0.000000,nomatch
ed_007364,3,42,42,2,0,-0.052956,nonzero
ed_007367,4,25,25,1,0,-0.163828,nonzero
ed_007370,1,12,12,1,0,0.458831,nonzero
ed_007373,1,9,9,1,0,-0.578947,nonzero
ed_007376,1,13,13,0,0,0.000000,nomatch
ed_007379,1,12,12,1,0,-0.684850,nonzero
ed_007383,2,19,19,1,0,0.125000,nonzero
ed_007386,1,24,24,0,0,0.000000,nomatch
ed_007389,1,11,11,0,0,0.000000,nomatch
ed_007392,1,18,18,0,0,0.000000,nomatch
ed_007395,1,13,13,0,0,0.000000,nomatch
ed_007398,2,23,23,0,0,0.000000,nomatch
ed_007402,2,15,15,0,0,0.000000,nomatch
ed_007405,1,10,10,0,0,0.000000,nomatch
ed_007408,1,20,20,0,0,0.000000,nomatch
ed_007411,1,10,10,1,0,0.563239,nonzero
ed_007414,1,12,12,0,0,0.000000,nomatch
ed_007417,2,23,23,0,0,0.000000,nomatch
ed_007421,3,18,18,1,0,-0.042679,nonzero
ed_007424,2,16,16,0,0,0.000000,nomatch
ed_007428,1,15,15,0,0,0.000000,nomatch
ed_007431,2,14,14,0,0,0.000000,nomatch
ed_007434,1,12,12,1,0,0.458831,nonzero
ed_007437,1,13,13,1,0,0.128037,nonzero
ed_007440,2,18,18,0,0,0.000000,nomatch
ed_007444,3,26,26,0,0,0.000000,nomatch
ed_007447,1,15,15,0,0,0.000000,nomatch
ed_007450,1,6,6,0,0,0.000000,nomatch
ed_007453,1,19,19,0,0,0.000000,nomatch
ed_007456,1,14,14,0,0,0.000000,nomatch
ed_007459,1,19,19,0,0,0.000000,nomatch
ed_007462,2,17,17,0,0,0.000000,nomatch
ed_007466,2,16,16,1,0,0.281620,nonzero
ed_007469,2,14,14,0,0,0.000000,nomatch
ed_007472,1,15,15,0,0,0.000000,nomatch
ed_007475,4,45,45,0,0,0.000000,nomatch
ed_007479,1,8,8,0,0,0.000000,nomatch
ed_007482,2,17,17,1,0,0.246957,nonzero
ed_007486,2,16,16,0,0,0.000000,nomatch
ed_007489,2,13,13,0,0,0.000000,nomatch
ed_007493,3,20,20,0,0,0.000000,nomatch
ed_007496,1,14,14,0,0,0.000000,nomatch
ed_007500,2,12,12,0,0,0.000000,nomatch
ed_007503,2,14,14,2,0,-0.116560,nonzero
ed_007506,1,20,20,2,0,-0.447861,nonzero
ed_007510,2,17,17,0,0,0.000000,nomatch
ed_007513,4,44,44,2,0,-0.190371,nonzero
ed_007516,1,10,10,0,0,0.000000,nomatch
ed_007519,3,53,53,0,0,0.000000,nomatch
ed_007523,2,13,13,0,0,0.000000,nomatch
ed_007526,2,16,16,1,0,-0.229415,nonzero
ed_007530,1,15,15,0,0,0.000000,nomatch
ed_007533,1,9,9,1,0,0.526742,nonzero
ed_007537,2,16,16,1,0,0.130831,nonzero
ed_007540,2,13,13,0,0,0.000000,nomatch
ed_007544,1,19,19,0,0,0.000000,nomatch
ed_007547,2,19,19,0,0,0.000000,nomatch
ed_007550,1,10,10,0,0,0.000000,nomatch
ed_007554,2,18,18,0,0,0.000000,nomatch
ed_007557,2,18,18,0,0,0.000000,nomatch
ed_007561,2,12,12,1,0,0.271163,nonzero
ed_007565,2,21,21,0,0,0.000000,nomatch
ed_007568,2,21,21,0,0,0.000000,nomatch
ed_007574,2,22,22,1,0,-0.180579,nonzero
ed_007581,1,11,11,0,0,0.000000,nomatch
ed_007586,1,16,16,0,0,0.000000,nomatch
ed_007590,2,32,32,0,0,0.000000,nomatch
ed_007594,2,15,15,0,0,0.000000,nomatch
ed_007598,2,13,13,0,0,0.000000,nomatch
ed_007602,1,8,8,0,0,0.000000,nomatch
ed_007607,2,11,11,0,0,0.000000,nomatch
ed_007611,2,28,28,1,0,0.281620,nonzero
ed_007614,2,17,17,1,0,0.169975,nonzero
ed_007621,2,21,21,0,0,0.000000,nomatch
ed_007625,2,11,11,1,0,0.125000,nonzero
ed_007629,2,22,22,1,0,-0.327655,nonzero
ed_007632,2,11,11,0,0,0.000000,nomatch
ed_007636,2,32,32,0,0,0.000000,nomatch
ed_007639,1,8,8,2,0,0.612372,nonzero
ed_007642,1,17,17,0,0,0.000000,nomatch
ed_007649,2,43,43,0,0,0.000000,nomatch
ed_007656,1,26,26,0,0,0.000000,nomatch
ed_007659,1,19,19,0,0,0.000000,nomatch
ed_007662,1,17,17,0,0,0.000000,nomatch
ed_007668,1,13,13,0,0,0.000000,nomatch
ed_007671,1,7,7,0,0,0.000000,nomatch
ed_007674,1,45,45,1,0,0.458831,nonzero
ed_007677,2,5,5,0,0,0.000000,nomatch
ed_007680,1,52,52,2,0,-0.695608,nonzero
ed_007683,1,9,9,1,0,0.542326,nonzero
ed_007686,1,8,8,0,0,0.000000,nomatch
ed_007689,1,16,16,0,0,0.000000,nomatch
ed_007692,2,28,28,1,0,-0.342425,nonzero
ed_007695,2,29,29,1,0,-0.130831,nonzero
ed_007698,1,17,17,0,0,0.000000,nomatch
ed_007701,1,7,7,0,0,0.000000,nomatch
ed_007704,1,20,20,1,0,-0.361158,nonzero
ed_007707,2,21,21,0,0,0.000000,nomatch
ed_007710,1,10,10,0,0,0.000000,nomatch
ed_007713,1,8,8,1,0,-0.361158,nonzero
ed_007716,2,21,21,2,0,0.569557,nonzero
ed_007719,1,20,20,1,0,0.458831,nonzero
ed_007722,2,17,17,1,0,0.263371,nonzero
ed_007725,1,6,6,0,0,0.000000,nomatch
ed_007728,1,5,5,0,0,0.000000,nomatch
ed_007732,2,17,17,0,0,0.000000,nomatch
ed_007735,1,33,33,3,0,-0.543855,nonzero
ed_007738,2,23,23,1,1,-0.229415,nonzero
ed_007741,2,18,18,0,0,0.000000,nomatch
ed_007745,1,10,10,1,0,-0.458831,nonzero
ed_007748,1,7,7,0,0,0.000000,nomatch
ed_007752,2,18,18,0,0,0.000000,nomatch
ed_007755,1,4,4,1,0,0.361158,nonzero
ed_007758,1,5,5,1,0,0.458831,nonzero
ed_007761,1,7,7,0,0,0.000000,nomatch
ed_007764,2,28,28,0,0,0.000000,nomatch
ed_007767,2,33,33,0,0,0.000000,nomatch
ed_007770,2,24,24,3,0,-0.235897,nonzero
ed_007773,2,11,11,1,0,-0.243540,nonzero
ed_007776,1,6,6,1,0,0.128037,nonzero
ed_007779,2,18,18,2,0,-0.382485,nonzero
ed_007782,1,19,19,0,0,0.000000,nomatch
ed_007785,2,16,16,1,0,-0.263371,nonzero
ed_007788,1,20,20,0,0,0.000000,nomatch
ed_007791,1,44,44,1,0,0.202289,nonzero
ed_007794,2,22,22,0,0,0.000000,nomatch
ed_007797,2,21,21,0,0,0.000000,nomatch
ed_007800,2,18,18,2,0,0.066379,nonzero
ed_007803,2,18,18,2,0,-0.271163,nonzero
ed_007806,2,15,15,0,0,0.000000,nomatch
ed_007809,2,13,13,1,0,-0.263371,nonzero
ed_007812,2,22,22,0,0,0.000000,nomatch
ed_007815,2,24,24,2,0,0.093396,nonzero
ed_007820,1,9,9,0,0,0.000000,nomatch
ed_007824,2,17,17,1,0,0.064019,nonzero
ed_007827,1,18,18,0,0,0.000000,nomatch
ed_007830,2,18,18,1,0,0.180579,nonzero
ed_007833,2,17,17,0,0,0.000000,nomatch
ed_007836,1,14,14,0,0,0.000000,nomatch
ed_007839,2,16,16,1,0,-0.180579,nonzero
ed_007842,2,15,15,1,0,-0.281620,nonzero
ed_007845,2,25,25,0,0,0.000000,nomatch
ed_007848,2,13,13,1,0,-0.180579,nonzero
ed_007851,2,13,13,0,0,0.000000,nomatch
ed_007854,2,14,14,1,0,-0.210732,nonzero
ed_007857,2,15,15,0,0,0.000000,nomatch
ed_007860,1,5,5,0,0,0.000000,nomatch
ed_007863,1,19,19,0,0,0.000000,nomatch
ed_007866,2,33,33,0,0,0.000000,nomatch
ed_007869,3,15,15,1,0,-0.120386,nonzero
ed_007872,2,21,21,0,0,0.000000,nomatch
ed_007875,2,11,11,1,0,-0.210732,nonzero
ed_007878,2,16,16,0,0,0.000000,nomatch
ed_007881,2,16,16,0,0,0.000000,nomatch
ed_007884,2,16,16,1,0,0.229415,nonzero
ed_007887,1,9,9,0,0,0.000000,nomatch
ed_007891,2,29,29,0,0,0.000000,nomatch
ed_007895,2,9,9,1,0,-0.210732,nonzero
ed_007898,2,10,10,1,0,-0.229415,nonzero
ed_007901,2,17,17,0,0,0.000000,nomatch
ed_007904,2,15,15,1,0,-0.210732,nonzero
ed_007907,2,21,21,0,0,0.000000,nomatch
ed_007910,2,21,21,0,0,0.000000,nomatch
ed_007913,2,19,19,0,0,0.000000,nomatch
ed_007916,2,15,15,2,0,-0.458831,nonzero
ed_007919,2,28,28,1,0,0.263371,nonzero
ed_007922,2,18,18,2,0,-0.055579,nonzero
ed_007925,1,10,10,0,0,0.000000,nomatch
ed_007928,2,18,18,1,0,-0.210732,nonzero
ed_007931,2,22,22,3,0,-0.589700,nonzero
ed_007934,2,17,17,1,0,0.180579,nonzero
ed_007937,2,23,23,0,0,0.000000,nomatch
ed_007940,2,14,14,0,0,0.000000,nomatch
ed_007943,2,52,52,1,0,0.263371,nonzero
ed_007946,1,11,11,0,0,0.000000,nomatch
ed_007949,1,6,6,0,0,0.000000,nomatch
ed_007953,2,37,37,0,0,0.000000,nomatch
ed_007956,2,12,12,0,0,0.000000,nomatch
ed_007959,2,19,19,0,0,0.000000,nomatch
ed_007962,2,19,19,2,0,-0.458831,nonzero
ed_007965,2,13,13,0,0,0.000000,nomatch
ed_007968,2,16,16,0,0,0.000000,nomatch
ed_007971,1,10,10,1,0,-0.458831,nonzero
ed_007974,1,12,12,2,0,-0.782046,nonzero
ed_007977,1,4,4,0,0,0.000000,nomatch
ed_007981,2,16,16,0,0,0.000000,nomatch
ed_007984,2,24,24,0,0,0.000000,nomatch
ed_007987,2,15,15,1,0,-0.180579,nonzero
ed_007990,2,22,22,2,0,0.387513,nonzero
ed_007993,1,6,6,0,0,0.000000,nomatch
ed_007996,2,14,14,2,0,-0.548153,nonzero
ed_007999,3,34,34,1,0,-0.187746,nonzero
ed_008002,2,21,21,1,0,-0.180579,nonzero
ed_008005,1,8,8,0,0,0.000000,nomatch
ed_008008,2,17,17,0,0,0.000000,nomatch
ed_008011,2,22,22,1,0,0.263371,nonzero
ed_008014,2,13,13,0,0,0.000000,nomatch
ed_008018,1,5,5,0,0,0.000000,nomatch
ed_008021,2,33,33,0,0,0.000000,nomatch
ed_008024,2,17,17,0,0,0.000000,nomatch
ed_008027,2,20,20,1,0,0.180579,nonzero
ed_008031,2,21,21,1,0,-0.263371,nonzero
ed_008034,2,21,21,2,0,0.361158,nonzero
ed_008037,3,25,25,1,0,0.083333,nonzero
ed_008040,3,33,33,1,0,-0.162360,nonzero
ed_008044,1,12,12,0,0,0.000000,nomatch
ed_008047,2,25,25,1,0,0.210732,nonzero
ed_008050,2,18,18,0,0,0.000000,nomatch
ed_008053,1,20,20,0,0,0.000000,nomatch
ed_008056,1,17,17,0,0,0.000000,nomatch
ed_008059,1,4,4,0,0,0.000000,nomatch
ed_008062,2,13,13,1,0,-0.113174,nonzero
ed_008065,3,29,29,0,0,0.000000,nomatch
ed_008069,3,23,23,1,0,-0.083333,nonzero
ed_008072,2,20,20,0,0,0.000000,nomatch
ed_008075,5,47,47,1,0,0.025607,nonzero
ed_008080,2,16,16,0,0,0.000000,nomatch
ed_008084,1,15,15,1,0,-0.361158,nonzero
ed_008087,1,4,4,1,0,-0.128037,nonzero
ed_008090,2,13,13,1,0,-0.180579,nonzero
ed_008093,1,6,6,1,0,-0.128037,nonzero
ed_008096,2,28,28,0,0,0.000000,nomatch
ed_008100,2,22,22,3,0,-0.645279,nonzero
ed_008103,1,17,17,1,0,-0.458831,nonzero
ed_008106,2,23,23,0,0,0.000000,nomatch
ed_008109,1,9,9,0,0,0.000000,nomatch
ed_008113,3,40,40,0,1,-0.067430,nonzero
ed_008118,3,19,19,0,0,0.000000,nomatch
ed_008121,1,12,12,1,0,-0.578947,nonzero
ed_008124,3,30,30,0,0,0.000000,nomatch
ed_008127,1,15,15,0,0,0.000000,nomatch
ed_008130,1,5,5,0,0,0.000000,nomatch
ed_008134,2,13,13,1,0,-0.210732,nonzero
ed_008137,1,11,11,0,0,0.000000,nomatch
ed_008140,2,22,22,2,0,-0.518889,nonzero
ed_008143,3,25,25,0,0,0.000000,nomatch
ed_008146,2,15,15,1,0,-0.263371,nonzero
ed_008149,1,9,9,0,0,0.000000,nomatch
ed_008153,2,12,12,1,0,-0.210732,nonzero
ed_008156,1,5,5,0,0,0.000000,nomatch
ed_008159,1,16,16,1,0,-0.361158,nonzero
ed_008163,2,9,9,0,0,0.000000,nomatch
ed_008166,1,5,5,0,0,0.000000,nomatch
ed_008169,2,16,16,1,0,0.246957,nonzero
ed_008172,2,19,19,0,0,0.000000,nomatch
ed_008175,1,7,7,0,0,0.000000,nomatch
ed_008178,2,18,18,0,1,-0.064019,nonzero
ed_008181,1,11,11,0,0,0.000000,nomatch
ed_008184,1,18,18,0,0,0.000000,nomatch
ed_008187,1,16,16,1,0,-0.361158,nonzero
ed_008190,2,17,17,0,0,0.000000,nomatch
ed_008193,2,12,12,0,0,0.000000,nomatch
ed_008196,2,9,9,2,0,-0.533014,nonzero
ed_008199,1,13,13,2,0,0.250000,nonzero
ed_008202,1,12,12,0,0,0.000000,nomatch
ed_008205,1,27,27,1,0,-0.458831,nonzero
ed_008208,1,21,21,0,0,0.000000,nomatch
ed_008211,2,18,18,0,0,0.000000,nomatch
ed_008214,2,15,15,0,1,-0.064019,nonzero
ed_008217,2,12,12,0,0,0.000000,nomatch
ed_008220,1,18,18,2,0,0.458831,nonzero
ed_008224,1,13,13,0,0,0.000000,nomatch
ed_008227,1,14,14,1,0,-0.458831,nonzero
ed_008234,2,38,38,1,0,0.180579,nonzero
ed_008237,2,24,24,0,0,0.000000,nomatch
ed_008240,1,20,20,1,0,-0.421464,nonzero
ed_008245,2,14,14,2,0,0.385869,nonzero
ed_008249,1,15,15,0,0,0.000000,nomatch
ed_008252,2,14,14,0,0,0.000000,nomatch
ed_008255,1,22,22,1,0,-0.458831,nonzero
ed_008259,2,12,12,1,0,-0.180579,nonzero
ed_008262,1,7,7,0,0,0.000000,nomatch
ed_008265,1,23,23,0,0,0.000000,nomatch
ed_008271,1,22,22,1,0,0.261663,nonzero
ed_008274,1,16,16,0,0,0.000000,nomatch
ed_008277,2,10,10,1,0,-0.229415,nonzero
ed_008283,1,19,19,0,0,0.000000,nomatch
ed_008286,1,13,13,1,0,0.557370,nonzero
ed_008289,1,21,21,0,0,0.000000,nomatch
ed_008292,1,14,14,1,0,-0.361158,nonzero
ed_008295,3,28,28,0,0,0.000000,nomatch
ed_008298,1,6,6,0,0,0.000000,nomatch
ed_008301,2,23,23,0,0,0.000000,nomatch
ed_008304,1,21,21,0,0,0.000000,nomatch
ed_008307,2,18,18,0,0,0.000000,nomatch
ed_008310,2,25,25,0,0,0.000000,nomatch
ed_008313,2,12,12,0,0,0.000000,nomatch
ed_008316,2,20,20,1,0,0.229415,nonzero
ed_008319,2,39,39,2,1,-0.098240,nonzero
ed_008322,2,16,16,1,0,0.101144,nonzero
ed_008325,2,24,24,0,0,0.000000,nomatch
ed_008328,2,19,19,2,0,-0.068354,nonzero
ed_008333,2,24,24,1,0,-0.263371,nonzero
ed_008336,1,19,19,0,0,0.000000,nomatch
ed_008339,1,6,6,0,0,0.000000,nomatch
ed_008342,1,28,28,0,0,0.000000,nomatch
ed_008345,1,14,14,0,0,0.000000,nomatch
ed_008348,1,12,12,0,0,0.000000,nomatch
ed_008351,2,32,32,1,0,0.180579,nonzero
ed_008354,2,22,22,1,0,0.180579,nonzero
ed_008357,1,20,20,1,0,0.458831,nonzero
ed_008360,3,32,32,5,0,-0.076105,nonzero
ed_008364,1,14,14,0,0,0.000000,nomatch
ed_008367,2,10,10,1,0,-0.180579,nonzero
ed_008370,1,16,16,0,0,0.000000,nomatch
ed_008373,1,18,18,1,0,0.458831,nonzero
ed_008376,3,17,17,0,0,0.000000,nomatch
ed_008379,1,13,13,0,0,0.000000,nomatch
ed_008382,2,15,15,1,0,0.101144,nonzero
ed_008385,2,16,16,1,0,-0.229415,nonzero
ed_008388,1,5,5,0,0,0.000000,nomatch
ed_008392,2,11,11,1,0,0.263371,nonzero
ed_008395,2,13,13,0,0,0.000000,nomatch
ed_008398,2,18,18,0,0,0.000000,nomatch
ed_008401,1,23,23,0,0,0.000000,nomatch
ed_008404,2,14,14,0,0,0.000000,nomatch
ed_008407,1,15,15,0,1,-0.128037,nonzero
ed_008410,1,17,17,1,0,-0.361158,nonzero
ed_008413,2,17,17,0,0,0.000000,nomatch
ed_008416,2,18,18,0,0,0.000000,nomatch
ed_008419,1,15,15,0,0,0.000000,nomatch
ed_008422,1,18,18,2,0,0.678786,nonzero
ed_008425,3,40,40,0,0,0.000000,nomatch
ed_008429,2,30,30,1,0,0.064019,nonzero
ed_008432,2,17,17,0,0,0.000000,nomatch
ed_008435,1,12,12,0,0,0.000000,nomatch
ed_008438,1,19,19,0,0,0.000000,nomatch
ed_008441,1,13,13,0,0,0.000000,nomatch
ed_008445,2,28,28,0,0,0.000000,nomatch
ed_008448,2,15,15,1,0,-0.374116,nonzero
ed_008451,1,9,9,1,0,0.361158,nonzero
ed_008454,2,17,17,1,0,0.210732,nonzero
ed_008457,1,17,17,0,0,0.000000,nomatch
ed_008460,1,7,7,0,0,0.000000,nomatch
ed_008463,2,12,12,0,0,0.000000,nomatch
ed_008466,1,10,10,0,0,0.000000,nomatch
ed_008470,1,20,20,0,0,0.000000,nomatch
ed_008475,2,17,17,0,0,0.000000,nomatch
ed_008478,2,20,20,0,0,0.000000,nomatch
ed_008481,1,14,14,0,0,0.000000,nomatch
ed_008484,2,27,27,0,0,0.000000,nomatch
ed_008487,1,12,12,1,0,-0.684850,nonzero
ed_008490,2,19,19,0,0,0.000000,nomatch
ed_008493,2,19,19,0,0,0.000000,nomatch
ed_008499,2,14,14,0,0,0.000000,nomatch
ed_008502,3,37,37,0,0,0.000000,nomatch
ed_008505,2,9,9,1,0,-0.169975,nonzero
ed_008509,1,11,11,1,0,-0.563239,nonzero
ed_008512,2,19,19,0,0,0.000000,nomatch
ed_008515,2,34,34,0,0,0.000000,nomatch
ed_008518,2,22,22,0,0,0.000000,nomatch
ed_008521,3,40,40,1,0,-0.087221,nonzero
ed_008524,2,18,18,0,0,0.000000,nomatch
ed_008527,3,36,36,0,0,0.000000,nomatch
ed_008530,2,15,15,1,0,0.210732,nonzero
ed_008533,2,14,14,0,0,0.000000,nomatch
ed_008537,1,10,10,2,0,0.051571,nonzero
ed_008540,2,21,21,0,0,0.000000,nomatch
ed_008547,4,41,41,2,1,0.005746,nonzero
ed_008550,2,14,14,0,0,0.000000,nomatch
ed_008554,2,43,43,0,0,0.000000,nomatch
ed_008559,2,17,17,0,0,0.000000,nomatch
ed_008562,3,25,25,1,0,-0.176634,nonzero
ed_008565,2,27,27,0,0,0.000000,nomatch
ed_008568,2,20,20,3,0,0.293434,nonzero
ed_008571,2,14,14,0,0,0.000000,nomatch
ed_008574,2,13,13,1,0,0.130831,nonzero
ed_008577,2,13,13,0,0,0.000000,nomatch
ed_008581,2,24,24,0,0,0.000000,nomatch
ed_008584,2,12,12,0,0,0.000000,nomatch
ed_008588,1,15,15,0,0,0.000000,nomatch
ed_008591,2,14,14,1,0,-0.292941,nonzero
ed_008594,1,13,13,0,0,0.000000,nomatch
ed_008598,3,26,26,1,0,0.195294,nonzero
ed_008601,2,10,10,0,0,0.000000,nomatch
ed_008605,2,20,20,0,0,0.000000,nomatch
ed_008608,2,14,14,1,0,-0.210732,nonzero
ed_008611,2,9,9,1,0,0.180579,nonzero
ed_008615,2,15,15,0,0,0.000000,nomatch
ed_008618,2,15,15,0,0,0.000000,nomatch
ed_008621,3,30,30,0,0,0.000000,nomatch
ed_008624,4,33,33,0,0,0.000000,nomatch
ed_008627,2,13,13,0,0,0.000000,nomatch
ed_008630,3,24,24,1,0,-0.218437,nonzero
ed_008633,2,26,26,1,0,-0.243540,nonzero
ed_008636,2,16,16,0,0,0.000000,nomatch
ed_008639,2,16,16,0,0,0.000000,nomatch
ed_008642,3,36,36,2,0,-0.146354,nonzero
ed_008645,2,19,19,1,0,-0.180579,nonzero
ed_008648,2,11,11,0,0,0.000000,nomatch
ed_008652,1,15,15,0,0,0.000000,nomatch
ed_008656,1,6,6,0,0,0.000000,nomatch
ed_008661,1,19,19,0,0,0.000000,nomatch
ed_008664,2,14,14,1,0,-0.130831,nonzero
ed_008667,1,17,17,1,0,0.421464,nonzero
ed_008670,2,11,11,1,0,-0.246957,nonzero
ed_008673,1,10,10,0,0,0.000000,nomatch
ed_008676,2,30,30,0,0,0.000000,nomatch
ed_008679,2,17,17,0,0,0.000000,nomatch
ed_008682,1,15,15,1,0,-0.748232,nonzero
ed_008686,2,18,18,0,0,0.000000,nomatch
ed_008689,2,31,31,0,0,0.000000,nomatch
ed_008692,2,15,15,0,0,0.000000,nomatch
ed_008695,2,19,19,1,0,-0.210732,nonzero
ed_008698,2,21,21,1,0,-0.306186,nonzero
ed_008701,1,6,6,0,0,0.000000,nomatch
ed_008704,2,12,12,2,0,-0.557071,nonzero
ed_008708,2,11,11,0,0,0.000000,nomatch
ed_008711,1,11,11,0,0,0.000000,nomatch
ed_008714,2,18,18,1,0,-0.327655,nonzero
ed_008717,2,32,32,1,0,-0.130831,nonzero
ed_008720,2,17,17,1,0,-0.238329,nonzero
ed_008723,2,19,19,1,0,0.180579,nonzero
ed_008726,2,15,15,0,0,0.000000,nomatch
ed_008729,1,9,9,0,0,0.000000,nomatch
ed_008732,1,7,7,0,0,0.000000,nomatch
ed_008735,3,31,31,1,0,0.120386,nonzero
ed_008738,2,23,23,0,0,0.000000,nomatch
ed_008741,2,24,24,1,0,0.064019,nonzero
ed_008744,3,39,39,0,0,0.000000,nomatch
ed_008747,3,38,38,1,0,-0.207476,nonzero
ed_008750,2,11,11,0,0,0.000000,nomatch
ed_008753,2,25,25,1,0,-0.263371,nonzero
ed_008756,2,13,13,0,0,0.000000,nomatch
ed_008759,2,25,25,0,0,0.000000,nomatch
ed_008762,1,15,15,0,0,0.000000,nomatch
ed_008766,2,15,15,0,0,0.000000,nomatch
ed_008769,2,17,17,1,0,-0.210732,nonzero
ed_008772,1,7,7,0,0,0.000000,nomatch
ed_008775,4,32,32,1,0,-0.032009,nonzero
ed_008778,2,27,27,1,0,0.045001,nonzero
ed_008781,1,12,12,1,0,-0.458831,nonzero
ed_008784,3,45,45,0,0,0.000000,nomatch
ed_008787,2,12,12,0,0,0.000000,nomatch
ed_008791,1,20,20,0,0,0.000000,nomatch
ed_008794,2,22,22,1,0,0.246957,nonzero
ed_008797,3,45,45,1,0,-0.152944,nonzero
ed_008800,2,20,20,1,0,0.210732,nonzero
ed_008803,1,10,10,0,0,0.000000,nomatch
ed_008807,1,12,12,0,0,0.000000,nomatch
ed_008810,3,37,37,1,1,-0.155996,nonzero
ed_008814,1,10,10,0,0,0.000000,nomatch
ed_008817,2,13,13,0,0,0.000000,nomatch
ed_008821,1,7,7,0,0,0.000000,nomatch
ed_008824,3,49,49,0,0,0.000000,nomatch
ed_008827,1,5,5,1,0,-0.361158,nonzero
ed_008830,3,41,41,2,0,0.000000,cancel
ed_008833,1,7,7,0,0,0.000000,nomatch
ed_008836,3,31,31,0,1,-0.067430,nonzero
ed_008839,2,12,12,0,0,0.000000,nomatch
ed_008843,1,13,13,2,0,-0.250000,nonzero
ed_008846,1,11,11,0,0,0.000000,nomatch
ed_008849,1,9,9,0,0,0.000000,nomatch
ed_008852,2,14,14,0,0,0.000000,nomatch
ed_008856,2,17,17,0,0,0.000000,nomatch
ed_008860,1,9,9,0,0,0.000000,nomatch
ed_008863,1,17,17,0,0,0.000000,nomatch
ed_008866,1,7,7,1,0,0.526742,nonzero
ed_008869,2,19,19,1,0,0.180579,nonzero
ed_008872,1,10,10,1,0,-0.361158,nonzero
ed_008875,1,11,11,1,0,0.526742,nonzero
ed_008879,1,7,7,0,0,0.000000,nomatch
ed_008882,1,14,14,1,0,-0.684850,nonzero
ed_008885,1,10,10,0,0,0.000000,nomatch
ed_008888,1,9,9,0,0,0.000000,nomatch
ed_008892,1,7,7,0,0,0.000000,nomatch
ed_008895,1,9,9,1,0,0.709560,nonzero
ed_008898,1,12,12,2,0,-0.810545,nonzero
ed_008901,1,12,12,1,0,-0.449704,nonzero
ed_008904,1,17,17,0,0,0.000000,nomatch
ed_008908,3,44,44,0,0,0.000000,nomatch
ed_008912,1,9,9,1,0,-0.361158,nonzero
ed_008915,3,42,42,2,0,-0.042679,nonzero
ed_008918,1,16,16,0,0,0.000000,nomatch
ed_008921,3,33,33,0,0,0.000000,nomatch
ed_008924,1,16,16,2,0,-0.670478,nonzero
ed_008930,1,9,9,1,0,-0.449704,nonzero
ed_008933,1,10,10,0,0,0.000000,nomatch
ed_008936,2,34,34,2,1,0.315489,nonzero
ed_008939,1,13,13,1,0,0.449704,nonzero
ed_008942,1,6,6,0,0,0.000000,nomatch
ed_008945,1,39,39,1,1,-0.542326,nonzero
ed_008949,2,31,31,0,0,0.000000,nomatch
ed_008952,1,10,10,0,0,0.000000,nomatch
ed_008955,1,7,7,0,0,0.000000,nomatch
ed_008959,3,44,44,0,0,0.000000,nomatch
ed_008962,2,20,20,0,0,0.000000,nomatch
ed_008965,1,9,9,0,0,0.000000,nomatch
ed_008968,1,9,9,0,0,0.000000,nomatch
ed_008971,1,8,8,2,0,0.510607,nonzero
ed_008974,3,28,28,0,0,0.000000,nomatch
ed_008979,1,15,15,0,0,0.000000,nomatch
ed_008983,1,17,17,2,0,-0.704077,nonzero
ed_008986,1,9,9,0,0,0.000000,nomatch
ed_008989,1,11,11,0,0,0.000000,nomatch
ed_008992,1,14,14,0,0,0.000000,nomatch
ed_008996,1,19,19,0,0,0.000000,nomatch
ed_008999,1,11,11,2,0,0.177858,nonzero
ed_009003,1,9,9,0,0,0.000000,nomatch
ed_009006,1,9,9,0,0,0.000000,nomatch
ed_009009,1,11,11,0,0,0.000000,nomatch
ed_009012,3,31,31,2,0,0.340219,nonzero
ed_009016,1,9,9,0,0,0.000000,nomatch
ed_009019,1,18,18,0,0,0.000000,nomatch
ed_009022,1,9,9,0,0,0.000000,nomatch
ed_009025,1,17,17,2,0,-0.680823,nonzero
ed_009028,1,6,6,0,0,0.000000,nomatch
ed_009031,1,8,8,0,0,0.000000,nomatch
ed_009034,1,10,10,1,0,-0.361158,nonzero
ed_009037,2,19,19,0,0,0.000000,nomatch
ed_009041,3,23,23,0,1,-0.042679,nonzero
ed_009044,1,9,9,0,0,0.000000,nomatch
ed_009047,1,5,5,1,0,0.642809,nonzero
ed_009050,1,8,8,0,0,0.000000,nomatch
ed_009053,1,19,19,1,0,-0.421464,nonzero
ed_009057,1,6,6,0,0,0.000000,nomatch
ed_009060,1,7,7,1,0,0.445087,nonzero
ed_009063,1,9,9,0,0,0.000000,nomatch
ed_009066,1,9,9,0,0,0.000000,nomatch
ed_009070,1,9,9,0,0,0.000000,nomatch
ed_009073,1,9,9,0,0,0.000000,nomatch
ed_009076,1,15,15,1,0,-0.090003,nonzero
ed_009079,1,11,11,0,0,0.000000,nomatch
ed_009082,1,10,10,1,0,0.563239,nonzero
ed_009085,2,30,30,0,0,0.000000,nomatch
ed_009088,2,27,27,0,0,0.000000,nomatch
ed_009093,1,7,7,0,0,0.000000,nomatch
ed_009096,1,10,10,0,0,0.000000,nomatch
ed_009100,1,14,14,0,0,0.000000,nomatch
ed_009103,1,7,7,0,0,0.000000,nomatch
ed_009107,2,23,23,0,0,0.000000,nomatch
ed_009110,1,17,17,0,0,0.000000,nomatch
ed_009113,2,12,12,0,0,0.000000,nomatch
ed_009117,1,10,10,0,0,0.000000,nomatch
ed_009120,1,11,11,0,0,0.000000,nomatch
ed_009123,1,6,6,0,0,0.000000,nomatch
ed_009126,2,23,23,0,0,0.000000,nomatch
ed_009129,1,6,6,0,0,0.000000,nomatch
ed_009132,2,10,10,0,0,0.000000,nomatch
ed_009136,1,11,11,0,0,0.000000,nomatch
ed_009139,1,11,11,0,0,0.000000,nomatch
ed_009142,1,13,13,0,0,0.000000,nomatch
ed_009145,1,26,26,0,0,0.000000,nomatch
ed_009148,1,7,7,0,0,0.000000,nomatch
ed_009151,2,16,16,2,0,-0.470052,nonzero
ed_009154,1,12,12,1,0,-0.517127,nonzero
ed_009157,2,10,10,0,0,0.000000,nomatch
ed_009160,2,26,26,1,0,-0.263371,nonzero
ed_009163,1,9,9,0,0,0.000000,nomatch
ed_009166,1,8,8,0,0,0.000000,nomatch
ed_009169,2,21,21,0,0,0.000000,nomatch
ed_009173,1,11,11,2,0,-0.051571,nonzero
ed_009176,2,23,23,1,0,0.229415,nonzero
ed_009179,1,18,18,0,0,0.000000,nomatch
ed_009182,1,6,6,0,0,0.000000,nomatch
ed_009185,2,23,23,0,0,0.000000,nomatch
ed_009188,2,27,27,2,0,-0.165397,nonzero
ed_009192,1,5,5,0,0,0.000000,nomatch
ed_009195,1,7,7,0,0,0.000000,nomatch
ed_009198,2,16,16,0,0,0.000000,nomatch
ed_009201,1,16,16,1,0,0.421464,nonzero
ed_009205,1,10,10,0,0,0.000000,nomatch
ed_009208,2,16,16,1,0,0.238329,nonzero
ed_009211,2,27,27,1,0,-0.180579,nonzero
ed_009214,1,14,14,0,0,0.000000,nomatch
ed_009217,2,15,15,0,0,0.000000,nomatch
ed_009220,3,24,24,1,0,0.067430,nonzero
ed_009223,1,6,6,0,0,0.000000,nomatch
ed_009226,2,14,14,0,0,0.000000,nomatch
ed_009229,1,6,6,1,0,0.542326,nonzero
ed_009232,1,5,5,0,0,0.000000,nomatch
ed_009236,1,7,7,0,0,0.000000,nomatch
ed_009239,1,13,13,0,0,0.000000,nomatch
ed_009242,1,9,9,0,0,0.000000,nomatch
ed_009245,2,20,20,0,0,0.000000,nomatch
ed_009248,1,10,10,1,0,0.493915,nonzero
ed_009251,2,20,20,0,0,0.000000,nomatch
ed_009254,1,15,15,0,0,0.000000,nomatch
ed_009257,2,21,21,0,0,0.000000,nomatch
ed_009260,1,13,13,1,0,-0.557370,nonzero
ed_009263,2,21,21,0,0,0.000000,nomatch
ed_009266,2,13,13,0,0,0.000000,nomatch
ed_009270,1,15,15,1,0,-0.557370,nonzero
ed_009273,4,29,29,1,0,0.123479,nonzero
ed_009276,1,8,8,0,0,0.000000,nomatch
ed_009279,2,19,19,0,0,0.000000,nomatch
ed_009283,2,21,21,0,0,0.000000,nomatch
ed_009286,1,5,5,0,0,0.000000,nomatch
ed_009289,2,15,15,0,0,0.000000,nomatch
ed_009295,1,15,15,0,0,0.000000,nomatch
ed_009298,1,13,13,0,0,0.000000,nomatch
ed_009302,2,24,24,0,0,0.000000,nomatch
ed_009305,2,12,12,1,0,0.180579,nonzero
ed_009309,1,12,12,0,0,0.000000,nomatch
ed_009313,1,17,17,1,0,0.128037,nonzero
ed_009316,1,11,11,0,0,0.000000,nomatch
ed_009320,2,15,15,2,0,-0.409994,nonzero
ed_009323,1,11,11,0,0,0.000000,nomatch
ed_009327,3,24,24,1,0,-0.152944,nonzero
ed_009330,1,9,9,0,0,0.000000,nomatch
ed_009334,1,11,11,1,0,0.361158,nonzero
ed_009339,1,9,9,0,0,0.000000,nomatch
ed_009343,2,17,17,0,0,0.000000,nomatch
ed_009346,2,8,8,2,0,0.116560,nonzero
ed_009350,2,14,14,0,0,0.000000,nomatch
ed_009354,2,25,25,1,0,0.246957,nonzero
ed_009359,1,9,9,1,0,0.250000,nonzero
ed_009363,1,18,18,0,0,0.000000,nomatch
ed_009366,2,14,14,1,0,-0.327655,nonzero
ed_009372,1,20,20,1,0,0.526742,nonzero
ed_009379,2,12,12,1,0,0.229415,nonzero
ed_009383,1,8,8,0,0,0.000000,nomatch
ed_009387,1,15,15,0,0,0.000000,nomatch
ed_009390,1,12,12,1,0,0.542326,nonzero
ed_009394,1,13,13,0,0,0.000000,nomatch
ed_009398,2,17,17,1,1,0.242678,nonzero
ed_009401,1,13,13,0,0,0.000000,nomatch
ed_009405,2,12,12,0,0,0.000000,nomatch
ed_009412,1,12,12,0,0,0.000000,nomatch
ed_009416,2,18,18,1,0,-0.210732,nonzero
ed_009423,2,12,12,0,0,0.000000,nomatch
ed_009428,2,14,14,1,0,0.289473,nonzero
ed_009431,1,12,12,0,0,0.000000,nomatch
ed_009435,2,13,13,2,0,-0.044273,nonzero
ed_009438,2,11,11,0,0,0.000000,nomatch
ed_009441,1,12,12,0,0,0.000000,nomatch
ed_009445,1,7,7,1,0,-0.128037,nonzero
ed_009452,3,28,28,1,0,-0.152944,nonzero
ed_009455,2,14,14,1,0,-0.180579,nonzero
ed_009462,3,56,56,1,0,-0.120386,nonzero
ed_009469,1,5,5,0,0,0.000000,nomatch
ed_009473,2,32,32,1,0,-0.210732,nonzero
ed_009476,1,8,8,0,0,0.000000,nomatch
ed_009480,2,10,10,0,0,0.000000,nomatch
ed_009483,2,20,20,0,0,0.000000,nomatch
ed_009490,1,9,9,0,0,0.000000,nomatch
ed_009495,2,13,13,1,0,-0.243540,nonzero
ed_009498,1,13,13,1,0,-0.578947,nonzero
ed_009502,2,10,10,0,0,0.000000,nomatch
ed_009509,1,12,12,0,0,0.000000,nomatch
ed_009513,2,27,27,1,0,-0.238329,nonzero
ed_009518,2,23,23,1,0,-0.180579,nonzero
ed_009521,2,11,11,1,0,-0.243540,nonzero
ed_009524,2,14,14,1,0,0.238329,nonzero
ed_009527,2,15,15,1,0,-0.289473,nonzero
ed_009530,1,15,15,0,0,0.000000,nomatch
ed_009533,2,15,15,2,0,-0.409994,nonzero
ed_009536,3,47,47,0,0,0.000000,nomatch
ed_009540,2,12,12,0,0,0.000000,nomatch
ed_009543,1,6,6,0,0,0.000000,nomatch
ed_009546,1,23,23,0,0,0.000000,nomatch
ed_009550,2,14,14,1,0,-0.210732,nonzero
ed_009553,2,11,11,0,0,0.000000,nomatch
ed_009556,1,10,10,0,0,0.000000,nomatch
ed_009559,2,16,16,0,0,0.000000,nomatch
ed_009562,2,14,14,1,0,0.263371,nonzero
ed_009565,2,20,20,0,0,0.000000,nomatch
ed_009568,1,12,12,0,0,0.000000,nomatch
ed_009571,1,21,21,1,0,0.361158,nonzero
ed_009574,1,10,10,0,0,0.000000,nomatch
ed_009577,2,16,16,1,0,0.210732,nonzero
ed_009580,2,14,14,0,0,0.000000,nomatch
ed_009583,1,19,19,0,0,0.000000,nomatch
ed_009587,1,12,12,0,0,0.000000,nomatch
ed_009591,1,15,15,0,0,0.000000,nomatch
ed_009595,1,17,17,0,0,0.000000,nomatch
ed_009598,2,21,21,1,0,-0.238329,nonzero
ed_009601,1,13,13,0,0,0.000000,nomatch
ed_009604,1,4,4,0,0,0.000000,nomatch
ed_009607,2,23,23,1,0,-0.342425,nonzero
ed_009610,1,6,6,0,0,0.000000,nomatch
ed_009614,1,15,15,1,0,-0.458831,nonzero
ed_009617,2,15,15,0,0,0.000000,nomatch
ed_009620,1,4,4,0,0,0.000000,nomatch
ed_009623,1,11,11,0,0,0.000000,nomatch
ed_009626,1,12,12,0,0,0.000000,nomatch
ed_009630,1,7,7,0,0,0.000000,nomatch
ed_009633,1,8,8,0,0,0.000000,nomatch
ed_009637,1,10,10,0,0,0.000000,nomatch
ed_009640,2,15,15,0,0,0.000000,nomatch
ed_009643,1,27,27,1,0,-0.361158,nonzero
ed_009646,1,16,16,1,0,0.585882,nonzero
ed_009649,1,8,8,0,0,0.000000,nomatch
ed_009652,2,42,42,2,0,-0.439142,nonzero
ed_009656,2,15,15,1,0,-0.229415,nonzero
ed_009660,1,5,5,0,0,0.000000,nomatch
ed_009663,1,9,9,0,0,0.000000,nomatch
ed_009667,2,16,16,0,0,0.000000,nomatch
ed_009670,1,11,11,1,0,-0.578947,nonzero
ed_009673,1,12,12,0,0,0.000000,nomatch
ed_009676,1,29,29,0,0,0.000000,nomatch
ed_009680,2,38,38,1,0,0.281620,nonzero
ed_009683,3,34,34,0,0,0.000000,nomatch
ed_009687,1,15,15,0,0,0.000000,nomatch
ed_009690,1,7,7,1,0,-0.361158,nonzero
ed_009697,2,17,17,0,0,0.000000,nomatch
ed_009700,1,12,12,0,0,0.000000,nomatch
ed_009703,1,16,16,1,0,0.458831,nonzero
ed_009706,2,17,17,0,0,0.000000,nomatch
ed_009709,1,9,9,0,0,0.000000,nomatch
ed_009712,1,12,12,0,0,0.000000,nomatch
ed_009715,3,18,18,0,0,0.000000,nomatch
ed_009719,1,10,10,0,0,0.000000,nomatch
ed_009723,2,27,27,0,0,0.000000,nomatch
ed_009726,1,19,19,1,0,0.458831,nonzero
ed_009729,2,21,21,1,0,-0.064019,nonzero
ed_009732,2,26,26,0,0,0.000000,nomatch
ed_009735,1,9,9,0,0,0.000000,nomatch
ed_009738,2,18,18,1,0,0.229415,nonzero
ed_009741,1,17,17,0,0,0.000000,nomatch
ed_009744,1,6,6,0,0,0.000000,nomatch
ed_009747,1,9,9,0,0,0.000000,nomatch
ed_009750,1,14,14,0,0,0.000000,nomatch
ed_009753,1,21,21,0,0,0.000000,nomatch
ed_009757,2,23,23,2,0,-0.271163,nonzero
ed_009760,1,8,8,0,0,0.000000,nomatch
ed_009763,1,26,26,0,0,0.000000,nomatch
ed_009766,1,4,4,0,0,0.000000,nomatch
ed_009769,1,8,8,0,0,0.000000,nomatch
ed_009772,2,17,17,0,0,0.000000,nomatch
ed_009775,1,9,9,0,0,0.000000,nomatch
ed_009778,1,18,18,1,0,0.202289,nonzero
ed_009781,2,15,15,1,0,0.130831,nonzero
ed_009784,1,22,22,0,0,0.000000,nomatch
ed_009787,1,9,9,1,0,0.128037,nonzero
ed_009790,2,22,22,0,0,0.000000,nomatch
ed_009793,1,5,5,0,0,0.000000,nomatch
ed_009796,2,15,15,0,0,0.000000,nomatch
ed_009799,1,10,10,0,0,0.000000,nomatch
ed_009803,1,7,7,1,0,-0.361158,nonzero
ed_009807,1,10,10,0,0,0.000000,nomatch
ed_009810,1,5,5,0,0,0.000000,nomatch
ed_009814,2,14,14,2,0,0.458831,nonzero
ed_009817,2,12,12,0,0,0.000000,nomatch
ed_009820,2,23,23,0,0,0.000000,nomatch
ed_009823,2,24,24,1,0,-0.229415,nonzero
ed_009826,2,19,19,0,0,0.000000,nomatch
ed_009829,1,20,20,2,0,-0.574725,nonzero
ed_009832,2,18,18,1,0,-0.229415,nonzero
ed_009835,1,7,7,0,0,0.000000,nomatch
ed_009838,1,12,12,0,0,0.000000,nomatch
ed_009841,1,23,23,1,0,-0.458831,nonzero
ed_009845,1,19,19,0,0,0.000000,nomatch
ed_009848,1,9,9,0,0,0.000000,nomatch
ed_009852,2,20,20,0,0,0.000000,nomatch
ed_009855,1,7,7,0,0,0.000000,nomatch
ed_009858,1,12,12,0,0,0.000000,nomatch
ed_009861,1,9,9,0,0,0.000000,nomatch
ed_009865,2,10,10,0,0,0.000000,nomatch
ed_009868,1,8,8,0,0,0.000000,nomatch
ed_009871,1,9,9,0,0,0.000000,nomatch
ed_009874,1,15,15,0,0,0.000000,nomatch
ed_009877,3,44,44,1,0,0.083333,nonzero
ed_009880,1,14,14,0,0,0.000000,nomatch
ed_009883,1,23,23,2,0,-0.064416,nonzero
ed_009886,1,5,5,1,0,-0.458831,nonzero
ed_009889,2,32,32,1,0,0.101144,nonzero
ed_009892,1,3,3,0,0,0.000000,nomatch
ed_009895,1,7,7,0,0,0.000000,nomatch
ed_009898,1,36,36,2,0,0.709560,nonzero
ed_009901,2,17,17,0,0,0.000000,nomatch
ed_009904,3,65,65,1,0,0.164638,nonzero
ed_009908,1,2,2,0,0,0.000000,nomatch
ed_009911,2,23,23,0,0,0.000000,nomatch
ed_009914,2,24,24,2,0,0.354780,nonzero
ed_009917,1,16,16,0,0,0.000000,nomatch
ed_009920,2,17,17,1,0,-0.263371,nonzero
ed_009923,1,12,12,1,0,-0.421464,nonzero
ed_009926,1,9,9,1,0,0.000000,cancel
ed_009929,2,33,33,0,0,0.000000,nomatch
ed_009932,2,23,23,1,1,0.242678,nonzero
ed_009935,2,22,22,0,0,0.000000,nomatch
ed_009939,1,10,10,0,0,0.000000,nomatch
ed_009942,1,7,7,0,0,0.000000,nomatch
ed_009945,1,11,11,0,0,0.000000,nomatch
ed_009948,1,9,9,0,0,0.000000,nomatch
ed_009951,2,13,13,0,0,0.000000,nomatch
ed_009954,2,27,27,0,0,0.000000,nomatch
ed_009958,2,20,20,0,0,0.000000,nomatch
ed_009961,1,6,6,0,0,0.000000,nomatch
ed_009964,1,14,14,0,0,0.000000,nomatch
ed_009967,1,5,5,0,0,0.000000,nomatch
ed_009970,1,13,13,0,0,0.000000,nomatch
ed_009973,1,13,13,2,0,0.510607,nonzero
ed_009976,1,14,14,0,0,0.000000,nomatch
ed_009979,2,40,40,1,0,0.169975,nonzero
ed_009983,1,18,18,1,0,0.361158,nonzero
ed_009986,1,16,16,1,0,0.493915,nonzero
ed_009989,1,6,6,0,0,0.000000,nomatch
ed_009992,1,12,12,0,0,0.000000,nomatch
ed_009995,2,18,18,1,0,-0.263371,nonzero
ed_009998,1,17,17,2,0,-0.704999,nonzero
ed_010001,1,6,6,1,0,-0.458831,nonzero
ed_010007,2,15,15,1,0,0.229415,nonzero
ed_010013,2,20,20,0,0,0.000000,nomatch
ed_010016,1,10,10,2,0,0.612372,nonzero
ed_010019,1,17,17,0,0,0.000000,nomatch
ed_010022,1,8,8,0,0,0.000000,nomatch
ed_010025,1,6,6,0,0,0.000000,nomatch
ed_010028,1,6,6,0,0,0.000000,nomatch
ed_010031,1,7,7,0,0,0.000000,nomatch
ed_010034,1,8,8,0,0,0.000000,nomatch
ed_010037,1,25,25,1,0,-0.458831,nonzero
ed_010040,1,5,5,0,0,0.000000,nomatch
ed_010043,1,10,10,0,0,0.000000,nomatch
ed_010047,1,11,11,0,0,0.000000,nomatch
ed_010050,1,13,13,2,0,0.735147,nonzero
ed_010053,1,15,15,1,0,0.361158,nonzero
ed_010062,1,35,35,0,0,0.000000,nomatch
ed_010069,1,13,13,0,0,0.000000,nomatch
ed_010072,1,11,11,0,0,0.000000,nomatch
ed_010075,1,18,18,1,0,0.458831,nonzero
ed_010078,2,17,17,1,0,-0.180579,nonzero
ed_010084,1,13,13,0,0,0.000000,nomatch
ed_010088,1,15,15,2,0,0.510607,nonzero
ed_010091,2,22,22,0,0,0.000000,nomatch
ed_010094,1,14,14,1,0,0.458831,nonzero
ed_010097,2,21,21,0,0,0.000000,nomatch
ed_010100,1,10,10,0,0,0.000000,nomatch
ed_010103,1,7,7,0,0,0.000000,nomatch
ed_010106,1,7,7,0,0,0.000000,nomatch
ed_010109,1,10,10,0,0,0.000000,nomatch
ed_010112,1,6,6,0,0,0.000000,nomatch
ed_010115,2,38,38,0,0,0.000000,nomatch
ed_010119,3,45,45,3,0,-0.184844,nonzero
ed_010124,2,19,19,0,0,0.000000,nomatch
ed_010127,1,13,13,1,0,-0.421464,nonzero
ed_010130,2,20,20,1,0,0.064019,nonzero
ed_010133,3,69,69,0,0,0.000000,nomatch
ed_010136,1,41,41,0,0,0.000000,nomatch
ed_010139,1,12,12,0,0,0.000000,nomatch
ed_010142,2,17,17,0,0,0.000000,nomatch
ed_010145,1,7,7,0,0,0.000000,nomatch
ed_010148,2,26,26,0,0,0.000000,nomatch
ed_010152,1,15,15,1,0,-0.421464,nonzero
ed_010155,2,16,16,0,0,0.000000,nomatch
ed_010161,3,42,42,0,0,0.000000,nomatch
ed_010167,1,19,19,1,0,-0.361158,nonzero
ed_010172,1,11,11,0,0,0.000000,nomatch
ed_010175,2,13,13,1,0,-0.210732,nonzero
ed_010178,2,22,22,0,0,0.000000,nomatch
ed_010181,1,12,12,2,0,0.128037,nonzero
ed_010184,2,46,46,2,0,0.409994,nonzero
ed_010187,3,27,27,1,0,-0.218437,nonzero
ed_010190,1,15,15,0,0,0.000000,nomatch
ed_010193,2,15,15,1,0,-0.180579,nonzero
ed_010199,1,8,8,0,0,0.000000,nomatch
ed_010202,2,24,24,0,0,0.000000,nomatch
ed_010208,1,21,21,1,0,0.458831,nonzero
ed_010211,2,54,54,5,0,-0.164573,nonzero
ed_010213,1,15,15,0,0,0.000000,nomatch
ed_010216,1,8,8,0,0,0.000000,nomatch
ed_010219,2,32,32,0,0,0.000000,nomatch
ed_010222,1,9,9,0,0,0.000000,nomatch
ed_010225,1,13,13,0,0,0.000000,nomatch
ed_010228,2,28,28,2,0,0.037126,nonzero
ed_010231,1,45,45,1,0,-0.526742,nonzero
ed_010235,1,9,9,0,0,0.000000,nomatch
ed_010238,1,23,23,1,0,-0.128037,nonzero
ed_010241,1,20,20,0,0,0.000000,nomatch
ed_010244,2,24,24,0,0,0.000000,nomatch
ed_010247,3,23,23,1,0,0.067430,nonzero
ed_010250,2,33,33,1,0,-0.342425,nonzero
ed_010253,1,19,19,0,0,0.000000,nomatch
ed_010256,3,34,34,1,0,-0.116166,nonzero
ed_010259,1,14,14,0,0,0.000000,nomatch
ed_010262,2,23,23,0,0,0.000000,nomatch
ed_010265,1,14,14,0,0,0.000000,nomatch
ed_010269,2,24,24,1,0,0.045001,nonzero
ed_010272,2,19,19,1,0,-0.101144,nonzero
ed_010275,1,42,42,3,0,-0.879009,nonzero
ed_010278,2,16,16,2,0,-0.538388,nonzero
ed_010281,2,24,24,1,0,0.064019,nonzero
ed_010284,1,12,12,1,0,0.361158,nonzero
ed_010287,2,39,39,0,0,0.000000,nomatch
ed_010290,2,18,18,0,0,0.000000,nomatch
ed_010293,2,12,12,2,0,-0.354780,nonzero
ed_010296,2,22,22,1,0,-0.238329,nonzero
ed_010299,1,13,13,0,0,0.000000,nomatch
ed_010302,1,10,10,0,0,0.000000,nomatch
ed_010305,1,9,9,0,0,0.000000,nomatch
ed_010310,2,14,14,1,0,0.263371,nonzero
ed_010313,1,6,6,0,0,0.000000,nomatch
ed_010316,3,26,26,1,0,0.120386,nonzero
ed_010319,3,29,29,1,0,0.120386,nonzero
ed_010322,2,26,26,0,0,0.000000,nomatch
ed_010325,2,25,25,0,0,0.000000,nomatch
ed_010328,1,11,11,0,0,0.000000,nomatch
ed_010331,1,19,19,1,0,0.476658,nonzero
ed_010334,3,28,28,0,0,0.000000,nomatch
ed_010337,1,6,6,0,0,0.000000,nomatch
ed_010340,2,37,37,1,0,-0.229415,nonzero
ed_010343,1,33,33,1,0,-0.458831,nonzero
ed_010346,1,13,13,0,0,0.000000,nomatch
ed_010349,2,14,14,0,0,0.000000,nomatch
ed_010352,2,18,18,1,0,-0.342425,nonzero
ed_010355,1,8,8,0,0,0.000000,nomatch
ed_010358,2,21,21,1,0,-0.184744,nonzero
ed_010361,6,95,95,3,0,0.214278,nonzero
ed_010365,2,18,18,0,0,0.000000,nomatch
ed_010368,1,5,5,0,0,0.000000,nomatch
ed_010371,2,39,39,2,0,-0.285942,nonzero
ed_010374,1,14,14,0,0,0.000000,nomatch
ed_010377,2,13,13,0,0,0.000000,nomatch
ed_010380,2,18,18,1,0,-0.210732,nonzero
ed_010383,1,6,6,1,0,-0.128037,nonzero
ed_010386,2,15,15,0,0,0.000000,nomatch
ed_010389,1,11,11,1,0,-0.250000,nonzero
ed_010392,2,20,20,0,0,0.000000,nomatch
ed_010395,1,10,10,0,0,0.000000,nomatch
ed_010398,1,6,6,0,0,0.000000,nomatch
ed_010401,4,39,39,0,0,0.000000,nomatch
ed_010404,1,18,18,0,0,0.000000,nomatch
ed_010407,1,13,13,0,0,0.000000,nomatch
ed_010410,1,12,12,0,0,0.000000,nomatch
ed_010413,2,28,28,0,0,0.000000,nomatch
ed_010416,2,20,20,1,0,0.154685,nonzero
ed_010419,1,15,15,0,0,0.000000,nomatch
ed_010423,1,12,12,0,0,0.000000,nomatch
ed_010426,1,7,7,0,0,0.000000,nomatch
ed_010429,2,12,12,0,0,0.000000,nomatch
ed_010432,2,24,24,0,0,0.000000,nomatch
ed_010435,2,14,14,0,0,0.000000,nomatch
ed_010438,1,6,6,0,0,0.000000,nomatch
ed_010441,1,21,21,1,0,0.493915,nonzero
ed_010446,2,22,22,0,0,0.000000,nomatch
ed_010449,3,64,64,0,0,0.000000,nomatch
ed_010452,1,14,14,0,0,0.000000,nomatch
ed_010455,5,69,69,1,0,0.050000,nonzero
ed_010458,3,23,23,0,0,0.000000,nomatch
ed_010461,1,10,10,1,0,0.361158,nonzero
ed_010464,1,5,5,0,0,0.000000,nomatch
ed_010467,1,18,18,1,0,0.458831,nonzero
ed_010470,1,8,8,1,0,0.526742,nonzero
ed_010473,1,14,14,0,0,0.000000,nomatch
ed_010476,2,22,22,0,0,0.000000,nomatch
ed_010479,1,12,12,0,0,0.000000,nomatch
ed_010482,2,22,22,1,1,0.229415,nonzero
ed_010485,2,51,51,1,0,-0.125000,nonzero
ed_010488,2,24,24,0,0,0.000000,nomatch
ed_010491,1,15,15,0,0,0.000000,nomatch
ed_010494,1,9,9,0,0,0.000000,nomatch
ed_010497,2,15,15,0,0,0.000000,nomatch
ed_010502,2,24,24,2,0,-0.077985,nonzero
ed_010505,2,46,46,0,0,0.000000,nomatch
ed_010508,2,39,39,0,0,0.000000,nomatch
ed_010511,3,30,30,0,0,0.000000,nomatch
ed_010514,1,9,9,0,0,0.000000,nomatch
ed_010517,1,13,13,0,0,0.000000,nomatch
ed_010520,1,13,13,0,0,0.000000,nomatch
ed_010523,2,35,35,0,0,0.000000,nomatch
ed_010526,2,20,20,0,0,0.000000,nomatch
ed_010529,1,15,15,1,0,-0.361158,nonzero
ed_010532,1,4,4,0,0,0.000000,nomatch
ed_010535,1,13,13,0,0,0.000000,nomatch
ed_010538,2,20,20,0,0,0.000000,nomatch
ed_010541,1,7,7,0,0,0.000000,nomatch
ed_010544,2,21,21,0,1,-0.180579,nonzero
ed_010547,1,7,7,0,0,0.000000,nomatch
ed_010550,2,14,14,1,0,0.125000,nonzero
ed_010553,2,26,26,0,0,0.000000,nomatch
ed_010556,1,33,33,1,0,-0.493915,nonzero
ed_010559,1,15,15,0,0,0.000000,nomatch
ed_010562,1,15,15,0,0,0.000000,nomatch
ed_010565,2,17,17,0,0,0.000000,nomatch
ed_010568,2,13,13,0,0,0.000000,nomatch
ed_010571,2,33,33,1,0,-0.229415,nonzero
ed_010574,1,28,28,1,0,-0.361158,nonzero
ed_010577,1,7,7,1,0,-0.361158,nonzero
ed_010580,1,23,23,1,0,0.458831,nonzero
ed_010583,2,19,19,0,0,0.000000,nomatch
ed_010586,1,6,6,1,0,-0.421464,nonzero
ed_010589,1,26,26,1,0,-0.458831,nonzero
ed_010593,1,21,21,1,0,0.421464,nonzero
ed_010596,2,18,18,0,0,0.000000,nomatch
ed_010599,3,44,44,1,0,0.187746,nonzero
ed_010602,1,6,6,1,0,-0.458831,nonzero
ed_010605,1,16,16,0,0,0.000000,nomatch
ed_010608,2,34,34,1,0,0.180579,nonzero
ed_010611,3,50,50,3,1,0.397993,nonzero
ed_010615,1,20,20,1,0,0.476658,nonzero
ed_010618,2,35,35,3,0,0.647141,nonzero
ed_010621,1,53,53,3,0,-0.680823,nonzero
ed_010624,3,46,46,0,0,0.000000,nomatch
ed_010627,3,18,18,0,0,0.000000,nomatch
ed_010630,2,14,14,2,0,-0.418908,nonzero
ed_010633,1,4,4,0,0,0.000000,nomatch
ed_010636,2,23,23,0,0,0.000000,nomatch
ed_010639,2,31,31,0,0,0.000000,nomatch
ed_010643,3,24,24,0,0,0.000000,nomatch
ed_010646,2,15,15,0,0,0.000000,nomatch
ed_010650,2,24,24,1,0,0.306186,nonzero
ed_010653,2,21,21,1,0,0.263371,nonzero
ed_010656,1,7,7,1,0,0.526742,nonzero
ed_010659,1,23,23,0,0,0.000000,nomatch
ed_010662,1,8,8,0,0,0.000000,nomatch
ed_010665,2,33,33,0,0,0.000000,nomatch
ed_010668,3,40,40,0,0,0.000000,nomatch
ed_010671,1,19,19,0,0,0.000000,nomatch
ed_010676,1,6,6,0,0,0.000000,nomatch
ed_010679,2,16,16,1,0,-0.210732,nonzero
ed_010682,1,12,12,1,0,0.542326,nonzero
ed_010686,1,7,7,0,0,0.000000,nomatch
ed_010689,1,8,8,0,0,0.000000,nomatch
ed_010692,2,25,25,1,0,-0.229415,nonzero
ed_010695,2,16,16,0,0,0.000000,nomatch
ed_010702,1,23,23,0,0,0.000000,nomatch
ed_010706,2,23,23,1,0,0.064019,nonzero
ed_010713,2,29,29,0,0,0.000000,nomatch
ed_010719,1,6,6,1,0,-0.128037,nonzero
ed_010722,2,19,19,1,0,-0.180579,nonzero
ed_010725,2,18,18,0,0,0.000000,nomatch
ed_010728,2,38,38,0,0,0.000000,nomatch
ed_010731,2,24,24,0,0,0.000000,nomatch
ed_010735,3,65,65,1,0,0.120386,nonzero
ed_010738,1,14,14,0,0,0.000000,nomatch
ed_010741,2,37,37,0,0,0.000000,nomatch
ed_010745,1,14,14,0,0,0.000000,nomatch
ed_010748,1,4,4,1,0,-0.128037,nonzero
ed_010751,1,17,17,0,0,0.000000,nomatch
ed_010754,2,49,49,1,0,-0.306186,nonzero
ed_010757,1,14,14,1,0,0.153093,nonzero
ed_010760,1,18,18,1,0,-0.421464,nonzero
ed_010763,2,19,19,0,0,0.000000,nomatch
ed_010766,1,20,20,1,0,-0.261663,nonzero
ed_010769,2,26,26,0,0,0.000000,nomatch
ed_010772,2,13,13,0,0,0.000000,nomatch
ed_010775,2,16,16,0,0,0.000000,nomatch
ed_010778,1,18,18,0,0,0.000000,nomatch
ed_010781,1,9,9,0,0,0.000000,nomatch
ed_010784,2,23,23,1,0,0.222544,nonzero
ed_010787,1,18,18,0,0,0.000000,nomatch
ed_010790,2,13,13,1,0,0.289473,nonzero
ed_010793,1,6,6,1,0,-0.421464,nonzero
ed_010796,2,16,16,0,0,0.000000,nomatch
ed_010799,3,43,43,0,0,0.000000,nomatch
ed_010806,1,18,18,0,0,0.000000,nomatch
ed_010811,1,15,15,0,0,0.000000,nomatch
ed_010814,1,7,7,1,0,0.526742,nonzero
ed_010817,2,19,19,0,0,0.000000,nomatch
ed_010820,1,9,9,1,0,-0.545378,nonzero
ed_010823,1,9,9,0,0,0.000000,nomatch
ed_010827,2,27,27,0,0,0.000000,nomatch
ed_010831,2,15,15,1,0,-0.064019,nonzero
ed_010838,1,12,12,0,0,0.000000,nomatch
ed_010841,3,45,45,2,0,0.223493,nonzero
ed_010844,2,20,20,0,0,0.000000,nomatch
ed_010847,1,24,24,0,0,0.000000,nomatch
ed_010851,1,5,5,0,0,0.000000,nomatch
ed_010854,1,11,11,0,0,0.000000,nomatch
ed_010857,2,13,13,1,0,0.354780,nonzero
ed_010860,1,20,20,1,0,-0.458831,nonzero
ed_010863,2,40,40,1,0,-0.263371,nonzero
ed_010866,1,8,8,0,0,0.000000,nomatch
ed_010869,1,11,11,0,0,0.000000,nomatch
ed_010872,3,31,31,0,0,0.000000,nomatch
ed_010875,1,22,22,0,0,0.000000,nomatch
ed_010878,1,23,23,0,0,0.000000,nomatch
ed_010881,2,20,20,0,0,0.000000,nomatch
ed_010884,1,9,9,0,0,0.000000,nomatch
ed_010890,2,21,21,0,0,0.000000,nomatch
ed_010896,3,33,33,3,0,-0.140488,nonzero
ed_010899,1,23,23,0,0,0.000000,nomatch
ed_010902,1,6,6,1,0,-0.458831,nonzero
ed_010905,2,22,22,0,0,0.000000,nomatch
ed_010908,1,12,12,1,0,0.493915,nonzero
ed_010911,1,24,24,2,0,-0.686840,nonzero
ed_010914,2,26,26,0,0,0.000000,nomatch
ed_010920,1,10,10,1,0,0.585882,nonzero
ed_010923,3,25,25,1,1,0.161786,nonzero
ed_010928,1,8,8,0,0,0.000000,nomatch
ed_010932,1,14,14,0,0,0.000000,nomatch
ed_010936,1,41,41,1,0,-0.361158,nonzero
ed_010941,2,40,40,0,0,0.000000,nomatch
ed_010945,1,6,6,1,0,0.526742,nonzero
ed_010948,2,18,18,0,0,0.000000,nomatch
ed_010951,2,37,37,1,0,-0.180579,nonzero
ed_010954,1,13,13,0,0,0.000000,nomatch
ed_010957,1,8,8,0,0,0.000000,nomatch
ed_010960,2,17,17,0,0,0.000000,nomatch
ed_010964,1,9,9,0,0,0.000000,nomatch
ed_010968,2,17,17,1,0,0.263371,nonzero
ed_010971,1,6,6,1,0,0.542326,nonzero
ed_010974,2,14,14,0,0,0.000000,nomatch
ed_010977,3,30,30,0,0,0.000000,nomatch
ed_010980,1,19,19,1,0,0.226348,nonzero
ed_010984,2,23,23,1,0,-0.263371,nonzero
ed_010987,2,22,22,1,1,0.229415,nonzero
ed_010990,2,20,20,0,0,0.000000,nomatch
ed_010993,1,15,15,1,0,-0.339950,nonzero
ed_010996,1,9,9,1,0,-0.361158,nonzero
ed_010999,1,10,10,0,0,0.000000,nomatch
ed_011002,1,7,7,0,0,0.000000,nomatch
ed_011005,1,9,9,1,0,0.542326,nonzero
ed_011008,2,15,15,0,0,0.000000,nomatch
ed_011011,2,34,34,0,0,0.000000,nomatch
ed_011015,3,23,23,0,0,0.000000,nomatch
ed_011018,1,4,4,0,0,0.000000,nomatch
ed_011021,2,15,15,0,0,0.000000,nomatch
ed_011024,2,28,28,1,0,0.180579,nonzero
ed_011029,1,13,13,0,0,0.000000,nomatch
ed_011032,2,17,17,1,0,-0.238329,nonzero
ed_011035,2,28,28,0,0,0.000000,nomatch
ed_011041,2,17,17,1,0,-0.210732,nonzero
ed_011044,1,5,5,0,0,0.000000,nomatch
ed_011047,2,10,10,1,0,-0.342425,nonzero
ed_011050,2,15,15,1,0,-0.180579,nonzero
ed_011053,2,35,35,2,0,-0.038614,nonzero
ed_011056,1,21,21,0,0,0.000000,nomatch
ed_011059,2,15,15,0,0,0.000000,nomatch
ed_011062,3,32,32,2,0,-0.075340,nonzero
ed_011065,2,24,24,1,0,-0.210732,nonzero
ed_011068,1,15,15,0,0,0.000000,nomatch
ed_011072,2,35,35,0,0,0.000000,nomatch
ed_011075,1,7,7,1,0,-0.128037,nonzero
ed_011078,3,28,28,0,0,0.000000,nomatch
ed_011081,1,6,6,1,0,-0.458831,nonzero
ed_011084,2,26,26,2,0,-0.335239,nonzero
ed_011087,2,33,33,0,0,0.000000,nomatch
ed_011090,2,25,25,1,0,0.125000,nonzero
ed_011093,1,26,26,3,0,-0.750630,nonzero
ed_011096,1,5,5,0,0,0.000000,nomatch
ed_011099,2,16,16,0,0,0.000000,nomatch
ed_011102,1,12,12,0,0,0.000000,nomatch
ed_011106,2,19,19,1,0,-0.130831,nonzero
ed_011109,1,6,6,0,0,0.000000,nomatch
ed_011112,3,33,33,0,0,0.000000,nomatch
ed_011115,1,9,9,0,0,0.000000,nomatch
ed_011118,2,13,13,0,0,0.000000,nomatch
ed_011121,2,31,31,0,0,0.000000,nomatch
ed_011124,2,22,22,0,0,0.000000,nomatch
ed_011127,1,38,38,0,0,0.000000,nomatch
ed_011130,1,9,9,0,0,0.000000,nomatch
ed_011134,2,19,19,0,0,0.000000,nomatch
ed_011137,1,31,31,0,0,0.000000,nomatch
ed_011140,2,36,36,0,0,0.000000,nomatch
ed_011143,1,7,7,1,0,0.526742,nonzero
ed_011146,1,9,9,0,0,0.000000,nomatch
ed_011149,2,27,27,0,0,0.000000,nomatch
ed_011152,1,24,24,0,0,0.000000,nomatch
ed_011157,2,27,27,0,0,0.000000,nomatch
ed_011160,1,9,9,1,0,0.542326,nonzero
ed_011163,1,11,11,0,0,0.000000,nomatch
ed_011167,3,39,39,0,0,0.000000,nomatch
ed_011170,2,18,18,0,0,0.000000,nomatch
ed_011174,3,29,29,1,0,-0.158886,nonzero
ed_011177,1,19,19,0,0,0.000000,nomatch
ed_011180,1,7,7,0,0,0.000000,nomatch
ed_011183,2,23,23,0,0,0.000000,nomatch
ed_011186,1,20,20,1,0,0.458831,nonzero
ed_011189,2,30,30,1,0,-0.306186,nonzero
ed_011192,2,14,14,2,0,-0.454272,nonzero
ed_011195,1,22,22,1,0,-0.361158,nonzero
ed_011198,1,21,21,0,0,0.000000,nomatch
ed_011202,2,30,30,1,0,0.180579,nonzero
ed_011205,1,13,13,0,0,0.000000,nomatch
ed_011208,1,4,4,0,0,0.000000,nomatch
ed_011211,1,6,6,0,0,0.000000,nomatch
ed_011214,4,59,59,2,0,0.000000,cancel
ed_011217,1,10,10,1,0,0.445087,nonzero
ed_011220,3,48,48,0,0,0.000000,nomatch
ed_011224,1,9,9,0,0,0.000000,nomatch
ed_011227,1,18,18,0,0,0.000000,nomatch
ed_011230,2,15,15,1,0,0.281620,nonzero
ed_011233,1,14,14,0,0,0.000000,nomatch
ed_011236,1,9,9,0,0,0.000000,nomatch
ed_011243,1,29,29,0,0,0.000000,nomatch
ed_011246,1,19,19,0,0,0.000000,nomatch
ed_011249,2,11,11,1,0,-0.180579,nonzero
ed_011252,2,23,23,2,0,-0.324279,nonzero
ed_011255,1,8,8,1,0,-0.361158,nonzero
ed_011259,2,10,10,1,0,-0.130831,nonzero
ed_011263,2,20,20,0,0,0.000000,nomatch
ed_011266,2,15,15,0,0,0.000000,nomatch
ed_011270,1,9,9,0,0,0.000000,nomatch
ed_011273,3,24,24,1,0,0.152944,nonzero
ed_011280,1,14,14,0,0,0.000000,nomatch
ed_011284,1,15,15,0,0,0.000000,nomatch
ed_011287,1,6,6,0,0,0.000000,nomatch
ed_011291,1,33,33,1,0,-0.250000,nonzero
ed_011294,1,22,22,0,0,0.000000,nomatch
ed_011297,1,8,8,0,0,0.000000,nomatch
ed_011300,2,21,21,1,0,0.306186,nonzero
ed_011304,1,29,29,0,0,0.000000,nomatch
ed_011307,2,5,5,0,0,0.000000,nomatch
ed_011311,1,11,11,0,0,0.000000,nomatch
ed_011314,1,7,7,0,0,0.000000,nomatch
ed_011318,1,5,5,0,0,0.000000,nomatch
ed_011320,1,7,7,1,0,0.361158,nonzero
ed_011324,2,15,15,0,0,0.000000,nomatch
ed_011327,1,15,15,0,0,0.000000,nomatch
ed_011331,2,29,29,0,0,0.000000,nomatch
ed_011334,2,14,14,2,0,0.388371,nonzero
ed_011338,1,16,16,0,0,0.000000,nomatch
ed_011341,1,26,26,1,0,0.261663,nonzero
ed_011344,1,18,18,0,0,0.000000,nomatch
ed_011347,1,17,17,0,0,0.000000,nomatch
ed_011350,1,11,11,0,0,0.000000,nomatch
ed_011354,1,13,13,0,0,0.000000,nomatch
ed_011357,2,26,26,2,0,-0.076771,nonzero
ed_011360,2,23,23,1,0,-0.238329,nonzero
ed_011363,1,6,6,0,0,0.000000,nomatch
ed_011366,1,10,10,0,0,0.000000,nomatch
ed_011369,1,19,19,0,0,0.000000,nomatch
ed_011375,2,16,16,1,0,-0.169975,nonzero
ed_011378,1,22,22,0,0,0.000000,nomatch
ed_011381,1,10,10,0,0,0.000000,nomatch
ed_011385,2,28,28,0,0,0.000000,nomatch
ed_011389,2,18,18,1,0,0.246957,nonzero
ed_011392,1,13,13,1,0,-0.585882,nonzero
ed_011396,1,10,10,0,0,0.000000,nomatch
ed_011400,1,13,13,1,0,0.458831,nonzero
ed_011403,2,16,16,1,0,0.246957,nonzero
ed_011406,1,7,7,1,0,0.202289,nonzero
ed_011409,2,23,23,1,0,0.229415,nonzero
ed_011412,2,21,21,1,0,0.272689,nonzero
ed_011415,2,15,15,1,1,-0.244597,nonzero
ed_011418,2,9,9,1,0,-0.210732,nonzero
ed_011421,2,16,16,1,0,0.263371,nonzero
ed_011424,1,17,17,0,0,0.000000,nomatch
ed_011427,2,19,19,1,1,-0.255304,nonzero
ed_011430,2,19,19,1,0,-0.210732,nonzero
ed_011433,1,9,9,1,0,0.458831,nonzero
ed_011436,1,7,7,0,0,0.000000,nomatch
ed_011441,2,12,12,0,0,0.000000,nomatch
ed_011445,1,14,14,1,0,-0.361158,nonzero
ed_011449,1,16,16,0,0,0.000000,nomatch
ed_011453,2,58,58,0,0,0.000000,nomatch
ed_011456,2,25,25,0,0,0.000000,nomatch
ed_011459,2,14,14,2,0,-0.352038,nonzero
ed_011462,1,4,4,0,0,0.000000,nomatch
ed_011466,1,14,14,0,0,0.000000,nomatch
ed_011470,2,20,20,0,0,0.000000,nomatch
ed_011473,2,13,13,0,0,0.000000,nomatch
ed_011477,2,27,27,0,0,0.000000,nomatch
ed_011480,1,4,4,0,0,0.000000,nomatch
ed_011484,2,23,23,2,0,-0.271163,nonzero
ed_011487,1,15,15,0,0,0.000000,nomatch
ed_011492,1,24,24,1,0,-0.735147,nonzero
ed_011496,2,22,22,0,0,0.000000,nomatch
ed_011501,1,10,10,0,0,0.000000,nomatch
ed_011505,2,16,16,0,0,0.000000,nomatch
ed_011508,2,24,24,1,0,-0.210732,nonzero
ed_011511,2,14,14,0,0,0.000000,nomatch
ed_011514,1,10,10,0,0,0.000000,nomatch
ed_011518,4,60,60,2,0,-0.317683,nonzero
ed_011523,3,17,17,0,0,0.000000,nomatch
ed_011529,1,18,18,1,0,0.493915,nonzero
ed_011532,1,9,9,1,0,-0.526742,nonzero
ed_011535,2,11,11,0,0,0.000000,nomatch
ed_011541,1,25,25,0,0,0.000000,nomatch
ed_011544,2,14,14,0,0,0.000000,nomatch
ed_011548,1,10,10,1,0,0.458831,nonzero
ed_011551,2,15,15,1,0,-0.180579,nonzero
ed_011554,1,37,37,0,0,0.000000,nomatch
ed_011557,4,51,51,1,0,-0.114708,nonzero
ed_011561,2,20,20,1,0,0.101144,nonzero
ed_011564,1,22,22,1,0,-0.578947,nonzero
ed_011567,2,24,24,0,0,0.000000,nomatch
ed_011571,1,9,9,1,0,0.458831,nonzero
ed_011574,2,15,15,1,0,0.180579,nonzero
ed_011578,2,24,24,0,0,0.000000,nomatch
ed_011581,2,12,12,0,0,0.000000,nomatch
ed_011584,3,25,25,0,0,0.000000,nomatch
ed_011588,2,13,13,1,0,-0.180579,nonzero
ed_011591,2,11,11,1,0,-0.263371,nonzero
ed_011595,2,16,16,0,0,0.000000,nomatch
ed_011599,1,9,9,0,0,0.000000,nomatch
ed_011602,1,9,9,1,0,0.557370,nonzero
ed_011607,2,15,15,1,0,0.246957,nonzero
ed_011610,1,17,17,0,0,0.000000,nomatch
ed_011613,1,19,19,1,0,-0.361158,nonzero
ed_011616,1,4,4,0,0,0.000000,nomatch
ed_011620,2,15,15,1,0,-0.229415,nonzero
ed_011623,1,10,10,0,0,0.000000,nomatch
ed_011627,2,34,34,1,0,0.064019,nonzero
ed_011630,1,6,6,0,0,0.000000,nomatch
ed_011634,2,17,17,1,0,0.246957,nonzero
ed_011639,1,8,8,0,0,0.000000,nomatch
ed_011642,2,19,19,0,0,0.000000,nomatch
ed_011645,1,16,16,1,0,0.361158,nonzero
ed_011648,1,8,8,0,0,0.000000,nomatch
ed_011651,2,20,20,1,0,-0.342425,nonzero
ed_011655,1,14,14,1,0,0.421464,nonzero
ed_011658,2,15,15,2,0,0.451742,nonzero
ed_011664,1,11,11,0,0,0.000000,nomatch
ed_011669,1,18,18,1,0,0.421464,nonzero
ed_011672,2,20,20,2,0,0.473520,nonzero
ed_011675,2,29,29,0,0,0.000000,nomatch
ed_011679,1,3,3,0,0,0.000000,nomatch
ed_011683,1,10,10,0,0,0.000000,nomatch
ed_011686,2,26,26,0,0,0.000000,nomatch
ed_011689,1,20,20,1,0,0.526742,nonzero
ed_011695,2,24,24,1,0,0.101144,nonzero
ed_011701,2,19,19,1,0,0.246957,nonzero
ed_011704,1,32,32,0,0,0.000000,nomatch
ed_011707,2,14,14,0,0,0.000000,nomatch
ed_011714,1,11,11,0,0,0.000000,nomatch
ed_011717,2,17,17,1,0,-0.342425,nonzero
ed_011721,2,21,21,2,0,-0.012029,nonzero
ed_011724,1,8,8,0,0,0.000000,nomatch
ed_011727,1,8,8,1,0,0.458831,nonzero
ed_011730,1,13,13,0,0,0.000000,nomatch
ed_011734,1,12,12,0,0,0.000000,nomatch
ed_011737,1,17,17,0,0,0.000000,nomatch
ed_011741,2,17,17,0,0,0.000000,nomatch
ed_011744,1,7,7,0,0,0.000000,nomatch
ed_011747,2,26,26,0,0,0.000000,nomatch
ed_011750,2,16,16,0,0,0.000000,nomatch
ed_011753,2,27,27,1,0,0.229415,nonzero
ed_011756,1,9,9,0,0,0.000000,nomatch
ed_011759,1,6,6,0,0,0.000000,nomatch
ed_011763,1,13,13,2,1,0.542326,nonzero
ed_011766,2,14,14,0,0,0.000000,nomatch
ed_011770,1,22,22,0,0,0.000000,nomatch
ed_011773,2,15,15,1,0,0.292941,nonzero
ed_011777,1,18,18,0,0,0.000000,nomatch
ed_011780,2,21,21,1,0,0.180579,nonzero
ed_011786,3,33,33,0,0,0.000000,nomatch
ed_011789,1,11,11,0,0,0.000000,nomatch
ed_011792,1,10,10,1,0,-0.449704,nonzero
ed_011795,1,12,12,0,0,0.000000,nomatch
ed_011798,2,21,21,0,0,0.000000,nomatch
ed_011801,1,13,13,0,0,0.000000,nomatch
ed_011804,1,7,7,1,0,0.421464,nonzero
ed_011808,2,19,19,1,0,-0.229415,nonzero
ed_011811,2,22,22,0,0,0.000000,nomatch
ed_011815,1,9,9,1,0,-0.578947,nonzero
ed_011818,2,18,18,0,0,0.000000,nomatch
ed_011822,1,7,7,0,0,0.000000,nomatch
ed_011825,1,7,7,0,0,0.000000,nomatch
ed_011829,1,13,13,1,0,-0.361158,nonzero
ed_011832,1,11,11,0,0,0.000000,nomatch
ed_011835,1,13,13,0,0,0.000000,nomatch
ed_011838,1,7,7,1,0,-0.594036,nonzero
ed_011842,2,18,18,0,0,0.000000,nomatch
ed_011845,1,17,17,0,0,0.000000,nomatch
ed_011848,1,10,10,0,0,0.000000,nomatch
ed_011851,1,8,8,0,0,0.000000,nomatch
ed_011854,3,35,35,0,0,0.000000,nomatch
ed_011858,2,25,25,2,0,-0.409994,nonzero
ed_011861,1,8,8,0,0,0.000000,nomatch
ed_011864,1,5,5,0,0,0.000000,nomatch
ed_011867,1,9,9,0,0,0.000000,nomatch
ed_011870,2,23,23,0,0,0.000000,nomatch
ed_011873,1,8,8,1,0,-0.458831,nonzero
ed_011876,1,13,13,0,0,0.000000,nomatch
ed_011880,1,23,23,1,0,-0.361158,nonzero
ed_011883,1,11,11,0,1,-0.128037,nonzero
ed_011886,2,33,33,0,0,0.000000,nomatch
ed_011889,1,15,15,1,0,-0.458831,nonzero
ed_011892,1,15,15,0,0,0.000000,nomatch
ed_011896,1,8,8,0,0,0.000000,nomatch
ed_011899,2,20,20,0,0,0.000000,nomatch
ed_011903,2,23,23,1,0,-0.180579,nonzero
ed_011906,1,13,13,1,0,-0.684850,nonzero
ed_011909,3,29,29,0,0,0.000000,nomatch
ed_011912,1,5,5,0,0,0.000000,nomatch
ed_011915,1,10,10,1,0,-0.339950,nonzero
ed_011918,2,18,18,1,0,0.210732,nonzero
ed_011921,1,15,15,0,0,0.000000,nomatch
ed_011924,2,18,18,0,0,0.000000,nomatch
ed_011927,1,13,13,0,0,0.000000,nomatch
ed_011930,1,8,8,0,0,0.000000,nomatch
ed_011933,1,19,19,0,0,0.000000,nomatch
ed_011937,2,15,15,0,0,0.000000,nomatch
ed_011940,1,7,7,1,0,0.594036,nonzero
ed_011943,3,29,29,0,0,0.000000,nomatch
ed_011946,1,5,5,0,0,0.000000,nomatch
ed_011949,1,12,12,0,0,0.000000,nomatch
ed_011953,1,16,16,2,0,0.614914,nonzero
ed_011956,1,7,7,1,0,0.458831,nonzero
ed_011959,2,19,19,1,0,0.229415,nonzero
ed_011962,1,9,9,0,0,0.000000,nomatch
ed_011965,1,7,7,0,0,0.000000,nomatch
ed_011968,2,41,41,2,0,-0.306186,nonzero
ed_011971,1,7,7,0,0,0.000000,nomatch
ed_011974,3,26,26,0,0,0.000000,nomatch
ed_011977,1,13,13,0,0,0.000000,nomatch
ed_011980,1,18,18,0,0,0.000000,nomatch
ed_011983,1,25,25,0,0,0.000000,nomatch
ed_011986,1,8,8,0,0,0.000000,nomatch
ed_011989,2,22,22,0,1,-0.064019,nonzero
ed_011992,1,7,7,0,0,0.000000,nomatch
ed_011995,4,61,61,0,0,0.000000,nomatch
ed_011998,1,11,11,0,0,0.000000,nomatch
ed_012001,1,15,15,0,0,0.000000,nomatch
ed_012004,2,27,27,0,0,0.000000,nomatch
ed_012007,1,8,8,0,0,0.000000,nomatch
ed_012010,2,27,27,0,0,0.000000,nomatch
ed_012013,1,4,4,0,0,0.000000,nomatch
ed_012016,1,20,20,0,0,0.000000,nomatch
ed_012019,3,32,32,0,0,0.000000,nomatch
ed_012022,1,30,30,0,0,0.000000,nomatch
ed_012026,2,22,22,1,0,-0.327655,nonzero
ed_012029,1,7,7,0,0,0.000000,nomatch
ed_012033,1,16,16,0,0,0.000000,nomatch
ed_012036,1,7,7,0,0,0.000000,nomatch
ed_012039,1,6,6,1,0,-0.458831,nonzero
ed_012042,2,18,18,0,0,0.000000,nomatch
ed_012045,2,16,16,1,0,-0.238329,nonzero
ed_012048,2,27,27,1,0,-0.180579,nonzero
ed_012051,2,23,23,0,0,0.000000,nomatch
ed_012054,1,6,6,1,0,0.458831,nonzero
ed_012057,1,16,16,1,0,0.594036,nonzero
ed_012060,2,26,26,1,0,0.125000,nonzero
ed_012063,2,10,10,0,0,0.000000,nomatch
ed_012066,1,11,11,0,0,0.000000,nomatch
ed_012069,2,28,28,0,0,0.000000,nomatch
ed_012072,1,16,16,1,0,0.361158,nonzero
ed_012075,2,39,39,0,0,0.000000,nomatch
ed_012078,1,8,8,0,0,0.000000,nomatch
ed_012081,2,25,25,0,0,0.000000,nomatch
ed_012084,1,12,12,0,0,0.000000,nomatch
ed_012087,2,32,32,1,0,0.101144,nonzero
ed_012090,1,13,13,0,0,0.000000,nomatch
ed_012093,2,18,18,2,0,0.000000,cancel
ed_012096,1,10,10,0,0,0.000000,nomatch
ed_012099,2,19,19,1,0,0.125000,nonzero
ed_012102,2,16,16,0,0,0.000000,nomatch
ed_012106,2,21,21,1,0,-0.289473,nonzero
ed_012109,1,15,15,1,0,0.526742,nonzero
ed_012112,3,22,22,1,0,-0.120386,nonzero
ed_012116,2,33,33,1,1,0.242678,nonzero
ed_012119,1,7,7,0,0,0.000000,nomatch
ed_012122,2,19,19,0,0,0.000000,nomatch
ed_012125,1,6,6,1,1,0.458831,nonzero
ed_012128,1,15,15,0,0,0.000000,nomatch
ed_012131,2,30,30,0,0,0.000000,nomatch
ed_012134,1,16,16,0,0,0.000000,nomatch
ed_012137,2,16,16,1,0,0.229415,nonzero
ed_012140,1,5,5,1,0,-0.458831,nonzero
ed_012143,1,8,8,1,1,0.485357,nonzero
ed_012146,1,6,6,0,0,0.000000,nomatch
ed_012149,2,23,23,0,0,0.000000,nomatch
ed_012152,1,10,10,1,1,-0.202289,nonzero
ed_012155,2,27,27,0,0,0.000000,nomatch
ed_012159,2,24,24,0,0,0.000000,nomatch
ed_012162,2,14,14,2,0,-0.701771,nonzero
ed_012165,1,11,11,0,0,0.000000,nomatch
ed_012168,1,12,12,1,0,0.361158,nonzero
ed_012171,2,10,10,1,0,0.246957,nonzero
ed_012175,2,18,18,2,0,0.274751,nonzero
ed_012178,2,28,28,0,0,0.000000,nomatch
ed_012181,1,10,10,0,0,0.000000,nomatch
ed_012184,1,11,11,0,0,0.000000,nomatch
ed_012187,2,13,13,2,0,-0.030153,nonzero
ed_012190,2,18,18,0,0,0.000000,nomatch
ed_012193,1,12,12,0,0,0.000000,nomatch
ed_012196,2,13,13,1,0,-0.147979,nonzero
ed_012200,2,26,26,1,0,-0.125000,nonzero
ed_012203,1,7,7,0,0,0.000000,nomatch
ed_012206,2,22,22,0,0,0.000000,nomatch
ed_012210,2,21,21,0,0,0.000000,nomatch
ed_012213,1,7,7,0,0,0.000000,nomatch
ed_012216,1,10,10,1,0,-0.226348,nonzero
ed_012219,3,20,20,1,0,-0.140488,nonzero
ed_012222,1,6,6,0,0,0.000000,nomatch
ed_012229,1,19,19,0,0,0.000000,nomatch
ed_012233,1,12,12,0,0,0.000000,nomatch
ed_012236,1,16,16,1,0,-0.361158,nonzero
ed_012239,1,15,15,0,0,0.000000,nomatch
ed_012243,1,11,11,0,0,0.000000,nomatch
ed_012246,1,13,13,0,0,0.000000,nomatch
ed_012249,1,14,14,0,0,0.000000,nomatch
ed_012252,2,27,27,0,0,0.000000,nomatch
ed_012255,1,27,27,0,0,0.000000,nomatch
ed_012259,1,13,13,1,0,0.526742,nonzero
ed_012262,1,8,8,0,0,0.000000,nomatch
ed_012265,2,9,9,1,0,-0.229415,nonzero
ed_012269,1,13,13,0,0,0.000000,nomatch
ed_012272,1,11,11,0,0,0.000000,nomatch
ed_012276,1,11,11,0,0,0.000000,nomatch
ed_012279,3,48,48,1,0,0.152944,nonzero
ed_012283,1,6,6,0,0,0.000000,nomatch
ed_012286,2,13,13,0,0,0.000000,nomatch
ed_012290,1,17,17,0,0,0.000000,nomatch
ed_012293,1,10,10,0,0,0.000000,nomatch
ed_012296,1,10,10,0,0,0.000000,nomatch
ed_012299,1,12,12,0,0,0.000000,nomatch
ed_012303,2,12,12,0,0,0.000000,nomatch
ed_012307,1,13,13,0,0,0.000000,nomatch
ed_012310,2,12,12,1,0,-0.210732,nonzero
ed_012314,1,10,10,1,0,-0.361158,nonzero
ed_012317,2,16,16,0,0,0.000000,nomatch
ed_012321,1,13,13,0,0,0.000000,nomatch
ed_012324,2,17,17,1,0,0.101144,nonzero
ed_012328,1,10,10,1,0,-0.476658,nonzero
ed_012331,2,14,14,1,0,0.130831,nonzero
ed_012335,1,10,10,0,0,0.000000,nomatch
ed_012338,1,11,11,0,0,0.000000,nomatch
ed_012342,1,17,17,0,0,0.000000,nomatch
ed_012345,1,8,8,0,0,0.000000,nomatch
ed_012348,2,15,15,0,0,0.000000,nomatch
ed_012352,1,12,12,0,0,0.000000,nomatch
ed_012355,2,22,22,1,0,0.263371,nonzero
ed_012358,2,20,20,0,0,0.000000,nomatch
ed_012361,2,17,17,0,0,0.000000,nomatch
ed_012364,1,21,21,0,0,0.000000,nomatch
ed_012368,1,11,11,0,0,0.000000,nomatch
ed_012371,1,20,20,0,0,0.000000,nomatch
ed_012374,1,10,10,0,0,0.000000,nomatch
ed_012377,2,13,13,0,0,0.000000,nomatch
ed_012380,1,13,13,0,0,0.000000,nomatch
ed_012384,2,17,17,1,0,-0.064019,nonzero
ed_012387,1,12,12,0,0,0.000000,nomatch
ed_012391,1,15,15,0,0,0.000000,nomatch
ed_012394,1,14,14,0,0,0.000000,nomatch
ed_012398,2,10,10,1,0,0.281620,nonzero
ed_012401,1,23,23,1,0,-0.361158,nonzero
ed_012404,1,17,17,0,0,0.000000,nomatch
ed_012407,1,18,18,0,0,0.000000,nomatch
ed_012411,2,14,14,1,0,0.180579,nonzero
ed_012414,1,15,15,0,0,0.000000,nomatch
ed_012417,2,17,17,1,0,0.180579,nonzero
ed_012426,2,18,18,0,0,0.000000,nomatch
ed_012430,1,12,12,0,0,0.000000,nomatch
ed_012433,1,10,10,0,0,0.000000,nomatch
ed_012436,1,17,17,0,0,0.000000,nomatch
ed_012439,1,17,17,2,1,0.128037,nonzero
ed_012442,2,8,8,0,0,0.000000,nomatch
ed_012445,1,18,18,1,0,0.361158,nonzero
ed_012448,1,15,15,0,0,0.000000,nomatch
ed_012452,2,8,8,1,0,0.180579,nonzero
ed_012458,1,13,13,1,0,-0.421464,nonzero
ed_012461,2,15,15,0,0,0.000000,nomatch
ed_012464,1,14,14,1,0,-0.421464,nonzero
ed_012467,2,17,17,0,0,0.000000,nomatch
ed_012470,1,16,16,0,0,0.000000,nomatch
ed_012473,1,23,23,1,0,-0.458831,nonzero
ed_012476,2,19,19,0,0,0.000000,nomatch
ed_012482,1,9,9,0,0,0.000000,nomatch
ed_012485,1,8,8,1,0,-0.526742,nonzero
ed_012488,2,28,28,0,0,0.000000,nomatch
ed_012491,5,79,79,1,0,0.050000,nonzero
ed_012498,1,13,13,0,0,0.000000,nomatch
ed_012501,2,16,16,0,0,0.000000,nomatch
ed_012504,2,50,50,0,0,0.000000,nomatch
ed_012507,1,9,9,1,0,-0.361158,nonzero
ed_012513,1,12,12,0,0,0.000000,nomatch
ed_012519,1,6,6,0,0,0.000000,nomatch
ed_012522,1,11,11,1,0,0.458831,nonzero
ed_012525,2,14,14,0,0,0.000000,nomatch
ed_012528,2,16,16,0,0,0.000000,nomatch
ed_012534,1,6,6,0,0,0.000000,nomatch
ed_012543,1,14,14,0,0,0.000000,nomatch
ed_012546,1,10,10,0,0,0.000000,nomatch
ed_012549,1,18,18,0,0,0.000000,nomatch
ed_012552,1,12,12,1,0,0.458831,nonzero
ed_012555,1,14,14,1,0,0.361158,nonzero
ed_012558,1,10,10,0,0,0.000000,nomatch
ed_012561,2,12,12,0,0,0.000000,nomatch
ed_012567,1,21,21,1,0,0.250000,nonzero
ed_012570,1,5,5,0,0,0.000000,nomatch
ed_012576,1,15,15,1,0,-0.348498,nonzero
ed_012579,1,12,12,1,0,-0.458831,nonzero
ed_012582,1,10,10,1,0,0.421464,nonzero
ed_012585,1,14,14,0,0,0.000000,nomatch
ed_012588,1,7,7,0,0,0.000000,nomatch
ed_012591,1,15,15,1,0,-0.493915,nonzero
ed_012594,2,16,16,0,0,0.000000,nomatch
ed_012597,1,10,10,2,0,0.807398,nonzero
ed_012600,2,10,10,1,0,0.246957,nonzero
ed_012603,1,14,14,0,0,0.000000,nomatch
ed_012606,2,12,12,0,0,0.000000,nomatch
ed_012609,1,12,12,1,0,0.458831,nonzero
ed_012615,2,16,16,0,0,0.000000,nomatch
ed_012618,2,10,10,0,0,0.000000,nomatch
ed_012624,1,6,6,0,0,0.000000,nomatch
ed_012627,3,40,40,1,0,0.120386,nonzero
ed_012630,1,8,8,1,0,-0.361158,nonzero
ed_012633,1,10,10,1,0,-0.458831,nonzero
ed_012636,1,8,8,0,0,0.000000,nomatch
ed_012642,1,15,15,0,0,0.000000,nomatch
ed_012648,2,12,12,0,0,0.000000,nomatch
ed_012651,1,9,9,0,0,0.000000,nomatch
ed_012654,1,9,9,1,0,0.557370,nonzero
ed_012660,1,8,8,1,0,-0.361158,nonzero
ed_012663,2,25,25,0,0,0.000000,nomatch
ed_012666,1,12,12,1,0,-0.361158,nonzero
ed_012669,2,18,18,0,0,0.000000,nomatch
ed_012672,1,0,0,0,0,0.000000,nomatch
ed_012675,1,13,13,0,0,0.000000,nomatch
ed_012678,2,22,22,1,0,-0.229415,nonzero
ed_012681,2,19,19,0,0,0.000000,nomatch
ed_012684,1,18,18,0,0,0.000000,nomatch
ed_012687,4,69,69,2,0,0.177208,nonzero
ed_012690,1,3,3,1,0,-0.612372,nonzero
ed_012693,3,35,35,1,0,0.140488,nonzero
ed_012696,3,25,25,0,0,0.000000,nomatch
ed_012699,2,22,22,0,0,0.000000,nomatch
ed_012702,1,18,18,1,0,-0.361158,nonzero
ed_012705,3,30,30,2,0,0.221718,nonzero
ed_012708,3,25,25,0,0,0.000000,nomatch
ed_012711,1,9,9,0,0,0.000000,nomatch
ed_012714,1,12,12,0,0,0.000000,nomatch
ed_012717,1,11,11,0,0,0.000000,nomatch
ed_012720,2,18,18,1,0,0.064019,nonzero
ed_012724,1,19,19,0,0,0.000000,nomatch
ed_012727,2,18,18,0,0,0.000000,nomatch
ed_012730,3,68,68,1,0,0.120386,nonzero
ed_012733,1,14,14,0,0,0.000000,nomatch
ed_012736,1,7,7,0,0,0.000000,nomatch
ed_012739,4,29,29,2,0,-0.029720,nonzero
ed_012742,2,29,29,0,0,0.000000,nomatch
ed_012745,1,11,11,0,0,0.000000,nomatch
ed_012749,2,17,17,0,1,-0.064019,nonzero
ed_012752,1,18,18,1,0,0.202289,nonzero
ed_012755,2,13,13,1,0,0.263371,nonzero
ed_012761,2,12,12,1,0,-0.180579,nonzero
ed_012764,1,15,15,0,0,0.000000,nomatch
ed_012767,1,9,9,0,0,0.000000,nomatch
ed_012770,1,6,6,0,0,0.000000,nomatch
ed_012773,3,40,40,0,0,0.000000,nomatch
ed_012777,2,11,11,0,0,0.000000,nomatch
ed_012780,3,40,40,0,0,0.000000,nomatch
ed_012783,2,30,30,0,0,0.000000,nomatch
ed_012786,3,45,45,1,0,-0.218437,nonzero
ed_012789,3,44,44,0,0,0.000000,nomatch
ed_012792,2,14,14,0,0,0.000000,nomatch
ed_012797,2,31,31,0,0,0.000000,nomatch
ed_012800,1,11,11,1,0,0.421464,nonzero
ed_012803,1,10,10,0,0,0.000000,nomatch
ed_012806,2,14,14,1,0,-0.210732,nonzero
ed_012809,2,12,12,0,0,0.000000,nomatch
ed_012812,2,13,13,0,0,0.000000,nomatch
ed_012815,2,23,23,1,0,-0.327655,nonzero
ed_012819,2,30,30,0,0,0.000000,nomatch
ed_012822,1,14,14,0,0,0.000000,nomatch
ed_012825,1,7,7,1,0,0.585882,nonzero
ed_012828,1,16,16,0,0,0.000000,nomatch
ed_012831,1,7,7,0,0,0.000000,nomatch
ed_012834,1,18,18,0,0,0.000000,nomatch
ed_012837,1,16,16,1,0,0.361158,nonzero
ed_012840,2,17,17,0,0,0.000000,nomatch
ed_012843,2,10,10,0,0,0.000000,nomatch
ed_012846,1,17,17,0,0,0.000000,nomatch
ed_012849,2,14,14,1,0,0.281620,nonzero
ed_012852,3,39,39,0,0,0.000000,nomatch
ed_012856,1,17,17,0,0,0.000000,nomatch
ed_012860,1,9,9,1,0,-0.361158,nonzero
ed_012863,2,12,12,0,0,0.000000,nomatch
ed_012866,1,14,14,0,0,0.000000,nomatch
ed_012869,1,14,14,0,0,0.000000,nomatch
ed_012875,1,13,13,0,0,0.000000,nomatch
ed_012878,2,48,48,3,0,-0.220217,nonzero
ed_012881,1,13,13,0,0,0.000000,nomatch
ed_012884,3,30,30,0,0,0.000000,nomatch
ed_012887,1,17,17,0,0,0.000000,nomatch
ed_012890,1,15,15,0,0,0.000000,nomatch
ed_012893,1,6,6,0,0,0.000000,nomatch
ed_012898,2,17,17,0,0,0.000000,nomatch
ed_012904,2,15,15,1,0,-0.263371,nonzero
ed_012908,2,31,31,0,0,0.000000,nomatch
ed_012911,1,9,9,0,0,0.000000,nomatch
ed_012914,1,13,13,1,0,-0.361158,nonzero
ed_012917,2,25,25,0,0,0.000000,nomatch
ed_012920,1,17,17,0,0,0.000000,nomatch
ed_012923,3,41,41,0,0,0.000000,nomatch
ed_012927,1,8,8,0,0,0.000000,nomatch
ed_012930,7,47,47,0,0,0.000000,nomatch
ed_012933,2,10,10,1,0,0.101144,nonzero
ed_012936,1,13,13,1,0,-0.128037,nonzero
ed_012940,2,14,14,0,0,0.000000,nomatch
ed_012943,1,17,17,0,0,0.000000,nomatch
ed_012947,2,26,26,2,0,0.360077,nonzero
ed_012951,1,13,13,0,0,0.000000,nomatch
ed_012954,2,14,14,0,0,0.000000,nomatch
ed_012957,3,45,45,0,0,0.000000,nomatch
ed_012960,2,19,19,0,0,0.000000,nomatch
ed_012963,2,18,18,1,0,0.271163,nonzero
ed_012969,1,13,13,1,0,0.250000,nonzero
ed_012972,4,64,64,3,0,-0.148509,nonzero
ed_012975,2,13,13,0,0,0.000000,nomatch
ed_012978,2,28,28,0,0,0.000000,nomatch
ed_012981,2,20,20,0,0,0.000000,nomatch
ed_012984,2,25,25,0,0,0.000000,nomatch
ed_012988,1,6,6,0,0,0.000000,nomatch
ed_012991,2,20,20,0,0,0.000000,nomatch
ed_012994,1,5,5,1,0,0.493915,nonzero
ed_012997,1,10,10,1,0,0.449704,nonzero
ed_013000,2,22,22,0,0,0.000000,nomatch
ed_013004,1,19,19,3,0,0.401924,nonzero
ed_013007,3,45,45,0,0,0.000000,nomatch
ed_013010,2,15,15,0,0,0.000000,nomatch
ed_013014,3,46,46,1,0,0.149901,nonzero
ed_013017,2,18,18,0,0,0.000000,nomatch
ed_013021,2,11,11,1,0,-0.195971,nonzero
ed_013024,2,15,15,0,0,0.000000,nomatch
ed_013028,1,11,11,0,0,0.000000,nomatch
ed_013031,3,18,18,1,0,0.180775,nonzero
ed_013038,2,16,16,1,0,-0.229415,nonzero
ed_013045,1,14,14,0,0,0.000000,nomatch
ed_013048,2,13,13,1,0,0.263371,nonzero
ed_013052,1,6,6,0,0,0.000000,nomatch
ed_013055,2,25,25,1,0,-0.180579,nonzero
ed_013058,1,12,12,0,0,0.000000,nomatch
ed_013063,2,13,13,0,0,0.000000,nomatch
ed_013064,1,9,9,0,0,0.000000,nomatch
ed_013067,2,16,16,0,0,0.000000,nomatch
ed_013070,1,9,9,0,0,0.000000,nomatch
ed_013073,2,14,14,1,0,0.263371,nonzero
ed_013077,2,22,22,1,0,-0.147979,nonzero
ed_013081,2,29,29,0,0,0.000000,nomatch
ed_013084,2,15,15,1,0,0.125000,nonzero
ed_013088,3,28,28,0,0,0.000000,nomatch
ed_013091,2,24,24,2,0,0.380707,nonzero
ed_013094,1,14,14,0,0,0.000000,nomatch
ed_013097,1,14,14,0,0,0.000000,nomatch
ed_013101,2,17,17,0,0,0.000000,nomatch
ed_013108,2,17,17,1,0,0.180579,nonzero
ed_013115,2,46,46,1,0,-0.134303,nonzero
ed_013118,1,16,16,1,0,-0.361158,nonzero
ed_013121,1,11,11,0,0,0.000000,nomatch
ed_013126,1,13,13,1,0,-0.655311,nonzero
ed_013132,1,10,10,0,0,0.000000,nomatch
ed_013135,2,16,16,1,0,-0.258564,nonzero
ed_013139,2,17,17,0,0,0.000000,nomatch
ed_013142,2,36,36,0,0,0.000000,nomatch
ed_013145,2,17,17,1,0,-0.180579,nonzero
ed_013151,1,18,18,0,0,0.000000,nomatch
ed_013156,2,19,19,1,1,-0.293434,nonzero
ed_013159,2,16,16,0,0,0.000000,nomatch
ed_013162,1,8,8,1,0,-0.226348,nonzero
ed_013165,2,14,14,0,0,0.000000,nomatch
ed_013168,2,14,14,0,0,0.000000,nomatch
ed_013171,2,23,23,0,0,0.000000,nomatch
ed_013178,2,14,14,1,0,-0.064019,nonzero
ed_013185,2,24,24,1,0,0.210732,nonzero
ed_013189,2,21,21,1,0,-0.180579,nonzero
ed_013192,1,9,9,1,0,0.361158,nonzero
ed_013195,2,22,22,1,0,0.229415,nonzero
ed_013198,2,20,20,1,0,-0.229415,nonzero
ed_013201,1,15,15,0,0,0.000000,nomatch
ed_013204,1,14,14,0,0,0.000000,nomatch
ed_013208,1,9,9,1,0,0.458831,nonzero
ed_013211,2,28,28,0,0,0.000000,nomatch
ed_013214,1,13,13,0,0,0.000000,nomatch
ed_013218,2,18,18,1,0,0.125000,nonzero
ed_013221,2,21,21,1,0,-0.263371,nonzero
ed_013224,2,16,16,1,0,-0.210732,nonzero
ed_013227,3,23,23,0,0,0.000000,nomatch
ed_013230,2,13,13,0,0,0.000000,nomatch
ed_013233,2,17,17,0,0,0.000000,nomatch
ed_013236,2,17,17,0,0,0.000000,nomatch
ed_013239,2,11,11,0,0,0.000000,nomatch
ed_013242,2,20,20,0,0,0.000000,nomatch
ed_013245,1,8,8,0,0,0.000000,nomatch
ed_013248,1,13,13,1,0,0.449704,nonzero
ed_013251,1,11,11,1,0,0.542326,nonzero
ed_013254,1,7,7,1,0,-0.421464,nonzero
ed_013257,1,9,9,0,0,0.000000,nomatch
ed_013260,2,15,15,1,0,-0.210732,nonzero
ed_013263,2,16,16,0,0,0.000000,nomatch
ed_013266,1,11,11,0,0,0.000000,nomatch
ed_013270,1,22,22,0,0,0.000000,nomatch
ed_013273,1,5,5,0,0,0.000000,nomatch
ed_013276,1,11,11,1,0,0.458831,nonzero
ed_013279,1,8,8,0,0,0.000000,nomatch
ed_013282,2,23,23,0,0,0.000000,nomatch
ed_013285,1,9,9,0,0,0.000000,nomatch
ed_013289,1,9,9,1,0,0.458831,nonzero
ed_013292,1,12,12,0,0,0.000000,nomatch
ed_013295,3,17,17,0,0,0.000000,nomatch
ed_013301,2,26,26,0,0,0.000000,nomatch
ed_013304,2,18,18,2,0,0.076983,nonzero
ed_013307,1,6,6,0,0,0.000000,nomatch
ed_013310,3,43,43,3,0,-0.201978,nonzero
ed_013313,2,21,21,0,0,0.000000,nomatch
ed_013316,2,40,40,1,0,0.229415,nonzero
ed_013319,1,14,14,0,0,0.000000,nomatch
ed_013323,2,14,14,0,0,0.000000,nomatch
ed_013327,2,24,24,1,0,-0.367573,nonzero
ed_013330,2,16,16,2,0,-0.332469,nonzero
ed_013334,3,29,29,1,0,0.180775,nonzero
ed_013337,2,11,11,1,0,-0.327655,nonzero
ed_013341,1,8,8,0,0,0.000000,nomatch
ed_013344,2,13,13,1,0,0.263371,nonzero
ed_013347,1,12,12,0,0,0.000000,nomatch
ed_013351,2,17,17,1,0,-0.263371,nonzero
ed_013354,2,20,20,0,0,0.000000,nomatch
ed_013357,1,10,10,0,0,0.000000,nomatch
ed_013360,1,8,8,1,0,0.458831,nonzero
ed_013363,1,5,5,0,0,0.000000,nomatch
ed_013366,2,27,27,0,0,0.000000,nomatch
ed_013369,2,16,16,1,0,-0.180579,nonzero
ed_013372,1,8,8,0,0,0.000000,nomatch
ed_013375,1,12,12,0,0,0.000000,nomatch
ed_013378,2,17,17,0,0,0.000000,nomatch
ed_013382,2,28,28,0,0,0.000000,nomatch
ed_013385,1,10,10,1,0,0.458831,nonzero
ed_013388,1,9,9,0,0,0.000000,nomatch
ed_013391,1,17,17,1,0,-0.361158,nonzero
ed_013394,2,12,12,1,0,-0.229415,nonzero
ed_013397,2,21,21,1,0,-0.243540,nonzero
ed_013400,3,30,30,0,0,0.000000,nomatch
ed_013403,3,30,30,0,0,0.000000,nomatch
ed_013406,3,26,26,0,0,0.000000,nomatch
ed_013410,1,12,12,0,0,0.000000,nomatch
ed_013414,2,22,22,2,0,0.182939,nonzero
ed_013417,1,8,8,0,0,0.000000,nomatch
ed_013421,1,6,6,0,0,0.000000,nomatch
ed_013424,2,18,18,0,0,0.000000,nomatch
ed_013427,2,23,23,0,0,0.000000,nomatch
ed_013431,2,21,21,1,0,0.263371,nonzero
ed_013433,1,8,8,2,0,-0.612372,nonzero
ed_013436,3,40,40,0,0,0.000000,nomatch
ed_013440,1,15,15,0,0,0.000000,nomatch
ed_013443,2,16,16,2,0,-0.361158,nonzero
ed_013446,1,11,11,0,0,0.000000,nomatch
ed_013449,2,21,21,0,0,0.000000,nomatch
ed_013452,3,23,23,1,0,-0.162360,nonzero
ed_013455,1,9,9,0,0,0.000000,nomatch
ed_013458,4,38,38,2,0,-0.026320,nonzero
ed_013461,2,28,28,3,0,-0.002884,nonzero
ed_013464,2,20,20,1,0,0.281620,nonzero
ed_013467,2,25,25,1,0,0.130831,nonzero
ed_013471,1,7,7,0,0,0.000000,nomatch
ed_013474,1,11,11,0,0,0.000000,nomatch
ed_013477,2,15,15,0,0,0.000000,nomatch
ed_013480,2,18,18,2,0,-0.029148,nonzero
ed_013483,2,26,26,0,0,0.000000,nomatch
ed_013486,2,16,16,0,0,0.000000,nomatch
ed_013489,1,6,6,0,0,0.000000,nomatch
ed_013492,1,7,7,0,0,0.000000,nomatch
ed_013495,2,14,14,0,0,0.000000,nomatch
ed_013498,2,14,14,0,0,0.000000,nomatch
ed_013501,2,13,13,1,0,-0.238329,nonzero
ed_013504,2,47,47,1,0,0.154685,nonzero
ed_013507,2,15,15,1,0,0.210732,nonzero
ed_013510,1,10,10,0,0,0.000000,nomatch
ed_013513,2,16,16,0,0,0.000000,nomatch
ed_013516,1,9,9,1,0,-0.361158,nonzero
ed_013519,2,11,11,1,0,-0.289473,nonzero
ed_013522,2,16,16,0,0,0.000000,nomatch
ed_013525,2,18,18,0,0,0.000000,nomatch
ed_013528,1,4,4,0,0,0.000000,nomatch
ed_013531,2,13,13,0,0,0.000000,nomatch
ed_013534,2,27,27,0,0,0.000000,nomatch
ed_013537,1,14,14,0,0,0.000000,nomatch
ed_013540,2,24,24,0,0,0.000000,nomatch
ed_013543,1,9,9,0,0,0.000000,nomatch
ed_013546,2,20,20,2,0,0.582376,nonzero
ed_013549,2,14,14,1,0,0.222544,nonzero
ed_013552,2,14,14,1,0,-0.327655,nonzero
ed_013555,1,8,8,1,0,-0.458831,nonzero
ed_013561,2,17,17,1,0,-0.125000,nonzero
ed_013564,1,8,8,0,0,0.000000,nomatch
ed_013567,2,16,16,1,0,-0.289473,nonzero
ed_013570,1,12,12,0,0,0.000000,nomatch
ed_013573,1,10,10,1,0,-0.458831,nonzero
ed_013576,2,17,17,1,0,-0.210732,nonzero
ed_013579,2,15,15,0,0,0.000000,nomatch
ed_013582,2,18,18,0,0,0.000000,nomatch
ed_013588,2,23,23,0,0,0.000000,nomatch
ed_013591,2,22,22,0,0,0.000000,nomatch
ed_013594,1,10,10,0,0,0.000000,nomatch
ed_013597,1,13,13,0,0,0.000000,nomatch
ed_013600,2,15,15,0,0,0.000000,nomatch
ed_013603,2,21,21,0,0,0.000000,nomatch
ed_013606,2,15,15,0,0,0.000000,nomatch
ed_013609,2,11,11,0,0,0.000000,nomatch
ed_013614,2,19,19,0,0,0.000000,nomatch
ed_013617,1,7,7,0,0,0.000000,nomatch
ed_013620,2,12,12,0,0,0.000000,nomatch
ed_013623,1,9,9,1,0,0.458831,nonzero
ed_013626,1,18,18,0,0,0.000000,nomatch
ed_013630,1,10,10,1,0,-0.339950,nonzero
ed_013633,2,25,25,1,0,0.229415,nonzero
ed_013636,2,13,13,0,0,0.000000,nomatch
ed_013639,2,19,19,2,0,-0.152869,nonzero
ed_013642,1,9,9,0,0,0.000000,nomatch
ed_013645,2,17,17,0,0,0.000000,nomatch
ed_013648,1,17,17,0,0,0.000000,nomatch
ed_013651,2,28,28,2,0,0.195971,nonzero
ed_013655,2,18,18,1,0,-0.180579,nonzero
ed_013658,1,10,10,0,0,0.000000,nomatch
ed_013661,2,28,28,0,0,0.000000,nomatch
ed_013664,1,5,5,1,0,-0.361158,nonzero
ed_013667,3,29,29,1,0,0.140488,nonzero
ed_013670,2,9,9,0,0,0.000000,nomatch
ed_013673,1,9,9,1,0,-0.578947,nonzero
ed_013676,2,20,20,1,0,-0.210732,nonzero
ed_013679,1,6,6,1,0,-0.458831,nonzero
ed_013682,1,8,8,0,0,0.000000,nomatch
ed_013686,2,11,11,0,0,0.000000,nomatch
ed_013689,2,24,24,0,0,0.000000,nomatch
ed_013692,1,10,10,0,0,0.000000,nomatch
ed_013695,2,14,14,1,0,-0.263371,nonzero
ed_013698,1,8,8,1,0,0.476658,nonzero
ed_013701,1,8,8,2,0,-0.718421,nonzero
ed_013704,3,43,43,0,0,0.000000,nomatch
ed_013707,3,31,31,0,0,0.000000,nomatch
ed_013710,2,26,26,0,0,0.000000,nomatch
ed_013713,2,15,15,2,0,0.458831,nonzero
ed_013716,1,20,20,2,0,0.254679,nonzero
ed_013719,1,7,7,1,0,0.361158,nonzero
ed_013722,2,19,19,1,0,-0.210732,nonzero
ed_013725,2,18,18,3,0,-0.204408,nonzero
ed_013728,2,10,10,0,0,0.000000,nomatch
ed_013731,2,19,19,0,0,0.000000,nomatch
ed_013734,2,16,16,1,0,0.263371,nonzero
ed_013737,2,12,12,1,0,-0.210732,nonzero
ed_013740,2,9,9,0,0,0.000000,nomatch
ed_013743,1,10,10,1,0,0.128037,nonzero
ed_013746,2,7,7,1,0,-0.180579,nonzero
ed_013749,2,32,32,0,0,0.000000,nomatch
ed_013752,3,52,52,4,0,0.006766,nonzero
ed_013756,2,15,15,0,0,0.000000,nomatch
ed_013759,1,10,10,1,0,-0.361158,nonzero
ed_013762,2,15,15,0,0,0.000000,nomatch
ed_013765,2,20,20,0,0,0.000000,nomatch
ed_013768,1,4,4,0,0,0.000000,nomatch
ed_013771,2,38,38,1,0,-0.180579,nonzero
ed_013774,2,16,16,0,0,0.000000,nomatch
ed_013777,1,8,8,0,0,0.000000,nomatch
ed_013780,2,15,15,2,0,-0.391311,nonzero
ed_013783,1,5,5,0,0,0.000000,nomatch
ed_013786,2,17,17,1,0,-0.238329,nonzero
ed_013789,1,18,18,0,0,0.000000,nomatch
ed_013792,2,14,14,1,0,-0.238329,nonzero
ed_013795,3,18,18,1,0,0.087221,nonzero
ed_013798,1,12,12,0,0,0.000000,nomatch
ed_013801,2,17,17,0,0,0.000000,nomatch
ed_013804,2,20,20,1,0,-0.263371,nonzero
ed_013807,1,16,16,1,0,-0.458831,nonzero
ed_013810,2,13,13,1,0,-0.243540,nonzero
ed_013813,2,17,17,0,0,0.000000,nomatch
ed_013816,2,18,18,1,0,0.125000,nonzero
ed_013819,2,13,13,1,1,0.242678,nonzero
ed_013822,1,17,17,0,0,0.000000,nomatch
ed_013825,3,36,36,0,0,0.000000,nomatch
ed_013828,1,12,12,0,0,0.000000,nomatch
ed_013831,1,10,10,0,0,0.000000,nomatch
ed_013834,1,25,25,1,0,0.128037,nonzero
ed_013837,1,9,9,0,0,0.000000,nomatch
ed_013840,2,20,20,0,0,0.000000,nomatch
ed_013844,2,13,13,0,0,0.000000,nomatch
ed_013847,1,20,20,3,0,-0.051571,nonzero
ed_013850,2,21,21,1,0,0.180579,nonzero
ed_013853,1,15,15,0,0,0.000000,nomatch
ed_013856,1,15,15,0,0,0.000000,nomatch
ed_013859,2,30,30,1,0,-0.229415,nonzero
ed_013862,1,21,21,0,0,0.000000,nomatch
ed_013866,1,18,18,0,0,0.000000,nomatch
ed_013869,2,24,24,1,0,0.180579,nonzero
ed_013872,1,16,16,0,0,0.000000,nomatch
ed_013875,1,14,14,0,0,0.000000,nomatch
ed_013878,2,14,14,0,0,0.000000,nomatch
ed_013881,1,8,8,0,0,0.000000,nomatch
ed_013884,1,16,16,0,0,0.000000,nomatch
ed_013887,2,35,35,0,0,0.000000,nomatch
ed_013891,1,13,13,1,0,-0.476658,nonzero
ed_013894,2,35,35,1,0,-0.180579,nonzero
ed_013897,2,22,22,2,0,-0.500205,nonzero
ed_013900,1,11,11,0,0,0.000000,nomatch
ed_013903,1,6,6,0,0,0.000000,nomatch
ed_013907,2,21,21,0,0,0.000000,nomatch
ed_013910,1,25,25,1,0,0.458831,nonzero
ed_013914,3,20,20,2,0,0.380824,nonzero
ed_013917,3,19,19,0,0,0.000000,nomatch
ed_013920,2,28,28,0,0,0.000000,nomatch
ed_013923,1,14,14,0,0,0.000000,nomatch
ed_013928,1,10,10,0,0,0.000000,nomatch
ed_013931,1,12,12,0,0,0.000000,nomatch
ed_013934,2,15,15,0,0,0.000000,nomatch
ed_013938,2,33,33,0,0,0.000000,nomatch
ed_013941,2,9,9,0,0,0.000000,nomatch
ed_013945,1,15,15,0,0,0.000000,nomatch
ed_013948,2,26,26,0,0,0.000000,nomatch
ed_013951,2,16,16,2,0,-0.376794,nonzero
ed_013954,2,14,14,1,0,0.229415,nonzero
ed_013957,1,5,5,1,0,-0.458831,nonzero
ed_013961,1,14,14,0,0,0.000000,nomatch
ed_013964,2,20,20,0,0,0.000000,nomatch
ed_013968,1,21,21,1,0,-0.277800,nonzero
ed_013972,2,17,17,0,0,0.000000,nomatch
ed_013975,1,16,16,1,0,0.250000,nonzero
ed_013982,2,19,19,1,1,0.229415,nonzero
ed_013985,2,15,15,0,0,0.000000,nomatch
ed_013988,1,8,8,0,0,0.000000,nomatch
ed_013992,2,14,14,2,0,-0.361158,nonzero
ed_013995,2,20,20,1,0,0.263371,nonzero
ed_014000,1,6,6,0,0,0.000000,nomatch
ed_014004,1,20,20,0,0,0.000000,nomatch
ed_014007,2,28,28,0,0,0.000000,nomatch
ed_014010,2,16,16,0,0,0.000000,nomatch
ed_014013,2,22,22,0,0,0.000000,nomatch
ed_014017,1,11,11,1,0,-0.458831,nonzero
ed_014020,2,24,24,1,0,-0.180579,nonzero
ed_014023,1,12,12,0,0,0.000000,nomatch
ed_014027,1,14,14,1,0,-0.339950,nonzero
ed_014030,1,10,10,1,0,0.493915,nonzero
ed_014033,2,21,21,2,0,-0.309346,nonzero
ed_014036,2,14,14,0,0,0.000000,nomatch
ed_014039,1,15,15,1,0,0.585882,nonzero
ed_014044,2,28,28,0,0,0.000000,nomatch
ed_014047,2,19,19,0,0,0.000000,nomatch
ed_014051,2,22,22,0,0,0.000000,nomatch
ed_014054,1,15,15,0,0,0.000000,nomatch
ed_014058,1,6,6,0,0,0.000000,nomatch
ed_014061,2,20,20,0,0,0.000000,nomatch
ed_014065,2,19,19,0,0,0.000000,nomatch
ed_014069,2,19,19,0,0,0.000000,nomatch
ed_014072,2,14,14,1,0,0.130831,nonzero
ed_014075,1,16,16,1,0,-0.612372,nonzero
ed_014078,1,17,17,1,0,-0.748232,nonzero
ed_014082,2,14,14,2,0,-0.116560,nonzero
ed_014085,2,22,22,1,0,-0.180579,nonzero
ed_014088,1,5,5,0,0,0.000000,nomatch
ed_014095,2,21,21,1,0,-0.180579,nonzero
ed_014098,1,16,16,0,0,0.000000,nomatch
ed_014101,1,4,4,0,0,0.000000,nomatch
ed_014104,1,12,12,0,0,0.000000,nomatch
ed_014107,2,21,21,1,0,-0.210732,nonzero
ed_014110,1,13,13,0,0,0.000000,nomatch
ed_014113,3,19,19,0,0,0.000000,nomatch
ed_014117,2,22,22,0,1,-0.064019,nonzero
ed_014120,2,14,14,1,0,0.263371,nonzero
ed_014124,1,11,11,0,0,0.000000,nomatch
ed_014128,2,24,24,1,0,-0.229415,nonzero
ed_014131,2,18,18,1,0,0.195971,nonzero
ed_014134,2,30,30,2,0,0.000000,cancel
ed_014137,1,14,14,0,0,0.000000,nomatch
ed_014141,1,10,10,1,0,0.458831,nonzero
ed_014145,2,20,20,0,0,0.000000,nomatch
ed_014148,1,21,21,0,0,0.000000,nomatch
ed_014151,1,16,16,0,0,0.000000,nomatch
ed_014154,1,20,20,0,0,0.000000,nomatch
ed_014158,1,12,12,0,0,0.000000,nomatch
ed_014162,2,14,14,1,0,-0.398080,nonzero
ed_014165,1,4,4,0,0,0.000000,nomatch
ed_014168,1,12,12,0,0,0.000000,nomatch
ed_014171,1,16,16,1,0,0.202289,nonzero
ed_014175,1,14,14,0,0,0.000000,nomatch
ed_014178,2,15,15,3,0,0.547891,nonzero
ed_014182,2,16,16,2,0,-0.591027,nonzero
ed_014185,2,17,17,0,0,0.000000,nomatch
ed_014188,1,13,13,0,0,0.000000,nomatch
ed_014191,2,21,21,1,0,-0.210732,nonzero
ed_014194,1,17,17,0,0,0.000000,nomatch
ed_014197,2,22,22,0,0,0.000000,nomatch
ed_014200,1,7,7,0,0,0.000000,nomatch
ed_014204,2,17,17,0,0,0.000000,nomatch
ed_014207,2,20,20,0,0,0.000000,nomatch
ed_014212,1,14,14,0,0,0.000000,nomatch
ed_014215,1,3,3,0,0,0.000000,nomatch
ed_014219,1,8,8,0,0,0.000000,nomatch
ed_014222,2,19,19,0,0,0.000000,nomatch
ed_014225,2,14,14,0,0,0.000000,nomatch
ed_014228,1,8,8,0,0,0.000000,nomatch
ed_014231,2,26,26,0,0,0.000000,nomatch
ed_014235,1,19,19,1,0,0.458831,nonzero
ed_014238,2,18,18,1,1,0.229415,nonzero
ed_014242,2,11,11,0,0,0.000000,nomatch
ed_014245,2,36,36,1,0,0.229415,nonzero
ed_014248,1,7,7,0,0,0.000000,nomatch
ed_014251,1,7,7,0,0,0.000000,nomatch
ed_014254,1,6,6,0,0,0.000000,nomatch
ed_014257,2,19,19,1,0,0.180579,nonzero
ed_014260,2,29,29,2,0,0.332578,nonzero
ed_014263,2,9,9,0,0,0.000000,nomatch
ed_014266,1,17,17,0,0,0.000000,nomatch
ed_014269,1,11,11,0,0,0.000000,nomatch
ed_014272,2,12,12,0,0,0.000000,nomatch
ed_014275,3,33,33,0,0,0.000000,nomatch
ed_014279,2,25,25,1,0,0.154685,nonzero
ed_014282,1,9,9,0,0,0.000000,nomatch
ed_014285,2,26,26,0,0,0.000000,nomatch
ed_014288,2,10,10,1,0,-0.289473,nonzero
ed_014291,1,7,7,1,0,0.361158,nonzero
ed_014294,1,14,14,0,0,0.000000,nomatch
ed_014297,1,18,18,0,0,0.000000,nomatch
ed_014300,1,5,5,0,0,0.000000,nomatch
ed_014303,2,31,31,0,0,0.000000,nomatch
ed_014306,1,12,12,2,0,-0.739130,nonzero
ed_014309,1,13,13,0,0,0.000000,nomatch
ed_014312,2,16,16,0,0,0.000000,nomatch
ed_014316,1,8,8,0,0,0.000000,nomatch
ed_014319,2,16,16,0,0,0.000000,nomatch
ed_014322,2,27,27,0,0,0.000000,nomatch
ed_014325,2,17,17,1,0,0.281620,nonzero
ed_014328,2,30,30,0,0,0.000000,nomatch
ed_014331,1,13,13,1,0,-0.655311,nonzero
ed_014334,1,7,7,0,0,0.000000,nomatch
ed_014337,1,12,12,0,0,0.000000,nomatch
ed_014340,3,18,18,1,0,0.175581,nonzero
ed_014343,2,31,31,0,0,0.000000,nomatch
ed_014346,2,25,25,1,0,-0.229415,nonzero
ed_014349,1,15,15,0,0,0.000000,nomatch
ed_014353,1,7,7,0,0,0.000000,nomatch
ed_014356,2,29,29,1,0,0.180579,nonzero
ed_014359,1,7,7,0,0,0.000000,nomatch
ed_014362,2,34,34,0,0,0.000000,nomatch
ed_014365,1,15,15,1,0,0.202289,nonzero
ed_014368,1,7,7,0,0,0.000000,nomatch
ed_014371,1,4,4,0,0,0.000000,nomatch
ed_014374,2,41,41,2,0,-0.147979,nonzero
ed_014377,1,18,18,0,0,0.000000,nomatch
ed_014380,2,25,25,0,0,0.000000,nomatch
ed_014383,1,14,14,0,0,0.000000,nomatch
ed_014386,1,12,12,0,0,0.000000,nomatch
ed_014389,2,32,32,0,0,0.000000,nomatch
ed_014393,1,6,6,1,0,-0.361158,nonzero
ed_014396,3,24,24,1,0,-0.120386,nonzero
ed_014399,1,8,8,0,0,0.000000,nomatch
ed_014402,1,5,5,0,0,0.000000,nomatch
ed_014405,2,26,26,0,0,0.000000,nomatch
ed_014408,1,7,7,0,0,0.000000,nomatch
ed_014411,2,32,32,1,0,-0.224852,nonzero
ed_014414,1,14,14,0,0,0.000000,nomatch
ed_014417,1,6,6,0,0,0.000000,nomatch
ed_014420,1,8,8,0,0,0.000000,nomatch
ed_014423,1,16,16,0,0,0.000000,nomatch
ed_014427,2,16,16,1,0,0.263371,nonzero
ed_014430,2,32,32,0,0,0.000000,nomatch
ed_014433,1,10,10,0,0,0.000000,nomatch
ed_014436,2,38,38,0,1,-0.064019,nonzero
ed_014439,1,6,6,0,0,0.000000,nomatch
ed_014442,1,14,14,1,0,-0.458831,nonzero
ed_014445,1,10,10,0,0,0.000000,nomatch
ed_014448,2,24,24,0,0,0.000000,nomatch
ed_014451,1,7,7,0,0,0.000000,nomatch
ed_014454,2,28,28,2,0,0.281724,nonzero
ed_014457,3,24,24,0,0,0.000000,nomatch
ed_014460,1,20,20,0,0,0.000000,nomatch
ed_014464,1,7,7,0,0,0.000000,nomatch
ed_014468,1,8,8,1,0,-0.578947,nonzero
ed_014471,2,23,23,0,0,0.000000,nomatch
ed_014474,1,24,24,0,0,0.000000,nomatch
ed_014477,1,4,4,0,0,0.000000,nomatch
ed_014481,1,17,17,0,0,0.000000,nomatch
ed_014484,2,25,25,1,0,0.101144,nonzero
ed_014487,2,14,14,0,0,0.000000,nomatch
ed_014490,1,10,10,1,0,0.526742,nonzero
ed_014493,2,23,23,3,0,-0.304664,nonzero
ed_014496,1,7,7,1,1,0.458831,nonzero
ed_014499,1,6,6,0,0,0.000000,nomatch
ed_014502,3,18,18,0,0,0.000000,nomatch
ed_014505,3,18,18,1,0,0.175581,nonzero
ed_014508,1,20,20,1,0,0.493915,nonzero
ed_014512,3,28,28,0,0,0.000000,nomatch
ed_014515,4,31,31,0,0,0.000000,nomatch
ed_014518,1,10,10,0,0,0.000000,nomatch
ed_014521,3,33,33,1,0,0.042679,nonzero
ed_014526,1,12,12,1,0,0.250000,nonzero
ed_014529,1,12,12,0,0,0.000000,nomatch
ed_014532,1,17,17,0,0,0.000000,nomatch
ed_014535,2,30,30,1,0,0.278685,nonzero
ed_014538,1,12,12,0,0,0.000000,nomatch
ed_014541,2,20,20,2,0,-0.335239,nonzero
ed_014544,2,24,24,0,0,0.000000,nomatch
ed_014547,2,35,35,1,0,0.180579,nonzero
ed_014550,4,63,63,2,0,-0.089761,nonzero
ed_014555,3,49,49,1,0,0.192982,nonzero
ed_014559,1,9,9,0,0,0.000000,nomatch
ed_014562,1,10,10,0,0,0.000000,nomatch
ed_014565,1,10,10,1,0,0.526742,nonzero
ed_014568,2,23,23,0,0,0.000000,nomatch
ed_014571,2,22,22,1,0,0.180579,nonzero
ed_014575,1,11,11,0,0,0.000000,nomatch
ed_014580,3,26,26,0,0,0.000000,nomatch
ed_014583,1,12,12,0,0,0.000000,nomatch
ed_014586,1,9,9,0,0,0.000000,nomatch
ed_014590,1,4,4,0,0,0.000000,nomatch
ed_014593,1,13,13,0,0,0.000000,nomatch
ed_014597,1,11,11,1,0,0.458831,nonzero
ed_014600,1,8,8,0,0,0.000000,nomatch
ed_014603,1,11,11,0,0,0.000000,nomatch
ed_014606,1,5,5,1,0,-0.361158,nonzero
ed_014609,3,27,27,1,0,0.120386,nonzero
ed_014612,1,6,6,0,0,0.000000,nomatch
ed_014615,2,13,13,0,0,0.000000,nomatch
ed_014618,1,8,8,0,0,0.000000,nomatch
ed_014621,2,37,37,0,0,0.000000,nomatch
ed_014625,3,26,26,1,0,-0.120386,nonzero
ed_014628,3,34,34,0,0,0.000000,nomatch
ed_014631,1,5,5,0,0,0.000000,nomatch
ed_014635,1,7,7,0,0,0.000000,nomatch
ed_014638,1,11,11,1,0,-0.128037,nonzero
ed_014641,1,11,11,0,0,0.000000,nomatch
ed_014644,1,18,18,0,0,0.000000,nomatch
ed_014647,1,8,8,0,0,0.000000,nomatch
ed_014650,2,28,28,1,1,0.229415,nonzero
ed_014653,1,11,11,0,0,0.000000,nomatch
ed_014656,1,6,6,0,0,0.000000,nomatch
ed_014661,2,18,18,0,0,0.000000,nomatch
ed_014665,1,10,10,0,0,0.000000,nomatch
ed_014668,2,17,17,1,0,-0.180579,nonzero
ed_014672,1,2,2,0,0,0.000000,nomatch
ed_014678,3,37,37,1,0,0.226091,nonzero
ed_014681,3,36,36,1,0,0.000000,cancel
ed_014685,2,20,20,0,0,0.000000,nomatch
ed_014688,1,14,14,1,0,-0.421464,nonzero
ed_014691,1,11,11,0,0,0.000000,nomatch
ed_014695,3,44,44,1,0,0.067430,nonzero
ed_014698,1,7,7,0,0,0.000000,nomatch
ed_014703,1,12,12,1,0,0.361158,nonzero
ed_014707,2,22,22,0,0,0.000000,nomatch
ed_014710,1,8,8,0,0,0.000000,nomatch
ed_014713,1,10,10,1,0,-0.361158,nonzero
ed_014716,1,4,4,0,0,0.000000,nomatch
ed_014720,1,12,12,1,0,0.128037,nonzero
ed_014725,1,12,12,0,0,0.000000,nomatch
ed_014728,1,6,6,1,0,-0.458831,nonzero
ed_014731,1,9,9,0,0,0.000000,nomatch
ed_014734,1,21,21,0,0,0.000000,nomatch
ed_014737,3,24,24,0,0,0.000000,nomatch
ed_014740,1,12,12,1,0,0.493915,nonzero
ed_014743,1,10,10,0,0,0.000000,nomatch
ed_014746,1,16,16,0,0,0.000000,nomatch
ed_014749,1,6,6,1,0,-0.421464,nonzero
ed_014752,2,17,17,0,0,0.000000,nomatch
ed_014755,1,14,14,0,0,0.000000,nomatch
ed_014758,1,12,12,1,0,-0.128037,nonzero
ed_014761,1,12,12,0,0,0.000000,nomatch
ed_014764,1,15,15,0,0,0.000000,nomatch
ed_014768,1,11,11,0,0,0.000000,nomatch
ed_014771,1,10,10,0,0,0.000000,nomatch
ed_014774,1,9,9,0,0,0.000000,nomatch
ed_014777,1,5,5,0,0,0.000000,nomatch
ed_014780,1,11,11,0,0,0.000000,nomatch
ed_014783,1,11,11,0,0,0.000000,nomatch
ed_014789,1,15,15,0,0,0.000000,nomatch
ed_014792,1,8,8,1,0,-0.361158,nonzero
ed_014795,1,11,11,0,0,0.000000,nomatch
ed_014801,1,9,9,0,0,0.000000,nomatch
ed_014804,1,15,15,0,0,0.000000,nomatch
ed_014807,1,10,10,0,0,0.000000,nomatch
ed_014810,3,38,38,0,0,0.000000,nomatch
ed_014815,2,14,14,0,0,0.000000,nomatch
ed_014819,4,28,28,0,0,0.000000,nomatch
ed_014822,2,18,18,0,0,0.000000,nomatch
ed_014825,2,25,25,0,0,0.000000,nomatch
ed_014828,2,28,28,0,0,0.000000,nomatch
ed_014832,1,8,8,1,0,-0.361158,nonzero
ed_014835,3,23,23,0,0,0.000000,nomatch
ed_014839,1,15,15,0,0,0.000000,nomatch
ed_014842,2,29,29,1,0,-0.180579,nonzero
ed_014845,2,17,17,1,0,-0.064019,nonzero
ed_014849,3,35,35,0,0,0.000000,nomatch
ed_014852,2,17,17,0,0,0.000000,nomatch
ed_014857,2,14,14,0,0,0.000000,nomatch
ed_014861,1,14,14,0,0,0.000000,nomatch
ed_014865,1,10,10,0,0,0.000000,nomatch
ed_014868,3,22,22,0,0,0.000000,nomatch
ed_014872,1,9,9,0,0,0.000000,nomatch
ed_014875,3,17,17,0,0,0.000000,nomatch
ed_014879,1,9,9,0,0,0.000000,nomatch
ed_014884,2,27,27,0,0,0.000000,nomatch
ed_014887,1,7,7,0,0,0.000000,nomatch
ed_014890,2,17,17,0,0,0.000000,nomatch
ed_014894,1,12,12,0,0,0.000000,nomatch
ed_014897,2,13,13,2,0,-0.377394,nonzero
ed_014900,4,27,27,0,0,0.000000,nomatch
ed_014904,2,21,21,0,0,0.000000,nomatch
ed_014907,1,12,12,1,0,0.361158,nonzero
ed_014910,1,11,11,0,0,0.000000,nomatch
ed_014913,2,13,13,0,0,0.000000,nomatch
ed_014917,2,17,17,0,0,0.000000,nomatch
ed_014921,2,26,26,0,0,0.000000,nomatch
ed_014924,1,7,7,0,0,0.000000,nomatch
ed_014927,3,28,28,1,0,-0.120386,nonzero
ed_014931,1,16,16,0,0,0.000000,nomatch
ed_014934,2,15,15,0,0,0.000000,nomatch
ed_014937,1,8,8,0,0,0.000000,nomatch
ed_014940,2,15,15,0,0,0.000000,nomatch
ed_014943,2,14,14,0,0,0.000000,nomatch
ed_014947,1,6,6,0,0,0.000000,nomatch
ed_014950,2,25,25,1,0,-0.180579,nonzero
ed_014954,1,15,15,0,0,0.000000,nomatch
ed_014957,2,30,30,1,0,0.180579,nonzero
ed_014962,1,14,14,0,0,0.000000,nomatch
ed_014966,1,11,11,2,0,-0.670478,nonzero
ed_014969,1,8,8,0,0,0.000000,nomatch
ed_014973,2,10,10,2,0,-0.194850,nonzero
ed_014977,1,9,9,1,1,-0.757937,nonzero
ed_014981,2,26,26,1,0,-0.169975,nonzero
ed_014984,2,21,21,0,0,0.000000,nomatch
ed_014988,2,20,20,0,0,0.000000,nomatch
ed_014991,1,10,10,1,0,-0.458831,nonzero
ed_014995,1,9,9,0,0,0.000000,nomatch
ed_014998,1,15,15,0,0,0.000000,nomatch
ed_015001,1,11,11,1,0,0.361158,nonzero
ed_015005,1,10,10,0,0,0.000000,nomatch
ed_015008,1,26,26,4,0,0.190117,nonzero
ed_015012,1,6,6,0,0,0.000000,nomatch
ed_015015,1,10,10,0,0,0.000000,nomatch
ed_015018,1,5,5,0,0,0.000000,nomatch
ed_015022,3,30,30,0,0,0.000000,nomatch
ed_015025,1,5,5,0,0,0.000000,nomatch
ed_015029,2,22,22,3,0,-0.288964,nonzero
ed_015032,3,31,31,0,0,0.000000,nomatch
ed_015036,3,21,21,0,0,0.000000,nomatch
ed_015039,1,10,10,0,0,0.000000,nomatch
ed_015042,1,9,9,0,0,0.000000,nomatch
ed_015045,2,21,21,0,0,0.000000,nomatch
ed_015048,1,8,8,0,0,0.000000,nomatch
ed_015051,3,51,51,1,1,-0.252646,nonzero
ed_015054,2,20,20,1,0,-0.169975,nonzero
ed_015057,1,12,12,0,0,0.000000,nomatch
ed_015061,3,20,20,1,0,0.175581,nonzero
ed_015064,3,31,31,0,0,0.000000,nomatch
ed_015067,1,9,9,0,0,0.000000,nomatch
ed_015071,2,18,18,1,0,-0.229415,nonzero
ed_015074,2,16,16,0,0,0.000000,nomatch
ed_015077,2,17,17,0,0,0.000000,nomatch
ed_015080,2,39,39,0,0,0.000000,nomatch
ed_015083,2,13,13,0,0,0.000000,nomatch
ed_015086,2,17,17,1,0,0.229415,nonzero
ed_015089,2,22,22,0,0,0.000000,nomatch
ed_015092,3,24,24,0,0,0.000000,nomatch
ed_015095,1,4,4,0,0,0.000000,nomatch
ed_015099,2,17,17,0,0,0.000000,nomatch
ed_015102,2,22,22,1,0,-0.180579,nonzero
ed_015105,2,17,17,1,0,-0.180579,nonzero
ed_015108,2,12,12,0,0,0.000000,nomatch
ed_015111,2,23,23,1,0,0.246957,nonzero
ed_015114,2,22,22,1,0,-0.229415,nonzero
ed_015119,1,5,5,0,0,0.000000,nomatch
ed_015122,2,20,20,0,0,0.000000,nomatch
ed_015125,2,18,18,1,0,0.180579,nonzero
ed_015131,2,23,23,0,0,0.000000,nomatch
ed_015134,2,10,10,0,0,0.000000,nomatch
ed_015137,2,20,20,0,0,0.000000,nomatch
ed_015140,2,21,21,1,0,-0.180579,nonzero
ed_015143,1,7,7,1,0,-0.128037,nonzero
ed_015149,2,17,17,0,0,0.000000,nomatch
ed_015152,2,19,19,0,0,0.000000,nomatch
ed_015157,2,24,24,0,0,0.000000,nomatch
ed_015161,2,10,10,0,0,0.000000,nomatch
ed_015164,2,54,54,2,0,0.401682,nonzero
ed_015168,2,37,37,0,0,0.000000,nomatch
ed_015172,2,31,31,1,0,0.101144,nonzero
ed_015175,2,19,19,1,0,-0.229415,nonzero
ed_015178,2,14,14,2,0,-0.459448,nonzero
ed_015181,2,18,18,1,0,-0.180579,nonzero
ed_015184,1,5,5,0,0,0.000000,nomatch
ed_015187,2,11,11,1,0,0.222544,nonzero
ed_015190,1,12,12,0,0,0.000000,nomatch
ed_015193,1,24,24,0,0,0.000000,nomatch
ed_015197,1,8,8,0,0,0.000000,nomatch
ed_015200,2,25,25,0,0,0.000000,nomatch
ed_015203,2,27,27,0,0,0.000000,nomatch
ed_015206,2,29,29,1,0,-0.224852,nonzero
ed_015209,1,20,20,0,0,0.000000,nomatch
ed_015212,2,17,17,1,0,-0.229415,nonzero
ed_015215,1,8,8,0,0,0.000000,nomatch
ed_015218,3,28,28,1,0,0.187746,nonzero
ed_015221,2,28,28,0,0,0.000000,nomatch
ed_015224,2,24,24,2,0,-0.415104,nonzero
ed_015228,2,14,14,2,0,-0.508234,nonzero
ed_015231,1,16,16,1,0,-0.361158,nonzero
ed_015234,1,20,20,2,0,-0.250000,nonzero
ed_015237,2,15,15,0,0,0.000000,nomatch
ed_015240,2,20,20,0,0,0.000000,nomatch
ed_015243,3,31,31,0,0,0.000000,nomatch
ed_015246,2,17,17,1,0,0.292941,nonzero
ed_015249,1,14,14,1,0,-0.361158,nonzero
ed_015252,2,29,29,2,0,0.526742,nonzero
ed_015255,2,16,16,0,0,0.000000,nomatch
ed_015258,2,13,13,0,0,0.000000,nomatch
ed_015261,1,23,23,0,0,0.000000,nomatch
ed_015264,3,32,32,1,0,0.152944,nonzero
ed_015267,2,25,25,1,0,0.229415,nonzero
ed_015270,2,19,19,0,0,0.000000,nomatch
ed_015273,2,15,15,1,0,0.229415,nonzero
ed_015276,3,33,33,0,0,0.000000,nomatch
ed_015279,2,20,20,1,0,0.229415,nonzero
ed_015282,2,18,18,0,1,-0.064019,nonzero
ed_015285,3,39,39,0,0,0.000000,nomatch
ed_015288,2,24,24,0,0,0.000000,nomatch
ed_015291,1,15,15,1,0,-0.361158,nonzero
ed_015295,2,21,21,0,0,0.000000,nomatch
ed_015299,4,35,35,2,0,0.087100,nonzero
ed_015302,3,27,27,1,0,0.158886,nonzero
ed_015305,2,15,15,0,0,0.000000,nomatch
ed_015308,1,12,12,0,0,0.000000,nomatch
ed_015311,3,39,39,1,0,0.120386,nonzero
ed_015314,1,13,13,1,0,-0.361158,nonzero
ed_015317,2,18,18,0,0,0.000000,nomatch
ed_015320,3,33,33,1,0,-0.164638,nonzero
ed_015323,1,18,18,0,0,0.000000,nomatch
ed_015326,1,13,13,0,0,0.000000,nomatch
ed_015329,3,29,29,1,0,-0.140488,nonzero
ed_015332,2,14,14,0,0,0.000000,nomatch
ed_015335,1,6,6,0,0,0.000000,nomatch
ed_015338,2,18,18,2,0,0.082792,nonzero
ed_015341,3,33,33,2,0,0.055195,nonzero
ed_015344,1,20,20,0,0,0.000000,nomatch
ed_015347,2,13,13,1,0,-0.180579,nonzero
ed_015350,3,43,43,0,0,0.000000,nomatch
ed_015353,2,9,9,0,0,0.000000,nomatch
ed_015356,2,11,11,0,0,0.000000,nomatch
ed_015359,2,12,12,1,0,0.263371,nonzero
ed_015362,2,12,12,1,0,-0.324279,nonzero
ed_015365,1,12,12,0,0,0.000000,nomatch
ed_015368,2,10,10,0,0,0.000000,nomatch
ed_015371,2,13,13,0,0,0.000000,nomatch
ed_015374,2,20,20,0,0,0.000000,nomatch
ed_015377,2,15,15,0,0,0.000000,nomatch
ed_015380,2,15,15,0,0,0.000000,nomatch
ed_015383,2,14,14,0,0,0.000000,nomatch
ed_015386,2,11,11,0,0,0.000000,nomatch
ed_015389,1,9,9,1,0,0.458831,nonzero
ed_015392,1,14,14,0,0,0.000000,nomatch
ed_015395,2,38,38,1,0,0.210732,nonzero
ed_015401,4,35,35,1,0,0.062500,nonzero
ed_015404,2,22,22,0,0,0.000000,nomatch
ed_015407,2,29,29,0,0,0.000000,nomatch
ed_015411,1,8,8,0,0,0.000000,nomatch
ed_015414,2,24,24,1,0,0.222544,nonzero
ed_015417,2,21,21,1,0,-0.246957,nonzero
ed_015420,1,12,12,0,0,0.000000,nomatch
ed_015423,1,19,19,0,0,0.000000,nomatch
ed_015427,2,18,18,1,0,0.229415,nonzero
ed_015431,2,15,15,0,0,0.000000,nomatch
ed_015434,3,17,17,1,0,-0.152944,nonzero
ed_015438,2,19,19,0,0,0.000000,nomatch
ed_015443,2,10,10,0,0,0.000000,nomatch
ed_015447,2,21,21,1,0,0.263371,nonzero
ed_015450,3,49,49,2,0,0.216186,nonzero
ed_015453,2,25,25,2,0,-0.018683,nonzero
ed_015456,3,21,21,1,0,0.180775,nonzero
ed_015460,2,28,28,0,0,0.000000,nomatch
ed_015463,2,13,13,2,0,0.146713,nonzero
ed_015468,2,16,16,0,0,0.000000,nomatch
ed_015474,2,10,10,0,0,0.000000,nomatch
ed_015477,2,18,18,0,0,0.000000,nomatch
ed_015481,1,11,11,0,0,0.000000,nomatch
ed_015484,1,8,8,1,0,0.585882,nonzero
ed_015487,2,24,24,0,0,0.000000,nomatch
ed_015490,2,18,18,1,0,0.263371,nonzero
ed_015494,2,20,20,0,0,0.000000,nomatch
ed_015497,1,10,10,0,0,0.000000,nomatch
ed_015500,2,15,15,0,0,0.000000,nomatch
ed_015504,1,7,7,1,0,0.445087,nonzero
ed_015507,3,36,36,0,1,-0.042679,nonzero
ed_015510,1,6,6,0,0,0.000000,nomatch
ed_015513,2,14,14,0,0,0.000000,nomatch
ed_015517,1,16,16,0,0,0.000000,nomatch
ed_015521,1,11,11,0,0,0.000000,nomatch
ed_015524,3,23,23,0,0,0.000000,nomatch
ed_015527,2,28,28,0,0,0.000000,nomatch
ed_015530,1,8,8,0,0,0.000000,nomatch
ed_015533,1,12,12,0,0,0.000000,nomatch
ed_015536,2,23,23,0,0,0.000000,nomatch
ed_015539,3,16,16,0,0,0.000000,nomatch
ed_015543,1,7,7,0,0,0.000000,nomatch
ed_015547,2,30,30,0,0,0.000000,nomatch
ed_015550,3,34,34,0,0,0.000000,nomatch
ed_015553,2,12,12,0,0,0.000000,nomatch
ed_015556,1,3,3,0,0,0.000000,nomatch
ed_015559,2,20,20,0,0,0.000000,nomatch
ed_015566,1,11,11,1,0,-0.361158,nonzero
ed_015569,1,23,23,0,0,0.000000,nomatch
ed_015573,2,22,22,0,0,0.000000,nomatch
ed_015576,1,9,9,0,0,0.000000,nomatch
ed_015580,3,37,37,1,0,-0.042679,nonzero
ed_015583,3,25,25,1,0,0.175581,nonzero
ed_015586,2,20,20,1,0,0.180579,nonzero
ed_015589,1,10,10,0,0,0.000000,nomatch
ed_015593,2,12,12,0,0,0.000000,nomatch
ed_015597,1,6,6,0,0,0.000000,nomatch
ed_015600,1,33,33,0,0,0.000000,nomatch
ed_015603,2,16,16,0,0,0.000000,nomatch
ed_015607,2,17,17,0,0,0.000000,nomatch
ed_015611,1,9,9,0,0,0.000000,nomatch
ed_015614,2,24,24,0,0,0.000000,nomatch
ed_015617,1,8,8,0,0,0.000000,nomatch
ed_015620,2,16,16,0,0,0.000000,nomatch
ed_015624,1,11,11,1,0,-0.458831,nonzero
ed_015631,2,23,23,0,0,0.000000,nomatch
ed_015636,2,17,17,0,0,0.000000,nomatch
ed_015640,2,16,16,0,0,0.000000,nomatch
ed_015644,3,26,26,0,0,0.000000,nomatch
ed_015647,2,18,18,0,0,0.000000,nomatch
ed_015651,1,26,26,0,0,0.000000,nomatch
ed_015656,1,14,14,0,0,0.000000,nomatch
ed_015659,2,15,15,0,0,0.000000,nomatch
ed_015665,1,11,11,0,0,0.000000,nomatch
ed_015669,2,22,22,1,0,-0.289473,nonzero
ed_015672,2,21,21,0,0,0.000000,nomatch
ed_015675,2,23,23,0,0,0.000000,nomatch
ed_015679,3,37,37,2,0,0.000000,cancel
ed_015682,1,10,10,1,0,0.476658,nonzero
ed_015685,2,11,11,0,0,0.000000,nomatch
ed_015689,1,10,10,0,0,0.000000,nomatch
ed_015692,2,25,25,0,0,0.000000,nomatch
ed_015695,2,10,10,0,0,0.000000,nomatch
ed_015699,1,7,7,0,0,0.000000,nomatch
ed_015702,2,10,10,1,0,-0.263371,nonzero
ed_015706,2,19,19,1,0,0.271163,nonzero
ed_015709,2,13,13,0,0,0.000000,nomatch
ed_015713,1,10,10,1,0,0.361158,nonzero
ed_015716,3,22,22,0,0,0.000000,nomatch
ed_015719,1,9,9,0,0,0.000000,nomatch
ed_015724,1,7,7,1,0,-0.128037,nonzero
ed_015728,2,12,12,1,0,0.263371,nonzero
ed_015732,1,10,10,0,0,0.000000,nomatch
ed_015735,1,10,10,1,0,0.361158,nonzero
ed_015738,2,10,10,0,0,0.000000,nomatch
ed_015741,2,8,8,0,0,0.000000,nomatch
ed_015744,2,28,28,0,0,0.000000,nomatch
ed_015747,4,22,22,0,0,0.000000,nomatch
ed_015750,2,23,23,0,0,0.000000,nomatch
ed_015754,2,16,16,0,0,0.000000,nomatch
ed_015757,2,20,20,0,0,0.000000,nomatch
ed_015760,2,37,37,0,0,0.000000,nomatch
ed_015763,2,14,14,0,0,0.000000,nomatch
ed_015766,2,26,26,0,0,0.000000,nomatch
ed_015771,2,36,36,0,0,0.000000,nomatch
ed_015774,1,12,12,0,0,0.000000,nomatch
ed_015779,1,13,13,0,0,0.000000,nomatch
ed_015783,2,20,20,1,0,0.263371,nonzero
ed_015787,2,19,19,1,0,-0.263371,nonzero
ed_015790,2,16,16,1,0,-0.064019,nonzero
ed_015794,2,11,11,1,0,-0.210732,nonzero
ed_015797,3,27,27,0,0,0.000000,nomatch
ed_015802,1,12,12,2,0,-0.665155,nonzero
ed_015807,2,15,15,0,0,0.000000,nomatch
ed_015811,2,15,15,0,0,0.000000,nomatch
ed_015814,2,22,22,1,0,-0.064019,nonzero
ed_015818,3,19,19,0,0,0.000000,nomatch
ed_015821,2,16,16,0,0,0.000000,nomatch
ed_015825,1,9,9,0,0,0.000000,nomatch
ed_015828,2,13,13,2,0,-0.341564,nonzero
ed_015832,2,23,23,1,0,-0.169975,nonzero
ed_015835,2,11,11,1,0,-0.210732,nonzero
ed_015839,2,13,13,1,0,0.263371,nonzero
ed_015842,3,16,16,2,0,0.044937,nonzero
ed_015845,1,8,8,0,0,0.000000,nomatch
ed_015848,2,15,15,1,0,0.229415,nonzero
ed_015851,2,11,11,0,0,0.000000,nomatch
ed_015855,2,13,13,2,0,-0.548037,nonzero
ed_015858,2,35,35,0,0,0.000000,nomatch
ed_015861,2,15,15,0,0,0.000000,nomatch
ed_015864,2,12,12,1,0,0.263371,nonzero
ed_015868,3,16,16,1,0,-0.120386,nonzero
ed_015871,2,17,17,1,0,-0.113174,nonzero
ed_015874,1,11,11,1,0,-0.526742,nonzero
ed_015878,1,17,17,0,0,0.000000,nomatch
ed_015882,1,9,9,0,0,0.000000,nomatch
ed_015885,1,12,12,1,0,0.458831,nonzero
ed_015888,3,16,16,0,0,0.000000,nomatch
ed_015892,2,12,12,0,0,0.000000,nomatch
ed_015896,3,18,18,1,0,-0.152944,nonzero
ed_015901,2,18,18,1,0,-0.229415,nonzero
ed_015904,1,18,18,0,0,0.000000,nomatch
ed_015907,3,12,12,1,0,0.120386,nonzero
ed_015910,2,14,14,1,0,0.229415,nonzero
ed_015913,1,9,9,1,0,0.542326,nonzero
ed_015916,2,15,15,0,0,0.000000,nomatch
ed_015919,2,26,26,1,0,-0.180579,nonzero
ed_015922,2,14,14,0,0,0.000000,nomatch
ed_015925,1,9,9,0,0,0.000000,nomatch
ed_015928,2,14,14,0,0,0.000000,nomatch
ed_015935,2,17,17,1,0,0.263371,nonzero
ed_015939,2,22,22,1,0,-0.229415,nonzero
ed_015942,2,15,15,0,0,0.000000,nomatch
ed_015944,2,20,20,3,0,0.000000,cancel
ed_015948,2,24,24,1,0,0.246957,nonzero
ed_015951,2,19,19,1,0,0.064019,nonzero
ed_015955,2,13,13,0,0,0.000000,nomatch
ed_015958,1,9,9,0,0,0.000000,nomatch
ed_015962,2,15,15,1,0,0.210732,nonzero
ed_015965,2,17,17,1,0,0.180579,nonzero
ed_015969,2,19,19,1,0,-0.210732,nonzero
ed_015972,2,16,16,2,0,-0.443950,nonzero
ed_015975,2,14,14,1,0,0.180579,nonzero
ed_015979,2,16,16,0,0,0.000000,nomatch
ed_015983,1,16,16,0,0,0.000000,nomatch
ed_015986,2,13,13,1,0,-0.064019,nonzero
ed_015990,2,14,14,0,0,0.000000,nomatch
ed_015994,1,14,14,0,0,0.000000,nomatch
ed_015997,2,16,16,0,0,0.000000,nomatch
ed_016001,2,29,29,0,0,0.000000,nomatch
ed_016004,1,14,14,0,0,0.000000,nomatch
ed_016008,2,14,14,0,0,0.000000,nomatch
ed_016011,1,7,7,0,0,0.000000,nomatch
ed_016015,1,12,12,1,0,0.563239,nonzero
ed_016018,2,15,15,0,0,0.000000,nomatch
ed_016021,2,19,19,1,0,-0.327655,nonzero
ed_016024,3,13,13,2,0,-0.301770,nonzero
ed_016027,1,15,15,0,1,-0.273213,nonzero
ed_016031,1,18,18,0,0,0.000000,nomatch
ed_016036,1,12,12,0,0,0.000000,nomatch
ed_016040,2,15,15,0,0,0.000000,nomatch
ed_016044,1,8,8,0,0,0.000000,nomatch
ed_016047,2,27,27,1,0,-0.342425,nonzero
ed_016050,2,17,17,1,0,0.263371,nonzero
ed_016053,1,9,9,0,0,0.000000,nomatch
ed_016057,1,12,12,1,0,0.563239,nonzero
ed_016060,1,11,11,1,0,0.526742,nonzero
ed_016063,2,29,29,1,0,0.229415,nonzero
ed_016066,2,12,12,1,0,-0.064019,nonzero
ed_016070,2,19,19,0,0,0.000000,nomatch
ed_016073,1,47,47,0,0,0.000000,nomatch
ed_016076,1,12,12,0,0,0.000000,nomatch
ed_016079,1,11,11,0,0,0.000000,nomatch
ed_016082,2,18,18,0,0,0.000000,nomatch
ed_016085,1,13,13,1,0,0.563239,nonzero
ed_016088,3,22,22,1,0,-0.218437,nonzero
ed_016092,2,23,23,0,0,0.000000,nomatch
ed_016095,2,18,18,2,0,-0.440148,nonzero
ed_016098,1,16,16,0,0,0.000000,nomatch
ed_016101,1,8,8,0,0,0.000000,nomatch
ed_016104,4,36,36,1,0,-0.065416,nonzero
ed_016107,4,23,23,1,0,-0.056587,nonzero
ed_016110,2,31,31,2,0,0.064019,nonzero
ed_016113,1,14,14,1,0,-0.458831,nonzero
ed_016116,2,26,26,1,0,-0.210732,nonzero
ed_016119,1,10,10,1,0,-0.361158,nonzero
ed_016125,2,39,39,3,0,-0.441953,nonzero
ed_016128,2,13,13,0,0,0.000000,nomatch
ed_016131,1,7,7,0,0,0.000000,nomatch
ed_016134,1,22,22,1,0,-0.361158,nonzero
ed_016137,4,48,48,1,0,0.050572,nonzero
ed_016140,1,12,12,0,0,0.000000,nomatch
ed_016143,3,48,48,0,0,0.000000,nomatch
ed_016149,1,31,31,0,0,0.000000,nomatch
ed_016153,3,49,49,1,0,0.152944,nonzero
ed_016156,1,12,12,1,0,0.421464,nonzero
ed_016159,2,16,16,1,0,0.271163,nonzero
ed_016162,1,12,12,0,0,0.000000,nomatch
ed_016165,2,32,32,3,0,-0.013245,nonzero
ed_016168,1,6,6,0,0,0.000000,nomatch
ed_016172,1,14,14,2,0,0.655311,nonzero
ed_016180,1,14,14,0,0,0.000000,nomatch
ed_016184,2,14,14,0,0,0.000000,nomatch
ed_016187,2,48,48,2,0,-0.440148,nonzero
ed_016190,2,32,32,0,1,-0.064019,nonzero
ed_016193,1,16,16,1,0,-0.128037,nonzero
ed_016196,1,16,16,0,0,0.000000,nomatch
ed_016199,2,33,33,0,0,0.000000,nomatch
ed_016202,1,9,9,0,0,0.000000,nomatch
ed_016205,2,42,42,0,0,0.000000,nomatch
ed_016208,1,10,10,0,0,0.000000,nomatch
ed_016211,2,22,22,1,0,-0.292941,nonzero
ed_016214,1,12,12,0,0,0.000000,nomatch
ed_016217,3,42,42,1,0,-0.120386,nonzero
ed_016220,1,8,8,0,0,0.000000,nomatch
ed_016225,2,23,23,1,0,0.278685,nonzero
ed_016228,1,10,10,0,0,0.000000,nomatch
ed_016231,3,23,23,0,0,0.000000,nomatch
ed_016234,2,18,18,1,0,-0.180579,nonzero
ed_016237,1,15,15,0,0,0.000000,nomatch
ed_016240,2,22,22,1,1,-0.381792,nonzero
ed_016245,1,13,13,0,0,0.000000,nomatch
ed_016248,3,41,41,2,0,0.180775,nonzero
ed_016251,1,12,12,0,0,0.000000,nomatch
ed_016256,1,16,16,2,0,-0.851896,nonzero
ed_016259,1,8,8,0,0,0.000000,nomatch
ed_016262,2,27,27,0,0,0.000000,nomatch
ed_016265,1,14,14,1,0,0.542326,nonzero
ed_016268,1,20,20,1,0,-0.361158,nonzero
ed_016271,2,27,27,0,0,0.000000,nomatch
ed_016274,1,3,3,0,0,0.000000,nomatch
ed_016277,2,39,39,0,0,0.000000,nomatch
ed_016284,1,12,12,1,0,0.493915,nonzero
ed_016287,1,35,35,4,0,0.490509,nonzero
ed_016290,1,7,7,0,0,0.000000,nomatch
ed_016294,1,15,15,1,0,-0.526742,nonzero
ed_016297,1,8,8,0,0,0.000000,nomatch
ed_016301,2,41,41,2,0,0.409994,nonzero
ed_016304,3,37,37,1,0,-0.087221,nonzero
ed_016308,1,9,9,1,0,0.458831,nonzero
ed_016311,1,6,6,0,0,0.000000,nomatch
ed_016314,2,33,33,0,0,0.000000,nomatch
ed_016317,1,10,10,0,0,0.000000,nomatch
ed_016320,2,22,22,2,0,-0.467745,nonzero
ed_016323,1,14,14,1,0,0.563239,nonzero
ed_016326,1,13,13,0,0,0.000000,nomatch
ed_016329,1,21,21,0,0,0.000000,nomatch
ed_016332,1,10,10,1,0,0.542326,nonzero
ed_016335,1,16,16,0,0,0.000000,nomatch
ed_016338,1,8,8,0,0,0.000000,nomatch
ed_016341,2,18,18,1,0,0.292941,nonzero
ed_016344,2,19,19,0,0,0.000000,nomatch
ed_016347,1,15,15,0,0,0.000000,nomatch
ed_016351,2,15,15,0,0,0.000000,nomatch
ed_016354,1,13,13,0,0,0.000000,nomatch
ed_016357,2,28,28,0,0,0.000000,nomatch
ed_016360,2,20,20,0,0,0.000000,nomatch
ed_016364,1,9,9,0,0,0.000000,nomatch
ed_016367,1,9,9,1,1,0.458831,nonzero
ed_016370,1,14,14,0,0,0.000000,nomatch
ed_016373,2,23,23,0,0,0.000000,nomatch
ed_016376,1,14,14,0,0,0.000000,nomatch
ed_016380,1,13,13,0,0,0.000000,nomatch
ed_016383,2,14,14,0,0,0.000000,nomatch
ed_016386,1,13,13,1,0,-0.128037,nonzero
ed_016389,2,16,16,1,0,-0.210732,nonzero
ed_016392,1,11,11,2,0,-0.534602,nonzero
ed_016395,2,38,38,1,0,0.180579,nonzero
ed_016398,1,16,16,0,0,0.000000,nomatch
ed_016401,2,16,16,0,0,0.000000,nomatch
ed_016404,2,20,20,0,0,0.000000,nomatch
ed_016408,2,13,13,1,0,-0.064019,nonzero
ed_016411,1,17,17,0,0,0.000000,nomatch
ed_016414,1,10,10,0,0,0.000000,nomatch
ed_016417,1,12,12,1,0,-0.476658,nonzero
ed_016420,3,23,23,0,0,0.000000,nomatch
ed_016423,1,11,11,1,0,-0.165514,nonzero
ed_016426,1,16,16,0,0,0.000000,nomatch
ed_016429,1,9,9,0,0,0.000000,nomatch
ed_016432,1,11,11,0,0,0.000000,nomatch
ed_016436,4,45,45,3,0,-0.105366,nonzero
ed_016439,1,20,20,1,0,0.153093,nonzero
ed_016442,1,25,25,0,0,0.000000,nomatch
ed_016445,2,16,16,0,0,0.000000,nomatch
ed_016448,1,16,16,0,0,0.000000,nomatch
ed_016451,3,27,27,0,0,0.000000,nomatch
ed_016454,2,22,22,0,0,0.000000,nomatch
ed_016457,1,11,11,0,0,0.000000,nomatch
ed_016460,1,10,10,1,0,-0.361158,nonzero
ed_016463,2,15,15,0,0,0.000000,nomatch
ed_016466,2,18,18,0,0,0.000000,nomatch
ed_016469,1,12,12,0,0,0.000000,nomatch
ed_016472,1,13,13,0,0,0.000000,nomatch
ed_016475,2,13,13,0,0,0.000000,nomatch
ed_016478,2,10,10,0,0,0.000000,nomatch
ed_016481,1,18,18,0,0,0.000000,nomatch
ed_016485,1,15,15,0,0,0.000000,nomatch
ed_016488,2,14,14,1,0,0.246957,nonzero
ed_016491,2,24,24,0,0,0.000000,nomatch
ed_016494,1,14,14,0,0,0.000000,nomatch
ed_016497,1,10,10,0,0,0.000000,nomatch
ed_016501,2,19,19,0,0,0.000000,nomatch
ed_016504,2,12,12,2,0,0.274751,nonzero
ed_016507,3,37,37,0,0,0.000000,nomatch
ed_016510,2,12,12,0,0,0.000000,nomatch
ed_016513,1,14,14,0,0,0.000000,nomatch
ed_016516,2,19,19,1,0,0.064019,nonzero
ed_016520,1,17,17,1,1,0.458831,nonzero
ed_016523,2,24,24,1,0,-0.229415,nonzero
ed_016526,2,16,16,0,0,0.000000,nomatch
ed_016529,2,15,15,0,0,0.000000,nomatch
ed_016532,1,9,9,0,0,0.000000,nomatch
ed_016536,2,22,22,0,0,0.000000,nomatch
ed_016539,1,17,17,0,0,0.000000,nomatch
ed_016542,1,16,16,0,0,0.000000,nomatch
ed_016546,1,7,7,0,0,0.000000,nomatch
ed_016549,3,18,18,0,0,0.000000,nomatch
ed_016552,2,12,12,0,0,0.000000,nomatch
ed_016555,1,10,10,1,0,0.361158,nonzero
ed_016559,3,28,28,1,0,0.067430,nonzero
ed_016562,1,21,21,1,0,-0.361158,nonzero
ed_016569,3,33,33,0,0,0.000000,nomatch
ed_016572,1,5,5,0,0,0.000000,nomatch
ed_016575,1,9,9,0,0,0.000000,nomatch
ed_016582,2,19,19,1,0,0.180579,nonzero
ed_016586,2,24,24,1,0,-0.130831,nonzero
ed_016591,1,10,10,1,0,0.493915,nonzero
ed_016594,2,23,23,1,0,0.147979,nonzero
ed_016597,2,13,13,0,0,0.000000,nomatch
ed_016600,2,18,18,0,0,0.000000,nomatch
ed_016604,2,16,16,0,0,0.000000,nomatch
ed_016607,3,34,34,0,0,0.000000,nomatch
ed_016610,1,7,7,0,0,0.000000,nomatch
ed_016613,2,13,13,1,0,-0.064019,nonzero
ed_016616,2,22,22,0,0,0.000000,nomatch
ed_016619,2,20,20,0,0,0.000000,nomatch
ed_016622,1,9,9,0,0,0.000000,nomatch
ed_016625,2,9,9,0,0,0.000000,nomatch
ed_016632,2,18,18,0,0,0.000000,nomatch
ed_016636,2,15,15,2,0,-0.025894,nonzero
ed_016639,2,30,30,0,0,0.000000,nomatch
ed_016642,2,13,13,0,0,0.000000,nomatch
ed_016646,2,25,25,0,0,0.000000,nomatch
ed_016649,1,12,12,1,0,0.563239,nonzero
ed_016652,2,13,13,1,0,-0.180579,nonzero
ed_016655,2,18,18,0,0,0.000000,nomatch
ed_016659,1,20,20,0,0,0.000000,nomatch
ed_016662,3,15,15,1,0,-0.120386,nonzero
ed_016666,3,20,20,0,0,0.000000,nomatch
ed_016671,2,17,17,0,0,0.000000,nomatch
ed_016675,1,11,11,0,0,0.000000,nomatch
ed_016678,1,6,6,0,0,0.000000,nomatch
ed_016681,3,27,27,0,0,0.000000,nomatch
ed_016684,2,16,16,0,0,0.000000,nomatch
ed_016688,1,9,9,0,0,0.000000,nomatch
ed_016691,2,16,16,0,0,0.000000,nomatch
ed_016697,2,31,31,0,0,0.000000,nomatch
ed_016700,1,5,5,0,0,0.000000,nomatch
ed_016703,2,13,13,1,0,-0.210732,nonzero
ed_016708,2,10,10,0,0,0.000000,nomatch
ed_016713,2,23,23,1,0,0.263371,nonzero
ed_016716,2,14,14,1,0,0.246957,nonzero
ed_016720,1,10,10,1,0,-0.165514,nonzero
ed_016725,1,12,12,0,0,0.000000,nomatch
ed_016729,2,15,15,0,0,0.000000,nomatch
ed_016732,3,36,36,1,1,-0.094882,nonzero
ed_016735,3,18,18,0,0,0.000000,nomatch
ed_016742,2,10,10,0,0,0.000000,nomatch
ed_016746,1,20,20,0,0,0.000000,nomatch
ed_016749,2,13,13,0,0,0.000000,nomatch
ed_016755,3,29,29,0,0,0.000000,nomatch
ed_016759,2,16,16,1,0,0.263371,nonzero
ed_016763,2,9,9,0,0,0.000000,nomatch
ed_016767,2,19,19,0,0,0.000000,nomatch
ed_016770,4,27,27,0,0,0.000000,nomatch
ed_016775,3,36,36,0,0,0.000000,nomatch
ed_016781,1,7,7,0,0,0.000000,nomatch
ed_016785,2,27,27,0,0,0.000000,nomatch
ed_016788,1,12,12,0,0,0.000000,nomatch
ed_016792,2,19,19,1,0,-0.210732,nonzero
ed_016798,2,32,32,0,0,0.000000,nomatch
ed_016801,2,12,12,1,0,0.125000,nonzero
ed_016805,2,23,23,0,0,0.000000,nomatch
ed_016808,2,27,27,1,0,-0.169975,nonzero
ed_016811,1,13,13,2,0,-0.542326,nonzero
ed_016816,3,43,43,3,0,-0.302559,nonzero
ed_016819,2,14,14,0,0,0.000000,nomatch
ed_016822,2,9,9,0,0,0.000000,nomatch
ed_016826,2,21,21,2,0,0.229415,nonzero
ed_016829,3,32,32,1,0,0.187746,nonzero
ed_016832,2,16,16,0,0,0.000000,nomatch
ed_016835,2,13,13,1,0,-0.180579,nonzero
ed_016839,2,26,26,2,0,0.458831,nonzero
ed_016843,1,17,17,1,0,-0.655311,nonzero
ed_016850,2,20,20,1,0,-0.263371,nonzero
ed_016853,1,23,23,0,0,0.000000,nomatch
ed_016856,2,15,15,0,0,0.000000,nomatch
ed_016860,2,18,18,0,0,0.000000,nomatch
ed_016863,1,10,10,1,0,-0.128037,nonzero
ed_016866,1,19,19,1,0,0.542326,nonzero
ed_016869,3,33,33,2,0,-0.065215,nonzero
ed_016872,2,19,19,0,0,0.000000,nomatch
ed_016876,2,21,21,1,0,-0.229415,nonzero
ed_016879,1,12,12,0,0,0.000000,nomatch
ed_016882,1,12,12,1,0,0.542326,nonzero
ed_016885,2,13,13,1,0,0.281620,nonzero
ed_016888,1,16,16,0,0,0.000000,nomatch
ed_016891,2,16,16,0,0,0.000000,nomatch
ed_016894,1,15,15,1,0,0.458831,nonzero
ed_016897,3,33,33,3,0,0.012456,nonzero
ed_016900,1,16,16,1,0,0.361158,nonzero
ed_016903,1,16,16,1,0,0.458831,nonzero
ed_016906,3,21,21,1,0,-0.192982,nonzero
ed_016909,1,9,9,0,0,0.000000,nomatch
ed_016912,2,18,18,0,0,0.000000,nomatch
ed_016915,2,11,11,0,0,0.000000,nomatch
ed_016918,2,20,20,0,0,0.000000,nomatch
ed_016921,1,10,10,0,0,0.000000,nomatch
ed_016924,1,10,10,0,0,0.000000,nomatch
ed_016927,2,10,10,1,0,-0.180579,nonzero
ed_016930,1,10,10,1,0,0.526742,nonzero
ed_016933,2,11,11,1,0,-0.238329,nonzero
ed_016936,2,32,32,1,0,0.198974,nonzero
ed_016939,2,30,30,1,0,0.130831,nonzero
ed_016942,2,14,14,1,0,0.229415,nonzero
ed_016945,2,22,22,1,0,0.292941,nonzero
ed_016948,1,13,13,2,0,-0.670478,nonzero
ed_016951,2,22,22,1,0,0.064019,nonzero
ed_016954,2,19,19,0,0,0.000000,nomatch
ed_016957,1,14,14,1,0,0.585882,nonzero
ed_016961,2,17,17,1,0,-0.180579,nonzero
ed_016964,2,23,23,0,0,0.000000,nomatch
ed_016967,1,11,11,2,0,-0.670478,nonzero
ed_016970,1,10,10,0,0,0.000000,nomatch
ed_016973,2,12,12,1,0,-0.340411,nonzero
ed_016976,2,25,25,1,0,0.101144,nonzero
ed_016979,2,14,14,0,0,0.000000,nomatch
ed_016982,2,26,26,1,0,0.210732,nonzero
ed_016985,1,7,7,1,0,-0.226348,nonzero
ed_016988,1,14,14,0,0,0.000000,nomatch
ed_016991,2,18,18,0,0,0.000000,nomatch
ed_016994,2,21,21,0,0,0.000000,nomatch
ed_016997,1,6,6,2,0,-0.670478,nonzero
ed_017000,1,12,12,0,0,0.000000,nomatch
ed_017003,3,44,44,1,1,-0.163065,nonzero
ed_017006,2,11,11,0,0,0.000000,nomatch
ed_017009,1,11,11,0,0,0.000000,nomatch
ed_017012,1,8,8,0,0,0.000000,nomatch
ed_017015,3,18,18,0,0,0.000000,nomatch
ed_017018,1,14,14,2,0,-0.250000,nonzero
ed_017021,2,28,28,1,0,-0.210732,nonzero
ed_017024,1,12,12,0,0,0.000000,nomatch
ed_017027,4,35,35,0,0,0.000000,nomatch
ed_017032,1,10,10,0,0,0.000000,nomatch
ed_017035,2,16,16,0,0,0.000000,nomatch
ed_017038,2,20,20,1,0,-0.180579,nonzero
ed_017041,1,7,7,0,0,0.000000,nomatch
ed_017044,2,12,12,0,0,0.000000,nomatch
ed_017047,2,20,20,0,0,0.000000,nomatch
ed_017050,1,10,10,0,0,0.000000,nomatch
ed_017053,1,15,15,0,0,0.000000,nomatch
ed_017056,2,31,31,0,0,0.000000,nomatch
ed_017059,2,14,14,0,0,0.000000,nomatch
ed_017062,1,8,8,0,0,0.000000,nomatch
ed_017065,2,12,12,0,0,0.000000,nomatch
ed_017068,1,23,23,0,0,0.000000,nomatch
ed_017071,3,41,41,0,0,0.000000,nomatch
ed_017074,1,14,14,1,0,-0.361158,nonzero
ed_017077,1,7,7,0,0,0.000000,nomatch
ed_017080,1,6,6,1,0,-0.361158,nonzero
ed_017083,2,16,16,0,0,0.000000,nomatch
ed_017086,1,9,9,0,0,0.000000,nomatch
ed_017089,1,12,12,0,0,0.000000,nomatch
ed_017092,2,13,13,0,0,0.000000,nomatch
ed_017095,1,10,10,1,0,-0.361158,nonzero
ed_017098,2,10,10,1,0,-0.327655,nonzero
ed_017101,2,13,13,2,0,0.305579,nonzero
ed_017104,1,11,11,2,0,-0.612372,nonzero
ed_017107,2,13,13,1,0,0.064019,nonzero
ed_017110,3,35,35,1,0,-0.175581,nonzero
ed_017113,1,14,14,0,0,0.000000,nomatch
ed_017116,2,13,13,0,0,0.000000,nomatch
ed_017119,1,8,8,0,0,0.000000,nomatch
ed_017122,2,20,20,1,0,-0.229415,nonzero
ed_017128,1,9,9,0,0,0.000000,nomatch
ed_017131,1,12,12,1,0,-0.361158,nonzero
ed_017134,2,54,54,0,0,0.000000,nomatch
ed_017137,2,12,12,1,0,0.180579,nonzero
ed_017140,1,11,11,1,0,-0.361158,nonzero
ed_017143,1,7,7,1,0,-0.361158,nonzero
ed_017146,1,11,11,0,0,0.000000,nomatch
ed_017149,2,14,14,2,0,-0.523004,nonzero
ed_017152,2,20,20,1,0,-0.064019,nonzero
ed_017155,2,19,19,2,0,0.244597,nonzero
ed_017158,1,13,13,0,0,0.000000,nomatch
ed_017161,2,10,10,1,0,-0.180579,nonzero
ed_017164,3,34,34,1,0,-0.152944,nonzero
ed_017168,2,13,13,0,0,0.000000,nomatch
ed_017171,1,13,13,0,0,0.000000,nomatch
ed_017174,1,17,17,0,0,0.000000,nomatch
ed_017177,2,35,35,1,1,-0.101144,nonzero
ed_017180,2,11,11,1,0,-0.229415,nonzero
ed_017183,2,12,12,1,0,0.292941,nonzero
ed_017186,3,37,37,3,0,0.212881,nonzero
ed_017189,1,13,13,0,0,0.000000,nomatch
ed_017192,1,11,11,0,0,0.000000,nomatch
ed_017195,1,7,7,0,0,0.000000,nomatch
ed_017198,2,12,12,1,0,0.263371,nonzero
ed_017201,2,44,44,1,0,0.071552,nonzero
ed_017205,1,21,21,0,0,0.000000,nomatch
ed_017208,2,15,15,3,0,-0.270374,nonzero
ed_017211,3,34,34,1,0,-0.152944,nonzero
ed_017214,2,12,12,0,0,0.000000,nomatch
ed_017218,1,4,4,0,0,0.000000,nomatch
ed_017221,2,13,13,0,0,0.000000,nomatch
ed_017227,2,36,36,2,0,-0.458831,nonzero
ed_017232,4,80,80,1,0,0.090289,nonzero
ed_017235,1,10,10,0,0,0.000000,nomatch
ed_017238,3,16,16,1,0,0.120386,nonzero
ed_017241,2,31,31,0,0,0.000000,nomatch
ed_017244,1,11,11,1,0,-0.361158,nonzero
ed_017247,2,23,23,0,0,0.000000,nomatch
ed_017250,1,12,12,0,0,0.000000,nomatch
ed_017253,2,31,31,0,0,0.000000,nomatch
ed_017257,1,9,9,1,0,0.493915,nonzero
ed_017260,1,20,20,0,0,0.000000,nomatch
ed_017263,2,14,14,0,0,0.000000,nomatch
ed_017266,2,17,17,0,0,0.000000,nomatch
ed_017270,2,26,26,1,0,0.064019,nonzero
ed_017273,1,14,14,0,0,0.000000,nomatch
ed_017279,2,22,22,0,0,0.000000,nomatch
ed_017284,2,16,16,0,0,0.000000,nomatch
ed_017287,2,20,20,1,0,-0.292941,nonzero
ed_017290,1,9,9,1,0,0.493915,nonzero
ed_017293,2,14,14,0,0,0.000000,nomatch
ed_017296,2,18,18,0,0,0.000000,nomatch
ed_017299,3,35,35,0,0,0.000000,nomatch
ed_017302,2,21,21,0,0,0.000000,nomatch
ed_017305,1,10,10,0,0,0.000000,nomatch
ed_017308,2,13,13,1,0,-0.180579,nonzero
ed_017311,3,43,43,1,1,-0.155996,nonzero
ed_017314,2,32,32,0,0,0.000000,nomatch
ed_017317,2,11,11,0,0,0.000000,nomatch
ed_017321,2,13,13,0,0,0.000000,nomatch
ed_017324,1,15,15,0,0,0.000000,nomatch
ed_017327,2,14,14,0,0,0.000000,nomatch
ed_017331,1,21,21,0,0,0.000000,nomatch
ed_017334,2,14,14,1,0,0.263371,nonzero
ed_017337,2,12,12,0,0,0.000000,nomatch
ed_017341,4,32,32,0,0,0.000000,nomatch
ed_017344,1,16,16,0,0,0.000000,nomatch
ed_017347,2,15,15,1,0,-0.180579,nonzero
ed_017350,2,16,16,1,0,0.229415,nonzero
ed_017353,1,15,15,0,0,0.000000,nomatch
ed_017356,2,21,21,1,0,0.101144,nonzero
ed_017362,2,29,29,0,0,0.000000,nomatch
ed_017365,2,14,14,1,0,-0.180579,nonzero
ed_017368,3,27,27,1,0,-0.152944,nonzero
ed_017371,3,35,35,1,0,0.083333,nonzero
ed_017374,3,59,59,1,0,0.140488,nonzero
ed_017377,1,12,12,1,0,0.449704,nonzero
ed_017380,2,26,26,0,0,0.000000,nomatch
ed_017383,3,76,76,1,0,-0.152944,nonzero
ed_017386,1,7,7,0,0,0.000000,nomatch
ed_017389,3,43,43,1,0,-0.120386,nonzero
ed_017392,2,14,14,0,0,0.000000,nomatch
ed_017396,2,15,15,1,0,-0.180579,nonzero
ed_017399,2,24,24,0,0,0.000000,nomatch
ed_017402,3,28,28,0,0,0.000000,nomatch
ed_017405,5,79,79,0,0,0.000000,nomatch
ed_017408,2,14,14,1,0,0.271163,nonzero
ed_017412,2,26,26,0,0,0.000000,nomatch
ed_017415,2,16,16,0,0,0.000000,nomatch
ed_017418,1,18,18,1,0,0.250000,nonzero
ed_017421,2,38,38,1,0,-0.246957,nonzero
ed_017425,3,28,28,0,0,0.000000,nomatch
ed_017428,6,55,55,2,0,-0.178534,nonzero
ed_017431,2,13,13,0,0,0.000000,nomatch
ed_017435,3,48,48,1,0,-0.087221,nonzero
ed_017438,3,18,18,1,0,-0.120386,nonzero
ed_017442,1,14,14,0,0,0.000000,nomatch
ed_017445,1,12,12,0,0,0.000000,nomatch
ed_017448,2,15,15,1,0,0.281620,nonzero
ed_017451,2,17,17,1,0,0.180579,nonzero
ed_017454,1,8,8,1,0,0.612372,nonzero
ed_017458,1,11,11,0,0,0.000000,nomatch
ed_017461,2,15,15,0,0,0.000000,nomatch
ed_017464,2,19,19,0,0,0.000000,nomatch
ed_017467,2,13,13,0,0,0.000000,nomatch
ed_017471,3,43,43,0,0,0.000000,nomatch
ed_017474,3,22,22,1,1,0.152944,nonzero
ed_017478,2,18,18,1,0,-0.229415,nonzero
ed_017481,3,42,42,2,0,-0.328524,nonzero
ed_017484,3,38,38,1,0,-0.152944,nonzero
ed_017487,2,12,12,0,0,0.000000,nomatch
ed_017492,3,51,51,1,0,0.042679,nonzero
ed_017495,2,12,12,1,0,0.180579,nonzero
ed_017498,1,16,16,0,0,0.000000,nomatch
ed_017501,2,19,19,1,0,0.263371,nonzero
ed_017504,2,21,21,0,0,0.000000,nomatch
ed_017507,2,19,19,0,0,0.000000,nomatch
ed_017511,1,19,19,0,0,0.000000,nomatch
ed_017515,2,22,22,1,0,-0.272689,nonzero
ed_017518,3,48,48,0,0,0.000000,nomatch
ed_017521,2,10,10,0,0,0.000000,nomatch
ed_017524,2,22,22,0,0,0.000000,nomatch
ed_017528,3,34,34,2,0,-0.379885,nonzero
ed_017531,2,58,58,1,0,-0.180579,nonzero
ed_017534,2,16,16,0,0,0.000000,nomatch
ed_017537,3,50,50,2,0,0.042679,nonzero
ed_017540,1,11,11,0,0,0.000000,nomatch
ed_017543,2,10,10,0,0,0.000000,nomatch
ed_017546,1,10,10,0,0,0.000000,nomatch
ed_017549,3,56,56,2,0,0.183167,nonzero
ed_017552,2,14,14,1,0,-0.174249,nonzero
ed_017556,2,16,16,1,0,0.180579,nonzero
ed_017559,2,14,14,0,0,0.000000,nomatch
ed_017562,1,11,11,1,0,-0.361158,nonzero
ed_017565,2,17,17,0,0,0.000000,nomatch
ed_017570,1,13,13,0,0,0.000000,nomatch
ed_017573,2,12,12,0,0,0.000000,nomatch
ed_017576,1,13,13,0,0,0.000000,nomatch
ed_017579,2,13,13,0,0,0.000000,nomatch
ed_017582,1,14,14,0,0,0.000000,nomatch
ed_017585,1,6,6,1,0,0.526742,nonzero
ed_017588,4,52,52,0,0,0.000000,nomatch
ed_017591,2,27,27,1,0,-0.263371,nonzero
ed_017594,2,28,28,1,0,0.281620,nonzero
ed_017597,3,61,61,0,0,0.000000,nomatch
ed_017600,2,23,23,0,0,0.000000,nomatch
ed_017603,1,9,9,1,0,0.493915,nonzero
ed_017606,2,15,15,1,0,0.292941,nonzero
ed_017609,2,26,26,0,0,0.000000,nomatch
ed_017612,1,9,9,0,0,0.000000,nomatch
ed_017615,1,6,6,0,0,0.000000,nomatch
ed_017618,3,29,29,0,0,0.000000,nomatch
ed_017621,1,19,19,0,0,0.000000,nomatch
ed_017624,1,9,9,0,0,0.000000,nomatch
ed_017627,1,14,14,0,0,0.000000,nomatch
ed_017630,1,15,15,1,0,0.585882,nonzero
ed_017633,2,18,18,2,1,0.511035,nonzero
ed_017636,1,12,12,1,0,0.421464,nonzero
ed_017639,1,6,6,0,0,0.000000,nomatch
ed_017642,1,5,5,1,0,0.542326,nonzero
ed_017645,2,12,12,1,0,0.263371,nonzero
ed_017648,3,46,46,2,0,0.216186,nonzero
ed_017651,1,10,10,0,0,0.000000,nomatch
ed_017654,1,13,13,1,0,-0.361158,nonzero
ed_017657,1,10,10,0,0,0.000000,nomatch
ed_017660,2,14,14,0,0,0.000000,nomatch
ed_017663,1,13,13,0,0,0.000000,nomatch
ed_017666,3,24,24,0,0,0.000000,nomatch
ed_017669,1,8,8,0,0,0.000000,nomatch
ed_017672,2,13,13,1,0,-0.263371,nonzero
ed_017675,3,22,22,0,0,0.000000,nomatch
ed_017678,1,13,13,0,0,0.000000,nomatch
ed_017681,2,16,16,1,0,-0.263371,nonzero
ed_017684,2,31,31,0,0,0.000000,nomatch
ed_017687,1,6,6,0,0,0.000000,nomatch
ed_017690,2,17,17,0,0,0.000000,nomatch
ed_017693,1,7,7,1,0,-0.585882,nonzero
ed_017696,2,12,12,1,0,-0.238329,nonzero
ed_017699,1,6,6,0,0,0.000000,nomatch
ed_017702,2,13,13,0,0,0.000000,nomatch
ed_017705,2,29,29,1,0,0.101144,nonzero
ed_017711,1,5,5,0,0,0.000000,nomatch
ed_017714,2,13,13,0,0,0.000000,nomatch
ed_017717,2,17,17,1,0,0.180579,nonzero
ed_017720,1,8,8,0,0,0.000000,nomatch
ed_017723,2,20,20,0,0,0.000000,nomatch
ed_017726,1,6,6,1,0,-0.421464,nonzero
ed_017729,1,13,13,0,0,0.000000,nomatch
ed_017732,2,20,20,1,0,-0.263371,nonzero
ed_017735,2,28,28,1,0,0.064019,nonzero
ed_017738,1,7,7,0,0,0.000000,nomatch
ed_017743,1,5,5,0,0,0.000000,nomatch
ed_017746,2,14,14,1,0,-0.342425,nonzero
ed_017749,1,6,6,1,0,-0.421464,nonzero
ed_017752,1,14,14,0,0,0.000000,nomatch
ed_017755,1,8,8,1,0,-0.421464,nonzero
ed_017758,2,16,16,1,0,-0.210732,nonzero
ed_017761,1,6,6,0,0,0.000000,nomatch
ed_017764,1,8,8,0,0,0.000000,nomatch
ed_017767,1,7,7,0,0,0.000000,nomatch
ed_017770,2,15,15,1,0,-0.340411,nonzero
ed_017773,2,38,38,0,0,0.000000,nomatch
ed_017776,2,13,13,0,0,0.000000,nomatch
ed_017779,1,10,10,0,0,0.000000,nomatch
ed_017782,2,18,18,0,0,0.000000,nomatch
ed_017785,1,9,9,0,0,0.000000,nomatch
ed_017788,2,14,14,0,0,0.000000,nomatch
ed_017791,1,13,13,0,0,0.000000,nomatch
ed_017794,1,5,5,1,0,0.642809,nonzero
ed_017797,1,16,16,0,0,0.000000,nomatch
ed_017800,3,40,40,0,0,0.000000,nomatch
ed_017803,1,8,8,0,0,0.000000,nomatch
ed_017806,1,16,16,0,0,0.000000,nomatch
ed_017809,2,18,18,0,0,0.000000,nomatch
ed_017812,1,10,10,0,0,0.000000,nomatch
ed_017815,1,9,9,1,0,-0.545378,nonzero
ed_017818,1,6,6,0,0,0.000000,nomatch
ed_017821,1,11,11,0,0,0.000000,nomatch
ed_017824,2,14,14,0,0,0.000000,nomatch
ed_017827,1,6,6,0,0,0.000000,nomatch
ed_017830,2,30,30,0,0,0.000000,nomatch
ed_017833,1,8,8,0,0,0.000000,nomatch
ed_017836,1,12,12,0,0,0.000000,nomatch
ed_017839,2,13,13,0,0,0.000000,nomatch
ed_017842,2,14,14,0,0,0.000000,nomatch
ed_017845,2,14,14,0,0,0.000000,nomatch
ed_017848,1,5,5,0,0,0.000000,nomatch
ed_017851,1,9,9,0,0,0.000000,nomatch
ed_017854,2,26,26,0,0,0.000000,nomatch
ed_017857,1,11,11,0,0,0.000000,nomatch
ed_017860,1,10,10,0,0,0.000000,nomatch
ed_017863,2,14,14,1,0,-0.246957,nonzero
ed_017866,1,8,8,1,0,-0.476658,nonzero
ed_017869,1,12,12,1,0,0.476658,nonzero
ed_017872,2,23,23,0,0,0.000000,nomatch
ed_017875,1,7,7,0,0,0.000000,nomatch
ed_017878,1,12,12,1,0,0.526742,nonzero
ed_017881,1,8,8,1,1,0.284646,nonzero
ed_017884,2,27,27,0,0,0.000000,nomatch
ed_017887,2,14,14,0,0,0.000000,nomatch
ed_017890,1,8,8,1,0,-0.458831,nonzero
ed_017896,1,20,20,0,0,0.000000,nomatch
ed_017899,2,19,19,0,0,0.000000,nomatch
ed_017902,1,8,8,0,0,0.000000,nomatch
ed_017905,2,16,16,0,0,0.000000,nomatch
ed_017908,2,29,29,0,0,0.000000,nomatch
ed_017911,1,7,7,1,0,-0.361158,nonzero
ed_017914,1,9,9,0,0,0.000000,nomatch
ed_017917,1,9,9,0,0,0.000000,nomatch
ed_017920,1,5,5,1,0,0.542326,nonzero
ed_017923,2,12,12,1,0,-0.292941,nonzero
ed_017926,1,15,15,1,0,0.458831,nonzero
ed_017929,1,10,10,0,0,0.000000,nomatch
ed_017932,1,9,9,0,0,0.000000,nomatch
ed_017935,2,12,12,1,0,-0.180579,nonzero
ed_017938,1,6,6,0,0,0.000000,nomatch
ed_017941,3,22,22,0,0,0.000000,nomatch
ed_017944,1,11,11,0,0,0.000000,nomatch
ed_017947,1,10,10,0,0,0.000000,nomatch
ed_017950,1,8,8,0,0,0.000000,nomatch
ed_017953,2,13,13,1,0,-0.272689,nonzero
ed_017956,2,20,20,0,0,0.000000,nomatch
ed_017959,2,16,16,0,0,0.000000,nomatch
ed_017962,1,8,8,1,0,0.202289,nonzero
ed_017965,2,14,14,0,0,0.000000,nomatch
ed_017968,2,14,14,1,0,-0.180579,nonzero
ed_017971,3,21,21,0,0,0.000000,nomatch
ed_017974,2,17,17,0,0,0.000000,nomatch
ed_017977,1,7,7,0,0,0.000000,nomatch
ed_017980,1,19,19,2,0,-0.051571,nonzero
ed_017983,1,15,15,1,1,0.458831,nonzero
ed_017986,2,22,22,1,0,0.246957,nonzero
ed_017990,2,27,27,0,0,0.000000,nomatch
ed_017993,2,15,15,1,0,-0.258564,nonzero
ed_017996,1,16,16,0,0,0.000000,nomatch
ed_017999,3,39,39,1,0,-0.187746,nonzero
ed_018003,2,17,17,1,0,0.180579,nonzero
ed_018006,2,15,15,1,0,-0.278685,nonzero
ed_018009,1,7,7,0,0,0.000000,nomatch
ed_018012,2,15,15,2,0,-0.367573,nonzero
ed_018015,1,11,11,0,0,0.000000,nomatch
ed_018018,1,6,6,0,0,0.000000,nomatch
ed_018021,2,14,14,0,0,0.000000,nomatch
ed_018024,1,7,7,1,0,0.557370,nonzero
ed_018028,2,15,15,0,0,0.000000,nomatch
ed_018031,2,21,21,0,0,0.000000,nomatch
ed_018034,3,23,23,1,0,0.140488,nonzero
ed_018037,2,15,15,0,0,0.000000,nomatch
ed_018040,1,6,6,0,0,0.000000,nomatch
ed_018043,2,22,22,0,0,0.000000,nomatch
ed_018047,3,15,15,2,0,0.121959,nonzero
ed_018050,3,28,28,0,0,0.000000,nomatch
ed_018053,1,11,11,0,0,0.000000,nomatch
ed_018056,2,21,21,0,0,0.000000,nomatch
ed_018061,2,16,16,1,0,0.281620,nonzero
ed_018065,1,5,5,1,0,-0.458831,nonzero
ed_018068,1,15,15,0,0,0.000000,nomatch
ed_018071,2,27,27,1,0,-0.180579,nonzero
ed_018074,1,9,9,0,0,0.000000,nomatch
ed_018077,2,23,23,1,0,0.246957,nonzero
ed_018080,3,33,33,0,0,0.000000,nomatch
ed_018083,2,22,22,0,0,0.000000,nomatch
ed_018086,1,7,7,0,0,0.000000,nomatch
ed_018092,2,22,22,0,0,0.000000,nomatch
ed_018095,2,21,21,0,1,-0.064019,nonzero
ed_018098,1,14,14,0,0,0.000000,nomatch
ed_018101,1,13,13,1,0,0.250000,nonzero
ed_018104,2,11,11,0,0,0.000000,nomatch
ed_018107,2,26,26,0,0,0.000000,nomatch
ed_018110,2,18,18,0,0,0.000000,nomatch
ed_018113,2,27,27,2,0,0.082792,nonzero
ed_018116,2,20,20,1,0,-0.229415,nonzero
ed_018119,1,13,13,1,0,0.585882,nonzero
ed_018122,3,34,34,0,0,0.000000,nomatch
ed_018125,1,8,8,0,0,0.000000,nomatch
ed_018129,1,17,17,0,0,0.000000,nomatch
ed_018132,2,30,30,2,0,0.087218,nonzero
ed_018135,2,19,19,0,0,0.000000,nomatch
ed_018138,1,14,14,0,0,0.000000,nomatch
ed_018141,1,16,16,0,0,0.000000,nomatch
ed_018144,2,17,17,0,0,0.000000,nomatch
ed_018147,2,18,18,1,0,-0.238329,nonzero
ed_018150,1,8,8,0,0,0.000000,nomatch
ed_018154,1,13,13,0,0,0.000000,nomatch
ed_018157,2,23,23,0,0,0.000000,nomatch
ed_018160,2,14,14,1,0,0.263371,nonzero
ed_018164,1,10,10,0,0,0.000000,nomatch
ed_018167,2,20,20,0,0,0.000000,nomatch
ed_018170,1,10,10,0,0,0.000000,nomatch
ed_018173,1,4,4,0,0,0.000000,nomatch
ed_018177,2,24,24,1,0,-0.125000,nonzero
ed_018180,2,16,16,1,0,-0.180579,nonzero
ed_018183,1,8,8,0,0,0.000000,nomatch
ed_018186,1,8,8,0,0,0.000000,nomatch
ed_018189,2,23,23,0,0,0.000000,nomatch
ed_018192,1,9,9,0,0,0.000000,nomatch
ed_018195,2,24,24,0,0,0.000000,nomatch
ed_018198,2,22,22,0,0,0.000000,nomatch
ed_018201,1,8,8,0,0,0.000000,nomatch
ed_018204,1,11,11,0,0,0.000000,nomatch
ed_018207,2,25,25,0,0,0.000000,nomatch
ed_018210,1,6,6,1,0,-0.361158,nonzero
ed_018214,2,13,13,0,0,0.000000,nomatch
ed_018217,2,20,20,0,0,0.000000,nomatch
ed_018220,1,19,19,1,0,-0.261663,nonzero
ed_018223,1,12,12,0,0,0.000000,nomatch
ed_018227,1,15,15,0,0,0.000000,nomatch
ed_018231,2,17,17,1,1,0.242678,nonzero
ed_018237,2,33,33,0,0,0.000000,nomatch
ed_018240,2,29,29,0,0,0.000000,nomatch
ed_018243,1,20,20,0,0,0.000000,nomatch
ed_018246,1,9,9,0,0,0.000000,nomatch
ed_018251,2,17,17,0,0,0.000000,nomatch
ed_018254,2,30,30,0,0,0.000000,nomatch
ed_018257,2,24,24,0,0,0.000000,nomatch
ed_018260,2,46,46,1,0,0.292941,nonzero
ed_018264,1,10,10,1,0,0.449704,nonzero
ed_018267,2,27,27,1,0,0.229415,nonzero
ed_018270,2,14,14,0,0,0.000000,nomatch
ed_018273,1,7,7,0,0,0.000000,nomatch
ed_018276,1,9,9,0,0,0.000000,nomatch
ed_018279,3,19,19,0,0,0.000000,nomatch
ed_018282,2,17,17,1,0,-0.263371,nonzero
ed_018285,1,7,7,0,0,0.000000,nomatch
ed_018288,2,23,23,1,0,0.210732,nonzero
ed_018291,2,16,16,0,0,0.000000,nomatch
ed_018294,2,20,20,0,0,0.000000,nomatch
ed_018297,3,17,17,0,0,0.000000,nomatch
ed_018300,2,16,16,0,0,0.000000,nomatch
ed_018303,1,13,13,0,0,0.000000,nomatch
ed_018306,3,26,26,1,0,-0.164638,nonzero
ed_018309,2,25,25,0,0,0.000000,nomatch
ed_018312,2,16,16,1,0,-0.263371,nonzero
ed_018315,2,15,15,1,0,-0.238329,nonzero
ed_018318,1,10,10,0,0,0.000000,nomatch
ed_018321,2,16,16,0,0,0.000000,nomatch
ed_018325,2,17,17,1,0,-0.243540,nonzero
ed_018328,1,19,19,0,0,0.000000,nomatch
ed_018331,2,17,17,1,0,-0.180579,nonzero
ed_018334,1,10,10,0,0,0.000000,nomatch
ed_018337,2,22,22,1,0,-0.306186,nonzero
ed_018340,2,13,13,0,0,0.000000,nomatch
ed_018343,2,17,17,1,1,0.238329,nonzero
ed_018346,1,6,6,0,0,0.000000,nomatch
ed_018349,1,7,7,0,0,0.000000,nomatch
ed_018352,2,19,19,2,0,-0.361158,nonzero
ed_018355,2,16,16,0,0,0.000000,nomatch
ed_018358,1,8,8,0,0,0.000000,nomatch
ed_018361,1,9,9,0,0,0.000000,nomatch
ed_018364,2,18,18,0,0,0.000000,nomatch
ed_018367,2,17,17,0,0,0.000000,nomatch
ed_018370,1,6,6,1,0,-0.361158,nonzero
ed_018373,2,17,17,0,0,0.000000,nomatch
ed_018376,1,4,4,0,0,0.000000,nomatch
ed_018379,2,15,15,1,0,0.292941,nonzero
ed_018382,1,5,5,0,0,0.000000,nomatch
ed_018385,2,16,16,0,0,0.000000,nomatch
ed_018388,2,31,31,0,0,0.000000,nomatch
ed_018391,1,5,5,0,0,0.000000,nomatch
ed_018395,2,14,14,1,0,0.263371,nonzero
ed_018398,2,20,20,1,1,0.116560,nonzero
ed_018401,1,8,8,0,0,0.000000,nomatch
ed_018404,2,19,19,0,0,0.000000,nomatch
ed_018407,1,7,7,0,0,0.000000,nomatch
ed_018410,1,6,6,0,0,0.000000,nomatch
ed_018413,1,13,13,0,0,0.000000,nomatch
ed_018416,2,14,14,1,0,0.263371,nonzero
ed_018419,1,7,7,0,0,0.000000,nomatch
ed_018422,2,17,17,1,1,0.229415,nonzero
ed_018425,1,7,7,0,0,0.000000,nomatch
ed_018428,2,19,19,1,0,-0.229415,nonzero
ed_018431,1,8,8,1,0,0.458831,nonzero
ed_018434,2,15,15,3,0,-0.234095,nonzero
ed_018437,1,3,3,0,0,0.000000,nomatch
ed_018440,1,6,6,0,0,0.000000,nomatch
ed_018443,2,18,18,1,0,0.229415,nonzero
ed_018446,1,6,6,0,0,0.000000,nomatch
ed_018449,2,16,16,0,0,0.000000,nomatch
ed_018452,1,9,9,0,0,0.000000,nomatch
ed_018455,2,15,15,1,0,0.101144,nonzero
ed_018458,1,6,6,1,0,-0.361158,nonzero
ed_018461,2,16,16,2,0,0.458831,nonzero
ed_018464,1,17,17,0,0,0.000000,nomatch
ed_018467,1,7,7,0,0,0.000000,nomatch
ed_018470,1,7,7,0,0,0.000000,nomatch
ed_018473,2,14,14,1,0,-0.180579,nonzero
ed_018476,1,7,7,1,0,-0.361158,nonzero
ed_018479,1,6,6,0,0,0.000000,nomatch
ed_018482,1,14,14,0,0,0.000000,nomatch
ed_018485,1,17,17,1,0,0.361158,nonzero
ed_018488,1,8,8,0,0,0.000000,nomatch
ed_018491,1,13,13,0,0,0.000000,nomatch
ed_018494,1,6,6,0,0,0.000000,nomatch
ed_018497,2,11,11,1,0,0.263371,nonzero
ed_018500,2,16,16,0,0,0.000000,nomatch
ed_018503,1,7,7,1,0,-0.709560,nonzero
ed_018506,1,6,6,0,0,0.000000,nomatch
ed_018509,1,17,17,0,0,0.000000,nomatch
ed_018512,1,10,10,1,0,-0.128037,nonzero
ed_018515,1,21,21,1,0,0.261663,nonzero
ed_018518,1,10,10,1,0,-0.458831,nonzero
ed_018521,1,5,5,1,0,0.361158,nonzero
ed_018524,1,10,10,0,0,0.000000,nomatch
ed_018527,1,6,6,0,0,0.000000,nomatch
ed_018530,1,14,14,1,0,0.250000,nonzero
ed_018533,2,16,16,1,0,-0.263371,nonzero
ed_018536,2,17,17,0,0,0.000000,nomatch
ed_018539,2,21,21,0,0,0.000000,nomatch
ed_018542,1,6,6,0,0,0.000000,nomatch
ed_018545,2,15,15,1,0,0.229415,nonzero
ed_018548,1,9,9,0,0,0.000000,nomatch
ed_018551,1,9,9,1,1,0.485357,nonzero
ed_018554,2,14,14,0,0,0.000000,nomatch
ed_018557,1,13,13,0,0,0.000000,nomatch
ed_018560,1,9,9,0,0,0.000000,nomatch
ed_018563,1,8,8,0,0,0.000000,nomatch
ed_018566,3,32,32,0,0,0.000000,nomatch
ed_018569,1,12,12,0,0,0.000000,nomatch
ed_018572,1,12,12,1,0,0.458831,nonzero
ed_018575,1,15,15,1,0,0.458831,nonzero
ed_018578,1,13,13,0,0,0.000000,nomatch
ed_018581,2,22,22,0,0,0.000000,nomatch
ed_018584,1,8,8,0,0,0.000000,nomatch
ed_018587,1,13,13,1,0,0.361158,nonzero
ed_018590,1,10,10,0,0,0.000000,nomatch
ed_018593,1,31,31,0,0,0.000000,nomatch
ed_018596,2,15,15,1,0,0.101144,nonzero
ed_018599,2,28,28,1,0,-0.210732,nonzero
ed_018602,1,10,10,0,0,0.000000,nomatch
ed_018605,1,8,8,1,0,0.361158,nonzero
ed_018608,1,11,11,1,0,-0.339950,nonzero
ed_018611,1,8,8,1,0,0.458831,nonzero
ed_018614,2,25,25,1,0,-0.180579,nonzero
ed_018617,3,33,33,1,0,0.042679,nonzero
ed_018620,2,22,22,1,0,0.180579,nonzero
ed_018623,2,31,31,1,0,-0.246957,nonzero
ed_018626,2,17,17,0,0,0.000000,nomatch
ed_018629,1,20,20,1,0,0.361158,nonzero
ed_018632,2,19,19,0,0,0.000000,nomatch
ed_018635,2,24,24,0,0,0.000000,nomatch
ed_018638,1,5,5,1,0,-0.655311,nonzero
ed_018642,2,18,18,1,0,0.229415,nonzero
ed_018645,1,7,7,1,0,0.361158,nonzero
ed_018649,1,5,5,0,0,0.000000,nomatch
ed_018653,1,13,13,0,0,0.000000,nomatch
ed_018657,1,13,13,0,0,0.000000,nomatch
ed_018661,2,20,20,0,0,0.000000,nomatch
ed_018664,1,4,4,0,0,0.000000,nomatch
ed_018668,1,8,8,0,0,0.000000,nomatch
ed_018672,2,24,24,1,0,0.064019,nonzero
ed_018675,1,11,11,1,0,0.493915,nonzero
ed_018678,4,46,46,0,0,0.000000,nomatch
ed_018684,3,16,16,0,0,0.000000,nomatch
ed_018691,1,7,7,0,0,0.000000,nomatch
ed_018694,3,10,10,1,0,-0.120386,nonzero
ed_018697,2,14,14,0,0,0.000000,nomatch
ed_018700,1,9,9,0,0,0.000000,nomatch
ed_018704,2,21,21,1,0,-0.342425,nonzero
ed_018707,2,11,11,0,0,0.000000,nomatch
ed_018710,1,7,7,1,0,0.445087,nonzero
ed_018713,1,16,16,1,0,-0.571885,nonzero
ed_018716,1,11,11,1,0,-0.421464,nonzero
ed_018720,2,36,36,1,0,0.064019,nonzero
ed_018724,1,11,11,0,0,0.000000,nomatch
ed_018729,1,16,16,1,0,-0.361158,nonzero
ed_018733,1,4,4,0,0,0.000000,nomatch
ed_018736,1,19,19,0,0,0.000000,nomatch
ed_018739,2,19,19,1,0,0.180579,nonzero
ed_018742,2,26,26,2,0,-0.319479,nonzero
ed_018745,1,22,22,1,0,0.361158,nonzero
ed_018749,1,3,3,0,0,0.000000,nomatch
ed_018757,3,22,22,0,0,0.000000,nomatch
ed_018760,2,17,17,1,0,0.263371,nonzero
ed_018766,1,19,19,1,0,0.361158,nonzero
ed_018769,2,18,18,0,0,0.000000,nomatch
ed_018772,3,32,32,0,0,0.000000,nomatch
ed_018779,1,18,18,0,0,0.000000,nomatch
ed_018782,1,17,17,0,0,0.000000,nomatch
ed_018785,1,22,22,1,0,-0.421464,nonzero
ed_018788,3,38,38,0,0,0.000000,nomatch
ed_018791,1,18,18,1,0,-0.421464,nonzero
ed_018795,1,3,3,1,0,-0.361158,nonzero
ed_018798,2,22,22,0,0,0.000000,nomatch
ed_018801,1,9,9,0,0,0.000000,nomatch
ed_018804,1,16,16,1,0,-0.476658,nonzero
ed_018810,1,8,8,0,0,0.000000,nomatch
ed_018814,2,40,40,1,0,0.210732,nonzero
ed_018820,1,7,7,1,0,-0.361158,nonzero
ed_018823,1,5,5,1,0,0.585882,nonzero
ed_018826,1,28,28,0,0,0.000000,nomatch
ed_018829,1,6,6,0,0,0.000000,nomatch
ed_018835,1,4,4,0,0,0.000000,nomatch
ed_018841,2,39,39,0,0,0.000000,nomatch
ed_018844,1,15,15,0,0,0.000000,nomatch
ed_018848,1,8,8,0,0,0.000000,nomatch
ed_018851,1,21,21,1,0,0.361158,nonzero
ed_018854,2,16,16,0,0,0.000000,nomatch
ed_018857,1,8,8,0,0,0.000000,nomatch
ed_018864,1,3,3,1,0,0.458831,nonzero
ed_018870,1,8,8,1,0,0.493915,nonzero
ed_018876,1,17,17,1,0,0.458831,nonzero
ed_018879,1,7,7,0,0,0.000000,nomatch
ed_018885,1,19,19,0,0,0.000000,nomatch
ed_018894,1,13,13,0,0,0.000000,nomatch
ed_018900,1,14,14,1,0,0.542326,nonzero
ed_018903,2,16,16,0,0,0.000000,nomatch
ed_018906,1,9,9,0,0,0.000000,nomatch
ed_018909,2,17,17,1,0,0.263371,nonzero
ed_018912,1,14,14,0,0,0.000000,nomatch
ed_018915,2,19,19,0,0,0.000000,nomatch
ed_018918,1,15,15,0,0,0.000000,nomatch
ed_018925,1,14,14,1,0,0.542326,nonzero
ed_018928,2,11,11,1,0,0.340411,nonzero
ed_018931,1,14,14,2,0,-0.844612,nonzero
ed_018934,1,13,13,0,0,0.000000,nomatch
ed_018941,1,8,8,0,0,0.000000,nomatch
ed_018944,1,13,13,0,0,0.000000,nomatch
ed_018948,1,3,3,1,0,-0.361158,nonzero
ed_018951,1,14,14,0,0,0.000000,nomatch
ed_018954,2,18,18,1,0,-0.278685,nonzero
ed_018958,1,14,14,0,0,0.000000,nomatch
ed_018961,1,19,19,0,0,0.000000,nomatch
ed_018964,2,14,14,0,0,0.000000,nomatch
ed_018968,1,16,16,0,0,0.000000,nomatch
ed_018971,1,10,10,0,0,0.000000,nomatch
ed_018974,1,11,11,2,0,0.046426,nonzero
ed_018977,1,12,12,0,0,0.000000,nomatch
ed_018980,1,14,14,0,0,0.000000,nomatch
ed_018983,1,14,14,0,0,0.000000,nomatch
ed_018986,2,29,29,1,0,-0.224852,nonzero
ed_018989,1,10,10,1,0,0.361158,nonzero
ed_018992,1,15,15,0,0,0.000000,nomatch
ed_018995,2,11,11,0,0,0.000000,nomatch
ed_018998,2,18,18,1,0,-0.238329,nonzero
ed_019001,1,13,13,0,0,0.000000,nomatch
ed_019004,2,18,18,1,0,0.180579,nonzero
ed_019007,1,20,20,0,0,0.000000,nomatch
ed_019010,1,15,15,0,0,0.000000,nomatch
ed_019013,1,18,18,1,0,-0.339950,nonzero
ed_019016,1,24,24,0,0,0.000000,nomatch
ed_019019,2,31,31,0,0,0.000000,nomatch
ed_019022,1,19,19,0,0,0.000000,nomatch
ed_019025,2,39,39,0,0,0.000000,nomatch
ed_019028,1,9,9,0,0,0.000000,nomatch
ed_019031,2,21,21,0,0,0.000000,nomatch
ed_019034,1,12,12,0,0,0.000000,nomatch
ed_019037,1,21,21,0,0,0.000000,nomatch
ed_019040,1,7,7,1,0,0.458831,nonzero
ed_019043,3,41,41,0,0,0.000000,nomatch
ed_019046,2,21,21,1,0,-0.327655,nonzero
ed_019049,1,3,3,0,0,0.000000,nomatch
ed_019052,2,17,17,1,0,0.271163,nonzero
ed_019055,2,19,19,2,0,0.226144,nonzero
ed_019058,3,30,30,3,0,-0.477351,nonzero
ed_019061,2,33,33,0,0,0.000000,nomatch
ed_019064,2,17,17,0,0,0.000000,nomatch
ed_019067,4,44,44,1,0,-0.146471,nonzero
ed_019074,1,22,22,0,0,0.000000,nomatch
ed_019080,2,13,13,0,0,0.000000,nomatch
ed_019083,1,21,21,0,0,0.000000,nomatch
ed_019087,2,18,18,0,0,0.000000,nomatch
ed_019090,2,15,15,0,0,0.000000,nomatch
ed_019093,1,6,6,0,0,0.000000,nomatch
ed_019096,2,43,43,0,0,0.000000,nomatch
ed_019099,2,35,35,0,0,0.000000,nomatch
ed_019102,1,16,16,2,0,-0.250000,nonzero
ed_019105,1,22,22,0,0,0.000000,nomatch
ed_019108,2,17,17,1,0,0.246957,nonzero
ed_019112,1,23,23,0,0,0.000000,nomatch
ed_019116,1,12,12,1,0,-0.421464,nonzero
ed_019119,2,24,24,0,0,0.000000,nomatch
ed_019122,2,13,13,2,0,0.012906,nonzero
ed_019125,1,24,24,0,0,0.000000,nomatch
ed_019128,2,17,17,1,0,0.271163,nonzero
ed_019131,1,7,7,0,0,0.000000,nomatch
ed_019134,1,16,16,1,0,0.361158,nonzero
ed_019138,2,24,24,1,0,0.292941,nonzero
ed_019141,2,24,24,1,0,-0.327655,nonzero
ed_019145,1,10,10,0,0,0.000000,nomatch
ed_019148,2,23,23,0,0,0.000000,nomatch
ed_019151,2,24,24,1,0,0.210732,nonzero
ed_019156,1,9,9,0,0,0.000000,nomatch
ed_019159,1,13,13,0,0,0.000000,nomatch
ed_019162,2,21,21,0,0,0.000000,nomatch
ed_019165,2,38,38,0,0,0.000000,nomatch
ed_019168,1,18,18,0,0,0.000000,nomatch
ed_019172,2,19,19,0,0,0.000000,nomatch
ed_019175,1,11,11,0,0,0.000000,nomatch
ed_019178,2,29,29,0,0,0.000000,nomatch
ed_019181,2,29,29,1,0,-0.180579,nonzero
ed_019186,1,16,16,0,0,0.000000,nomatch
ed_019190,1,8,8,0,0,0.000000,nomatch
ed_019193,2,24,24,1,0,-0.180579,nonzero
ed_019197,2,14,14,2,0,0.335182,nonzero
ed_019200,3,28,28,0,0,0.000000,nomatch
ed_019203,2,13,13,2,0,-0.324279,nonzero
ed_019206,1,14,14,1,0,0.458831,nonzero
ed_019209,1,9,9,1,0,-0.361158,nonzero
ed_019212,2,22,22,0,0,0.000000,nomatch
ed_019215,2,14,14,1,0,-0.327655,nonzero
ed_019218,1,7,7,1,0,-0.458831,nonzero
ed_019221,1,7,7,1,0,-0.128037,nonzero
ed_019224,1,22,22,1,0,0.361158,nonzero
ed_019228,2,22,22,1,0,-0.180579,nonzero
ed_019231,2,14,14,0,0,0.000000,nomatch
ed_019234,1,12,12,0,0,0.000000,nomatch
ed_019238,2,24,24,3,0,-0.163678,nonzero
ed_019241,1,15,15,0,0,0.000000,nomatch
ed_019245,2,16,16,0,0,0.000000,nomatch
ed_019248,2,27,27,0,0,0.000000,nomatch
ed_019251,2,24,24,2,0,-0.391311,nonzero
ed_019254,2,19,19,0,0,0.000000,nomatch
ed_019257,4,33,33,2,0,0.229415,nonzero
ed_019260,1,9,9,0,0,0.000000,nomatch
ed_019263,3,16,16,4,0,-0.413270,nonzero
ed_019266,1,7,7,0,0,0.000000,nomatch
ed_019269,2,22,22,1,0,-0.289473,nonzero
ed_019273,2,18,18,1,0,-0.246957,nonzero
ed_019278,1,22,22,1,0,0.526742,nonzero
ed_019284,2,18,18,1,0,-0.263371,nonzero
ed_019287,2,21,21,1,0,0.292941,nonzero
ed_019291,2,18,18,0,0,0.000000,nomatch
ed_019294,2,18,18,0,0,0.000000,nomatch
ed_019297,2,15,15,2,0,0.064019,nonzero
ed_019301,2,13,13,0,0,0.000000,nomatch
ed_019305,1,22,22,0,0,0.000000,nomatch
ed_019308,1,12,12,0,0,0.000000,nomatch
ed_019312,2,20,20,2,0,-0.082792,nonzero
ed_019315,2,17,17,2,0,-0.508234,nonzero
ed_019318,1,11,11,0,0,0.000000,nomatch
ed_019322,4,42,42,2,0,-0.108750,nonzero
ed_019325,2,17,17,1,0,0.263371,nonzero
ed_019328,1,8,8,0,0,0.000000,nomatch
ed_019331,1,16,16,0,0,0.000000,nomatch
ed_019334,4,67,67,1,0,0.044464,nonzero
ed_019338,2,15,15,1,0,0.271163,nonzero
ed_019341,1,17,17,0,0,0.000000,nomatch
ed_019344,2,21,21,0,0,0.000000,nomatch
ed_019347,3,81,81,2,0,-0.170202,nonzero
ed_019351,2,18,18,0,0,0.000000,nomatch
ed_019354,2,22,22,1,0,-0.229415,nonzero
ed_019357,2,21,21,1,0,0.180579,nonzero
ed_019360,2,17,17,0,0,0.000000,nomatch
ed_019363,2,20,20,0,0,0.000000,nomatch
ed_019366,1,7,7,0,0,0.000000,nomatch
ed_019370,2,29,29,0,0,0.000000,nomatch
ed_019373,2,18,18,0,0,0.000000,nomatch
ed_019376,2,22,22,0,0,0.000000,nomatch
ed_019379,2,25,25,0,0,0.000000,nomatch
ed_019382,1,16,16,0,0,0.000000,nomatch
ed_019385,1,7,7,0,0,0.000000,nomatch
ed_019388,2,28,28,1,0,-0.281620,nonzero
ed_019391,1,14,14,2,0,0.684850,nonzero
ed_019395,2,26,26,0,0,0.000000,nomatch
ed_019398,2,25,25,1,0,-0.064019,nonzero
ed_019401,4,42,42,0,0,0.000000,nomatch
ed_019404,1,22,22,1,0,0.202289,nonzero
ed_019407,3,27,27,1,0,-0.030001,nonzero
ed_019410,4,37,37,1,0,-0.090289,nonzero
ed_019413,1,16,16,0,0,0.000000,nomatch
ed_019416,2,20,20,0,0,0.000000,nomatch
ed_019419,1,35,35,0,0,0.000000,nomatch
ed_019424,1,20,20,2,0,0.177858,nonzero
ed_019427,2,20,20,0,0,0.000000,nomatch
ed_019431,2,29,29,0,0,0.000000,nomatch
ed_019434,2,19,19,1,0,-0.263371,nonzero
ed_019437,1,17,17,0,0,0.000000,nomatch
ed_019440,2,19,19,0,0,0.000000,nomatch
ed_019444,2,16,16,0,0,0.000000,nomatch
ed_019447,3,35,35,1,0,0.083333,nonzero
ed_019450,1,11,11,0,0,0.000000,nomatch
ed_019453,2,17,17,0,0,0.000000,nomatch
ed_019456,2,33,33,0,0,0.000000,nomatch
ed_019460,2,23,23,0,0,0.000000,nomatch
ed_019464,2,20,20,0,0,0.000000,nomatch
ed_019468,2,19,19,2,1,0.271163,nonzero
ed_019473,2,17,17,0,0,0.000000,nomatch
ed_019477,1,13,13,0,0,0.000000,nomatch
ed_019480,2,19,19,1,0,0.154685,nonzero
ed_019483,1,9,9,0,0,0.000000,nomatch
ed_019486,3,34,34,3,0,0.442544,nonzero
ed_019489,1,16,16,1,0,-0.397948,nonzero
ed_019492,2,16,16,0,0,0.000000,nomatch
ed_019495,1,15,15,0,0,0.000000,nomatch
ed_019499,1,16,16,0,0,0.000000,nomatch
ed_019502,4,15,15,0,0,0.000000,nomatch
ed_019505,2,15,15,0,0,0.000000,nomatch
ed_019508,1,27,27,0,0,0.000000,nomatch
ed_019513,1,41,41,1,0,0.128037,nonzero
ed_019519,1,12,12,0,0,0.000000,nomatch
ed_019524,1,19,19,0,0,0.000000,nomatch
ed_019527,2,11,11,0,0,0.000000,nomatch
ed_019530,2,17,17,1,0,0.292941,nonzero
ed_019533,1,18,18,0,0,0.000000,nomatch
ed_019536,1,18,18,0,0,0.000000,nomatch
ed_019539,2,18,18,0,0,0.000000,nomatch
ed_019542,1,16,16,0,0,0.000000,nomatch
ed_019545,3,27,27,0,0,0.000000,nomatch
ed_019549,2,25,25,0,0,0.000000,nomatch
ed_019556,2,15,15,0,0,0.000000,nomatch
ed_019559,1,11,11,0,0,0.000000,nomatch
ed_019562,2,21,21,0,0,0.000000,nomatch
ed_019565,2,38,38,1,0,-0.210732,nonzero
ed_019568,1,7,7,0,0,0.000000,nomatch
ed_019571,3,28,28,1,0,0.120386,nonzero
ed_019574,1,24,24,1,0,-0.493915,nonzero
ed_019577,1,11,11,0,0,0.000000,nomatch
ed_019580,2,27,27,1,0,-0.045001,nonzero
ed_019583,2,17,17,1,0,-0.180579,nonzero
ed_019586,2,17,17,0,0,0.000000,nomatch
ed_019589,2,17,17,0,0,0.000000,nomatch
ed_019592,1,17,17,1,0,0.493915,nonzero
ed_019596,3,36,36,0,0,0.000000,nomatch
ed_019599,2,21,21,0,0,0.000000,nomatch
ed_019606,2,13,13,1,0,0.263371,nonzero
ed_019612,2,15,15,0,0,0.000000,nomatch
ed_019615,1,19,19,0,0,0.000000,nomatch
ed_019618,2,33,33,0,0,0.000000,nomatch
ed_019622,2,13,13,0,0,0.000000,nomatch
ed_019625,2,22,22,0,0,0.000000,nomatch
ed_019628,1,15,15,1,0,-0.339950,nonzero
ed_019631,3,22,22,0,0,0.000000,nomatch
ed_019633,3,32,32,1,1,-0.183167,nonzero
ed_019636,3,32,32,0,0,0.000000,nomatch
ed_019639,2,11,11,0,0,0.000000,nomatch
ed_019642,3,63,63,1,0,-0.042679,nonzero
ed_019646,3,33,33,0,0,0.000000,nomatch
ed_019649,2,10,10,0,0,0.000000,nomatch
ed_019652,2,20,20,0,0,0.000000,nomatch
ed_019655,2,11,11,0,0,0.000000,nomatch
ed_019658,4,41,41,0,0,0.000000,nomatch
ed_019661,1,17,17,0,0,0.000000,nomatch
ed_019664,2,21,21,1,1,0.229415,nonzero
ed_019667,1,9,9,0,0,0.000000,nomatch
ed_019670,2,22,22,1,0,0.271163,nonzero
ed_019673,2,16,16,0,0,0.000000,nomatch
ed_019676,2,14,14,0,0,0.000000,nomatch
ed_019679,2,18,18,0,0,0.000000,nomatch
ed_019682,2,41,41,0,0,0.000000,nomatch
ed_019686,2,28,28,0,0,0.000000,nomatch
ed_019690,2,18,18,0,0,0.000000,nomatch
ed_019693,3,40,40,2,0,-0.065723,nonzero
ed_019696,2,12,12,0,0,0.000000,nomatch
ed_019700,2,25,25,0,0,0.000000,nomatch
ed_019703,2,19,19,0,0,0.000000,nomatch
ed_019706,2,26,26,0,0,0.000000,nomatch
ed_019710,1,25,25,1,0,0.128037,nonzero
ed_019714,3,24,24,1,0,0.192982,nonzero
ed_019717,2,25,25,0,0,0.000000,nomatch
ed_019720,2,26,26,0,0,0.000000,nomatch
ed_019723,3,36,36,1,0,0.152944,nonzero
ed_019726,2,14,14,1,0,-0.147979,nonzero
ed_019729,2,25,25,0,0,0.000000,nomatch
ed_019732,2,37,37,1,0,0.180579,nonzero
ed_019735,2,12,12,0,0,0.000000,nomatch
ed_019738,1,12,12,0,0,0.000000,nomatch
ed_019742,1,10,10,0,0,0.000000,nomatch
ed_019745,3,29,29,0,0,0.000000,nomatch
ed_019748,1,12,12,0,0,0.000000,nomatch
ed_019751,3,27,27,1,0,-0.098653,nonzero
ed_019754,2,16,16,0,0,0.000000,nomatch
ed_019757,1,28,28,0,0,0.000000,nomatch
ed_019761,2,22,22,0,0,0.000000,nomatch
ed_019764,2,21,21,1,0,-0.243540,nonzero
ed_019767,1,8,8,0,0,0.000000,nomatch
ed_019770,3,32,32,0,0,0.000000,nomatch
ed_019773,2,33,33,0,0,0.000000,nomatch
ed_019776,1,12,12,0,0,0.000000,nomatch
ed_019779,2,10,10,1,0,0.311213,nonzero
ed_019782,1,14,14,1,0,-0.361158,nonzero
ed_019786,2,27,27,1,0,0.180579,nonzero
ed_019789,3,30,30,2,0,0.000000,cancel
ed_019792,2,13,13,0,0,0.000000,nomatch
ed_019796,3,26,26,0,0,0.000000,nomatch
ed_019799,2,16,16,1,0,-0.130831,nonzero
ed_019803,2,33,33,0,0,0.000000,nomatch
ed_019806,1,12,12,0,0,0.000000,nomatch
ed_019809,3,24,24,1,0,-0.120386,nonzero
ed_019812,2,16,16,0,0,0.000000,nomatch
ed_019816,2,25,25,1,0,0.271163,nonzero
ed_019820,3,17,17,1,0,-0.042679,nonzero
ed_019823,1,15,15,0,0,0.000000,nomatch
ed_019826,1,23,23,0,0,0.000000,nomatch
ed_019829,4,24,24,0,0,0.000000,nomatch
ed_019832,1,14,14,0,0,0.000000,nomatch
ed_019835,1,11,11,1,0,0.421464,nonzero
ed_019838,2,21,21,1,0,0.180579,nonzero
ed_019842,1,17,17,1,0,0.458831,nonzero
ed_019845,2,24,24,0,0,0.000000,nomatch
ed_019848,2,16,16,0,0,0.000000,nomatch
ed_019852,2,31,31,1,0,-0.281620,nonzero
ed_019855,1,15,15,0,0,0.000000,nomatch
ed_019859,3,43,43,1,0,0.164638,nonzero
ed_019862,2,22,22,0,0,0.000000,nomatch
ed_019865,3,28,28,0,0,0.000000,nomatch
ed_019868,1,11,11,0,0,0.000000,nomatch
ed_019871,1,13,13,0,0,0.000000,nomatch
ed_019874,2,28,28,1,0,-0.246957,nonzero
ed_019877,2,13,13,1,0,-0.327655,nonzero
ed_019880,3,31,31,0,0,0.000000,nomatch
ed_019883,3,38,38,0,0,0.000000,nomatch
ed_019886,2,30,30,0,0,0.000000,nomatch
ed_019889,2,23,23,0,0,0.000000,nomatch
ed_019892,2,19,19,1,0,-0.180579,nonzero
ed_019895,1,21,21,0,0,0.000000,nomatch
ed_019898,2,25,25,0,0,0.000000,nomatch
ed_019901,2,24,24,1,0,-0.180579,nonzero
ed_019904,2,22,22,0,0,0.000000,nomatch
ed_019907,2,12,12,0,0,0.000000,nomatch
ed_019910,1,21,21,0,0,0.000000,nomatch
ed_019913,2,22,22,0,0,0.000000,nomatch
ed_019916,3,36,36,1,0,-0.185790,nonzero
ed_019919,2,17,17,1,0,-0.281620,nonzero
ed_019923,1,20,20,0,0,0.000000,nomatch
ed_019928,2,30,30,1,0,0.064019,nonzero
ed_019931,2,17,17,0,0,0.000000,nomatch
ed_019934,2,13,13,1,0,-0.327655,nonzero
ed_019937,2,19,19,0,0,0.000000,nomatch
ed_019941,3,26,26,0,0,0.000000,nomatch
ed_019944,3,27,27,1,0,0.120386,nonzero
ed_019947,2,15,15,0,0,0.000000,nomatch
ed_019951,2,25,25,0,0,0.000000,nomatch
ed_019954,2,26,26,0,0,0.000000,nomatch
ed_019957,2,16,16,0,0,0.000000,nomatch
ed_019960,1,3,3,0,0,0.000000,nomatch
ed_019963,1,11,11,0,0,0.000000,nomatch
ed_019966,2,11,11,0,0,0.000000,nomatch
ed_019969,2,24,24,1,0,-0.180579,nonzero
ed_019972,1,22,22,1,0,0.361158,nonzero
ed_019975,3,25,25,1,0,-0.164638,nonzero
ed_019978,2,31,31,0,0,0.000000,nomatch
ed_019981,2,33,33,1,0,-0.180579,nonzero
ed_019986,1,16,16,0,0,0.000000,nomatch
ed_019990,1,19,19,0,0,0.000000,nomatch
ed_019993,1,5,5,0,0,0.000000,nomatch
ed_019996,3,18,18,0,0,0.000000,nomatch
ed_019999,2,18,18,1,0,0.180579,nonzero
ed_020002,1,19,19,0,0,0.000000,nomatch
ed_020005,1,19,19,0,0,0.000000,nomatch
ed_020008,3,24,24,0,0,0.000000,nomatch
ed_020011,1,6,6,0,0,0.000000,nomatch
ed_020014,2,13,13,0,0,0.000000,nomatch
ed_020017,2,34,34,0,0,0.000000,nomatch
ed_020020,2,20,20,0,0,0.000000,nomatch
ed_020023,1,20,20,0,0,0.000000,nomatch
ed_020026,3,24,24,0,0,0.000000,nomatch
ed_020029,2,27,27,0,0,0.000000,nomatch
ed_020033,1,19,19,0,0,0.000000,nomatch
ed_020036,1,7,7,0,0,0.000000,nomatch
ed_020040,2,14,14,0,0,0.000000,nomatch
ed_020043,1,16,16,0,0,0.000000,nomatch
ed_020047,1,21,21,1,0,0.153093,nonzero
ed_020050,1,5,5,0,0,0.000000,nomatch
ed_020053,3,25,25,0,0,0.000000,nomatch
ed_020056,2,33,33,0,0,0.000000,nomatch
ed_020060,2,34,34,0,0,0.000000,nomatch
ed_020064,2,26,26,0,0,0.000000,nomatch
ed_020067,1,17,17,0,0,0.000000,nomatch
ed_020070,1,11,11,0,0,0.000000,nomatch
ed_020074,2,20,20,1,0,-0.180579,nonzero
ed_020077,1,6,6,0,0,0.000000,nomatch
ed_020080,3,28,28,2,0,0.163065,nonzero
ed_020083,3,19,19,0,0,0.000000,nomatch
ed_020086,2,12,12,0,0,0.000000,nomatch
ed_020089,1,5,5,0,0,0.000000,nomatch
ed_020093,1,11,11,1,0,-0.361158,nonzero
ed_020096,2,15,15,1,0,0.229415,nonzero
ed_020099,1,23,23,0,0,0.000000,nomatch
ed_020103,1,11,11,0,0,0.000000,nomatch
ed_020107,1,24,24,0,0,0.000000,nomatch
ed_020111,3,30,30,1,0,0.164638,nonzero
ed_020114,2,14,14,1,0,-0.180579,nonzero
ed_020117,1,9,9,0,0,0.000000,nomatch
ed_020120,2,28,28,0,0,0.000000,nomatch
ed_020124,1,8,8,1,0,0.361158,nonzero
ed_020127,1,6,6,0,0,0.000000,nomatch
ed_020130,4,29,29,1,0,0.135581,nonzero
ed_020133,1,9,9,0,0,0.000000,nomatch
ed_020136,2,26,26,0,0,0.000000,nomatch
ed_020139,1,13,13,0,0,0.000000,nomatch
ed_020143,2,31,31,3,0,-0.585851,nonzero
ed_020146,1,14,14,1,0,0.458831,nonzero
ed_020149,2,29,29,1,0,-0.229415,nonzero
ed_020152,1,8,8,0,0,0.000000,nomatch
ed_020155,1,9,9,0,0,0.000000,nomatch
ed_020158,1,10,10,0,0,0.000000,nomatch
ed_020161,1,29,29,0,0,0.000000,nomatch
ed_020164,2,17,17,0,0,0.000000,nomatch
ed_020167,1,7,7,0,0,0.000000,nomatch
ed_020170,2,21,21,0,0,0.000000,nomatch
ed_020173,1,9,9,0,0,0.000000,nomatch
ed_020176,1,15,15,1,0,-0.226348,nonzero
ed_020179,1,9,9,0,0,0.000000,nomatch
ed_020182,2,22,22,0,0,0.000000,nomatch
ed_020185,2,18,18,0,0,0.000000,nomatch
ed_020188,1,7,7,0,0,0.000000,nomatch
ed_020191,1,9,9,0,0,0.000000,nomatch
ed_020194,2,21,21,2,1,0.293434,nonzero
ed_020197,1,8,8,0,0,0.000000,nomatch
ed_020200,1,17,17,1,0,0.153093,nonzero
ed_020203,2,16,16,1,0,0.229415,nonzero
ed_020206,2,23,23,0,0,0.000000,nomatch
ed_020211,1,9,9,0,0,0.000000,nomatch
ed_020214,1,21,21,0,0,0.000000,nomatch
ed_020217,2,18,18,1,0,0.180579,nonzero
ed_020220,1,10,10,0,1,-0.202289,nonzero
ed_020223,4,42,42,1,0,0.114708,nonzero
ed_020226,1,8,8,0,0,0.000000,nomatch
ed_020229,2,19,19,0,0,0.000000,nomatch
ed_020233,2,25,25,0,0,0.000000,nomatch
ed_020236,1,7,7,0,0,0.000000,nomatch
ed_020239,1,11,11,1,0,0.493915,nonzero
ed_020242,1,12,12,0,0,0.000000,nomatch
ed_020246,3,13,13,0,0,0.000000,nomatch
ed_020249,1,13,13,1,0,0.493915,nonzero
ed_020252,2,35,35,0,0,0.000000,nomatch
ed_020255,2,28,28,2,0,-0.125364,nonzero
ed_020258,2,15,15,0,0,0.000000,nomatch
ed_020261,2,17,17,0,0,0.000000,nomatch
ed_020264,3,21,21,2,0,-0.091456,nonzero
ed_020267,2,16,16,1,0,0.210732,nonzero
ed_020271,2,28,28,1,0,0.064019,nonzero
ed_020274,1,7,7,0,0,0.000000,nomatch
ed_020277,2,17,17,0,0,0.000000,nomatch
ed_020280,2,23,23,1,0,-0.306186,nonzero
ed_020283,1,9,9,0,0,0.000000,nomatch
ed_020286,2,17,17,1,0,0.180579,nonzero
ed_020289,2,19,19,0,0,0.000000,nomatch
ed_020293,1,8,8,0,0,0.000000,nomatch
ed_020296,2,22,22,1,0,0.125000,nonzero
ed_020299,1,14,14,0,0,0.000000,nomatch
ed_020302,1,12,12,0,0,0.000000,nomatch
ed_020305,2,17,17,0,0,0.000000,nomatch
ed_020308,2,12,12,0,0,0.000000,nomatch
ed_020311,1,16,16,0,0,0.000000,nomatch
ed_020317,2,20,20,0,0,0.000000,nomatch
ed_020320,1,13,13,0,0,0.000000,nomatch
ed_020323,2,11,11,2,0,-0.557071,nonzero
ed_020326,2,26,26,0,1,-0.064019,nonzero
ed_020329,2,28,28,1,0,-0.229415,nonzero
ed_020332,3,14,14,0,0,0.000000,nomatch
ed_020336,1,13,13,0,0,0.000000,nomatch
ed_020339,2,20,20,0,0,0.000000,nomatch
ed_020342,1,12,12,0,0,0.000000,nomatch
ed_020345,1,18,18,0,0,0.000000,nomatch
ed_020348,1,10,10,0,0,0.000000,nomatch
ed_020352,2,14,14,1,0,0.180579,nonzero
ed_020355,2,19,19,0,0,0.000000,nomatch
ed_020361,2,23,23,0,0,0.000000,nomatch
ed_020364,1,10,10,1,0,0.421464,nonzero
ed_020367,2,16,16,0,0,0.000000,nomatch
ed_020370,1,9,9,0,0,0.000000,nomatch
ed_020373,2,19,19,1,0,-0.229415,nonzero
ed_020376,1,13,13,0,0,0.000000,nomatch
ed_020379,1,12,12,0,0,0.000000,nomatch
ed_020382,2,25,25,0,0,0.000000,nomatch
ed_020385,1,12,12,0,0,0.000000,nomatch
ed_020388,2,13,13,0,0,0.000000,nomatch
ed_020392,1,12,12,0,0,0.000000,nomatch
ed_020395,2,20,20,1,0,0.224852,nonzero
ed_020398,2,14,14,0,0,0.000000,nomatch
ed_020401,1,9,9,1,0,0.542326,nonzero
ed_020404,2,16,16,0,0,0.000000,nomatch
ed_020407,1,12,12,0,0,0.000000,nomatch
ed_020410,1,14,14,0,0,0.000000,nomatch
ed_020413,2,18,18,1,0,-0.180579,nonzero
ed_020416,2,13,13,1,0,-0.327655,nonzero
ed_020420,2,19,19,0,0,0.000000,nomatch
ed_020423,2,44,44,0,1,-0.246957,nonzero
ed_020426,1,10,10,0,0,0.000000,nomatch
ed_020429,2,15,15,0,0,0.000000,nomatch
ed_020433,2,24,24,0,0,0.000000,nomatch
ed_020436,1,12,12,0,0,0.000000,nomatch
ed_020439,1,9,9,0,0,0.000000,nomatch
ed_020442,2,14,14,1,0,-0.180579,nonzero
ed_020445,2,23,23,1,0,0.180579,nonzero
ed_020448,2,18,18,0,0,0.000000,nomatch
ed_020451,2,13,13,1,0,0.263371,nonzero
ed_020455,1,13,13,0,0,0.000000,nomatch
ed_020458,2,13,13,0,0,0.000000,nomatch
ed_020461,3,33,33,0,0,0.000000,nomatch
ed_020464,1,15,15,1,0,0.128037,nonzero
ed_020467,2,16,16,0,0,0.000000,nomatch
ed_020470,2,19,19,0,0,0.000000,nomatch
ed_020474,2,9,9,0,0,0.000000,nomatch
ed_020477,2,21,21,2,0,0.443950,nonzero
ed_020480,2,17,17,0,0,0.000000,nomatch
ed_020483,2,15,15,0,0,0.000000,nomatch
ed_020486,1,14,14,0,0,0.000000,nomatch
ed_020489,2,15,15,0,0,0.000000,nomatch
ed_020492,2,14,14,1,0,0.246957,nonzero
ed_020495,2,14,14,0,0,0.000000,nomatch
ed_020498,1,13,13,0,0,0.000000,nomatch
ed_020501,2,19,19,0,0,0.000000,nomatch
ed_020505,2,14,14,1,0,-0.229415,nonzero
ed_020508,1,13,13,0,0,0.000000,nomatch
ed_020511,2,29,29,1,1,0.229415,nonzero
ed_020514,1,17,17,0,0,0.000000,nomatch
ed_020519,3,19,19,0,0,0.000000,nomatch
ed_020522,2,17,17,0,0,0.000000,nomatch
ed_020526,2,25,25,0,0,0.000000,nomatch
ed_020529,1,23,23,0,0,0.000000,nomatch
ed_020535,1,12,12,1,0,-0.361158,nonzero
ed_020538,2,14,14,0,0,0.000000,nomatch
ed_020541,1,13,13,0,0,0.000000,nomatch
ed_020544,2,14,14,0,0,0.000000,nomatch
ed_020547,2,16,16,1,0,0.125000,nonzero
ed_020551,2,16,16,1,0,-0.071552,nonzero
ed_020554,1,8,8,0,0,0.000000,nomatch
ed_020557,2,29,29,1,0,0.335239,nonzero
ed_020563,1,8,8,0,0,0.000000,nomatch
ed_020567,2,15,15,0,0,0.000000,nomatch
ed_020570,2,14,14,1,0,0.180579,nonzero
ed_020574,1,18,18,1,0,0.526742,nonzero
ed_020577,1,9,9,0,0,0.000000,nomatch
ed_020580,2,18,18,0,0,0.000000,nomatch
ed_020583,1,18,18,0,0,0.000000,nomatch
ed_020586,2,18,18,2,0,0.534534,nonzero
ed_020590,1,12,12,0,0,0.000000,nomatch
ed_020593,1,12,12,0,0,0.000000,nomatch
ed_020596,2,14,14,0,0,0.000000,nomatch
ed_020599,1,9,9,0,0,0.000000,nomatch
ed_020602,2,16,16,0,0,0.000000,nomatch
ed_020605,1,6,6,0,0,0.000000,nomatch
ed_020608,2,20,20,0,0,0.000000,nomatch
ed_020611,2,19,19,0,0,0.000000,nomatch
ed_020615,1,17,17,0,0,0.000000,nomatch
ed_020618,2,14,14,0,0,0.000000,nomatch
ed_020621,3,28,28,0,0,0.000000,nomatch
ed_020624,1,13,13,0,0,0.000000,nomatch
ed_020627,2,14,14,0,0,0.000000,nomatch
ed_020633,1,7,7,0,0,0.000000,nomatch
ed_020640,2,24,24,0,0,0.000000,nomatch
ed_020643,2,16,16,2,0,-0.306186,nonzero
ed_020646,2,45,45,1,0,-0.088929,nonzero
ed_020649,2,22,22,1,0,0.289473,nonzero
ed_020652,1,10,10,2,0,0.051571,nonzero
ed_020655,2,16,16,1,0,-0.229415,nonzero
ed_020659,1,17,17,0,0,0.000000,nomatch
ed_020662,2,17,17,0,0,0.000000,nomatch
ed_020665,1,7,7,0,0,0.000000,nomatch
ed_020670,2,15,15,2,0,0.030153,nonzero
ed_020674,1,7,7,0,0,0.000000,nomatch
ed_020677,2,18,18,2,0,-0.361158,nonzero
ed_020680,4,61,61,0,0,0.000000,nomatch
ed_020684,1,8,8,0,0,0.000000,nomatch
ed_020687,3,23,23,0,0,0.000000,nomatch
ed_020690,2,37,37,0,1,-0.064019,nonzero
ed_020693,2,24,24,0,0,0.000000,nomatch
ed_020696,1,11,11,1,0,-0.493915,nonzero
ed_020699,1,17,17,0,0,0.000000,nomatch
ed_020702,2,11,11,0,0,0.000000,nomatch
ed_020706,1,13,13,2,0,-0.670478,nonzero
ed_020709,2,13,13,0,0,0.000000,nomatch
ed_020713,2,13,13,1,0,-0.180579,nonzero
ed_020716,1,10,10,0,0,0.000000,nomatch
ed_020719,2,41,41,2,0,-0.025785,nonzero
ed_020722,2,15,15,0,0,0.000000,nomatch
ed_020725,2,20,20,0,0,0.000000,nomatch
ed_020729,2,18,18,1,0,0.229415,nonzero
ed_020733,2,13,13,2,0,-0.557071,nonzero
ed_020736,2,22,22,0,0,0.000000,nomatch
ed_020739,1,15,15,0,0,0.000000,nomatch
ed_020742,1,14,14,1,0,0.458831,nonzero
ed_020745,2,18,18,0,0,0.000000,nomatch
ed_020749,2,17,17,1,0,-0.229415,nonzero
ed_020752,2,11,11,0,0,0.000000,nomatch
ed_020756,1,13,13,0,0,0.000000,nomatch
ed_020760,2,19,19,0,0,0.000000,nomatch
ed_020763,2,14,14,1,0,0.263371,nonzero
ed_020767,1,9,9,1,0,-0.458831,nonzero
ed_020770,2,17,17,1,0,-0.113174,nonzero
ed_020773,1,16,16,0,0,0.000000,nomatch
ed_020776,3,33,33,0,0,0.000000,nomatch
ed_020779,1,10,10,0,0,0.000000,nomatch
ed_020783,2,10,10,0,0,0.000000,nomatch
ed_020786,1,6,6,1,0,-0.578947,nonzero
ed_020789,1,11,11,0,0,0.000000,nomatch
ed_020792,1,11,11,1,0,0.458831,nonzero
ed_020795,2,14,14,1,0,-0.082757,nonzero
ed_020801,1,9,9,1,0,-0.458831,nonzero
ed_020804,2,13,13,1,0,-0.243540,nonzero
ed_020807,1,6,6,1,0,-0.578947,nonzero
ed_020810,2,19,19,0,0,0.000000,nomatch
ed_020813,3,22,22,1,0,-0.042679,nonzero
ed_020818,4,38,38,1,0,0.038273,nonzero
ed_020821,2,16,16,0,0,0.000000,nomatch
ed_020824,2,20,20,1,0,-0.229415,nonzero
ed_020829,1,15,15,0,0,0.000000,nomatch
ed_020832,1,2,2,0,0,0.000000,nomatch
ed_020835,2,18,18,1,1,0.229415,nonzero
ed_020838,2,16,16,0,0,0.000000,nomatch
ed_020841,2,18,18,0,0,0.000000,nomatch
ed_020844,3,16,16,1,0,-0.120386,nonzero
ed_020848,1,14,14,0,0,0.000000,nomatch
ed_020851,3,45,45,2,0,-0.365435,nonzero
ed_020855,4,17,17,0,0,0.000000,nomatch
ed_020858,2,7,7,1,0,-0.224852,nonzero
ed_020861,2,10,10,0,0,0.000000,nomatch
ed_020864,2,25,25,1,1,0.180579,nonzero
ed_020867,3,16,16,0,0,0.000000,nomatch
ed_020871,2,17,17,0,0,0.000000,nomatch
ed_020874,2,15,15,0,0,0.000000,nomatch
ed_020878,2,15,15,1,0,0.292941,nonzero
ed_020881,2,15,15,0,0,0.000000,nomatch
ed_020884,3,49,49,2,0,0.074430,nonzero
ed_020887,2,10,10,0,0,0.000000,nomatch
ed_020890,2,10,10,1,0,0.281620,nonzero
ed_020894,3,21,21,1,0,-0.152944,nonzero
ed_020897,2,14,14,0,0,0.000000,nomatch
ed_020900,2,26,26,0,0,0.000000,nomatch
ed_020905,2,55,55,0,0,0.000000,nomatch
ed_020908,2,15,15,0,0,0.000000,nomatch
ed_020911,1,12,12,0,0,0.000000,nomatch
ed_020914,2,20,20,0,0,0.000000,nomatch
ed_020917,1,15,15,0,0,0.000000,nomatch
ed_020920,3,54,54,3,0,-0.095800,nonzero
ed_020923,2,19,19,0,1,-0.064019,nonzero
ed_020926,2,19,19,0,0,0.000000,nomatch
ed_020930,1,5,5,0,0,0.000000,nomatch
ed_020937,2,57,57,2,0,0.255304,nonzero
ed_020940,2,13,13,1,0,-0.147979,nonzero
ed_020943,3,56,56,2,0,-0.106245,nonzero
ed_020946,2,14,14,0,0,0.000000,nomatch
ed_020949,1,6,6,0,0,0.000000,nomatch
ed_020952,2,11,11,0,0,0.000000,nomatch
ed_020956,1,10,10,0,0,0.000000,nomatch
ed_020959,1,18,18,0,0,0.000000,nomatch
ed_020962,1,13,13,1,0,-0.421464,nonzero
ed_020965,2,38,38,0,0,0.000000,nomatch
ed_020968,1,13,13,0,0,0.000000,nomatch
ed_020971,2,16,16,1,0,0.064019,nonzero
ed_020974,2,21,21,2,0,0.202289,nonzero
ed_020977,2,27,27,1,0,0.246957,nonzero
ed_020980,2,14,14,0,0,0.000000,nomatch
ed_020983,3,74,74,2,0,-0.077707,nonzero
ed_020986,1,20,20,0,0,0.000000,nomatch
ed_020989,1,7,7,1,0,-0.361158,nonzero
ed_020992,2,15,15,0,0,0.000000,nomatch
ed_020995,2,24,24,1,0,0.281620,nonzero
ed_020998,2,40,40,0,0,0.000000,nomatch
ed_021001,2,15,15,1,0,-0.210732,nonzero
ed_021004,3,24,24,1,0,-0.164638,nonzero
ed_021007,3,61,61,0,0,0.000000,nomatch
ed_021010,2,10,10,0,0,0.000000,nomatch
ed_021013,1,14,14,1,0,-0.295958,nonzero
ed_021016,1,19,19,2,0,-0.709560,nonzero
ed_021019,1,6,6,0,0,0.000000,nomatch
ed_021022,2,18,18,1,0,-0.180579,nonzero
ed_021025,4,57,57,6,0,-0.254900,nonzero
ed_021028,1,10,10,1,0,0.493915,nonzero
ed_021031,1,7,7,0,0,0.000000,nomatch
ed_021034,2,12,12,1,0,0.169975,nonzero
ed_021037,2,40,40,3,0,-0.545711,nonzero
ed_021041,3,21,21,0,0,0.000000,nomatch
ed_021044,1,12,12,1,0,0.458831,nonzero
ed_021047,3,66,66,3,0,-0.043046,nonzero
ed_021050,1,9,9,0,0,0.000000,nomatch
ed_021053,2,22,22,0,0,0.000000,nomatch
ed_021056,7,61,61,0,0,0.000000,nomatch
ed_021060,1,18,18,0,0,0.000000,nomatch
ed_021063,1,22,22,1,0,0.202289,nonzero
ed_021066,1,18,18,1,0,-0.128037,nonzero
ed_021069,5,47,47,1,0,0.040458,nonzero
ed_021072,3,39,39,0,0,0.000000,nomatch
ed_021075,1,4,4,1,0,-0.128037,nonzero
ed_021078,1,5,5,0,0,0.000000,nomatch
ed_021081,2,23,23,1,0,0.292941,nonzero
ed_021084,1,18,18,0,0,0.000000,nomatch
ed_021087,3,33,33,0,0,0.000000,nomatch
ed_021090,3,53,53,2,0,-0.012456,nonzero
ed_021093,1,12,12,0,0,0.000000,nomatch
ed_021096,2,24,24,0,0,0.000000,nomatch
ed_021099,2,37,37,0,0,0.000000,nomatch
ed_021103,3,26,26,0,0,0.000000,nomatch
ed_021106,2,18,18,0,0,0.000000,nomatch
ed_021109,1,20,20,0,0,0.000000,nomatch
ed_021112,1,18,18,0,0,0.000000,nomatch
ed_021115,2,24,24,1,0,0.147979,nonzero
ed_021118,1,11,11,0,0,0.000000,nomatch
ed_021121,3,23,23,1,0,0.120386,nonzero
ed_021124,2,26,26,1,0,-0.180579,nonzero
ed_021127,2,19,19,0,0,0.000000,nomatch
ed_021130,3,19,19,0,0,0.000000,nomatch
ed_021133,2,17,17,0,0,0.000000,nomatch
ed_021136,1,11,11,1,0,-0.458831,nonzero
ed_021139,3,25,25,1,0,0.120386,nonzero
ed_021142,1,12,12,0,0,0.000000,nomatch
ed_021145,3,33,33,1,0,0.083333,nonzero
ed_021148,4,54,54,2,0,0.101144,nonzero
ed_021151,1,6,6,0,0,0.000000,nomatch
ed_021154,4,49,49,0,0,0.000000,nomatch
ed_021158,2,37,37,0,0,0.000000,nomatch
ed_021161,3,28,28,2,1,0.339661,nonzero
ed_021164,1,12,12,1,0,0.458831,nonzero
ed_021167,2,21,21,1,0,-0.278685,nonzero
ed_021170,2,19,19,0,0,0.000000,nomatch
ed_021173,1,19,19,0,0,0.000000,nomatch
ed_021176,1,14,14,0,0,0.000000,nomatch
ed_021179,4,27,27,0,0,0.000000,nomatch
ed_021182,1,19,19,0,0,0.000000,nomatch
ed_021185,2,11,11,1,0,-0.210732,nonzero
ed_021191,1,26,26,0,0,0.000000,nomatch
ed_021195,1,13,13,0,0,0.000000,nomatch
ed_021198,2,14,14,0,0,0.000000,nomatch
ed_021201,2,26,26,0,0,0.000000,nomatch
ed_021204,3,26,26,0,0,0.000000,nomatch
ed_021207,2,40,40,0,0,0.000000,nomatch
ed_021210,2,36,36,0,0,0.000000,nomatch
ed_021213,1,13,13,1,0,0.458831,nonzero
ed_021216,2,16,16,0,0,0.000000,nomatch
ed_021219,1,12,12,0,0,0.000000,nomatch
ed_021222,2,22,22,1,0,-0.147979,nonzero
ed_021225,3,15,15,1,0,-0.228283,nonzero
ed_021228,1,5,5,0,0,0.000000,nomatch
ed_021232,2,21,21,0,0,0.000000,nomatch
ed_021236,2,31,31,0,0,0.000000,nomatch
ed_021239,2,19,19,0,0,0.000000,nomatch
ed_021242,2,19,19,0,0,0.000000,nomatch
ed_021245,1,16,16,0,0,0.000000,nomatch
ed_021249,3,27,27,2,0,0.021889,nonzero
ed_021252,2,16,16,1,0,0.263371,nonzero
ed_021255,3,18,18,0,0,0.000000,nomatch
ed_021258,1,16,16,1,0,-0.361158,nonzero
ed_021262,1,14,14,0,0,0.000000,nomatch
ed_021265,3,18,18,2,0,0.195623,nonzero
ed_021268,4,51,51,1,0,0.146471,nonzero
ed_021271,1,20,20,0,0,0.000000,nomatch
ed_021274,1,13,13,1,0,0.622427,nonzero
ed_021278,2,20,20,1,0,0.271163,nonzero
ed_021284,3,24,24,0,0,0.000000,nomatch
ed_021287,1,14,14,0,0,0.000000,nomatch
ed_021290,3,30,30,0,0,0.000000,nomatch
ed_021293,1,10,10,0,0,0.000000,nomatch
ed_021296,2,29,29,0,0,0.000000,nomatch
ed_021299,3,58,58,0,0,0.000000,nomatch
ed_021303,2,19,19,2,0,-0.512185,nonzero
ed_021306,2,19,19,1,0,0.064019,nonzero
ed_021309,1,7,7,0,0,0.000000,nomatch
ed_021312,2,20,20,0,0,0.000000,nomatch
ed_021315,1,19,19,0,0,0.000000,nomatch
ed_021318,2,28,28,0,0,0.000000,nomatch
ed_021321,2,16,16,0,0,0.000000,nomatch
ed_021324,1,13,13,0,0,0.000000,nomatch
ed_021328,1,12,12,0,0,0.000000,nomatch
ed_021332,1,20,20,0,0,0.000000,nomatch
ed_021335,2,21,21,0,0,0.000000,nomatch
ed_021338,3,35,35,0,0,0.000000,nomatch
ed_021341,2,15,15,1,1,0.229415,nonzero
ed_021345,1,15,15,0,0,0.000000,nomatch
ed_021348,3,39,39,0,0,0.000000,nomatch
ed_021351,1,5,5,0,0,0.000000,nomatch
ed_021356,3,35,35,1,0,0.180775,nonzero
ed_021360,2,26,26,1,0,-0.180579,nonzero
ed_021364,2,22,22,0,0,0.000000,nomatch
ed_021367,1,18,18,0,0,0.000000,nomatch
ed_021370,1,22,22,0,0,0.000000,nomatch
ed_021373,1,28,28,0,0,0.000000,nomatch
ed_021377,2,24,24,1,0,0.263371,nonzero
ed_021380,3,26,26,1,0,-0.185790,nonzero
ed_021383,1,10,10,0,0,0.000000,nomatch
ed_021386,1,9,9,0,0,0.000000,nomatch
ed_021390,2,23,23,0,0,0.000000,nomatch
ed_021395,2,25,25,1,0,-0.229415,nonzero
ed_021398,3,15,15,0,0,0.000000,nomatch
ed_021402,3,26,26,1,1,0.158886,nonzero
ed_021405,2,14,14,1,0,-0.169975,nonzero
ed_021409,2,20,20,0,0,0.000000,nomatch
ed_021412,4,84,84,2,0,-0.108712,nonzero
ed_021415,1,13,13,1,0,-0.526742,nonzero
ed_021422,1,7,7,0,0,0.000000,nomatch
ed_021427,2,27,27,0,0,0.000000,nomatch
ed_021430,2,22,22,1,0,0.292941,nonzero
ed_021433,1,6,6,1,0,-0.578947,nonzero
ed_021436,2,38,38,0,0,0.000000,nomatch
ed_021442,2,21,21,1,0,0.263371,nonzero
ed_021445,1,10,10,0,0,0.000000,nomatch
ed_021449,1,21,21,0,0,0.000000,nomatch
ed_021452,1,11,11,0,0,0.000000,nomatch
ed_021455,3,54,54,1,0,-0.083333,nonzero
ed_021459,2,31,31,0,0,0.000000,nomatch
ed_021464,2,18,18,1,0,-0.263371,nonzero
ed_021470,2,13,13,1,0,0.101144,nonzero
ed_021474,2,29,29,0,0,0.000000,nomatch
ed_021479,2,19,19,2,0,-0.351853,nonzero
ed_021482,2,23,23,0,0,0.000000,nomatch
ed_021486,1,14,14,0,0,0.000000,nomatch
ed_021489,2,16,16,0,0,0.000000,nomatch
ed_021493,3,22,22,0,0,0.000000,nomatch
ed_021496,2,15,15,0,0,0.000000,nomatch
ed_021500,1,14,14,1,0,0.526742,nonzero
ed_021503,1,8,8,0,0,0.000000,nomatch
ed_021506,1,10,10,0,0,0.000000,nomatch
ed_021509,2,23,23,0,0,0.000000,nomatch
ed_021512,3,30,30,3,0,0.385504,nonzero
ed_021515,2,25,25,0,0,0.000000,nomatch
ed_021518,1,11,11,0,0,0.000000,nomatch
ed_021521,2,14,14,0,0,0.000000,nomatch
ed_021526,2,22,22,1,0,-0.180579,nonzero
ed_021530,2,13,13,1,0,-0.327655,nonzero
ed_021533,2,19,19,0,0,0.000000,nomatch
ed_021536,2,25,25,0,0,0.000000,nomatch
ed_021539,2,17,17,2,0,-0.571195,nonzero
ed_021542,2,25,25,1,0,-0.169975,nonzero
ed_021546,2,25,25,0,0,0.000000,nomatch
ed_021549,1,19,19,0,0,0.000000,nomatch
ed_021556,1,15,15,0,0,0.000000,nomatch
ed_021559,1,6,6,1,0,-0.421464,nonzero
ed_021562,2,21,21,1,0,0.281620,nonzero
ed_021566,2,25,25,1,0,0.064019,nonzero
ed_021569,2,15,15,1,0,0.125000,nonzero
ed_021571,3,22,22,0,0,0.000000,nomatch
ed_021575,2,29,29,0,0,0.000000,nomatch
ed_021578,2,17,17,0,0,0.000000,nomatch
ed_021581,3,29,29,1,0,-0.120386,nonzero
ed_021585,1,18,18,0,0,0.000000,nomatch
ed_021588,2,23,23,1,0,0.263371,nonzero
ed_021591,1,10,10,0,0,0.000000,nomatch
ed_021595,2,20,20,0,0,0.000000,nomatch
ed_021598,1,3,3,0,0,0.000000,nomatch
ed_021601,2,27,27,1,0,0.229415,nonzero
ed_021604,3,38,38,0,0,0.000000,nomatch
ed_021608,2,23,23,1,0,0.064019,nonzero
ed_021611,2,16,16,1,0,-0.229415,nonzero
ed_021615,2,28,28,0,0,0.000000,nomatch
ed_021618,2,30,30,0,0,0.000000,nomatch
ed_021621,1,12,12,0,0,0.000000,nomatch
ed_021626,2,43,43,1,0,0.125000,nonzero
ed_021629,1,23,23,1,0,0.526742,nonzero
ed_021632,1,8,8,0,0,0.000000,nomatch
ed_021636,1,10,10,1,0,-0.421464,nonzero
ed_021639,1,16,16,2,0,0.250000,nonzero
ed_021642,1,10,10,0,0,0.000000,nomatch
ed_021645,2,24,24,1,0,-0.292941,nonzero
ed_021648,1,7,7,0,0,0.000000,nomatch
ed_021651,3,38,38,2,0,-0.072257,nonzero
ed_021655,1,7,7,0,0,0.000000,nomatch
ed_021659,4,29,29,2,0,-0.204997,nonzero
ed_021662,2,15,15,0,0,0.000000,nomatch
ed_021666,2,19,19,0,0,0.000000,nomatch
ed_021669,4,41,41,0,0,0.000000,nomatch
ed_021672,2,12,12,0,0,0.000000,nomatch
ed_021676,1,3,3,0,0,0.000000,nomatch
ed_021681,2,16,16,0,0,0.000000,nomatch
ed_021684,2,15,15,0,0,0.000000,nomatch
ed_021687,1,6,6,0,0,0.000000,nomatch
ed_021691,1,11,11,0,0,0.000000,nomatch
ed_021695,2,35,35,1,0,0.180579,nonzero
ed_021698,2,21,21,1,0,0.263371,nonzero
ed_021701,2,31,31,0,0,0.000000,nomatch
ed_021704,2,19,19,0,0,0.000000,nomatch
ed_021710,3,37,37,0,0,0.000000,nomatch
ed_021713,1,7,7,0,0,0.000000,nomatch
ed_021716,2,27,27,1,1,0.142323,nonzero
ed_021720,1,11,11,1,0,0.361158,nonzero
ed_021724,1,7,7,0,0,0.000000,nomatch
ed_021728,2,41,41,2,0,-0.088929,nonzero
ed_021731,1,20,20,0,0,0.000000,nomatch
ed_021734,2,27,27,0,0,0.000000,nomatch
ed_021738,2,24,24,0,0,0.000000,nomatch
ed_021741,1,7,7,0,0,0.000000,nomatch
ed_021748,2,24,24,0,0,0.000000,nomatch
ed_021751,2,26,26,2,0,0.534534,nonzero
ed_021755,2,15,15,0,0,0.000000,nomatch
ed_021758,2,29,29,1,0,-0.166201,nonzero
ed_021762,2,17,17,0,0,0.000000,nomatch
ed_021765,1,12,12,0,0,0.000000,nomatch
ed_021768,1,11,11,0,0,0.000000,nomatch
ed_021771,2,19,19,0,0,0.000000,nomatch
ed_021778,2,16,16,0,0,0.000000,nomatch
ed_021785,2,24,24,0,0,0.000000,nomatch
ed_021792,2,29,29,1,0,0.224852,nonzero
ed_021795,1,12,12,1,0,-0.526742,nonzero
ed_021798,2,19,19,1,0,-0.229415,nonzero
ed_021802,1,11,11,1,0,0.458831,nonzero
ed_021805,1,11,11,0,0,0.000000,nomatch
ed_021809,1,15,15,0,0,0.000000,nomatch
ed_021812,2,20,20,1,0,0.101144,nonzero
ed_021816,2,20,20,0,0,0.000000,nomatch
ed_021822,1,10,10,0,0,0.000000,nomatch
ed_021829,1,14,14,1,0,0.458831,nonzero
ed_021832,2,13,13,1,0,-0.210732,nonzero
ed_021835,3,17,17,3,0,-0.381260,nonzero
ed_021838,1,8,8,0,0,0.000000,nomatch
ed_021842,2,13,13,0,0,0.000000,nomatch
ed_021846,1,10,10,0,0,0.000000,nomatch
ed_021849,1,16,16,1,0,-0.226348,nonzero
ed_021852,3,27,27,0,0,0.000000,nomatch
ed_021856,3,25,25,0,0,0.000000,nomatch
ed_021860,1,8,8,0,0,0.000000,nomatch
ed_021863,2,31,31,2,0,-0.391311,nonzero
ed_021867,1,14,14,0,0,0.000000,nomatch
ed_021870,1,16,16,0,0,0.000000,nomatch
ed_021873,1,12,12,1,0,0.526742,nonzero
ed_021876,2,14,14,0,0,0.000000,nomatch
ed_021879,1,23,23,0,0,0.000000,nomatch
ed_021882,1,15,15,0,0,0.000000,nomatch
ed_021885,1,10,10,0,0,0.000000,nomatch
ed_021888,3,21,21,0,0,0.000000,nomatch
ed_021892,1,13,13,0,0,0.000000,nomatch
ed_021897,3,25,25,2,0,0.317582,nonzero
ed_021900,2,20,20,1,0,-0.342425,nonzero
ed_021903,1,10,10,1,0,0.361158,nonzero
ed_021906,1,12,12,1,0,0.493915,nonzero
ed_021909,1,11,11,0,0,0.000000,nomatch
ed_021914,2,27,27,1,0,0.064019,nonzero
ed_021918,2,18,18,1,0,0.210732,nonzero
ed_021921,1,12,12,1,0,-0.361158,nonzero
ed_021925,2,24,24,0,0,0.000000,nomatch
ed_021928,1,8,8,1,0,-0.458831,nonzero
ed_021931,2,25,25,0,0,0.000000,nomatch
ed_021938,2,18,18,0,0,0.000000,nomatch
ed_021942,2,17,17,0,0,0.000000,nomatch
ed_021945,1,8,8,0,0,0.000000,nomatch
ed_021948,3,23,23,2,0,0.000000,cancel
ed_021952,2,27,27,0,0,0.000000,nomatch
ed_021955,1,15,15,0,0,0.000000,nomatch
ed_021958,2,26,26,1,1,0.242678,nonzero
ed_021961,1,19,19,1,0,-0.721185,nonzero
ed_021964,1,13,13,0,0,0.000000,nomatch
ed_021967,3,38,38,0,0,0.000000,nomatch
ed_021971,1,22,22,1,0,0.458831,nonzero
ed_021974,1,15,15,0,0,0.000000,nomatch
ed_021977,1,7,7,0,0,0.000000,nomatch
ed_021981,1,14,14,1,0,-0.458831,nonzero
ed_021984,2,19,19,0,0,0.000000,nomatch
ed_021987,1,10,10,0,0,0.000000,nomatch
ed_021990,4,67,67,1,0,0.090289,nonzero
ed_021993,1,21,21,0,0,0.000000,nomatch
ed_021996,1,7,7,0,0,0.000000,nomatch
ed_022000,1,18,18,0,0,0.000000,nomatch
ed_022003,1,10,10,0,0,0.000000,nomatch
ed_022006,1,18,18,0,0,0.000000,nomatch
ed_022009,1,20,20,0,0,0.000000,nomatch
ed_022012,1,16,16,0,0,0.000000,nomatch
ed_022015,1,16,16,1,1,0.284646,nonzero
ed_022018,1,11,11,0,0,0.000000,nomatch
ed_022021,3,26,26,1,0,0.120386,nonzero
ed_022024,1,11,11,0,0,0.000000,nomatch
ed_022027,1,16,16,1,0,-0.458831,nonzero
ed_022030,1,19,19,1,0,0.361158,nonzero
ed_022033,1,11,11,0,0,0.000000,nomatch
ed_022036,2,14,14,0,0,0.000000,nomatch
ed_022040,1,21,21,1,0,0.542326,nonzero
ed_022043,2,20,20,1,0,0.180579,nonzero
ed_022046,1,7,7,0,0,0.000000,nomatch
ed_022050,1,20,20,1,0,-0.458831,nonzero
ed_022053,1,17,17,0,0,0.000000,nomatch
ed_022056,1,18,18,1,0,-0.361158,nonzero
ed_022059,2,16,16,0,0,0.000000,nomatch
ed_022062,1,13,13,1,0,-0.361158,nonzero
ed_022066,1,23,23,1,0,-0.493915,nonzero
ed_022069,1,13,13,0,0,0.000000,nomatch
ed_022072,1,18,18,1,0,-0.458831,nonzero
ed_022075,1,5,5,0,0,0.000000,nomatch
ed_022079,2,15,15,0,0,0.000000,nomatch
ed_022082,1,16,16,0,0,0.000000,nomatch
ed_022085,1,11,11,0,0,0.000000,nomatch
ed_022088,1,18,18,0,0,0.000000,nomatch
ed_022091,1,9,9,0,0,0.000000,nomatch
ed_022094,1,14,14,0,0,0.000000,nomatch
ed_022097,1,4,4,0,0,0.000000,nomatch
ed_022101,1,8,8,0,0,0.000000,nomatch
ed_022104,1,7,7,0,0,0.000000,nomatch
ed_022107,2,15,15,1,1,0.242678,nonzero
ed_022110,1,11,11,0,0,0.000000,nomatch
ed_022113,1,21,21,0,0,0.000000,nomatch
ed_022116,1,14,14,0,0,0.000000,nomatch
ed_022119,1,13,13,0,0,0.000000,nomatch
ed_022122,1,10,10,0,0,0.000000,nomatch
ed_022128,1,10,10,1,0,0.458831,nonzero
ed_022131,1,16,16,0,0,0.000000,nomatch
ed_022134,1,12,12,1,0,-0.421464,nonzero
ed_022137,1,11,11,0,0,0.000000,nomatch
ed_022140,3,54,54,1,0,0.083333,nonzero
ed_022146,3,27,27,0,0,0.000000,nomatch
ed_022149,1,12,12,1,0,-0.421464,nonzero
ed_022152,1,12,12,1,0,-0.361158,nonzero
ed_022155,2,25,25,0,0,0.000000,nomatch
ed_022158,1,12,12,1,0,-0.361158,nonzero
ed_022161,2,21,21,2,0,-0.136606,nonzero
ed_022164,2,21,21,1,0,-0.169975,nonzero
ed_022167,1,15,15,0,0,0.000000,nomatch
ed_022170,1,15,15,0,0,0.000000,nomatch
ed_022173,1,12,12,0,0,0.000000,nomatch
ed_022176,1,15,15,0,0,0.000000,nomatch
ed_022179,1,6,6,0,0,0.000000,nomatch
ed_022182,2,23,23,1,0,0.174249,nonzero
ed_022185,1,6,6,0,0,0.000000,nomatch
ed_022189,2,28,28,1,0,-0.278685,nonzero
ed_022192,1,10,10,0,0,0.000000,nomatch
ed_022195,2,18,18,1,0,-0.243540,nonzero
ed_022198,1,8,8,0,0,0.000000,nomatch
ed_022201,1,7,7,0,0,0.000000,nomatch
ed_022204,3,23,23,0,0,0.000000,nomatch
ed_022207,2,24,24,1,0,-0.224852,nonzero
ed_022210,1,13,13,0,0,0.000000,nomatch
ed_022213,1,11,11,0,0,0.000000,nomatch
ed_022216,1,9,9,0,0,0.000000,nomatch
ed_022220,1,4,4,0,0,0.000000,nomatch
ed_022223,1,16,16,0,0,0.000000,nomatch
ed_022226,1,7,7,1,0,0.361158,nonzero
ed_022229,1,8,8,1,0,-0.487080,nonzero
ed_022235,2,16,16,1,0,-0.238329,nonzero
ed_022238,1,12,12,0,0,0.000000,nomatch
ed_022241,1,4,4,1,0,-0.361158,nonzero
ed_022244,1,5,5,1,0,0.202289,nonzero
ed_022247,2,16,16,0,0,0.000000,nomatch
ed_022250,2,20,20,0,0,0.000000,nomatch
ed_022253,2,18,18,0,0,0.000000,nomatch
ed_022256,1,7,7,0,0,0.000000,nomatch
ed_022259,1,15,15,0,0,0.000000,nomatch
ed_022262,2,14,14,1,0,-0.263371,nonzero
ed_022265,2,16,16,0,0,0.000000,nomatch
ed_022270,2,16,16,0,0,0.000000,nomatch
ed_022273,2,14,14,0,0,0.000000,nomatch
ed_022276,2,19,19,0,1,-0.064019,nonzero
ed_022279,2,13,13,0,0,0.000000,nomatch
ed_022282,2,32,32,0,0,0.000000,nomatch
ed_022285,2,16,16,0,0,0.000000,nomatch
ed_022288,2,13,13,2,0,-0.165397,nonzero
ed_022291,2,38,38,0,0,0.000000,nomatch
ed_022294,1,13,13,0,0,0.000000,nomatch
ed_022298,3,30,30,0,0,0.000000,nomatch
ed_022302,2,12,12,1,0,-0.263371,nonzero
ed_022305,2,13,13,1,0,0.263371,nonzero
ed_022308,2,25,25,0,0,0.000000,nomatch
ed_022311,1,15,15,2,0,-0.250000,nonzero
ed_022314,2,11,11,0,0,0.000000,nomatch
ed_022320,2,27,27,1,0,-0.180579,nonzero
ed_022324,2,16,16,0,0,0.000000,nomatch
ed_022327,1,20,20,0,0,0.000000,nomatch
ed_022333,2,12,12,1,0,0.263371,nonzero
ed_022336,2,17,17,0,0,0.000000,nomatch
ed_022339,2,17,17,0,0,0.000000,nomatch
ed_022342,2,15,15,0,0,0.000000,nomatch
ed_022347,1,15,15,0,0,0.000000,nomatch
ed_022351,1,15,15,0,0,0.000000,nomatch
ed_022355,2,16,16,0,0,0.000000,nomatch
ed_022361,1,12,12,0,0,0.000000,nomatch
ed_022364,3,10,10,1,0,0.030001,nonzero
ed_022367,2,14,14,0,0,0.000000,nomatch
ed_022370,3,13,13,2,0,-0.260874,nonzero
ed_022374,2,14,14,1,0,-0.263371,nonzero
ed_022377,1,9,9,0,0,0.000000,nomatch
ed_022380,1,12,12,0,0,0.000000,nomatch
ed_022383,1,13,13,0,0,0.000000,nomatch
ed_022386,1,6,6,0,0,0.000000,nomatch
ed_022389,1,5,5,0,0,0.000000,nomatch
ed_022392,1,10,10,0,0,0.000000,nomatch
ed_022395,2,19,19,2,0,0.391023,nonzero
ed_022398,1,14,14,1,0,-0.128037,nonzero
ed_022401,1,9,9,0,0,0.000000,nomatch
ed_022404,2,14,14,1,0,0.064019,nonzero
ed_022407,2,26,26,0,0,0.000000,nomatch
ed_022410,1,6,6,0,0,0.000000,nomatch
ed_022413,1,19,19,0,0,0.000000,nomatch
ed_022416,2,17,17,0,0,0.000000,nomatch
ed_022419,3,41,41,0,0,0.000000,nomatch
ed_022422,1,13,13,0,0,0.000000,nomatch
ed_022426,1,12,12,0,0,0.000000,nomatch
ed_022429,1,18,18,0,0,0.000000,nomatch
ed_022433,2,14,14,0,0,0.000000,nomatch
ed_022436,1,9,9,0,0,0.000000,nomatch
ed_022439,1,8,8,0,0,0.000000,nomatch
ed_022442,1,9,9,0,0,0.000000,nomatch
ed_022445,2,13,13,0,0,0.000000,nomatch
ed_022449,1,7,7,0,0,0.000000,nomatch
ed_022452,1,10,10,0,0,0.000000,nomatch
ed_022455,5,53,53,1,0,0.072232,nonzero
ed_022458,2,23,23,0,0,0.000000,nomatch
ed_022461,1,7,7,0,0,0.000000,nomatch
ed_022464,1,6,6,0,0,0.000000,nomatch
ed_022467,3,40,40,1,0,0.083333,nonzero
ed_022470,3,14,14,1,0,0.113317,nonzero
ed_022476,1,12,12,0,0,0.000000,nomatch
ed_022479,1,12,12,0,0,0.000000,nomatch
ed_022483,1,5,5,0,0,0.000000,nomatch
ed_022486,1,8,8,0,0,0.000000,nomatch
ed_022489,2,12,12,1,0,0.130831,nonzero
ed_022492,1,15,15,0,0,0.000000,nomatch
ed_022495,1,8,8,0,0,0.000000,nomatch
ed_022498,3,20,20,0,0,0.000000,nomatch
ed_022501,1,6,6,0,0,0.000000,nomatch
ed_022504,1,7,7,0,0,0.000000,nomatch
ed_022507,3,18,18,1,0,0.042679,nonzero
ed_022510,1,7,7,0,0,0.000000,nomatch
ed_022513,2,13,13,1,0,-0.082757,nonzero
ed_022516,3,41,41,0,0,0.000000,nomatch
ed_022521,1,20,20,0,0,0.000000,nomatch
ed_022525,1,5,5,0,0,0.000000,nomatch
ed_022528,2,17,17,0,0,0.000000,nomatch
ed_022531,1,23,23,0,0,0.000000,nomatch
ed_022534,2,24,24,1,0,-0.210732,nonzero
ed_022540,1,12,12,0,0,0.000000,nomatch
ed_022543,1,4,4,1,0,0.361158,nonzero
ed_022547,1,13,13,0,0,0.000000,nomatch
ed_022552,1,15,15,0,0,0.000000,nomatch
ed_022556,3,21,21,1,0,-0.175581,nonzero
ed_022559,1,8,8,0,0,0.000000,nomatch
ed_022563,1,4,4,0,0,0.000000,nomatch
ed_022567,1,4,4,0,0,0.000000,nomatch
ed_022572,1,9,9,0,0,0.000000,nomatch
ed_022575,4,50,50,0,0,0.000000,nomatch
ed_022579,1,16,16,1,0,0.449704,nonzero
ed_022582,1,7,7,1,0,0.361158,nonzero
ed_022586,2,16,16,0,0,0.000000,nomatch
ed_022589,1,12,12,0,0,0.000000,nomatch
ed_022592,2,16,16,0,0,0.000000,nomatch
ed_022595,1,11,11,1,0,-0.458831,nonzero
ed_022598,2,19,19,1,0,-0.210732,nonzero
ed_022601,1,8,8,0,0,0.000000,nomatch
ed_022604,1,3,3,0,0,0.000000,nomatch
ed_022608,2,13,13,0,0,0.000000,nomatch
ed_022611,1,12,12,1,0,-0.655311,nonzero
ed_022614,2,18,18,0,0,0.000000,nomatch
ed_022617,1,4,4,0,0,0.000000,nomatch
ed_022621,1,21,21,0,0,0.000000,nomatch
ed_022625,1,16,16,0,0,0.000000,nomatch
ed_022628,2,14,14,1,0,-0.210732,nonzero
ed_022631,2,15,15,0,0,0.000000,nomatch
ed_022634,2,15,15,0,0,0.000000,nomatch
ed_022637,1,7,7,1,0,-0.458831,nonzero
ed_022641,1,19,19,0,0,0.000000,nomatch
ed_022644,2,18,18,0,0,0.000000,nomatch
ed_022647,1,18,18,1,0,-0.612372,nonzero
ed_022650,3,18,18,1,0,-0.042679,nonzero
ed_022653,1,11,11,1,0,0.177858,nonzero
ed_022658,2,14,14,0,0,0.000000,nomatch
ed_022661,2,30,30,3,0,0.644977,nonzero
ed_022664,3,21,21,1,0,0.164638,nonzero
ed_022668,1,12,12,0,0,0.000000,nomatch
ed_022671,4,73,73,2,0,-0.141142,nonzero
ed_022674,2,12,12,0,0,0.000000,nomatch
ed_022677,4,26,26,1,0,-0.084987,nonzero
ed_022680,1,10,10,1,0,-0.458831,nonzero
ed_022683,1,14,14,0,0,0.000000,nomatch
ed_022686,2,10,10,0,0,0.000000,nomatch
ed_022689,1,24,24,0,0,0.000000,nomatch
ed_022692,2,27,27,1,0,0.246957,nonzero
ed_022696,2,15,15,1,0,-0.045001,nonzero
ed_022699,2,32,32,1,0,-0.292941,nonzero
ed_022702,2,27,27,1,0,0.229415,nonzero
ed_022706,1,20,20,0,0,0.000000,nomatch
ed_022713,1,16,16,1,0,0.202289,nonzero
ed_022716,2,21,21,0,0,0.000000,nomatch
ed_022719,1,9,9,0,0,0.000000,nomatch
ed_022722,1,13,13,0,0,0.000000,nomatch
ed_022725,1,11,11,0,0,0.000000,nomatch
ed_022729,1,9,9,0,0,0.000000,nomatch
ed_022732,2,14,14,1,0,-0.243540,nonzero
ed_022735,1,6,6,0,0,0.000000,nomatch
ed_022739,2,24,24,0,0,0.000000,nomatch
ed_022742,3,31,31,3,0,0.373032,nonzero
ed_022745,2,17,17,0,0,0.000000,nomatch
ed_022748,1,7,7,0,0,0.000000,nomatch
ed_022751,3,24,24,2,0,0.097850,nonzero
ed_022755,1,15,15,0,0,0.000000,nomatch
ed_022758,3,12,12,2,0,-0.240772,nonzero
ed_022762,1,9,9,1,0,0.542326,nonzero
ed_022767,1,21,21,0,0,0.000000,nomatch
ed_022770,2,23,23,1,0,-0.327655,nonzero
ed_022773,2,15,15,1,1,0.229415,nonzero
ed_022776,2,17,17,1,0,0.125000,nonzero
ed_022779,2,22,22,0,0,0.000000,nomatch
ed_022782,2,29,29,0,0,0.000000,nomatch
ed_022785,2,21,21,0,0,0.000000,nomatch
ed_022788,1,11,11,0,0,0.000000,nomatch
ed_022791,2,13,13,0,0,0.000000,nomatch
ed_022794,1,5,5,0,0,0.000000,nomatch
ed_022798,1,9,9,0,0,0.000000,nomatch
ed_022801,2,19,19,0,0,0.000000,nomatch
ed_022804,1,11,11,0,0,0.000000,nomatch
ed_022807,2,18,18,1,0,0.125000,nonzero
ed_022811,3,42,42,0,0,0.000000,nomatch
ed_022814,2,12,12,1,0,-0.281620,nonzero
ed_022817,1,10,10,0,0,0.000000,nomatch
ed_022820,1,10,10,0,0,0.000000,nomatch
ed_022823,1,11,11,0,0,0.000000,nomatch
ed_022826,2,14,14,1,1,0.229415,nonzero
ed_022829,2,21,21,3,0,-0.507825,nonzero
ed_022835,2,18,18,0,0,0.000000,nomatch
ed_022838,1,13,13,0,0,0.000000,nomatch
ed_022842,1,3,3,0,0,0.000000,nomatch
ed_022848,2,17,17,0,0,0.000000,nomatch
ed_022851,1,10,10,1,0,0.361158,nonzero
ed_022854,2,10,10,0,0,0.000000,nomatch
ed_022857,2,16,16,1,0,-0.229415,nonzero
ed_022860,1,10,10,1,0,0.526742,nonzero
ed_022863,1,7,7,0,0,0.000000,nomatch
ed_022866,1,13,13,0,0,0.000000,nomatch
ed_022869,2,20,20,0,0,0.000000,nomatch
ed_022872,1,10,10,0,0,0.000000,nomatch
ed_022875,2,14,14,1,0,-0.169975,nonzero
ed_022878,1,9,9,1,0,-0.458831,nonzero
ed_022881,1,5,5,0,0,0.000000,nomatch
ed_022885,3,17,17,1,0,-0.158886,nonzero
ed_022889,1,10,10,0,0,0.000000,nomatch
ed_022892,2,25,25,1,0,-0.210732,nonzero
ed_022896,1,18,18,0,1,-0.128037,nonzero
ed_022899,2,23,23,0,0,0.000000,nomatch
ed_022902,1,9,9,1,0,0.445087,nonzero
ed_022905,2,26,26,0,0,0.000000,nomatch
ed_022909,1,10,10,1,0,0.542326,nonzero
ed_022912,2,19,19,0,0,0.000000,nomatch
ed_022915,1,15,15,0,0,0.000000,nomatch
ed_022918,1,11,11,0,0,0.000000,nomatch
ed_022922,3,19,19,0,0,0.000000,nomatch
ed_022925,2,24,24,2,0,0.345638,nonzero
ed_022928,2,20,20,1,0,0.246957,nonzero
ed_022931,1,4,4,0,0,0.000000,nomatch
ed_022934,2,13,13,0,0,0.000000,nomatch
ed_022937,2,23,23,0,0,0.000000,nomatch
ed_022940,1,19,19,1,0,-0.458831,nonzero
ed_022945,2,25,25,0,0,0.000000,nomatch
ed_022948,2,21,21,0,0,0.000000,nomatch
ed_022951,1,7,7,0,0,0.000000,nomatch
ed_022954,2,29,29,0,1,-0.101144,nonzero
ed_022958,1,5,5,0,0,0.000000,nomatch
ed_022962,4,57,57,2,0,0.000000,cancel
ed_022965,2,20,20,1,0,0.229415,nonzero
ed_022968,2,17,17,1,0,-0.180579,nonzero
ed_022971,2,31,31,1,0,0.263371,nonzero
ed_022974,2,25,25,0,0,0.000000,nomatch
ed_022977,1,8,8,0,0,0.000000,nomatch
ed_022980,3,39,39,0,0,0.000000,nomatch
ed_022984,2,17,17,0,0,0.000000,nomatch
ed_022987,3,33,33,1,0,0.140488,nonzero
ed_022990,3,21,21,0,0,0.000000,nomatch
ed_022993,2,28,28,0,0,0.000000,nomatch
ed_022996,2,18,18,0,0,0.000000,nomatch
ed_022999,1,10,10,1,0,0.557370,nonzero
ed_023002,1,11,11,0,0,0.000000,nomatch
ed_023005,2,15,15,1,0,-0.210732,nonzero
ed_023008,1,8,8,0,0,0.000000,nomatch
ed_023011,2,20,20,1,0,-0.088929,nonzero
ed_023014,2,21,21,2,0,-0.318475,nonzero
ed_023017,2,21,21,0,0,0.000000,nomatch
ed_023021,3,52,52,1,0,0.042679,nonzero
ed_023024,2,44,44,1,0,0.125000,nonzero
ed_023027,1,10,10,0,0,0.000000,nomatch
ed_023030,2,25,25,0,0,0.000000,nomatch
ed_023033,2,11,11,0,0,0.000000,nomatch
ed_023036,1,11,11,0,0,0.000000,nomatch
ed_023039,2,38,38,2,0,-0.180579,nonzero
ed_023043,2,33,33,0,0,0.000000,nomatch
ed_023046,3,55,55,1,0,0.067430,nonzero
ed_023049,2,19,19,0,1,-0.064019,nonzero
ed_023052,2,15,15,0,0,0.000000,nomatch
ed_023055,3,45,45,1,0,0.083333,nonzero
ed_023058,3,33,33,2,0,-0.371381,nonzero
ed_023063,1,15,15,1,0,0.339950,nonzero
ed_023066,2,16,16,0,0,0.000000,nomatch
ed_023069,2,18,18,0,0,0.000000,nomatch
ed_023072,1,11,11,1,0,-0.476658,nonzero
ed_023075,3,12,12,1,0,-0.228283,nonzero
ed_023078,1,12,12,1,0,-0.361158,nonzero
ed_023081,1,19,19,0,0,0.000000,nomatch
ed_023084,2,36,36,0,0,0.000000,nomatch
ed_023087,3,44,44,2,0,0.240452,nonzero
ed_023090,2,17,17,0,0,0.000000,nomatch
ed_023093,3,79,79,0,0,0.000000,nomatch
ed_023096,2,19,19,0,0,0.000000,nomatch
ed_023099,1,11,11,0,0,0.000000,nomatch
ed_023102,2,14,14,1,1,0.229415,nonzero
ed_023105,3,37,37,1,0,-0.152944,nonzero
ed_023108,2,9,9,0,0,0.000000,nomatch
ed_023111,2,13,13,0,0,0.000000,nomatch
ed_023114,3,53,53,2,0,0.250210,nonzero
ed_023117,2,30,30,0,0,0.000000,nomatch
ed_023120,2,13,13,1,0,0.180579,nonzero
ed_023123,2,16,16,0,0,0.000000,nomatch
ed_023126,3,25,25,1,0,-0.152944,nonzero
ed_023129,1,18,18,0,0,0.000000,nomatch
ed_023132,2,14,14,0,0,0.000000,nomatch
ed_023135,2,25,25,0,0,0.000000,nomatch
ed_023138,2,18,18,0,0,0.000000,nomatch
ed_023141,2,19,19,1,0,0.246957,nonzero
ed_023144,2,24,24,0,0,0.000000,nomatch
ed_023147,2,17,17,0,0,0.000000,nomatch
ed_023150,2,14,14,1,0,0.210732,nonzero
ed_023153,2,23,23,1,0,-0.180579,nonzero
ed_023156,2,20,20,0,0,0.000000,nomatch
ed_023159,2,11,11,0,0,0.000000,nomatch
ed_023162,1,9,9,0,0,0.000000,nomatch
ed_023165,2,22,22,0,0,0.000000,nomatch
ed_023168,1,11,11,0,0,0.000000,nomatch
ed_023171,2,14,14,1,0,-0.180579,nonzero
ed_023174,3,22,22,2,1,-0.106324,nonzero
ed_023177,1,15,15,0,0,0.000000,nomatch
ed_023180,5,55,55,0,0,0.000000,nomatch
ed_023183,1,19,19,0,0,0.000000,nomatch
ed_023186,2,11,11,1,0,0.256122,nonzero
ed_023189,2,10,10,0,0,0.000000,nomatch
ed_023192,2,20,20,0,0,0.000000,nomatch
ed_023198,1,18,18,1,0,-0.421464,nonzero
ed_023201,2,13,13,0,0,0.000000,nomatch
ed_023204,1,16,16,0,0,0.000000,nomatch
ed_023207,1,10,10,0,0,0.000000,nomatch
ed_023210,2,9,9,0,0,0.000000,nomatch
ed_023213,2,20,20,0,0,0.000000,nomatch
ed_023216,1,20,20,0,0,0.000000,nomatch
ed_023219,2,18,18,1,0,0.229415,nonzero
ed_023222,2,18,18,1,0,-0.064019,nonzero
ed_023225,1,11,11,1,0,0.585882,nonzero
ed_023228,2,13,13,1,0,0.263371,nonzero
ed_023231,1,11,11,1,0,0.458831,nonzero
ed_023238,2,13,13,0,0,0.000000,nomatch
ed_023241,1,11,11,0,0,0.000000,nomatch
ed_023244,2,11,11,1,0,0.263371,nonzero
ed_023247,2,14,14,1,0,-0.180579,nonzero
ed_023250,2,18,18,1,0,0.180579,nonzero
ed_023253,2,16,16,1,0,0.229415,nonzero
ed_023256,2,19,19,2,0,0.396163,nonzero
ed_023259,2,17,17,0,0,0.000000,nomatch
ed_023262,2,14,14,0,0,0.000000,nomatch
ed_023269,2,12,12,0,0,0.000000,nomatch
ed_023272,2,30,30,0,0,0.000000,nomatch
ed_023275,2,13,13,1,0,-0.229415,nonzero
ed_023279,2,16,16,0,0,0.000000,nomatch
ed_023282,2,23,23,0,0,0.000000,nomatch
ed_023285,1,10,10,1,0,-0.684850,nonzero
ed_023288,2,20,20,0,0,0.000000,nomatch
ed_023291,3,24,24,1,0,0.152944,nonzero
ed_023294,2,19,19,0,0,0.000000,nomatch
ed_023298,2,21,21,0,0,0.000000,nomatch
ed_023301,2,15,15,1,0,-0.342425,nonzero
ed_023304,2,45,45,0,0,0.000000,nomatch
ed_023309,2,15,15,1,0,0.263371,nonzero
ed_023315,1,19,19,0,0,0.000000,nomatch
ed_023319,2,19,19,2,0,0.381122,nonzero
ed_023322,1,9,9,0,0,0.000000,nomatch
ed_023326,2,19,19,0,0,0.000000,nomatch
ed_023329,1,17,17,1,0,0.542326,nonzero
ed_023333,2,20,20,1,0,-0.180579,nonzero
ed_023336,2,14,14,0,0,0.000000,nomatch
ed_023339,2,27,27,0,0,0.000000,nomatch
ed_023342,2,16,16,0,0,0.000000,nomatch
ed_023345,1,8,8,0,0,0.000000,nomatch
ed_023349,2,15,15,1,0,-0.229415,nonzero
ed_023353,2,10,10,0,0,0.000000,nomatch
ed_023356,2,12,12,0,0,0.000000,nomatch
ed_023360,2,11,11,0,0,0.000000,nomatch
ed_023363,2,20,20,1,0,-0.306186,nonzero
ed_023366,1,11,11,0,0,0.000000,nomatch
ed_023369,2,8,8,0,0,0.000000,nomatch
ed_023372,1,12,12,1,0,0.458831,nonzero
ed_023377,1,13,13,0,0,0.000000,nomatch
ed_023383,2,15,15,1,0,0.263371,nonzero
ed_023387,2,12,12,1,0,-0.251165,nonzero
ed_023390,1,31,31,0,0,0.000000,nomatch
ed_023393,1,4,4,0,0,0.000000,nomatch
ed_023397,2,20,20,1,0,-0.210732,nonzero
ed_023400,2,15,15,0,0,0.000000,nomatch
ed_023403,2,12,12,1,0,-0.210732,nonzero
ed_023406,2,10,10,0,0,0.000000,nomatch
ed_023409,2,10,10,1,1,0.229415,nonzero
ed_023412,2,14,14,0,0,0.000000,nomatch
ed_023416,1,14,14,0,0,0.000000,nomatch
ed_023419,2,10,10,2,0,0.306186,nonzero
ed_023426,1,17,17,1,0,-0.339950,nonzero
ed_023429,2,12,12,0,0,0.000000,nomatch
ed_023433,1,14,14,1,0,0.309370,nonzero
ed_023436,2,13,13,0,0,0.000000,nomatch
ed_023439,2,13,13,0,0,0.000000,nomatch
ed_023442,1,13,13,2,0,0.757937,nonzero
ed_023446,1,5,5,0,0,0.000000,nomatch
ed_023449,1,10,10,0,0,0.000000,nomatch
ed_023452,1,9,9,0,0,0.000000,nomatch
ed_023455,2,29,29,0,0,0.000000,nomatch
ed_023458,1,16,16,0,0,0.000000,nomatch
ed_023462,1,6,6,0,0,0.000000,nomatch
ed_023465,2,13,13,1,0,-0.263371,nonzero
ed_023468,2,11,11,2,0,0.367573,nonzero
ed_023471,1,12,12,0,0,0.000000,nomatch
ed_023475,2,20,20,1,0,0.229415,nonzero
ed_023479,2,15,15,1,0,-0.243540,nonzero
ed_023482,1,6,6,0,0,0.000000,nomatch
ed_023489,2,14,14,0,0,0.000000,nomatch
ed_023493,1,5,5,0,0,0.000000,nomatch
ed_023496,1,7,7,0,0,0.000000,nomatch
ed_023499,1,14,14,0,0,0.000000,nomatch
ed_023503,2,11,11,0,0,0.000000,nomatch
ed_023507,2,26,26,1,0,-0.278685,nonzero
ed_023510,1,14,14,0,0,0.000000,nomatch
ed_023513,1,8,8,0,0,0.000000,nomatch
ed_023517,2,23,23,1,0,0.180579,nonzero
ed_023520,2,16,16,1,0,-0.278685,nonzero
ed_023523,1,9,9,0,0,0.000000,nomatch
ed_023526,1,6,6,0,0,0.000000,nomatch
ed_023529,1,11,11,1,0,0.642809,nonzero
ed_023532,2,10,10,0,0,0.000000,nomatch
ed_023535,1,7,7,0,0,0.000000,nomatch
ed_023539,1,6,6,0,0,0.000000,nomatch
ed_023542,1,12,12,0,0,0.000000,nomatch
ed_023545,2,26,26,0,0,0.000000,nomatch
ed_023551,1,12,12,1,0,0.526742,nonzero
ed_023555,2,17,17,1,0,0.263371,nonzero
ed_023559,2,15,15,0,0,0.000000,nomatch
ed_023562,1,5,5,0,0,0.000000,nomatch
ed_023566,1,10,10,0,0,0.000000,nomatch
ed_023569,2,17,17,2,0,-0.443950,nonzero
ed_023572,2,25,25,1,0,0.180579,nonzero
ed_023578,1,12,12,0,0,0.000000,nomatch
ed_023581,2,17,17,0,0,0.000000,nomatch
ed_023584,2,27,27,1,0,-0.229415,nonzero
ed_023587,2,15,15,0,0,0.000000,nomatch
ed_023591,1,7,7,0,0,0.000000,nomatch
ed_023594,1,17,17,0,0,0.000000,nomatch
ed_023597,1,14,14,0,0,0.000000,nomatch
ed_023604,2,36,36,1,0,0.271163,nonzero
ed_023607,1,7,7,0,0,0.000000,nomatch
ed_023612,1,5,5,0,0,0.000000,nomatch
ed_023616,2,17,17,1,0,0.210732,nonzero
ed_023619,2,14,14,2,0,-0.391311,nonzero
ed_023622,2,31,31,0,1,-0.064019,nonzero
ed_023625,2,36,36,1,0,-0.180579,nonzero
ed_023628,1,7,7,0,0,0.000000,nomatch
ed_023631,2,19,19,0,0,0.000000,nomatch
ed_023634,2,14,14,0,0,0.000000,nomatch
ed_023637,1,16,16,0,0,0.000000,nomatch
ed_023640,1,5,5,0,0,0.000000,nomatch
ed_023643,1,8,8,1,0,-0.361158,nonzero
ed_023646,2,25,25,0,0,0.000000,nomatch
ed_023649,1,11,11,2,0,0.000000,cancel
ed_023652,2,14,14,1,0,-0.342425,nonzero
ed_023655,1,4,4,0,0,0.000000,nomatch
ed_023659,1,7,7,0,0,0.000000,nomatch
ed_023662,2,28,28,1,0,0.278685,nonzero
ed_023665,1,9,9,0,0,0.000000,nomatch
ed_023668,1,8,8,1,0,-0.421464,nonzero
ed_023671,1,6,6,0,0,0.000000,nomatch
ed_023674,1,8,8,0,0,0.000000,nomatch
ed_023680,1,8,8,1,0,-0.655311,nonzero
ed_023683,2,17,17,0,0,0.000000,nomatch
ed_023686,1,6,6,0,0,0.000000,nomatch
ed_023689,3,21,21,1,0,0.164638,nonzero
ed_023692,1,4,4,0,0,0.000000,nomatch
ed_023695,2,24,24,2,0,0.036225,nonzero
ed_023698,1,6,6,0,0,0.000000,nomatch
ed_023701,1,9,9,0,0,0.000000,nomatch
ed_023704,2,30,30,0,0,0.000000,nomatch
ed_023707,1,10,10,0,0,0.000000,nomatch
ed_023710,2,31,31,1,0,-0.289473,nonzero
ed_023713,1,4,4,0,0,0.000000,nomatch
ed_023716,1,5,5,1,0,-0.361158,nonzero
ed_023719,1,4,4,1,0,-0.655311,nonzero
ed_023726,1,9,9,0,0,0.000000,nomatch
ed_023729,2,37,37,0,0,0.000000,nomatch
ed_023732,2,11,11,1,0,-0.327655,nonzero
ed_023735,1,6,6,0,0,0.000000,nomatch
ed_023738,1,8,8,0,0,0.000000,nomatch
ed_023741,1,7,7,1,0,0.361158,nonzero
ed_023745,1,9,9,0,0,0.000000,nomatch
ed_023748,1,5,5,0,0,0.000000,nomatch
ed_023751,1,6,6,0,0,0.000000,nomatch
ed_023754,2,29,29,0,0,0.000000,nomatch
ed_023757,1,8,8,0,0,0.000000,nomatch
ed_023760,2,16,16,3,0,0.319322,nonzero
ed_023763,2,24,24,0,0,0.000000,nomatch
ed_023766,1,11,11,0,0,0.000000,nomatch
ed_023769,2,38,38,0,0,0.000000,nomatch
ed_023772,1,11,11,0,0,0.000000,nomatch
ed_023775,2,11,11,0,0,0.000000,nomatch
ed_023778,1,11,11,1,0,-0.361158,nonzero
ed_023781,1,4,4,0,0,0.000000,nomatch
ed_023785,2,20,20,0,0,0.000000,nomatch
ed_023788,2,29,29,0,0,0.000000,nomatch
ed_023791,2,22,22,1,0,0.321404,nonzero
ed_023796,1,6,6,1,0,0.361158,nonzero
ed_023800,2,28,28,0,0,0.000000,nomatch
ed_023803,2,3,3,0,0,0.000000,nomatch
ed_023807,2,14,14,0,0,0.000000,nomatch
ed_023812,1,8,8,0,0,0.000000,nomatch
ed_023815,1,8,8,0,0,0.000000,nomatch
ed_023818,2,33,33,1,0,0.246957,nonzero
ed_023825,2,26,26,1,0,-0.224852,nonzero
ed_023828,1,11,11,1,0,0.361158,nonzero
ed_023831,1,8,8,1,0,-0.545378,nonzero
ed_023834,2,31,31,0,0,0.000000,nomatch
ed_023837,1,4,4,0,0,0.000000,nomatch
ed_023841,2,26,26,0,0,0.000000,nomatch
ed_023844,1,9,9,1,0,-0.526742,nonzero
ed_023847,1,10,10,0,0,0.000000,nomatch
ed_023850,1,8,8,0,0,0.000000,nomatch
ed_023853,2,35,35,0,0,0.000000,nomatch
ed_023856,1,15,15,1,0,-0.421464,nonzero
ed_023859,1,6,6,0,0,0.000000,nomatch
ed_023863,2,13,13,1,0,0.321404,nonzero
ed_023868,1,6,6,0,0,0.000000,nomatch
ed_023871,3,36,36,1,0,0.149901,nonzero
ed_023875,1,12,12,1,0,0.542326,nonzero
ed_023878,2,31,31,1,0,0.071552,nonzero
ed_023881,1,11,11,0,0,0.000000,nomatch
ed_023884,1,9,9,1,0,0.421464,nonzero
ed_023887,1,13,13,0,0,0.000000,nomatch
ed_023890,1,5,5,0,0,0.000000,nomatch
ed_023893,1,4,4,0,0,0.000000,nomatch
ed_023897,1,12,12,1,0,0.458831,nonzero
ed_023900,1,5,5,0,0,0.000000,nomatch
ed_023904,2,22,22,0,0,0.000000,nomatch
ed_023908,1,7,7,1,0,0.493915,nonzero
ed_023911,2,30,30,1,0,-0.229415,nonzero
ed_023914,1,11,11,0,0,0.000000,nomatch
ed_023917,1,4,4,0,0,0.000000,nomatch
ed_023921,1,7,7,1,0,-0.578947,nonzero
ed_023924,1,16,16,1,0,0.361158,nonzero
ed_023927,1,12,12,0,0,0.000000,nomatch
ed_023930,1,14,14,0,0,0.000000,nomatch
ed_023934,1,9,9,1,0,-0.585882,nonzero
ed_023937,1,6,6,0,0,0.000000,nomatch
ed_023940,1,11,11,0,0,0.000000,nomatch
ed_023943,2,25,25,0,0,0.000000,nomatch
ed_023946,1,7,7,1,0,0.458831,nonzero
ed_023950,1,16,16,0,0,0.000000,nomatch
ed_023953,2,27,27,1,1,0.242678,nonzero
ed_023956,1,15,15,0,0,0.000000,nomatch
ed_023959,1,5,5,0,0,0.000000,nomatch
ed_023962,2,14,14,1,0,0.278685,nonzero
ed_023965,1,8,8,0,0,0.000000,nomatch
ed_023968,2,24,24,1,0,-0.180579,nonzero
ed_023971,2,26,26,0,0,0.000000,nomatch
ed_023974,1,5,5,1,0,-0.361158,nonzero
ed_023977,1,20,20,1,0,-0.421464,nonzero
ed_023980,1,9,9,1,0,0.458831,nonzero
ed_023984,1,10,10,0,0,0.000000,nomatch
ed_023987,1,7,7,0,0,0.000000,nomatch
ed_023990,2,32,32,1,0,0.180579,nonzero
ed_023993,1,9,9,1,1,0.485357,nonzero
ed_023996,2,25,25,0,0,0.000000,nomatch
ed_023999,1,13,13,0,0,0.000000,nomatch
ed_024002,2,15,15,0,0,0.000000,nomatch
ed_024005,2,31,31,1,0,-0.224852,nonzero
ed_024008,1,5,5,0,0,0.000000,nomatch
ed_024011,1,6,6,1,0,-0.421464,nonzero
ed_024014,1,10,10,0,0,0.000000,nomatch
ed_024017,3,16,16,0,0,0.000000,nomatch
ed_024020,1,5,5,0,0,0.000000,nomatch
ed_024023,1,13,13,0,0,0.000000,nomatch
ed_024026,1,8,8,0,0,0.000000,nomatch
ed_024029,2,35,35,1,0,-0.180579,nonzero
ed_024032,2,16,16,1,0,-0.243540,nonzero
ed_024035,1,10,10,1,0,0.542326,nonzero
ed_024038,2,19,19,0,0,0.000000,nomatch
ed_024041,2,19,19,1,0,0.064019,nonzero
ed_024044,1,14,14,0,0,0.000000,nomatch
ed_024047,1,7,7,0,0,0.000000,nomatch
ed_024050,1,10,10,1,0,-0.361158,nonzero
ed_024053,2,20,20,1,0,0.278685,nonzero
ed_024056,1,18,18,1,0,-0.128037,nonzero
ed_024060,2,14,14,0,0,0.000000,nomatch
ed_024063,1,17,17,1,0,0.557370,nonzero
ed_024066,2,37,37,0,0,0.000000,nomatch
ed_024069,3,19,19,2,0,-0.037053,nonzero
ed_024072,2,19,19,1,0,-0.229415,nonzero
ed_024075,1,8,8,0,0,0.000000,nomatch
ed_024078,1,8,8,0,0,0.000000,nomatch
ed_024081,1,9,9,0,0,0.000000,nomatch
ed_024084,1,5,5,0,0,0.000000,nomatch
ed_024088,1,11,11,1,0,-0.445087,nonzero
ed_024091,1,21,21,0,0,0.000000,nomatch
ed_024094,1,15,15,1,0,-0.578947,nonzero
ed_024097,2,37,37,0,0,0.000000,nomatch
ed_024100,1,5,5,0,0,0.000000,nomatch
ed_024103,1,16,16,0,0,0.000000,nomatch
ed_024106,1,11,11,0,0,0.000000,nomatch
ed_024109,2,28,28,2,0,0.108710,nonzero
ed_024112,2,14,14,1,1,0.229415,nonzero
ed_024115,1,11,11,0,0,0.000000,nomatch
ed_024118,1,15,15,0,0,0.000000,nomatch
ed_024121,1,8,8,0,0,0.000000,nomatch
ed_024124,1,8,8,1,0,-0.361158,nonzero
ed_024127,1,10,10,1,0,0.361158,nonzero
ed_024130,2,27,27,0,0,0.000000,nomatch
ed_024133,1,11,11,0,0,0.000000,nomatch
ed_024136,1,14,14,0,0,0.000000,nomatch
ed_024139,1,17,17,0,0,0.000000,nomatch
ed_024142,1,8,8,0,0,0.000000,nomatch
ed_024145,1,8,8,0,0,0.000000,nomatch
ed_024148,2,13,13,1,0,0.263371,nonzero
ed_024151,1,8,8,0,0,0.000000,nomatch
ed_024154,1,6,6,0,0,0.000000,nomatch
ed_024157,1,11,11,0,0,0.000000,nomatch
ed_024160,1,6,6,0,0,0.000000,nomatch
ed_024163,1,9,9,0,0,0.000000,nomatch
ed_024166,2,23,23,0,0,0.000000,nomatch
ed_024169,1,16,16,1,0,-0.526742,nonzero
ed_024172,1,5,5,0,0,0.000000,nomatch
ed_024175,2,19,19,2,1,0.048837,nonzero
ed_024178,1,9,9,1,0,0.585882,nonzero
ed_024181,3,26,26,1,0,0.152944,nonzero
ed_024184,1,10,10,1,0,-0.250000,nonzero
ed_024187,2,22,22,1,0,0.195971,nonzero
ed_024190,1,13,13,1,1,0.458831,nonzero
ed_024193,2,16,16,0,0,0.000000,nomatch
ed_024196,1,16,16,0,0,0.000000,nomatch
ed_024199,3,22,22,0,0,0.000000,nomatch
ed_024202,1,8,8,0,0,0.000000,nomatch
ed_024205,1,9,9,1,0,-0.493915,nonzero
ed_024208,1,12,12,2,0,-0.190117,nonzero
ed_024211,2,27,27,1,0,-0.180579,nonzero
ed_024214,1,14,14,0,0,0.000000,nomatch
ed_024217,3,29,29,0,0,0.000000,nomatch
ed_024220,2,15,15,0,0,0.000000,nomatch
ed_024223,1,11,11,0,0,0.000000,nomatch
ed_024226,1,11,11,1,0,-0.128037,nonzero
ed_024229,1,10,10,0,0,0.000000,nomatch
ed_024232,2,24,24,0,0,0.000000,nomatch
ed_024235,2,16,16,0,0,0.000000,nomatch
ed_024238,1,13,13,0,0,0.000000,nomatch
ed_024241,1,4,4,0,0,0.000000,nomatch
ed_024245,2,14,14,1,0,0.180579,nonzero
ed_024248,2,23,23,0,0,0.000000,nomatch
ed_024251,2,18,18,0,0,0.000000,nomatch
ed_024254,1,10,10,0,0,0.000000,nomatch
ed_024257,1,9,9,1,0,-0.612372,nonzero
ed_024260,2,12,12,1,0,-0.180579,nonzero
ed_024263,1,6,6,0,0,0.000000,nomatch
ed_024266,2,15,15,1,0,0.229415,nonzero
ed_024269,1,10,10,0,0,0.000000,nomatch
ed_024272,4,16,16,1,1,-0.140862,nonzero
ed_024275,2,21,21,0,0,0.000000,nomatch
ed_024278,2,8,8,1,0,-0.229415,nonzero
ed_024281,1,9,9,0,0,0.000000,nomatch
ed_024284,2,18,18,1,0,-0.263371,nonzero
ed_024287,2,18,18,0,0,0.000000,nomatch
ed_024290,2,49,49,3,0,0.370549,nonzero
ed_024293,1,10,10,0,0,0.000000,nomatch
ed_024296,1,14,14,0,0,0.000000,nomatch
ed_024299,2,13,13,0,0,0.000000,nomatch
ed_024302,1,10,10,0,0,0.000000,nomatch
ed_024306,1,7,7,0,0,0.000000,nomatch
ed_024309,3,24,24,0,0,0.000000,nomatch
ed_024312,1,7,7,0,0,0.000000,nomatch
ed_024315,1,7,7,0,0,0.000000,nomatch
ed_024318,1,6,6,1,0,-0.361158,nonzero
ed_024321,1,14,14,0,0,0.000000,nomatch
ed_024324,2,15,15,0,0,0.000000,nomatch
ed_024327,2,16,16,1,0,-0.210732,nonzero
ed_024330,2,16,16,0,0,0.000000,nomatch
ed_024333,1,7,7,0,0,0.000000,nomatch
ed_024336,2,18,18,2,1,0.048837,nonzero
ed_024339,1,10,10,0,0,0.000000,nomatch
ed_024342,1,13,13,0,0,0.000000,nomatch
ed_024345,2,17,17,0,0,0.000000,nomatch
ed_024348,1,5,5,0,0,0.000000,nomatch
ed_024351,1,11,11,0,0,0.000000,nomatch
ed_024354,2,15,15,0,0,0.000000,nomatch
ed_024357,2,16,16,0,0,0.000000,nomatch
ed_024360,2,18,18,1,0,-0.210732,nonzero
ed_024363,1,22,22,0,0,0.000000,nomatch
ed_024367,1,8,8,0,0,0.000000,nomatch
ed_024370,1,14,14,0,0,0.000000,nomatch
ed_024373,1,12,12,0,0,0.000000,nomatch
ed_024376,2,12,12,1,0,-0.180579,nonzero
ed_024379,2,11,11,0,0,0.000000,nomatch
ed_024382,2,19,19,0,0,0.000000,nomatch
ed_024385,2,10,10,0,0,0.000000,nomatch
ed_024388,2,18,18,1,1,-0.344685,nonzero
ed_024391,1,8,8,1,0,0.526742,nonzero
ed_024394,1,24,24,1,0,0.128037,nonzero
ed_024400,2,15,15,0,0,0.000000,nomatch
ed_024403,1,11,11,0,0,0.000000,nomatch
ed_024406,1,14,14,0,0,0.000000,nomatch
ed_024409,1,5,5,0,0,0.000000,nomatch
ed_024412,2,18,18,2,1,0.048837,nonzero
ed_024415,1,7,7,0,0,0.000000,nomatch
ed_024418,2,23,23,1,0,-0.180579,nonzero
ed_024421,2,13,13,1,0,-0.180579,nonzero
ed_024424,2,22,22,0,0,0.000000,nomatch
ed_024427,2,16,16,0,0,0.000000,nomatch
ed_024430,1,9,9,1,0,-0.361158,nonzero
ed_024433,3,31,31,2,0,-0.295967,nonzero
ed_024436,2,18,18,0,0,0.000000,nomatch
ed_024439,2,11,11,0,0,0.000000,nomatch
ed_024442,2,19,19,0,0,0.000000,nomatch
ed_024445,1,12,12,0,0,0.000000,nomatch
ed_024448,1,10,10,1,0,0.361158,nonzero
ed_024451,1,12,12,1,0,-0.458831,nonzero
ed_024454,1,14,14,1,0,-0.361158,nonzero
ed_024457,1,11,11,0,0,0.000000,nomatch
ed_024460,1,13,13,1,0,-0.361158,nonzero
ed_024463,1,11,11,0,0,0.000000,nomatch
ed_024466,2,14,14,0,0,0.000000,nomatch
ed_024469,2,17,17,1,0,0.229415,nonzero
ed_024472,3,28,28,1,0,0.120386,nonzero
ed_024475,2,10,10,1,0,-0.263371,nonzero
ed_024478,2,11,11,1,0,-0.180579,nonzero
ed_024481,2,15,15,0,0,0.000000,nomatch
ed_024484,1,6,6,0,0,0.000000,nomatch
ed_024487,2,17,17,1,0,-0.263371,nonzero
ed_024490,2,11,11,0,0,0.000000,nomatch
ed_024493,1,6,6,0,0,0.000000,nomatch
ed_024496,2,11,11,1,0,-0.180579,nonzero
ed_024499,1,5,5,0,0,0.000000,nomatch
ed_024502,1,11,11,1,0,0.361158,nonzero
ed_024505,2,13,13,2,0,0.458831,nonzero
ed_024508,1,17,17,0,0,0.000000,nomatch
ed_024511,1,10,10,0,0,0.000000,nomatch
ed_024514,2,14,14,1,0,-0.229415,nonzero
ed_024517,2,14,14,0,0,0.000000,nomatch
ed_024520,2,20,20,1,0,-0.229415,nonzero
ed_024523,1,14,14,0,0,0.000000,nomatch
ed_024526,2,15,15,0,0,0.000000,nomatch
ed_024529,2,20,20,2,0,0.359210,nonzero
ed_024532,2,28,28,1,0,-0.224852,nonzero
ed_024536,1,7,7,0,0,0.000000,nomatch
ed_024539,1,16,16,0,0,0.000000,nomatch
ed_024542,1,6,6,0,0,0.000000,nomatch
ed_024545,1,12,12,0,0,0.000000,nomatch
ed_024549,1,13,13,0,0,0.000000,nomatch
ed_024552,2,16,16,0,0,0.000000,nomatch
ed_024555,1,4,4,0,0,0.000000,nomatch
ed_024558,1,12,12,0,0,0.000000,nomatch
ed_024561,1,20,20,0,0,0.000000,nomatch
ed_024564,1,13,13,0,0,0.000000,nomatch
ed_024567,1,6,6,1,0,-0.458831,nonzero
ed_024570,2,16,16,0,0,0.000000,nomatch
ed_024573,2,17,17,0,0,0.000000,nomatch
ed_024576,1,8,8,0,0,0.000000,nomatch
ed_024579,1,18,18,2,0,0.612372,nonzero
ed_024582,2,22,22,1,0,0.246957,nonzero
ed_024585,1,12,12,0,0,0.000000,nomatch
ed_024588,3,39,39,0,0,0.000000,nomatch
ed_024592,1,19,19,1,0,0.339950,nonzero
ed_024595,1,10,10,0,0,0.000000,nomatch
ed_024598,1,19,19,0,0,0.000000,nomatch
ed_024601,3,30,30,2,1,0.236277,nonzero
ed_024604,1,6,6,0,0,0.000000,nomatch
ed_024607,1,10,10,0,0,0.000000,nomatch
ed_024610,2,14,14,1,1,0.229415,nonzero
ed_024617,1,11,11,1,0,-0.458831,nonzero
ed_024620,1,16,16,1,0,-0.128037,nonzero
ed_024624,1,12,12,1,0,-0.339950,nonzero
ed_024627,1,11,11,0,0,0.000000,nomatch
ed_024633,2,16,16,1,0,0.246957,nonzero
ed_024636,1,9,9,0,0,0.000000,nomatch
ed_024639,2,16,16,0,0,0.000000,nomatch
ed_024642,2,24,24,0,0,0.000000,nomatch
ed_024645,1,7,7,0,0,0.000000,nomatch
ed_024648,1,8,8,0,0,0.000000,nomatch
ed_024651,2,11,11,1,0,0.271163,nonzero
ed_024654,2,26,26,1,0,0.088929,nonzero
ed_024658,1,16,16,0,0,0.000000,nomatch
ed_024661,1,15,15,1,0,0.361158,nonzero
ed_024665,1,9,9,0,0,0.000000,nomatch
ed_024668,1,11,11,0,0,0.000000,nomatch
ed_024671,1,15,15,0,0,0.000000,nomatch
ed_024674,2,18,18,1,0,0.210732,nonzero
ed_024678,1,15,15,0,0,0.000000,nomatch
ed_024684,2,34,34,0,0,0.000000,nomatch
ed_024689,2,15,15,2,0,-0.349852,nonzero
ed_024692,1,13,13,0,0,0.000000,nomatch
ed_024695,1,11,11,0,0,0.000000,nomatch
ed_024698,1,13,13,2,0,0.718421,nonzero
ed_024701,2,13,13,0,0,0.000000,nomatch
ed_024705,1,17,17,0,0,0.000000,nomatch
ed_024708,2,27,27,0,0,0.000000,nomatch
ed_024712,1,19,19,0,0,0.000000,nomatch
ed_024716,1,9,9,0,0,0.000000,nomatch
ed_024719,1,13,13,0,0,0.000000,nomatch
ed_024723,1,11,11,0,0,0.000000,nomatch
ed_024727,1,6,6,0,0,0.000000,nomatch
ed_024730,2,36,36,0,0,0.000000,nomatch
ed_024733,2,14,14,1,0,-0.174249,nonzero
ed_024739,1,16,16,1,0,0.578947,nonzero
ed_024742,2,15,15,0,0,0.000000,nomatch
ed_024746,1,18,18,2,0,0.718421,nonzero
ed_024749,1,11,11,0,0,0.000000,nomatch
ed_024752,1,13,13,0,0,0.000000,nomatch
ed_024755,1,14,14,0,0,0.000000,nomatch
ed_024758,1,25,25,2,0,0.510607,nonzero
ed_024761,1,6,6,0,0,0.000000,nomatch
ed_024764,1,18,18,2,0,-0.411765,nonzero
ed_024767,2,10,10,0,0,0.000000,nomatch
ed_024771,1,14,14,0,0,0.000000,nomatch
ed_024774,2,11,11,1,0,-0.169975,nonzero
ed_024778,2,16,16,0,0,0.000000,nomatch
ed_024781,1,12,12,0,0,0.000000,nomatch
ed_024784,2,10,10,0,0,0.000000,nomatch
ed_024788,1,14,14,0,0,0.000000,nomatch
ed_024791,1,11,11,0,0,0.000000,nomatch
ed_024795,2,14,14,0,0,0.000000,nomatch
ed_024799,2,17,17,0,0,0.000000,nomatch
ed_024803,1,19,19,1,0,0.542326,nonzero
ed_024806,1,12,12,1,0,0.361158,nonzero
ed_024809,1,13,13,0,0,0.000000,nomatch
ed_024813,1,15,15,0,0,0.000000,nomatch
ed_024816,1,13,13,1,0,-0.655311,nonzero
ed_024819,1,12,12,0,0,0.000000,nomatch
ed_024823,2,15,15,0,0,0.000000,nomatch
ed_024827,1,18,18,0,0,0.000000,nomatch
ed_024830,2,14,14,1,0,-0.306186,nonzero
ed_024834,1,13,13,0,0,0.000000,nomatch
ed_024837,2,17,17,0,0,0.000000,nomatch
ed_024841,1,12,12,1,0,-0.421464,nonzero
ed_024844,1,10,10,1,0,-0.421464,nonzero
ed_024847,3,16,16,0,0,0.000000,nomatch
ed_024851,1,16,16,1,0,0.458831,nonzero
ed_024854,3,21,21,1,0,0.175581,nonzero
ed_024858,1,15,15,0,0,0.000000,nomatch
ed_024863,1,16,16,0,0,0.000000,nomatch
ed_024869,4,56,56,0,0,0.000000,nomatch
ed_024872,1,15,15,0,0,0.000000,nomatch
ed_024875,2,11,11,0,0,0.000000,nomatch
ed_024881,3,18,18,0,0,0.000000,nomatch
ed_024885,1,11,11,1,0,-0.655311,nonzero
ed_024888,1,16,16,1,0,0.526742,nonzero
ed_024891,1,16,16,1,0,-0.389525,nonzero
ed_024894,2,35,35,0,0,0.000000,nomatch
ed_024897,2,17,17,1,0,-0.229415,nonzero
ed_024904,2,20,20,0,0,0.000000,nomatch
ed_024910,2,16,16,1,0,-0.180579,nonzero
ed_024914,1,14,14,2,0,0.743038,nonzero
ed_024917,2,22,22,0,0,0.000000,nomatch
ed_024921,2,11,11,1,0,-0.229415,nonzero
ed_024925,2,39,39,0,0,0.000000,nomatch
ed_024928,2,10,10,0,0,0.000000,nomatch
ed_024932,1,15,15,0,0,0.000000,nomatch
ed_024935,2,15,15,0,0,0.000000,nomatch
ed_024938,1,6,6,0,0,0.000000,nomatch
ed_024942,1,11,11,0,0,0.000000,nomatch
ed_024945,1,8,8,1,0,0.421464,nonzero
ed_024948,2,19,19,0,0,0.000000,nomatch
ed_024953,2,20,20,2,0,0.389126,nonzero
ed_024956,1,12,12,0,0,0.000000,nomatch
ed_024959,2,34,34,1,0,0.064019,nonzero
ed_024962,2,23,23,0,0,0.000000,nomatch
ed_024965,1,16,16,1,0,0.361158,nonzero
ed_024968,1,12,12,1,0,-0.493915,nonzero
ed_024971,1,10,10,2,0,-0.510607,nonzero
ed_024974,1,13,13,0,0,0.000000,nomatch
ed_024977,2,29,29,0,0,0.000000,nomatch
ed_024984,2,36,36,0,0,0.000000,nomatch
ed_024987,1,18,18,1,0,0.458831,nonzero
ed_024990,1,13,13,0,0,0.000000,nomatch
ed_024993,3,52,52,0,0,0.000000,nomatch
ed_024996,1,11,11,0,0,0.000000,nomatch
ed_024999,1,14,14,0,0,0.000000,nomatch
ed_025002,2,10,10,0,0,0.000000,nomatch
ed_025005,1,10,10,0,0,0.000000,nomatch
ed_025008,2,17,17,0,0,0.000000,nomatch
ed_025011,1,14,14,1,0,0.153093,nonzero
ed_025014,1,16,16,0,0,0.000000,nomatch
ed_025017,1,12,12,0,0,0.000000,nomatch
ed_025020,1,19,19,0,0,0.000000,nomatch
ed_025023,1,13,13,0,0,0.000000,nomatch
ed_025026,1,14,14,2,1,0.607231,nonzero
ed_025029,1,8,8,0,0,0.000000,nomatch
ed_025035,2,19,19,2,0,-0.088929,nonzero
ed_025038,2,14,14,0,0,0.000000,nomatch
ed_025041,1,12,12,1,0,-0.594036,nonzero
ed_025044,1,15,15,1,0,-0.655311,nonzero
ed_025047,1,5,5,1,0,-0.458831,nonzero
ed_025050,2,17,17,1,0,-0.229415,nonzero
ed_025053,2,13,13,1,0,-0.064019,nonzero
ed_025057,1,14,14,1,0,0.361158,nonzero
ed_025060,1,11,11,0,0,0.000000,nomatch
ed_025063,1,9,9,1,0,-0.684850,nonzero
ed_025066,1,16,16,1,0,-0.526742,nonzero
ed_025070,1,27,27,0,0,0.000000,nomatch
ed_025073,1,12,12,0,0,0.000000,nomatch
ed_025080,1,13,13,0,0,0.000000,nomatch
ed_025083,1,9,9,0,0,0.000000,nomatch
ed_025086,3,34,34,1,0,0.087221,nonzero
ed_025089,2,14,14,0,0,0.000000,nomatch
ed_025094,1,14,14,0,0,0.000000,nomatch
ed_025097,2,14,14,0,0,0.000000,nomatch
ed_025100,1,17,17,0,0,0.000000,nomatch
ed_025103,1,12,12,0,0,0.000000,nomatch
ed_025106,1,9,9,0,0,0.000000,nomatch
ed_025109,1,11,11,0,0,0.000000,nomatch
ed_025112,1,11,11,0,0,0.000000,nomatch
ed_025116,2,27,27,0,0,0.000000,nomatch
ed_025119,2,18,18,0,0,0.000000,nomatch
ed_025123,1,13,13,0,0,0.000000,nomatch
ed_025126,2,15,15,1,0,0.180579,nonzero
ed_025129,1,13,13,0,0,0.000000,nomatch
ed_025132,2,41,41,0,0,0.000000,nomatch
ed_025135,1,5,5,1,0,-0.458831,nonzero
ed_025138,1,7,7,0,0,0.000000,nomatch
ed_025141,1,10,10,0,0,0.000000,nomatch
ed_025148,2,24,24,0,0,0.000000,nomatch
ed_025151,2,21,21,0,0,0.000000,nomatch
ed_025154,2,17,17,0,0,0.000000,nomatch
ed_025157,1,11,11,0,0,0.000000,nomatch
ed_025161,1,7,7,0,0,0.000000,nomatch
ed_025164,1,18,18,1,0,0.361158,nonzero
ed_025168,1,9,9,0,0,0.000000,nomatch
ed_025171,2,10,10,1,0,-0.113174,nonzero
ed_025175,1,10,10,0,0,0.000000,nomatch
ed_025178,3,28,28,0,0,0.000000,nomatch
ed_025181,2,18,18,0,0,0.000000,nomatch
ed_025184,1,11,11,2,1,0.585882,nonzero
ed_025187,2,29,29,1,0,-0.210732,nonzero
ed_025191,2,14,14,0,0,0.000000,nomatch
ed_025194,1,12,12,0,0,0.000000,nomatch
ed_025198,2,14,14,1,0,0.311213,nonzero
ed_025202,2,17,17,2,1,-0.435584,nonzero
ed_025205,2,14,14,0,0,0.000000,nomatch
ed_025208,1,14,14,0,0,0.000000,nomatch
ed_025211,2,28,28,0,0,0.000000,nomatch
ed_025214,1,15,15,0,0,0.000000,nomatch
ed_025217,1,9,9,0,0,0.000000,nomatch
ed_025220,1,12,12,0,0,0.000000,nomatch
ed_025223,2,11,11,1,0,0.292941,nonzero
ed_025226,1,10,10,0,0,0.000000,nomatch
ed_025229,1,15,15,0,0,0.000000,nomatch
ed_025232,2,19,19,2,0,-0.409994,nonzero
ed_025235,2,18,18,1,0,0.263371,nonzero
ed_025238,1,8,8,0,0,0.000000,nomatch
ed_025241,2,26,26,1,0,-0.180579,nonzero
ed_025244,2,16,16,0,0,0.000000,nomatch
ed_025247,2,25,25,0,0,0.000000,nomatch
ed_025250,2,17,17,1,0,-0.180579,nonzero
ed_025253,2,30,30,0,0,0.000000,nomatch
ed_025256,2,19,19,1,0,-0.263371,nonzero
ed_025259,2,44,44,0,0,0.000000,nomatch
ed_025263,2,23,23,0,0,0.000000,nomatch
ed_025266,1,9,9,1,0,0.458831,nonzero
ed_025269,1,10,10,0,0,0.000000,nomatch
ed_025273,2,15,15,1,0,-0.342425,nonzero
ed_025276,1,8,8,0,0,0.000000,nomatch
ed_025279,2,17,17,0,0,0.000000,nomatch
ed_025282,3,33,33,1,0,-0.083333,nonzero
ed_025285,1,15,15,1,0,0.361158,nonzero
ed_025288,1,11,11,1,0,-0.361158,nonzero
ed_025291,1,10,10,0,0,0.000000,nomatch
ed_025294,2,11,11,1,0,0.180579,nonzero
ed_025297,1,8,8,0,0,0.000000,nomatch
ed_025300,1,3,3,0,0,0.000000,nomatch
ed_025304,2,23,23,1,0,0.210732,nonzero
ed_025307,1,7,7,0,0,0.000000,nomatch
ed_025310,1,6,6,0,0,0.000000,nomatch
ed_025313,2,27,27,0,0,0.000000,nomatch
ed_025316,1,12,12,0,0,0.000000,nomatch
ed_025319,2,28,28,0,0,0.000000,nomatch
ed_025323,1,15,15,0,0,0.000000,nomatch
ed_025326,2,14,14,0,0,0.000000,nomatch
ed_025329,2,11,11,0,0,0.000000,nomatch
ed_025332,1,12,12,0,0,0.000000,nomatch
ed_025335,3,40,40,0,0,0.000000,nomatch
ed_025338,1,12,12,0,0,0.000000,nomatch
ed_025341,3,56,56,1,0,-0.152944,nonzero
ed_025344,2,16,16,0,0,0.000000,nomatch
ed_025347,2,24,24,0,0,0.000000,nomatch
ed_025350,1,11,11,0,0,0.000000,nomatch
ed_025353,2,17,17,1,0,0.101144,nonzero
ed_025356,2,23,23,0,0,0.000000,nomatch
ed_025359,2,13,13,1,0,-0.125000,nonzero
ed_025362,2,16,16,0,0,0.000000,nomatch
ed_025365,2,25,25,0,0,0.000000,nomatch
ed_025368,2,12,12,2,0,-0.116560,nonzero
ed_025371,2,10,10,0,0,0.000000,nomatch
ed_025374,1,8,8,0,0,0.000000,nomatch
ed_025377,2,23,23,0,0,0.000000,nomatch
ed_025380,2,19,19,0,0,0.000000,nomatch
ed_025383,1,11,11,1,0,0.458831,nonzero
ed_025386,1,12,12,1,0,0.458831,nonzero
ed_025392,1,11,11,0,0,0.000000,nomatch
ed_025395,1,5,5,0,0,0.000000,nomatch
ed_025396,1,14,14,0,0,0.000000,nomatch
ed_025399,3,50,50,0,0,0.000000,nomatch
ed_025402,2,15,15,0,0,0.000000,nomatch
ed_025405,1,14,14,0,0,0.000000,nomatch
ed_025408,2,21,21,0,0,0.000000,nomatch
ed_025411,1,26,26,1,0,0.361158,nonzero
ed_025418,2,18,18,0,0,0.000000,nomatch
ed_025421,2,20,20,1,0,-0.224852,nonzero
ed_025424,2,48,48,1,0,-0.210732,nonzero
ed_025427,2,35,35,0,0,0.000000,nomatch
ed_025430,2,17,17,0,0,0.000000,nomatch
ed_025435,2,31,31,0,0,0.000000,nomatch
ed_025439,2,21,21,1,0,0.198974,nonzero
ed_025442,2,16,16,0,0,0.000000,nomatch
ed_025445,2,16,16,1,1,0.229415,nonzero
ed_025448,1,8,8,1,0,-0.361158,nonzero
ed_025451,2,17,17,0,0,0.000000,nomatch
ed_025454,1,22,22,0,0,0.000000,nomatch
ed_025461,2,17,17,0,0,0.000000,nomatch
ed_025464,1,5,5,0,0,0.000000,nomatch
ed_025467,2,21,21,1,0,-0.064019,nonzero
ed_025470,3,24,24,0,0,0.000000,nomatch
ed_025473,1,6,6,0,0,0.000000,nomatch
ed_025476,2,19,19,1,0,0.246957,nonzero
ed_025480,1,9,9,0,0,0.000000,nomatch
ed_025483,2,33,33,2,0,-0.324279,nonzero
ed_025486,1,14,14,0,0,0.000000,nomatch
ed_025491,2,24,24,0,0,0.000000,nomatch
ed_025495,1,4,4,0,0,0.000000,nomatch
ed_025500,2,18,18,1,0,0.180579,nonzero
ed_025504,3,30,30,1,0,-0.055171,nonzero
ed_025507,1,16,16,2,0,0.585882,nonzero
ed_025514,3,21,21,0,0,0.000000,nomatch
ed_025518,3,40,40,0,0,0.000000,nomatch
ed_025521,1,6,6,0,0,0.000000,nomatch
ed_025524,1,20,20,1,0,0.421464,nonzero
ed_025527,2,12,12,0,0,0.000000,nomatch
ed_025530,1,17,17,0,0,0.000000,nomatch
ed_025534,2,18,18,0,0,0.000000,nomatch
ed_025537,1,22,22,0,0,0.000000,nomatch
ed_025542,1,5,5,0,0,0.000000,nomatch
ed_025545,2,23,23,1,0,-0.045001,nonzero
ed_025549,2,19,19,1,0,0.180579,nonzero
ed_025552,1,9,9,0,0,0.000000,nomatch
ed_025555,1,16,16,0,0,0.000000,nomatch
ed_025558,1,14,14,0,0,0.000000,nomatch
ed_025561,1,14,14,0,0,0.000000,nomatch
ed_025564,2,14,14,0,0,0.000000,nomatch
ed_025567,1,10,10,0,0,0.000000,nomatch
ed_025570,4,68,68,1,0,-0.090289,nonzero
ed_025573,1,8,8,0,0,0.000000,nomatch
ed_025576,1,6,6,0,0,0.000000,nomatch
ed_025579,3,22,22,2,0,0.273179,nonzero
ed_025585,2,52,52,1,0,-0.327655,nonzero
ed_025588,2,26,26,0,0,0.000000,nomatch
ed_025591,1,18,18,0,0,0.000000,nomatch
ed_025594,1,8,8,1,0,-0.361158,nonzero
ed_025597,1,6,6,0,0,0.000000,nomatch
ed_025600,2,25,25,0,0,0.000000,nomatch
ed_025603,3,37,37,0,0,0.000000,nomatch
ed_025606,1,8,8,0,0,0.000000,nomatch
ed_025609,2,27,27,0,0,0.000000,nomatch
ed_025612,2,21,21,1,0,0.229415,nonzero
ed_025615,3,15,15,0,0,0.000000,nomatch
ed_025618,2,27,27,0,0,0.000000,nomatch
ed_025621,1,7,7,0,0,0.000000,nomatch
ed_025624,1,7,7,0,0,0.000000,nomatch
ed_025627,2,17,17,2,0,0.012906,nonzero
ed_025630,2,20,20,1,0,-0.210732,nonzero
ed_025633,2,19,19,1,0,0.125000,nonzero
ed_025636,3,23,23,1,0,0.152944,nonzero
ed_025640,1,13,13,0,0,0.000000,nomatch
ed_025643,2,12,12,0,0,0.000000,nomatch
ed_025646,4,49,49,2,0,-0.079553,nonzero
ed_025649,2,34,34,1,0,0.210732,nonzero
ed_025652,2,17,17,1,0,0.180579,nonzero
ed_025656,3,31,31,0,0,0.000000,nomatch
ed_025659,2,38,38,1,0,0.125000,nonzero
ed_025662,2,18,18,0,0,0.000000,nomatch
ed_025665,2,20,20,0,0,0.000000,nomatch
ed_025669,2,14,14,1,0,0.229415,nonzero
ed_025672,3,21,21,0,0,0.000000,nomatch
ed_025675,1,12,12,0,0,0.000000,nomatch
ed_025678,2,26,26,0,0,0.000000,nomatch
ed_025681,3,31,31,0,0,0.000000,nomatch
ed_025684,2,25,25,0,0,0.000000,nomatch
ed_025687,2,22,22,1,0,-0.180579,nonzero
ed_025690,2,13,13,0,0,0.000000,nomatch
ed_025693,3,22,22,0,0,0.000000,nomatch
ed_025696,1,6,6,1,1,0.458831,nonzero
ed_025699,2,27,27,1,0,-0.064019,nonzero
ed_025702,2,18,18,0,0,0.000000,nomatch
ed_025705,2,23,23,0,0,0.000000,nomatch
ed_025709,3,56,56,0,0,0.000000,nomatch
ed_025712,2,21,21,0,0,0.000000,nomatch
ed_025715,1,17,17,0,0,0.000000,nomatch
ed_025719,2,32,32,1,0,-0.210732,nonzero
ed_025722,2,34,34,0,0,0.000000,nomatch
ed_025725,2,24,24,1,0,-0.180579,nonzero
ed_025728,3,40,40,1,0,-0.198012,nonzero
ed_025731,3,31,31,0,0,0.000000,nomatch
ed_025734,1,13,13,1,0,-0.361158,nonzero
ed_025738,2,16,16,0,0,0.000000,nomatch
ed_025741,1,15,15,1,0,0.709560,nonzero
ed_025744,3,21,21,1,0,0.152944,nonzero
ed_025747,3,26,26,1,0,-0.087221,nonzero
ed_025750,1,13,13,1,0,-0.361158,nonzero
ed_025753,2,25,25,0,0,0.000000,nomatch
ed_025756,2,22,22,1,0,-0.263371,nonzero
ed_025759,2,38,38,1,0,0.263371,nonzero
ed_025763,3,25,25,1,0,-0.116166,nonzero
ed_025766,1,15,15,0,0,0.000000,nomatch
ed_025769,2,71,71,0,0,0.000000,nomatch
ed_025772,1,5,5,0,0,0.000000,nomatch
ed_025775,1,8,8,0,0,0.000000,nomatch
ed_025778,3,31,31,0,0,0.000000,nomatch
ed_025781,2,15,15,1,0,-0.180579,nonzero
ed_025784,2,35,35,1,0,-0.327655,nonzero
ed_025787,1,12,12,0,0,0.000000,nomatch
ed_025790,2,36,36,1,0,0.229415,nonzero
ed_025793,1,14,14,2,0,-0.208340,nonzero
ed_025796,1,12,12,1,0,0.542326,nonzero
ed_025799,3,29,29,0,0,0.000000,nomatch
ed_025802,1,15,15,1,0,0.128037,nonzero
ed_025805,1,17,17,1,0,0.361158,nonzero
ed_025808,2,17,17,1,0,-0.210732,nonzero
ed_025811,3,30,30,1,0,-0.140488,nonzero
ed_025814,1,18,18,0,0,0.000000,nomatch
ed_025817,3,30,30,0,0,0.000000,nomatch
ed_025820,1,8,8,1,0,0.612372,nonzero
ed_025823,3,24,24,0,0,0.000000,nomatch
ed_025826,1,17,17,0,0,0.000000,nomatch
ed_025829,1,12,12,0,0,0.000000,nomatch
ed_025832,3,29,29,2,0,-0.223493,nonzero
ed_025835,3,27,27,0,1,-0.042679,nonzero
ed_025838,1,13,13,0,0,0.000000,nomatch
ed_025841,1,15,15,0,0,0.000000,nomatch
ed_025844,1,7,7,0,0,0.000000,nomatch
ed_025847,1,11,11,1,0,0.493915,nonzero
ed_025850,2,17,17,1,0,-0.210732,nonzero
ed_025853,1,9,9,1,0,0.526742,nonzero
ed_025856,1,14,14,1,0,0.361158,nonzero
ed_025859,2,16,16,2,0,0.229415,nonzero
ed_025862,1,14,14,0,0,0.000000,nomatch
ed_025865,2,18,18,2,0,0.408812,nonzero
ed_025868,1,11,11,0,0,0.000000,nomatch
ed_025871,1,18,18,0,0,0.000000,nomatch
ed_025874,2,37,37,0,0,0.000000,nomatch
ed_025877,1,13,13,0,0,0.000000,nomatch
ed_025880,2,24,24,0,0,0.000000,nomatch
ed_025883,1,12,12,1,0,-0.361158,nonzero
ed_025886,1,14,14,1,0,-0.421464,nonzero
ed_025889,2,22,22,1,0,0.289473,nonzero
ed_025892,1,13,13,0,0,0.000000,nomatch
ed_025895,1,38,38,1,0,0.128037,nonzero
ed_025898,1,21,21,1,0,0.361158,nonzero
ed_025901,2,16,16,1,0,0.180579,nonzero
ed_025904,1,9,9,0,0,0.000000,nomatch
ed_025910,1,8,8,0,0,0.000000,nomatch
ed_025913,1,16,16,1,0,0.493915,nonzero
ed_025916,3,33,33,1,0,0.175581,nonzero
ed_025919,1,12,12,0,0,0.000000,nomatch
ed_025923,1,19,19,2,0,-0.670478,nonzero
ed_025926,2,14,14,0,0,0.000000,nomatch
ed_025929,2,22,22,0,0,0.000000,nomatch
ed_025932,1,14,14,0,0,0.000000,nomatch
ed_025935,1,12,12,1,0,0.493915,nonzero
ed_025938,1,19,19,1,0,0.458831,nonzero
ed_025941,2,17,17,1,0,0.229415,nonzero
ed_025944,1,20,20,0,1,-0.128037,nonzero
ed_025948,1,14,14,1,1,0.284646,nonzero
ed_025951,1,21,21,0,0,0.000000,nomatch
ed_025955,1,16,16,0,0,0.000000,nomatch
ed_025958,2,22,22,0,0,0.000000,nomatch
ed_025962,1,14,14,0,0,0.000000,nomatch
ed_025965,2,18,18,1,0,0.229415,nonzero
ed_025968,1,11,11,2,1,-0.526742,nonzero
ed_025971,1,17,17,0,0,0.000000,nomatch
ed_025974,1,17,17,1,0,-0.684850,nonzero
ed_025977,1,7,7,0,0,0.000000,nomatch
ed_025980,2,19,19,1,0,-0.180579,nonzero
ed_025983,1,9,9,1,0,0.295958,nonzero
ed_025986,1,16,16,0,0,0.000000,nomatch
ed_025989,1,7,7,0,0,0.000000,nomatch
ed_025993,2,24,24,1,0,0.180579,nonzero
ed_025996,1,11,11,0,0,0.000000,nomatch
ed_025999,2,16,16,0,0,0.000000,nomatch
ed_026002,2,23,23,1,0,0.229415,nonzero
ed_026009,1,16,16,1,0,-0.421464,nonzero
ed_026013,2,17,17,1,0,-0.210732,nonzero
ed_026018,1,21,21,0,0,0.000000,nomatch
ed_026021,1,12,12,0,0,0.000000,nomatch
ed_026024,1,13,13,0,0,0.000000,nomatch
ed_026028,1,8,8,0,0,0.000000,nomatch
ed_026031,1,14,14,1,0,-0.361158,nonzero
ed_026034,3,35,35,2,0,-0.017190,nonzero
ed_026037,2,17,17,1,0,0.246957,nonzero
ed_026040,1,8,8,0,0,0.000000,nomatch
ed_026043,1,17,17,1,0,-0.226348,nonzero
ed_026046,1,10,10,0,0,0.000000,nomatch
ed_026050,1,13,13,1,0,-0.421464,nonzero
ed_026053,1,9,9,0,0,0.000000,nomatch
ed_026056,3,30,30,0,0,0.000000,nomatch
ed_026059,1,7,7,0,0,0.000000,nomatch
ed_026062,2,14,14,0,0,0.000000,nomatch
ed_026065,2,16,16,0,0,0.000000,nomatch
ed_026068,2,42,42,0,0,0.000000,nomatch
ed_026071,1,12,12,0,0,0.000000,nomatch
ed_026074,1,5,5,0,0,0.000000,nomatch
ed_026078,3,26,26,1,0,-0.152944,nonzero
ed_026081,1,20,20,1,0,0.458831,nonzero
ed_026084,1,18,18,0,0,0.000000,nomatch
ed_026087,2,22,22,0,0,0.000000,nomatch
ed_026091,1,10,10,0,0,0.000000,nomatch
ed_026094,1,15,15,0,0,0.000000,nomatch
ed_026098,3,25,25,0,0,0.000000,nomatch
ed_026100,1,18,18,0,0,0.000000,nomatch
ed_026103,1,11,11,0,0,0.000000,nomatch
ed_026106,1,19,19,0,0,0.000000,nomatch
ed_026110,2,21,21,1,0,-0.342425,nonzero
ed_026113,4,21,21,1,0,0.177390,nonzero
ed_026116,2,19,19,1,0,-0.130831,nonzero
ed_026119,3,24,24,1,0,-0.140488,nonzero
ed_026122,1,18,18,0,0,0.000000,nomatch
ed_026125,2,16,16,1,0,-0.210732,nonzero
ed_026128,2,16,16,0,0,0.000000,nomatch
ed_026131,1,18,18,1,0,0.458831,nonzero
ed_026134,1,17,17,1,0,-0.684850,nonzero
ed_026137,2,16,16,1,0,0.180579,nonzero
ed_026141,1,33,33,1,0,0.250000,nonzero
ed_026144,2,8,8,1,0,-0.210732,nonzero
ed_026148,2,33,33,0,0,0.000000,nomatch
ed_026151,3,21,21,3,0,0.322796,nonzero
ed_026154,1,9,9,0,0,0.000000,nomatch
ed_026159,1,13,13,0,0,0.000000,nomatch
ed_026163,1,19,19,1,0,-0.421464,nonzero
ed_026166,1,17,17,0,0,0.000000,nomatch
ed_026169,2,18,18,0,0,0.000000,nomatch
ed_026172,2,34,34,1,0,0.278685,nonzero
ed_026176,2,22,22,1,0,-0.064019,nonzero
ed_026179,2,11,11,0,0,0.000000,nomatch
ed_026182,1,17,17,0,0,0.000000,nomatch
ed_026186,1,15,15,0,0,0.000000,nomatch
ed_026189,2,11,11,2,0,-0.508234,nonzero
ed_026192,1,7,7,0,0,0.000000,nomatch
ed_026195,2,9,9,0,0,0.000000,nomatch
ed_026199,2,10,10,1,0,0.180579,nonzero
ed_026202,2,13,13,1,0,0.180579,nonzero
ed_026206,1,21,21,0,0,0.000000,nomatch
ed_026210,2,31,31,1,0,0.246957,nonzero
ed_026213,2,17,17,2,0,0.552782,nonzero
ed_026217,3,22,22,3,0,-0.290588,nonzero
ed_026220,2,17,17,0,0,0.000000,nomatch
ed_026223,1,14,14,0,0,0.000000,nomatch
ed_026226,2,18,18,0,0,0.000000,nomatch
ed_026232,1,8,8,0,0,0.000000,nomatch
ed_026236,1,13,13,0,0,0.000000,nomatch
ed_026239,2,14,14,0,0,0.000000,nomatch
ed_026243,2,16,16,2,0,-0.458831,nonzero
ed_026246,2,26,26,1,0,-0.180579,nonzero
ed_026249,1,5,5,0,0,0.000000,nomatch
ed_026252,2,16,16,1,0,0.180579,nonzero
ed_026255,2,17,17,0,0,0.000000,nomatch
ed_026259,1,11,11,0,0,0.000000,nomatch
ed_026262,2,15,15,1,0,0.292941,nonzero
ed_026265,2,20,20,0,0,0.000000,nomatch
ed_026268,1,9,9,1,0,-0.128037,nonzero
ed_026274,1,17,17,0,0,0.000000,nomatch
ed_026281,1,14,14,0,0,0.000000,nomatch
ed_026286,2,14,14,0,0,0.000000,nomatch
ed_026290,1,9,9,0,0,0.000000,nomatch
ed_026293,1,10,10,0,0,0.000000,nomatch
ed_026296,2,15,15,1,0,0.180579,nonzero
ed_026300,1,24,24,0,0,0.000000,nomatch
ed_026304,2,16,16,1,0,-0.210732,nonzero
ed_026309,2,17,17,1,0,-0.229415,nonzero
ed_026313,1,13,13,0,0,0.000000,nomatch
ed_026316,2,15,15,0,0,0.000000,nomatch
ed_026320,1,16,16,0,1,-0.128037,nonzero
ed_026323,2,18,18,0,0,0.000000,nomatch
ed_026328,1,11,11,0,0,0.000000,nomatch
ed_026335,4,51,51,3,0,-0.062804,nonzero
ed_026339,1,15,15,0,0,0.000000,nomatch
ed_026342,4,51,51,1,0,0.032009,nonzero
ed_026345,2,13,13,1,0,-0.210732,nonzero
ed_026348,2,10,10,2,0,-0.409994,nonzero
ed_026351,3,19,19,1,0,-0.175581,nonzero
ed_026355,2,15,15,1,0,-0.064019,nonzero
ed_026359,1,19,19,0,0,0.000000,nomatch
ed_026362,2,13,13,0,0,0.000000,nomatch
ed_026365,3,52,52,3,0,0.280217,nonzero
ed_026368,1,7,7,0,0,0.000000,nomatch
ed_026375,2,12,12,1,0,-0.174249,nonzero
ed_026381,2,13,13,1,0,-0.064019,nonzero
ed_026384,1,15,15,0,0,0.000000,nomatch
ed_026387,1,11,11,0,0,0.000000,nomatch
ed_026390,2,17,17,0,0,0.000000,nomatch
ed_026393,2,11,11,1,0,0.271163,nonzero
ed_026396,2,15,15,0,0,0.000000,nomatch
ed_026399,1,8,8,0,0,0.000000,nomatch
ed_026403,1,6,6,0,0,0.000000,nomatch
ed_026406,1,9,9,0,0,0.000000,nomatch
ed_026409,1,17,17,1,0,0.542326,nonzero
ed_026412,1,17,17,1,0,0.458831,nonzero
ed_026416,1,9,9,1,0,0.493915,nonzero
ed_026419,2,17,17,0,0,0.000000,nomatch
ed_026425,1,13,13,1,0,-0.348498,nonzero
ed_026429,3,25,25,1,0,-0.120386,nonzero
ed_026432,1,13,13,0,0,0.000000,nomatch
ed_026435,2,15,15,1,1,0.142323,nonzero
ed_026439,2,28,28,2,0,0.335886,nonzero
ed_026442,2,19,19,0,0,0.000000,nomatch
ed_026445,3,23,23,2,0,-0.110265,nonzero
ed_026448,1,13,13,1,0,0.361158,nonzero
ed_026451,2,16,16,1,0,-0.180579,nonzero
ed_026454,3,48,48,0,0,0.000000,nomatch
ed_026457,2,28,28,0,0,0.000000,nomatch
ed_026460,4,43,43,0,0,0.000000,nomatch
ed_026463,1,6,6,0,0,0.000000,nomatch
ed_026466,1,10,10,0,0,0.000000,nomatch
ed_026469,2,21,21,0,0,0.000000,nomatch
ed_026472,2,18,18,0,0,0.000000,nomatch
ed_026476,2,42,42,0,0,0.000000,nomatch
ed_026480,1,18,18,0,0,0.000000,nomatch
ed_026483,1,9,9,0,0,0.000000,nomatch
ed_026486,2,37,37,2,0,-0.508234,nonzero
ed_026489,1,9,9,1,0,0.519066,nonzero
ed_026493,2,14,14,1,0,-0.180579,nonzero
ed_026497,1,13,13,1,0,0.458831,nonzero
ed_026500,3,35,35,4,0,0.191428,nonzero
ed_026503,2,11,11,1,0,0.229415,nonzero
ed_026510,2,13,13,0,0,0.000000,nomatch
ed_026513,3,18,18,0,0,0.000000,nomatch
ed_026516,1,5,5,0,0,0.000000,nomatch
ed_026520,1,16,16,0,0,0.000000,nomatch
ed_026523,1,16,16,0,0,0.000000,nomatch
ed_026527,1,11,11,0,0,0.000000,nomatch
ed_026531,2,12,12,0,0,0.000000,nomatch
ed_026535,2,11,11,0,0,0.000000,nomatch
ed_026538,2,18,18,1,0,0.130831,nonzero
ed_026541,1,17,17,0,0,0.000000,nomatch
ed_026544,2,17,17,0,0,0.000000,nomatch
ed_026547,3,27,27,0,0,0.000000,nomatch
ed_026550,2,12,12,0,0,0.000000,nomatch
ed_026553,2,14,14,2,0,-0.328558,nonzero
ed_026557,3,20,20,1,0,0.180775,nonzero
ed_026561,2,15,15,1,0,0.271163,nonzero
ed_026564,2,11,11,1,0,-0.180579,nonzero
ed_026567,2,19,19,1,0,-0.205882,nonzero
ed_026570,2,17,17,1,0,-0.180579,nonzero
ed_026573,1,14,14,0,0,0.000000,nomatch
ed_026576,1,19,19,0,0,0.000000,nomatch
ed_026579,2,17,17,2,0,-0.458831,nonzero
ed_026582,2,45,45,3,0,-0.371519,nonzero
ed_026585,2,17,17,1,0,0.180579,nonzero
ed_026588,1,4,4,0,0,0.000000,nomatch
ed_026591,2,14,14,0,0,0.000000,nomatch
ed_026595,1,12,12,0,0,0.000000,nomatch
ed_026598,1,13,13,0,0,0.000000,nomatch
ed_026601,2,14,14,1,0,0.229415,nonzero
ed_026604,2,14,14,1,0,-0.229415,nonzero
ed_026608,2,13,13,0,0,0.000000,nomatch
ed_026614,2,31,31,0,0,0.000000,nomatch
ed_026617,2,17,17,1,0,-0.327655,nonzero
ed_026620,2,25,25,1,0,0.064019,nonzero
ed_026624,2,12,12,0,0,0.000000,nomatch
ed_026627,2,17,17,2,0,0.392263,nonzero
ed_026631,1,16,16,1,0,0.458831,nonzero
ed_026634,1,12,12,0,0,0.000000,nomatch
ed_026637,1,19,19,0,0,0.000000,nomatch
ed_026640,1,7,7,0,0,0.000000,nomatch
ed_026643,1,15,15,0,0,0.000000,nomatch
ed_026646,1,16,16,0,0,0.000000,nomatch
ed_026649,1,53,53,0,0,0.000000,nomatch
ed_026652,2,31,31,1,0,0.263371,nonzero
ed_026655,2,27,27,2,0,0.271163,nonzero
ed_026659,1,11,11,1,0,0.585882,nonzero
ed_026662,2,15,15,0,0,0.000000,nomatch
ed_026666,3,39,39,2,0,0.000000,cancel
ed_026669,2,16,16,0,0,0.000000,nomatch
ed_026672,1,10,10,1,0,0.578947,nonzero
ed_026675,5,56,56,0,0,0.000000,nomatch
ed_026678,1,6,6,0,0,0.000000,nomatch
ed_026681,2,19,19,1,0,0.180579,nonzero
ed_026684,2,15,15,1,0,-0.229415,nonzero
ed_026687,2,14,14,1,0,-0.229415,nonzero
ed_026690,1,14,14,1,0,0.594036,nonzero
ed_026694,1,13,13,0,0,0.000000,nomatch
ed_026697,2,16,16,0,0,0.000000,nomatch
ed_026700,1,5,5,0,0,0.000000,nomatch
ed_026703,2,16,16,1,0,0.246957,nonzero
ed_026706,3,35,35,1,0,-0.120386,nonzero
ed_026710,1,10,10,0,0,0.000000,nomatch
ed_026713,2,26,26,2,0,0.229415,nonzero
ed_026717,2,19,19,0,0,0.000000,nomatch
ed_026720,3,51,51,1,0,-0.098653,nonzero
ed_026723,2,42,42,0,0,0.000000,nomatch
ed_026726,1,21,21,0,0,0.000000,nomatch
ed_026729,1,7,7,0,0,0.000000,nomatch
ed_026732,2,13,13,1,0,0.263371,nonzero
ed_026735,2,17,17,1,0,-0.229415,nonzero
ed_026738,2,15,15,0,0,0.000000,nomatch
ed_026741,1,12,12,0,0,0.000000,nomatch
ed_026744,1,9,9,0,0,0.000000,nomatch
ed_026747,2,14,14,0,0,0.000000,nomatch
ed_026750,2,18,18,1,0,0.210732,nonzero
ed_026753,2,20,20,0,0,0.000000,nomatch
ed_026756,1,12,12,0,0,0.000000,nomatch
ed_026759,2,15,15,0,0,0.000000,nomatch
ed_026762,2,14,14,1,0,0.246957,nonzero
ed_026765,1,13,13,0,0,0.000000,nomatch
ed_026768,1,15,15,1,0,-0.493915,nonzero
ed_026771,1,21,21,0,0,0.000000,nomatch
ed_026774,1,8,8,0,0,0.000000,nomatch
ed_026777,1,11,11,0,0,0.000000,nomatch
ed_026780,1,12,12,0,0,0.000000,nomatch
ed_026783,2,32,32,1,1,0.242678,nonzero
ed_026786,3,32,32,0,0,0.000000,nomatch
ed_026789,1,11,11,0,0,0.000000,nomatch
ed_026792,1,13,13,0,0,0.000000,nomatch
ed_026795,2,14,14,0,0,0.000000,nomatch
ed_026798,1,15,15,0,0,0.000000,nomatch
ed_026801,2,15,15,0,0,0.000000,nomatch
ed_026804,2,25,25,1,0,0.210732,nonzero
ed_026807,1,8,8,2,0,-0.670478,nonzero
ed_026810,2,14,14,1,0,-0.258564,nonzero
ed_026813,2,14,14,1,0,-0.180579,nonzero
ed_026816,2,18,18,0,0,0.000000,nomatch
ed_026820,1,16,16,0,0,0.000000,nomatch
ed_026823,2,16,16,1,0,0.263371,nonzero
ed_026826,1,15,15,0,0,0.000000,nomatch
ed_026829,2,13,13,0,0,0.000000,nomatch
ed_026832,1,9,9,0,0,0.000000,nomatch
ed_026835,2,23,23,1,0,-0.210732,nonzero
ed_026838,1,8,8,0,0,0.000000,nomatch
ed_026841,1,19,19,1,0,-0.128037,nonzero
ed_026845,2,11,11,0,0,0.000000,nomatch
ed_026848,1,8,8,0,0,0.000000,nomatch
ed_026851,1,9,9,0,0,0.000000,nomatch
ed_026854,2,14,14,0,0,0.000000,nomatch
ed_026857,2,17,17,0,0,0.000000,nomatch
ed_026860,1,9,9,0,0,0.000000,nomatch
ed_026863,2,15,15,0,0,0.000000,nomatch
ed_026866,2,16,16,2,0,-0.030153,nonzero
ed_026869,3,46,46,2,0,-0.156532,nonzero
ed_026872,2,19,19,1,0,-0.246957,nonzero
ed_026875,1,15,15,0,0,0.000000,nomatch
ed_026881,1,14,14,0,0,0.000000,nomatch
ed_026884,1,24,24,0,0,0.000000,nomatch
ed_026887,1,6,6,0,0,0.000000,nomatch
ed_026890,2,13,13,0,0,0.000000,nomatch
ed_026893,1,6,6,1,0,-0.458831,nonzero
ed_026896,1,12,12,0,0,0.000000,nomatch
ed_026899,1,23,23,1,0,0.421464,nonzero
ed_026902,2,15,15,1,0,-0.258564,nonzero
ed_026905,2,12,12,0,0,0.000000,nomatch
ed_026908,2,23,23,0,0,0.000000,nomatch
ed_026911,1,2,2,0,0,0.000000,nomatch
ed_026914,2,33,33,0,0,0.000000,nomatch
ed_026917,1,11,11,1,0,-0.458831,nonzero
ed_026921,2,18,18,1,0,0.180579,nonzero
ed_026924,1,13,13,0,0,0.000000,nomatch
ed_026927,1,13,13,1,0,0.177858,nonzero
ed_026930,1,14,14,0,0,0.000000,nomatch
ed_026933,1,15,15,1,0,-0.684850,nonzero
ed_026936,2,15,15,0,0,0.000000,nomatch
ed_026939,2,12,12,1,0,-0.180579,nonzero
ed_026942,2,14,14,1,0,-0.263371,nonzero
ed_026945,2,18,18,1,0,-0.180579,nonzero
ed_026948,2,21,21,0,0,0.000000,nomatch
ed_026951,3,26,26,0,0,0.000000,nomatch
ed_026954,2,39,39,0,0,0.000000,nomatch
ed_026958,2,31,31,1,0,0.101144,nonzero
ed_026961,2,15,15,0,0,0.000000,nomatch
ed_026964,1,10,10,0,0,0.000000,nomatch
ed_026967,1,17,17,1,0,0.542326,nonzero
ed_026970,2,19,19,0,0,0.000000,nomatch
ed_026973,2,10,10,1,0,0.229415,nonzero
ed_026976,2,22,22,2,0,0.229415,nonzero
ed_026979,2,25,25,0,0,0.000000,nomatch
ed_026982,1,13,13,0,0,0.000000,nomatch
ed_026985,1,14,14,0,0,0.000000,nomatch
ed_026988,2,18,18,1,0,-0.180579,nonzero
ed_026991,1,17,17,0,0,0.000000,nomatch
ed_026994,2,15,15,1,0,-0.180579,nonzero
ed_026997,1,18,18,0,0,0.000000,nomatch
ed_027000,2,25,25,0,0,0.000000,nomatch
ed_027003,2,11,11,0,0,0.000000,nomatch
ed_027006,2,16,16,0,0,0.000000,nomatch
ed_027009,2,14,14,0,0,0.000000,nomatch
ed_027012,2,17,17,1,0,0.210732,nonzero
ed_027015,3,40,40,1,0,-0.152944,nonzero
ed_027018,2,22,22,1,0,-0.180579,nonzero
ed_027021,1,4,4,0,0,0.000000,nomatch
ed_027024,1,18,18,0,0,0.000000,nomatch
ed_027027,2,17,17,0,0,0.000000,nomatch
ed_027031,2,13,13,1,0,-0.180579,nonzero
ed_027034,1,14,14,1,0,0.458831,nonzero
ed_027037,2,40,40,1,0,0.045001,nonzero
ed_027040,1,11,11,0,0,0.000000,nomatch
ed_027043,2,19,19,1,0,0.229415,nonzero
ed_027046,1,37,37,1,0,0.545378,nonzero
ed_027050,1,15,15,0,0,0.000000,nomatch
ed_027053,3,30,30,0,0,0.000000,nomatch
ed_027056,1,14,14,0,0,0.000000,nomatch
ed_027059,1,5,5,0,0,0.000000,nomatch
ed_027063,1,9,9,0,0,0.000000,nomatch
ed_027066,2,15,15,0,1,-0.064019,nonzero
ed_027069,2,15,15,0,0,0.000000,nomatch
ed_027072,2,31,31,0,0,0.000000,nomatch
ed_027075,1,13,13,0,0,0.000000,nomatch
ed_027078,1,11,11,1,0,0.493915,nonzero
ed_027081,2,15,15,0,0,0.000000,nomatch
ed_027084,2,23,23,0,0,0.000000,nomatch
ed_027088,3,49,49,1,0,0.067430,nonzero
ed_027091,2,11,11,1,0,-0.180579,nonzero
ed_027094,2,17,17,0,0,0.000000,nomatch
ed_027097,1,20,20,0,0,0.000000,nomatch
ed_027100,2,23,23,0,1,-0.064019,nonzero
ed_027103,2,10,10,1,0,0.229415,nonzero
ed_027106,2,20,20,2,0,0.311410,nonzero
ed_027109,1,5,5,0,0,0.000000,nomatch
ed_027112,2,22,22,0,0,0.000000,nomatch
ed_027115,1,10,10,1,0,0.493915,nonzero
ed_027118,2,24,24,0,0,0.000000,nomatch
ed_027123,4,44,44,2,0,0.028853,nonzero
ed_027126,2,18,18,1,0,-0.210732,nonzero
ed_027129,3,48,48,1,0,-0.120386,nonzero
ed_027132,1,16,16,0,0,0.000000,nomatch
ed_027135,2,16,16,1,0,-0.180579,nonzero
ed_027138,2,12,12,1,0,-0.210732,nonzero
ed_027141,1,12,12,0,0,0.000000,nomatch
ed_027144,2,16,16,0,0,0.000000,nomatch
ed_027147,3,30,30,0,0,0.000000,nomatch
ed_027150,1,8,8,0,0,0.000000,nomatch
ed_027153,1,2,2,0,0,0.000000,nomatch
ed_027156,1,14,14,0,0,0.000000,nomatch
ed_027159,1,15,15,0,0,0.000000,nomatch
ed_027162,1,13,13,0,0,0.000000,nomatch
ed_027165,2,30,30,0,0,0.000000,nomatch
ed_027168,1,8,8,0,0,0.000000,nomatch
ed_027171,2,34,34,0,0,0.000000,nomatch
ed_027174,2,12,12,1,0,0.180579,nonzero
ed_027177,2,17,17,1,0,-0.113174,nonzero
ed_027180,2,12,12,2,0,-0.424119,nonzero
ed_027183,1,7,7,0,0,0.000000,nomatch
ed_027186,2,14,14,1,0,-0.180579,nonzero
ed_027190,1,20,20,0,0,0.000000,nomatch
ed_027193,1,14,14,0,0,0.000000,nomatch
ed_027196,2,21,21,1,0,-0.224852,nonzero
ed_027199,2,13,13,0,0,0.000000,nomatch
ed_027202,1,8,8,0,0,0.000000,nomatch
ed_027205,1,18,18,0,0,0.000000,nomatch
ed_027208,1,16,16,1,0,0.250000,nonzero
ed_027211,1,13,13,0,0,0.000000,nomatch
ed_027214,1,9,9,0,0,0.000000,nomatch
ed_027217,1,9,9,0,0,0.000000,nomatch
ed_027220,1,26,26,1,0,-0.361158,nonzero
ed_027223,1,7,7,0,0,0.000000,nomatch
ed_027226,1,7,7,0,0,0.000000,nomatch
ed_027229,2,11,11,2,0,0.409994,nonzero
ed_027232,2,11,11,1,0,-0.180579,nonzero
ed_027235,1,14,14,0,0,0.000000,nomatch
ed_027238,1,5,5,0,0,0.000000,nomatch
ed_027241,2,18,18,2,0,0.000000,cancel
ed_027244,1,6,6,0,0,0.000000,nomatch
ed_027250,2,24,24,1,0,-0.180579,nonzero
ed_027253,1,15,15,0,0,0.000000,nomatch
ed_027256,1,5,5,0,0,0.000000,nomatch
ed_027259,2,17,17,0,0,0.000000,nomatch
ed_027262,2,15,15,0,0,0.000000,nomatch
ed_027265,4,53,53,0,0,0.000000,nomatch
ed_027268,2,17,17,1,0,0.263371,nonzero
ed_027271,2,9,9,0,0,0.000000,nomatch
ed_027275,3,43,43,3,0,0.262724,nonzero
ed_027278,1,6,6,0,0,0.000000,nomatch
ed_027281,1,13,13,0,0,0.000000,nomatch
ed_027284,3,50,50,0,1,-0.042679,nonzero
ed_027287,2,10,10,1,0,0.271163,nonzero
ed_027290,1,10,10,0,0,0.000000,nomatch
ed_027293,2,14,14,0,0,0.000000,nomatch
ed_027296,2,15,15,1,0,0.263371,nonzero
ed_027299,1,6,6,1,0,-0.655311,nonzero
ed_027302,1,14,14,0,0,0.000000,nomatch
ed_027305,1,15,15,1,0,0.449704,nonzero
ed_027309,2,16,16,1,0,-0.113174,nonzero
ed_027312,1,13,13,2,0,-0.361158,nonzero
ed_027315,1,16,16,1,0,0.458831,nonzero
ed_027318,3,20,20,1,0,0.175581,nonzero
ed_027321,2,16,16,0,0,0.000000,nomatch
ed_027324,1,10,10,0,0,0.000000,nomatch
ed_027327,1,7,7,0,0,0.000000,nomatch
ed_027330,1,10,10,0,0,0.000000,nomatch
ed_027333,2,15,15,0,0,0.000000,nomatch
ed_027336,2,25,25,0,0,0.000000,nomatch
ed_027339,2,12,12,1,0,-0.229415,nonzero
ed_027342,2,12,12,1,0,-0.263371,nonzero
ed_027345,1,10,10,0,0,0.000000,nomatch
ed_027348,1,15,15,1,0,-0.421464,nonzero
ed_027351,2,12,12,1,0,-0.113174,nonzero
ed_027354,1,5,5,1,0,0.642809,nonzero
ed_027358,4,30,30,0,0,0.000000,nomatch
ed_027361,1,13,13,0,0,0.000000,nomatch
ed_027364,1,11,11,0,0,0.000000,nomatch
ed_027367,1,5,5,0,0,0.000000,nomatch
ed_027370,1,6,6,1,0,-0.458831,nonzero
ed_027373,2,17,17,0,0,0.000000,nomatch
ed_027376,2,12,12,1,0,-0.210732,nonzero
ed_027379,2,16,16,1,0,0.125000,nonzero
ed_027382,1,10,10,0,0,0.000000,nomatch
ed_027385,1,11,11,0,0,0.000000,nomatch
ed_027388,2,23,23,0,0,0.000000,nomatch
ed_027391,1,11,11,0,0,0.000000,nomatch
ed_027394,2,12,12,0,0,0.000000,nomatch
ed_027397,1,5,5,0,0,0.000000,nomatch
ed_027400,1,7,7,0,0,0.000000,nomatch
ed_027403,2,14,14,1,0,-0.229415,nonzero
ed_027406,1,6,6,0,0,0.000000,nomatch
ed_027409,1,14,14,1,0,0.458831,nonzero
ed_027412,1,12,12,0,0,0.000000,nomatch
ed_027415,2,22,22,0,0,0.000000,nomatch
ed_027418,3,46,46,1,0,0.042679,nonzero
ed_027421,2,13,13,0,0,0.000000,nomatch
ed_027424,1,2,2,0,0,0.000000,nomatch
ed_027427,3,47,47,4,0,0.343879,nonzero
ed_027430,3,28,28,0,0,0.000000,nomatch
ed_027433,1,33,33,0,0,0.000000,nomatch
ed_027436,1,5,5,0,0,0.000000,nomatch
ed_027439,1,11,11,1,0,0.458831,nonzero
ed_027442,4,35,35,0,0,0.000000,nomatch
ed_027445,2,11,11,1,0,-0.210732,nonzero
ed_027448,1,4,4,0,0,0.000000,nomatch
ed_027454,1,7,7,1,0,-0.655311,nonzero
ed_027457,2,16,16,0,0,0.000000,nomatch
ed_027460,2,29,29,2,0,-0.328558,nonzero
ed_027463,1,12,12,0,0,0.000000,nomatch
ed_027466,3,27,27,0,0,0.000000,nomatch
ed_027469,1,10,10,0,0,0.000000,nomatch
ed_027472,3,30,30,0,0,0.000000,nomatch
ed_027475,2,36,36,0,0,0.000000,nomatch
ed_027478,1,6,6,0,0,0.000000,nomatch
ed_027482,2,20,20,0,0,0.000000,nomatch
ed_027485,2,16,16,1,0,-0.180579,nonzero
ed_027488,2,14,14,0,0,0.000000,nomatch
ed_027491,1,5,5,0,0,0.000000,nomatch
ed_027494,4,48,48,1,0,-0.073989,nonzero
ed_027498,1,9,9,0,0,0.000000,nomatch
ed_027501,2,6,6,0,0,0.000000,nomatch
ed_027504,1,6,6,0,0,0.000000,nomatch
ed_027507,2,17,17,0,0,0.000000,nomatch
ed_027510,1,6,6,0,0,0.000000,nomatch
ed_027513,1,6,6,0,0,0.000000,nomatch
ed_027516,1,16,16,0,0,0.000000,nomatch
ed_027519,1,12,12,0,0,0.000000,nomatch
ed_027522,3,32,32,0,0,0.000000,nomatch
ed_027525,1,11,11,1,0,0.493915,nonzero
ed_027528,2,37,37,1,0,0.210732,nonzero
ed_027531,1,12,12,1,0,-0.250000,nonzero
ed_027534,1,4,4,1,0,-0.578947,nonzero
ed_027538,1,9,9,0,0,0.000000,nomatch
ed_027541,1,14,14,0,0,0.000000,nomatch
ed_027544,2,18,18,1,0,-0.263371,nonzero
ed_027547,1,6,6,0,0,0.000000,nomatch
ed_027550,2,18,18,0,0,0.000000,nomatch
ed_027553,1,8,8,0,0,0.000000,nomatch
ed_027556,1,9,9,1,0,0.493915,nonzero
ed_027559,2,18,18,1,0,-0.229415,nonzero
ed_027562,2,15,15,1,0,0.263371,nonzero
ed_027565,1,17,17,0,1,-0.128037,nonzero
ed_027568,2,28,28,0,0,0.000000,nomatch
ed_027571,2,34,34,1,0,-0.064019,nonzero
ed_027574,1,12,12,0,0,0.000000,nomatch
ed_027577,1,6,6,0,0,0.000000,nomatch
ed_027581,1,7,7,0,0,0.000000,nomatch
ed_027584,2,38,38,1,0,0.281620,nonzero
ed_027587,2,14,14,1,0,-0.281620,nonzero
ed_027590,2,31,31,1,0,-0.180579,nonzero
ed_027596,3,40,40,1,0,0.042679,nonzero
ed_027599,2,12,12,0,0,0.000000,nomatch
ed_027602,1,14,14,1,0,0.458831,nonzero
ed_027605,2,14,14,1,0,-0.327655,nonzero
ed_027608,1,16,16,1,0,-0.684850,nonzero
ed_027611,1,8,8,0,0,0.000000,nomatch
ed_027614,2,19,19,1,0,-0.229415,nonzero
ed_027617,1,10,10,0,0,0.000000,nomatch
ed_027620,2,17,17,0,0,0.000000,nomatch
ed_027623,2,40,40,2,0,-0.335239,nonzero
ed_027627,1,8,8,0,0,0.000000,nomatch
ed_027630,2,19,19,0,0,0.000000,nomatch
ed_027633,2,31,31,0,0,0.000000,nomatch
ed_027641,1,11,11,1,0,-0.655311,nonzero
ed_027644,2,10,10,0,0,0.000000,nomatch
ed_027647,3,24,24,2,0,0.000000,cancel
ed_027650,2,13,13,1,0,-0.327655,nonzero
ed_027653,2,19,19,1,0,0.256122,nonzero
ed_027656,2,12,12,0,0,0.000000,nomatch
ed_027659,1,30,30,0,0,0.000000,nomatch
ed_027662,3,40,40,0,0,0.000000,nomatch
ed_027666,1,10,10,1,0,0.542326,nonzero
ed_027669,1,6,6,0,0,0.000000,nomatch
ed_027672,2,23,23,0,0,0.000000,nomatch
ed_027675,1,15,15,0,0,0.000000,nomatch
ed_027678,2,18,18,0,0,0.000000,nomatch
ed_027681,2,15,15,1,0,0.224852,nonzero
ed_027684,1,13,13,0,0,0.000000,nomatch
ed_027687,2,30,30,0,0,0.000000,nomatch
ed_027691,1,17,17,1,0,-0.361158,nonzero
ed_027694,3,67,67,1,0,-0.152944,nonzero
ed_027698,4,64,64,0,0,0.000000,nomatch
ed_027703,2,51,51,2,0,-0.125000,nonzero
ed_027706,3,34,34,0,0,0.000000,nomatch
ed_027710,2,38,38,1,1,0.088929,nonzero
ed_027714,1,9,9,0,0,0.000000,nomatch
ed_027720,1,14,14,0,0,0.000000,nomatch
ed_027724,1,16,16,0,0,0.000000,nomatch
ed_027728,2,18,18,0,0,0.000000,nomatch
ed_027732,2,27,27,0,0,0.000000,nomatch
ed_027735,1,21,21,0,0,0.000000,nomatch
ed_027738,1,18,18,0,0,0.000000,nomatch
ed_027741,2,23,23,0,0,0.000000,nomatch
ed_027744,2,32,32,2,0,-0.306186,nonzero
ed_027747,2,16,16,1,0,0.229415,nonzero
ed_027751,2,18,18,1,0,0.246957,nonzero
ed_027754,1,8,8,0,0,0.000000,nomatch
ed_027758,1,19,19,1,1,0.485357,nonzero
ed_027761,3,26,26,0,0,0.000000,nomatch
ed_027764,1,15,15,0,0,0.000000,nomatch
ed_027767,2,13,13,1,0,0.180579,nonzero
ed_027770,3,26,26,1,0,-0.152944,nonzero
ed_027773,2,32,32,1,0,0.180579,nonzero
ed_027776,1,27,27,0,0,0.000000,nomatch
ed_027779,2,18,18,1,0,-0.180579,nonzero
ed_027782,1,24,24,2,0,-0.690775,nonzero
ed_027785,1,9,9,0,0,0.000000,nomatch
ed_027789,1,15,15,1,0,0.361158,nonzero
ed_027792,2,13,13,0,0,0.000000,nomatch
ed_027795,1,25,25,0,0,0.000000,nomatch
ed_027798,2,12,12,1,0,-0.064019,nonzero
ed_027801,2,29,29,1,0,0.180579,nonzero
ed_027804,2,15,15,0,0,0.000000,nomatch
ed_027807,2,23,23,0,0,0.000000,nomatch
ed_027810,1,31,31,0,0,0.000000,nomatch
ed_027813,1,14,14,2,0,0.250000,nonzero
ed_027816,1,8,8,0,0,0.000000,nomatch
ed_027820,3,24,24,1,0,0.120386,nonzero
ed_027823,1,12,12,0,0,0.000000,nomatch
ed_027827,1,15,15,0,0,0.000000,nomatch
ed_027830,2,22,22,0,0,0.000000,nomatch
ed_027833,2,23,23,0,0,0.000000,nomatch
ed_027836,1,13,13,0,0,0.000000,nomatch
ed_027839,2,25,25,0,0,0.000000,nomatch
ed_027842,3,23,23,0,0,0.000000,nomatch
ed_027845,2,21,21,1,0,-0.246957,nonzero
ed_027848,1,13,13,2,1,0.551417,nonzero
ed_027851,2,42,42,0,0,0.000000,nomatch
ed_027854,2,29,29,0,0,0.000000,nomatch
ed_027857,1,19,19,1,0,0.361158,nonzero
ed_027860,3,24,24,0,0,0.000000,nomatch
ed_027863,3,37,37,0,0,0.000000,nomatch
ed_027867,1,14,14,0,0,0.000000,nomatch
ed_027871,1,4,4,0,0,0.000000,nomatch
ed_027874,1,23,23,2,0,-0.612372,nonzero
ed_027877,1,27,27,0,0,0.000000,nomatch
ed_027881,2,18,18,2,0,-0.244597,nonzero
ed_027884,1,4,4,1,0,-0.361158,nonzero
ed_027887,1,6,6,0,0,0.000000,nomatch
ed_027890,3,33,33,1,0,-0.167444,nonzero
ed_027893,2,28,28,2,0,-0.378968,nonzero
ed_027896,1,17,17,0,0,0.000000,nomatch
ed_027900,1,15,15,1,0,-0.458831,nonzero
ed_027903,3,22,22,0,0,0.000000,nomatch
ed_027906,1,4,4,1,0,-0.458831,nonzero
ed_027909,1,16,16,0,0,0.000000,nomatch
ed_027916,3,44,44,1,0,-0.192982,nonzero
ed_027919,2,11,11,0,0,0.000000,nomatch
ed_027922,2,16,16,0,0,0.000000,nomatch
ed_027926,2,15,15,0,0,0.000000,nomatch
ed_027929,1,7,7,0,0,0.000000,nomatch
ed_027932,2,14,14,0,0,0.000000,nomatch
ed_027936,1,25,25,1,0,-0.261663,nonzero
ed_027939,2,16,16,0,0,0.000000,nomatch
ed_027943,3,28,28,1,0,0.083333,nonzero
ed_027946,2,23,23,1,0,-0.263371,nonzero
ed_027950,1,11,11,0,0,0.000000,nomatch
ed_027953,2,14,14,0,0,0.000000,nomatch
ed_027957,2,13,13,0,0,0.000000,nomatch
ed_027961,1,8,8,0,0,0.000000,nomatch
ed_027965,2,20,20,0,0,0.000000,nomatch
ed_027968,2,11,11,1,0,0.180579,nonzero
ed_027971,3,38,38,0,0,0.000000,nomatch
ed_027974,2,9,9,0,0,0.000000,nomatch
ed_027977,1,4,4,0,0,0.000000,nomatch
ed_027980,3,17,17,1,0,0.120386,nonzero
ed_027984,1,8,8,0,0,0.000000,nomatch
ed_027987,3,32,32,0,0,0.000000,nomatch
ed_027990,1,5,5,0,0,0.000000,nomatch
ed_027993,1,4,4,0,0,0.000000,nomatch
ed_027996,1,10,10,0,0,0.000000,nomatch
ed_027999,1,8,8,0,0,0.000000,nomatch
ed_028002,2,15,15,1,0,0.076547,nonzero
ed_028005,1,8,8,0,0,0.000000,nomatch
ed_028008,1,7,7,0,0,0.000000,nomatch
ed_028011,1,16,16,0,0,0.000000,nomatch
ed_028014,2,16,16,0,0,0.000000,nomatch
ed_028017,1,15,15,1,0,-0.421464,nonzero
ed_028020,3,25,25,0,0,0.000000,nomatch
ed_028023,1,14,14,0,0,0.000000,nomatch
ed_028026,1,8,8,0,0,0.000000,nomatch
ed_028029,1,10,10,0,0,0.000000,nomatch
ed_028032,1,16,16,0,0,0.000000,nomatch
ed_028036,3,25,25,0,0,0.000000,nomatch
ed_028039,1,24,24,0,0,0.000000,nomatch
ed_028042,1,12,12,0,0,0.000000,nomatch
ed_028046,1,15,15,1,0,-0.458831,nonzero
ed_028049,3,20,20,1,0,-0.042679,nonzero
ed_028052,1,7,7,0,0,0.000000,nomatch
ed_028055,2,15,15,0,0,0.000000,nomatch
ed_028058,1,11,11,0,0,0.000000,nomatch
ed_028062,1,33,33,0,0,0.000000,nomatch
ed_028066,2,23,23,0,0,0.000000,nomatch
ed_028069,1,5,5,0,0,0.000000,nomatch
ed_028072,3,24,24,0,0,0.000000,nomatch
ed_028075,3,20,20,1,0,0.087221,nonzero
ed_028078,1,7,7,2,0,-0.736750,nonzero
ed_028081,1,7,7,0,0,0.000000,nomatch
ed_028084,1,3,3,1,0,-0.655311,nonzero
ed_028087,3,23,23,0,0,0.000000,nomatch
ed_028090,1,9,9,0,0,0.000000,nomatch
ed_028093,2,24,24,0,0,0.000000,nomatch
ed_028096,2,18,18,1,0,-0.210732,nonzero
ed_028099,1,11,11,0,0,0.000000,nomatch
ed_028102,1,7,7,0,0,0.000000,nomatch
ed_028105,1,9,9,0,0,0.000000,nomatch
ed_028108,3,26,26,0,0,0.000000,nomatch
ed_028111,1,10,10,1,0,0.476658,nonzero
ed_028114,2,15,15,0,0,0.000000,nomatch
ed_028117,2,24,24,0,0,0.000000,nomatch
ed_028120,1,7,7,0,0,0.000000,nomatch
ed_028123,2,18,18,0,0,0.000000,nomatch
ed_028126,1,4,4,0,0,0.000000,nomatch
ed_028129,2,24,24,1,0,-0.130831,nonzero
ed_028132,2,24,24,0,0,0.000000,nomatch
ed_028135,2,15,15,0,0,0.000000,nomatch
ed_028138,1,6,6,0,0,0.000000,nomatch
ed_028141,1,14,14,1,0,-0.261663,nonzero
ed_028145,2,22,22,0,0,0.000000,nomatch
ed_028148,1,12,12,0,0,0.000000,nomatch
ed_028151,1,17,17,0,0,0.000000,nomatch
ed_028154,2,20,20,0,0,0.000000,nomatch
ed_028158,2,13,13,0,0,0.000000,nomatch
ed_028161,1,9,9,1,0,0.361158,nonzero
ed_028164,1,11,11,0,0,0.000000,nomatch
ed_028167,1,8,8,0,0,0.000000,nomatch
ed_028170,2,28,28,0,0,0.000000,nomatch
ed_028173,2,17,17,1,0,0.263371,nonzero
ed_028176,1,14,14,0,0,0.000000,nomatch
ed_028180,2,19,19,0,0,0.000000,nomatch
ed_028184,1,8,8,0,0,0.000000,nomatch
ed_028187,2,17,17,0,0,0.000000,nomatch
ed_028190,2,21,21,0,0,0.000000,nomatch
ed_028191,1,6,6,0,0,0.000000,nomatch
ed_028194,1,14,14,0,0,0.000000,nomatch
ed_028197,2,19,19,0,0,0.000000,nomatch
ed_028201,2,18,18,1,0,-0.064019,nonzero
ed_028204,1,19,19,0,0,0.000000,nomatch
ed_028207,1,6,6,1,0,-0.458831,nonzero
ed_028210,2,13,13,2,0,0.055579,nonzero
ed_028217,2,31,31,0,0,0.000000,nomatch
ed_028220,3,24,24,0,0,0.000000,nomatch
ed_028223,2,19,19,0,0,0.000000,nomatch
ed_028226,3,60,60,0,0,0.000000,nomatch
ed_028229,1,15,15,0,0,0.000000,nomatch
ed_028232,2,16,16,0,0,0.000000,nomatch
ed_028235,2,18,18,0,0,0.000000,nomatch
ed_028238,2,12,12,0,0,0.000000,nomatch
ed_028241,2,19,19,2,0,-0.508234,nonzero
ed_028244,1,8,8,0,0,0.000000,nomatch
ed_028247,2,19,19,0,0,0.000000,nomatch
ed_028250,1,26,26,1,1,0.000000,cancel
ed_028253,3,19,19,1,0,-0.140488,nonzero
ed_028256,1,27,27,1,1,0.458831,nonzero
ed_028259,2,26,26,1,0,0.180579,nonzero
ed_028262,2,14,14,0,0,0.000000,nomatch
ed_028265,2,27,27,0,0,0.000000,nomatch
ed_028268,2,24,24,0,0,0.000000,nomatch
ed_028271,3,30,30,0,0,0.000000,nomatch
ed_028274,1,9,9,0,0,0.000000,nomatch
ed_028278,2,17,17,2,0,-0.490404,nonzero
ed_028281,2,15,15,1,0,0.064019,nonzero
ed_028284,3,32,32,0,0,0.000000,nomatch
ed_028288,2,19,19,1,0,0.180579,nonzero
ed_028291,2,26,26,1,0,0.125000,nonzero
ed_028294,2,17,17,0,0,0.000000,nomatch
ed_028297,2,18,18,1,0,0.271163,nonzero
ed_028300,2,44,44,0,0,0.000000,nomatch
ed_028303,2,21,21,0,0,0.000000,nomatch
ed_028306,1,19,19,0,0,0.000000,nomatch
ed_028309,2,14,14,1,0,-0.289473,nonzero
ed_028312,1,9,9,0,0,0.000000,nomatch
ed_028316,1,24,24,0,0,0.000000,nomatch
ed_028319,1,19,19,0,0,0.000000,nomatch
ed_028322,1,24,24,0,0,0.000000,nomatch
ed_028325,3,19,19,0,0,0.000000,nomatch
ed_028328,2,28,28,1,0,-0.239379,nonzero
ed_028331,1,17,17,1,0,0.557370,nonzero
ed_028334,1,11,11,0,0,0.000000,nomatch
ed_028337,2,17,17,1,0,0.229415,nonzero
ed_028340,1,10,10,0,0,0.000000,nomatch
ed_028343,3,37,37,0,0,0.000000,nomatch
ed_028346,1,12,12,0,0,0.000000,nomatch
ed_028349,1,10,10,0,0,0.000000,nomatch
ed_028352,1,33,33,0,0,0.000000,nomatch
ed_028355,1,8,8,0,0,0.000000,nomatch
ed_028358,2,27,27,0,0,0.000000,nomatch
ed_028361,2,18,18,0,0,0.000000,nomatch
ed_028364,3,17,17,0,0,0.000000,nomatch
ed_028367,2,16,16,0,0,0.000000,nomatch
ed_028370,2,18,18,1,0,0.064019,nonzero
ed_028373,1,14,14,0,0,0.000000,nomatch
ed_028376,1,33,33,1,0,0.361158,nonzero
ed_028379,3,15,15,1,0,-0.158886,nonzero
ed_028382,2,22,22,0,0,0.000000,nomatch
ed_028385,2,9,9,0,0,0.000000,nomatch
ed_028389,2,19,19,0,0,0.000000,nomatch
ed_028392,1,12,12,1,0,0.493915,nonzero
ed_028395,2,22,22,0,0,0.000000,nomatch
ed_028398,2,27,27,1,0,0.180579,nonzero
ed_028401,2,15,15,0,0,0.000000,nomatch
ed_028404,2,20,20,0,0,0.000000,nomatch
ed_028407,2,23,23,1,0,0.246957,nonzero
ed_028410,2,9,9,1,0,-0.180579,nonzero
ed_028414,2,32,32,0,0,0.000000,nomatch
ed_028417,3,42,42,0,0,0.000000,nomatch
ed_028421,2,20,20,0,0,0.000000,nomatch
ed_028424,2,23,23,2,0,-0.092110,nonzero
ed_028427,3,29,29,1,0,0.175581,nonzero
ed_028431,2,19,19,1,0,-0.327655,nonzero
ed_028435,3,39,39,1,0,0.042679,nonzero
ed_028438,2,11,11,0,0,0.000000,nomatch
ed_028441,2,28,28,1,0,-0.210732,nonzero
ed_028444,2,15,15,0,0,0.000000,nomatch
ed_028447,3,29,29,1,0,-0.120386,nonzero
ed_028450,2,14,14,0,0,0.000000,nomatch
ed_028454,2,33,33,1,0,-0.180579,nonzero
ed_028457,1,12,12,0,0,0.000000,nomatch
ed_028460,3,32,32,0,0,0.000000,nomatch
ed_028463,2,13,13,1,0,0.064019,nonzero
ed_028466,3,28,28,0,0,0.000000,nomatch
ed_028469,2,20,20,0,0,0.000000,nomatch
ed_028472,3,16,16,0,0,0.000000,nomatch
ed_028475,2,37,37,0,0,0.000000,nomatch
ed_028478,1,17,17,0,0,0.000000,nomatch
ed_028481,1,21,21,2,0,-0.580344,nonzero
ed_028484,2,24,24,0,0,0.000000,nomatch
ed_028487,1,29,29,0,0,0.000000,nomatch
ed_028490,1,16,16,0,0,0.000000,nomatch
ed_028491,2,26,26,0,0,0.000000,nomatch
ed_028494,1,18,18,0,0,0.000000,nomatch
ed_028497,1,32,32,1,0,0.458831,nonzero
ed_028500,1,14,14,0,0,0.000000,nomatch
ed_028504,3,39,39,1,0,0.175581,nonzero
ed_028508,3,31,31,1,0,0.120386,nonzero
ed_028511,3,37,37,1,0,-0.120386,nonzero
ed_028514,1,5,5,0,0,0.000000,nomatch
ed_028517,2,19,19,1,0,0.064019,nonzero
ed_028520,1,16,16,0,0,0.000000,nomatch
ed_028523,2,30,30,1,0,-0.342425,nonzero
ed_028526,3,34,34,1,0,-0.218437,nonzero
ed_028529,1,14,14,0,0,0.000000,nomatch
ed_028533,3,29,29,0,0,0.000000,nomatch
ed_028536,3,40,40,1,0,0.152944,nonzero
ed_028539,1,13,13,0,0,0.000000,nomatch
ed_028542,2,29,29,1,0,-0.147979,nonzero
ed_028545,2,27,27,0,0,0.000000,nomatch
ed_028549,1,10,10,0,0,0.000000,nomatch
ed_028552,1,20,20,0,0,0.000000,nomatch
ed_028555,1,16,16,0,0,0.000000,nomatch
ed_028562,1,6,6,1,0,-0.361158,nonzero
ed_028568,3,17,17,2,0,-0.218260,nonzero
ed_028571,1,9,9,0,0,0.000000,nomatch
ed_028574,1,5,5,0,0,0.000000,nomatch
ed_028577,3,32,32,1,0,-0.120386,nonzero
ed_028580,2,22,22,1,0,-0.064019,nonzero
ed_028583,1,7,7,0,0,0.000000,nomatch
ed_028587,1,15,15,0,0,0.000000,nomatch
ed_028591,3,43,43,2,1,0.042679,nonzero
ed_028594,2,32,32,0,0,0.000000,nomatch
ed_028597,1,10,10,1,0,0.421464,nonzero
ed_028600,1,13,13,0,0,0.000000,nomatch
ed_028604,3,40,40,0,0,0.000000,nomatch
ed_028611,2,24,24,0,0,0.000000,nomatch
ed_028614,3,29,29,2,0,0.251196,nonzero
ed_028617,1,8,8,1,0,-0.361158,nonzero
ed_028621,2,21,21,0,0,0.000000,nomatch
ed_028624,3,42,42,3,0,0.040287,nonzero
ed_028628,1,14,14,0,0,0.000000,nomatch
ed_028631,2,14,14,1,0,0.271163,nonzero
ed_028638,1,12,12,0,0,0.000000,nomatch
ed_028644,2,15,15,0,0,0.000000,nomatch
ed_028647,1,12,12,0,0,0.000000,nomatch
ed_028650,2,10,10,1,0,-0.180579,nonzero
ed_028657,1,17,17,0,0,0.000000,nomatch
ed_028664,2,17,17,0,0,0.000000,nomatch
ed_028668,1,10,10,0,0,0.000000,nomatch
ed_028671,1,25,25,0,0,0.000000,nomatch
ed_028677,2,15,15,3,0,0.632826,nonzero
ed_028681,1,7,7,0,0,0.000000,nomatch
ed_028684,2,26,26,0,0,0.000000,nomatch
ed_028687,1,12,12,0,0,0.000000,nomatch
ed_028691,2,18,18,0,0,0.000000,nomatch
ed_028695,2,14,14,1,0,0.271163,nonzero
ed_028702,2,17,17,0,0,0.000000,nomatch
ed_028705,4,63,63,3,0,-0.050689,nonzero
ed_028708,1,19,19,1,0,-0.557370,nonzero
ed_028712,2,16,16,1,0,0.263371,nonzero
ed_028716,1,41,41,3,0,-0.510607,nonzero
ed_028719,1,8,8,0,0,0.000000,nomatch
ed_028722,2,15,15,0,0,0.000000,nomatch
ed_028726,2,27,27,1,0,0.180579,nonzero
ed_028730,1,16,16,1,0,0.585882,nonzero
ed_028733,2,14,14,0,0,0.000000,nomatch
ed_028737,2,31,31,0,0,0.000000,nomatch
ed_028740,1,16,16,0,0,0.000000,nomatch
ed_028744,3,26,26,0,0,0.000000,nomatch
ed_028747,1,13,13,0,0,0.000000,nomatch
ed_028751,1,14,14,2,0,-0.542326,nonzero
ed_028755,1,21,21,0,0,0.000000,nomatch
ed_028758,2,16,16,1,0,-0.263371,nonzero
ed_028762,1,23,23,0,0,0.000000,nomatch
ed_028765,1,27,27,0,0,0.000000,nomatch
ed_028768,2,17,17,0,0,0.000000,nomatch
ed_028772,1,13,13,0,0,0.000000,nomatch
ed_028779,1,19,19,1,0,-0.526742,nonzero
ed_028782,3,12,12,0,0,0.000000,nomatch
ed_028786,1,17,17,0,0,0.000000,nomatch
ed_028789,2,17,17,0,0,0.000000,nomatch
ed_028793,1,15,15,0,0,0.000000,nomatch
ed_028796,1,12,12,0,0,0.000000,nomatch
ed_028800,2,21,21,2,0,0.207144,nonzero
ed_028804,1,19,19,1,0,0.493915,nonzero
ed_028807,1,18,18,0,0,0.000000,nomatch
ed_028810,2,15,15,0,0,0.000000,nomatch
ed_028814,1,23,23,0,0,0.000000,nomatch
ed_028817,1,15,15,0,0,0.000000,nomatch
ed_028824,1,12,12,0,0,0.000000,nomatch
ed_028827,1,29,29,0,0,0.000000,nomatch
ed_028830,2,12,12,0,0,0.000000,nomatch
ed_028833,1,9,9,0,0,0.000000,nomatch
ed_028836,1,17,17,0,0,0.000000,nomatch
ed_028839,2,21,21,0,0,0.000000,nomatch
ed_028842,2,23,23,0,0,0.000000,nomatch
ed_028845,1,14,14,0,0,0.000000,nomatch
ed_028849,1,14,14,0,0,0.000000,nomatch
ed_028852,1,17,17,0,0,0.000000,nomatch
ed_028855,1,15,15,0,0,0.000000,nomatch
ed_028858,1,17,17,1,0,0.421464,nonzero
ed_028861,1,12,12,0,0,0.000000,nomatch
ed_028865,2,21,21,0,0,0.000000,nomatch
ed_028868,1,13,13,0,0,0.000000,nomatch
ed_028871,1,16,16,1,0,0.493915,nonzero
ed_028874,1,11,11,0,0,0.000000,nomatch
ed_028877,1,23,23,1,0,-0.493915,nonzero
ed_028880,1,11,11,1,0,0.128037,nonzero
ed_028883,1,17,17,0,0,0.000000,nomatch
ed_028887,2,21,21,2,0,0.354780,nonzero
ed_028890,3,26,26,0,0,0.000000,nomatch
ed_028893,1,14,14,0,0,0.000000,nomatch
ed_028896,1,18,18,0,0,0.000000,nomatch
ed_028899,1,12,12,0,0,0.000000,nomatch
ed_028902,1,10,10,0,0,0.000000,nomatch
ed_028905,2,46,46,1,0,-0.045001,nonzero
ed_028909,1,23,23,0,0,0.000000,nomatch
ed_028912,2,22,22,1,0,-0.195971,nonzero
ed_028915,1,13,13,0,0,0.000000,nomatch
ed_028918,1,10,10,1,0,-0.361158,nonzero
ed_028921,1,13,13,0,0,0.000000,nomatch
ed_028924,1,20,20,0,0,0.000000,nomatch
ed_028927,1,17,17,1,0,-0.421464,nonzero
ed_028930,2,27,27,0,0,0.000000,nomatch
ed_028933,1,20,20,1,0,-0.421464,nonzero
ed_028936,1,14,14,0,0,0.000000,nomatch
ed_028942,1,11,11,0,0,0.000000,nomatch
ed_028945,1,16,16,0,0,0.000000,nomatch
ed_028948,2,13,13,1,0,-0.306186,nonzero
ed_028952,1,13,13,0,0,0.000000,nomatch
ed_028955,1,11,11,0,0,0.000000,nomatch
ed_028958,3,17,17,1,0,-0.140488,nonzero
ed_028961,1,12,12,0,0,0.000000,nomatch
ed_028964,1,10,10,1,0,0.128037,nonzero
ed_028967,1,15,15,0,0,0.000000,nomatch
ed_028970,1,14,14,0,0,0.000000,nomatch
ed_028973,2,17,17,0,0,0.000000,nomatch
ed_028977,1,23,23,1,0,0.361158,nonzero
ed_028980,1,12,12,0,0,0.000000,nomatch
ed_028983,1,16,16,0,0,0.000000,nomatch
ed_028986,2,10,10,0,0,0.000000,nomatch
ed_028990,1,18,18,1,0,0.526742,nonzero
ed_028993,1,13,13,1,0,0.458831,nonzero
ed_028996,1,12,12,1,0,0.578947,nonzero
ed_028999,1,23,23,0,0,0.000000,nomatch
ed_029002,2,11,11,0,0,0.000000,nomatch
ed_029008,1,10,10,1,1,-0.202289,nonzero
ed_029011,2,11,11,1,0,-0.180579,nonzero
ed_029014,1,12,12,0,0,0.000000,nomatch
ed_029017,2,15,15,0,0,0.000000,nomatch
ed_029021,1,13,13,2,0,-0.827130,nonzero
ed_029024,1,19,19,0,0,0.000000,nomatch
ed_029027,1,12,12,1,0,-0.361158,nonzero
ed_029030,1,9,9,0,0,0.000000,nomatch
ed_029033,1,10,10,0,0,0.000000,nomatch
ed_029038,2,12,12,0,0,0.000000,nomatch
ed_029042,1,19,19,0,0,0.000000,nomatch
ed_029045,3,23,23,3,0,-0.320880,nonzero
ed_029048,1,18,18,0,0,0.000000,nomatch
ed_029053,2,15,15,0,0,0.000000,nomatch
ed_029057,1,11,11,0,0,0.000000,nomatch
ed_029060,1,9,9,1,0,0.585882,nonzero
ed_029063,2,14,14,1,0,0.180579,nonzero
ed_029066,1,11,11,0,0,0.000000,nomatch
ed_029069,1,17,17,1,0,-0.585882,nonzero
ed_029072,1,12,12,0,0,0.000000,nomatch
ed_029076,2,15,15,0,0,0.000000,nomatch
ed_029079,2,29,29,2,0,-0.508234,nonzero
ed_029082,3,25,25,2,0,-0.240165,nonzero
ed_029085,1,16,16,1,0,0.128037,nonzero
ed_029088,1,14,14,1,0,-0.526742,nonzero
ed_029091,2,18,18,0,0,0.000000,nomatch
ed_029094,1,15,15,1,0,-0.655311,nonzero
ed_029097,1,7,7,0,0,0.000000,nomatch
ed_029100,1,16,16,1,0,0.458831,nonzero
ed_029103,3,40,40,1,0,0.042679,nonzero
ed_029106,2,18,18,1,0,0.224852,nonzero
ed_029109,2,24,24,1,0,-0.125000,nonzero
ed_029112,2,24,24,0,0,0.000000,nomatch
ed_029115,2,34,34,0,0,0.000000,nomatch
ed_029118,2,15,15,0,0,0.000000,nomatch
ed_029121,2,28,28,0,0,0.000000,nomatch
ed_029124,2,16,16,0,0,0.000000,nomatch
ed_029127,4,58,58,2,0,0.204997,nonzero
ed_029130,2,20,20,0,0,0.000000,nomatch
ed_029134,2,22,22,0,0,0.000000,nomatch
ed_029137,2,26,26,1,0,-0.243540,nonzero
ed_029140,3,22,22,1,0,-0.152944,nonzero
ed_029143,2,24,24,0,0,0.000000,nomatch
ed_029146,2,24,24,1,0,0.180579,nonzero
ed_029149,2,19,19,0,0,0.000000,nomatch
ed_029152,1,11,11,0,0,0.000000,nomatch
ed_029155,1,9,9,0,0,0.000000,nomatch
ed_029158,2,9,9,0,0,0.000000,nomatch
ed_029161,2,18,18,0,0,0.000000,nomatch
ed_029164,1,11,11,0,0,0.000000,nomatch
ed_029167,1,6,6,0,0,0.000000,nomatch
ed_029170,1,20,20,0,0,0.000000,nomatch
ed_029173,1,15,15,0,0,0.000000,nomatch
ed_029176,2,24,24,1,0,-0.263371,nonzero
ed_029179,1,15,15,0,0,0.000000,nomatch
ed_029182,2,13,13,1,0,-0.289473,nonzero
ed_029185,3,43,43,1,0,0.087221,nonzero
ed_029188,2,20,20,0,0,0.000000,nomatch
ed_029191,1,12,12,0,0,0.000000,nomatch
ed_029195,1,7,7,0,0,0.000000,nomatch
ed_029198,3,24,24,1,1,0.152944,nonzero
ed_029201,1,7,7,0,0,0.000000,nomatch
ed_029204,2,14,14,0,0,0.000000,nomatch
ed_029207,1,14,14,0,0,0.000000,nomatch
ed_029210,2,17,17,1,0,-0.064019,nonzero
ed_029213,2,24,24,3,0,0.060908,nonzero
ed_029216,1,19,19,0,0,0.000000,nomatch
ed_029219,1,6,6,0,0,0.000000,nomatch
ed_029223,2,11,11,0,0,0.000000,nomatch
ed_029226,2,18,18,0,0,0.000000,nomatch
ed_029229,3,21,21,2,0,0.000000,cancel
ed_029232,1,12,12,0,0,0.000000,nomatch
ed_029235,3,19,19,1,0,0.181793,nonzero
ed_029238,2,10,10,0,0,0.000000,nomatch
ed_029241,2,22,22,0,0,0.000000,nomatch
ed_029244,2,18,18,1,0,0.289473,nonzero
ed_029247,1,9,9,0,0,0.000000,nomatch
ed_029250,1,9,9,1,0,-0.458831,nonzero
ed_029253,2,13,13,0,0,0.000000,nomatch
ed_029256,4,39,39,1,0,0.135581,nonzero
ed_029260,2,11,11,0,0,0.000000,nomatch
ed_029263,3,26,26,1,0,0.185790,nonzero
ed_029266,2,9,9,0,0,0.000000,nomatch
ed_029269,2,14,14,0,0,0.000000,nomatch
ed_029272,1,10,10,1,0,0.458831,nonzero
ed_029275,2,15,15,0,0,0.000000,nomatch
ed_029278,2,30,30,0,0,0.000000,nomatch
ed_029282,2,11,11,0,0,0.000000,nomatch
ed_029285,2,26,26,0,0,0.000000,nomatch
ed_029288,1,25,25,0,0,0.000000,nomatch
ed_029291,2,20,20,0,0,0.000000,nomatch
ed_029294,2,15,15,0,0,0.000000,nomatch
ed_029297,1,3,3,1,0,0.542326,nonzero
ed_029300,2,44,44,2,0,-0.159106,nonzero
ed_029304,1,7,7,0,0,0.000000,nomatch
ed_029307,1,14,14,0,0,0.000000,nomatch
ed_029310,1,8,8,0,0,0.000000,nomatch
ed_029313,2,19,19,1,0,0.101144,nonzero
ed_029316,1,10,10,0,0,0.000000,nomatch
ed_029319,2,13,13,0,0,0.000000,nomatch
ed_029322,3,31,31,1,0,0.120386,nonzero
ed_029325,2,20,20,0,0,0.000000,nomatch
ed_029328,2,9,9,0,0,0.000000,nomatch
ed_029331,2,17,17,0,0,0.000000,nomatch
ed_029334,2,16,16,0,0,0.000000,nomatch
ed_029337,2,20,20,0,0,0.000000,nomatch
ed_029340,3,27,27,2,0,-0.265483,nonzero
ed_029343,2,30,30,0,0,0.000000,nomatch
ed_029347,2,14,14,0,0,0.000000,nomatch
ed_029350,2,12,12,0,0,0.000000,nomatch
ed_029353,1,12,12,0,0,0.000000,nomatch
ed_029356,2,23,23,0,0,0.000000,nomatch
ed_029359,2,16,16,0,0,0.000000,nomatch
ed_029362,2,23,23,0,0,0.000000,nomatch
ed_029365,2,10,10,0,0,0.000000,nomatch
ed_029368,2,18,18,0,0,0.000000,nomatch
ed_029371,2,22,22,0,0,0.000000,nomatch
ed_029374,1,7,7,0,0,0.000000,nomatch
ed_029377,1,8,8,0,0,0.000000,nomatch
ed_029380,2,55,55,0,0,0.000000,nomatch
ed_029384,2,10,10,1,0,0.154685,nonzero
ed_029387,2,25,25,0,0,0.000000,nomatch
ed_029391,2,13,13,0,0,0.000000,nomatch
ed_029394,1,9,9,0,0,0.000000,nomatch
ed_029397,2,24,24,0,0,0.000000,nomatch
ed_029404,1,10,10,0,0,0.000000,nomatch
ed_029407,1,5,5,1,0,-0.361158,nonzero
ed_029410,2,26,26,0,0,0.000000,nomatch
ed_029413,2,28,28,0,0,0.000000,nomatch
ed_029416,2,10,10,0,0,0.000000,nomatch
ed_029419,2,13,13,2,0,0.000000,cancel
ed_029422,2,10,10,0,0,0.000000,nomatch
ed_029425,1,14,14,0,0,0.000000,nomatch
ed_029428,2,20,20,1,0,-0.263371,nonzero
ed_029432,2,18,18,1,0,0.130831,nonzero
ed_029435,1,11,11,1,0,0.153093,nonzero
ed_029438,1,10,10,0,0,0.000000,nomatch
ed_029441,1,12,12,1,0,-0.339950,nonzero
ed_029444,2,40,40,1,0,-0.180579,nonzero
ed_029447,1,7,7,0,0,0.000000,nomatch
ed_029450,3,20,20,0,0,0.000000,nomatch
ed_029453,1,15,15,2,0,-0.250000,nonzero
ed_029456,2,9,9,0,0,0.000000,nomatch
ed_029459,2,10,10,1,0,0.263371,nonzero
ed_029462,2,17,17,1,0,0.224852,nonzero
ed_029465,2,13,13,0,0,0.000000,nomatch
ed_029468,1,12,12,0,0,0.000000,nomatch
ed_029471,2,32,32,0,0,0.000000,nomatch
ed_029475,2,14,14,0,0,0.000000,nomatch
ed_029478,1,11,11,0,0,0.000000,nomatch
ed_029481,2,30,30,2,0,-0.128271,nonzero
ed_029484,1,20,20,0,0,0.000000,nomatch
ed_029487,2,14,14,1,0,0.229415,nonzero
ed_029490,2,20,20,1,0,-0.263371,nonzero
ed_029493,2,13,13,0,0,0.000000,nomatch
ed_029496,1,15,15,1,0,-0.458831,nonzero
ed_029499,2,18,18,0,0,0.000000,nomatch
ed_029502,2,17,17,1,0,-0.229415,nonzero
ed_029505,1,8,8,0,0,0.000000,nomatch
ed_029508,1,11,11,0,0,0.000000,nomatch
ed_029511,2,16,16,0,0,0.000000,nomatch
ed_029514,1,10,10,0,0,0.000000,nomatch
ed_029517,2,31,31,1,2,0.180579,nonzero
ed_029521,1,14,14,0,0,0.000000,nomatch
ed_029524,1,19,19,1,0,-0.458831,nonzero
ed_029527,2,36,36,2,0,-0.238329,nonzero
ed_029530,2,18,18,1,0,0.229415,nonzero
ed_029534,2,10,10,1,0,-0.210732,nonzero
ed_029540,2,45,45,1,0,-0.238329,nonzero
ed_029544,2,16,16,0,0,0.000000,nomatch
ed_029547,2,14,14,0,0,0.000000,nomatch
ed_029550,1,13,13,1,0,0.458831,nonzero
ed_029553,1,8,8,1,0,-0.458831,nonzero
ed_029556,1,14,14,0,0,0.000000,nomatch
ed_029559,2,17,17,1,0,0.180579,nonzero
ed_029563,1,6,6,0,0,0.000000,nomatch
ed_029566,1,15,15,1,0,0.458831,nonzero
ed_029569,2,16,16,0,0,0.000000,nomatch
ed_029572,1,12,12,1,0,0.421464,nonzero
ed_029575,1,15,15,0,0,0.000000,nomatch
ed_029578,1,8,8,0,0,0.000000,nomatch
ed_029581,2,14,14,1,0,-0.180579,nonzero
ed_029584,3,15,15,0,0,0.000000,nomatch
ed_029587,2,15,15,1,0,0.180579,nonzero
ed_029591,1,12,12,2,0,-0.458831,nonzero
ed_029594,2,17,17,1,0,0.263371,nonzero
ed_029597,1,13,13,0,0,0.000000,nomatch
ed_029600,1,16,16,0,0,0.000000,nomatch
ed_029603,2,13,13,0,0,0.000000,nomatch
ed_029606,1,11,11,0,0,0.000000,nomatch
ed_029609,2,18,18,0,0,0.000000,nomatch
ed_029612,2,16,16,0,0,0.000000,nomatch
ed_029616,1,9,9,0,0,0.000000,nomatch
ed_029619,1,14,14,0,0,0.000000,nomatch
ed_029622,2,18,18,0,0,0.000000,nomatch
ed_029626,2,17,17,0,0,0.000000,nomatch
ed_029629,2,27,27,1,0,-0.064019,nonzero
ed_029632,1,16,16,0,0,0.000000,nomatch
ed_029636,2,16,16,0,0,0.000000,nomatch
ed_029640,2,15,15,0,0,0.000000,nomatch
ed_029643,2,18,18,0,0,0.000000,nomatch
ed_029646,2,16,16,0,0,0.000000,nomatch
ed_029650,1,14,14,0,0,0.000000,nomatch
ed_029653,3,19,19,2,0,0.000000,cancel
ed_029656,2,13,13,1,0,0.180579,nonzero
ed_029659,2,14,14,0,0,0.000000,nomatch
ed_029662,2,10,10,0,0,0.000000,nomatch
ed_029666,1,10,10,0,0,0.000000,nomatch
ed_029669,3,16,16,1,0,0.164638,nonzero
ed_029673,2,16,16,0,0,0.000000,nomatch
ed_029677,1,12,12,0,0,0.000000,nomatch
ed_029680,2,22,22,0,0,0.000000,nomatch
ed_029684,2,17,17,0,0,0.000000,nomatch
ed_029689,1,22,22,0,0,0.000000,nomatch
ed_029693,1,5,5,0,0,0.000000,nomatch
ed_029696,2,11,11,1,0,0.180579,nonzero
ed_029699,2,18,18,1,0,-0.147979,nonzero
ed_029703,2,24,24,0,0,0.000000,nomatch
ed_029706,3,25,25,0,0,0.000000,nomatch
ed_029709,1,15,15,1,0,0.128037,nonzero
ed_029712,2,15,15,1,0,0.125000,nonzero
ed_029716,2,17,17,1,0,0.180579,nonzero
ed_029719,2,21,21,1,1,0.207144,nonzero
ed_029723,2,20,20,0,0,0.000000,nomatch
ed_029726,2,20,20,0,0,0.000000,nomatch
ed_029730,2,15,15,0,0,0.000000,nomatch
ed_029733,2,28,28,0,0,0.000000,nomatch
ed_029737,3,23,23,2,0,-0.292090,nonzero
ed_029740,1,13,13,0,0,0.000000,nomatch
ed_029745,1,9,9,0,0,0.000000,nomatch
ed_029748,2,21,21,0,0,0.000000,nomatch
ed_029752,2,21,21,1,1,0.000000,cancel
ed_029755,2,21,21,1,0,-0.180579,nonzero
ed_029758,2,17,17,0,0,0.000000,nomatch
ed_029761,2,22,22,0,0,0.000000,nomatch
ed_029764,2,15,15,0,0,0.000000,nomatch
ed_029767,1,11,11,0,0,0.000000,nomatch
ed_029770,2,12,12,0,0,0.000000,nomatch
ed_029773,2,15,15,1,0,-0.210732,nonzero
ed_029776,1,4,4,0,0,0.000000,nomatch
ed_029779,2,14,14,1,0,0.064019,nonzero
ed_029783,1,7,7,0,0,0.000000,nomatch
ed_029786,2,15,15,0,0,0.000000,nomatch
ed_029790,1,20,20,0,0,0.000000,nomatch
ed_029793,2,16,16,1,0,0.180579,nonzero
ed_029796,2,17,17,0,0,0.000000,nomatch
ed_029800,2,11,11,0,0,0.000000,nomatch
ed_029803,1,9,9,0,0,0.000000,nomatch
ed_029807,2,22,22,0,0,0.000000,nomatch
ed_029811,2,16,16,0,0,0.000000,nomatch
ed_029814,1,21,21,1,0,0.202289,nonzero
ed_029817,2,9,9,1,0,-0.180579,nonzero
ed_029820,1,14,14,0,0,0.000000,nomatch
ed_029823,2,13,13,0,0,0.000000,nomatch
ed_029826,2,14,14,0,0,0.000000,nomatch
ed_029829,2,12,12,0,0,0.000000,nomatch
ed_029833,2,15,15,0,0,0.000000,nomatch
ed_029836,1,15,15,0,0,0.000000,nomatch
ed_029839,2,13,13,1,0,0.180579,nonzero
ed_029842,2,21,21,1,0,0.263371,nonzero
ed_029846,2,19,19,0,0,0.000000,nomatch
ed_029849,2,13,13,1,0,-0.210732,nonzero
ed_029853,2,15,15,0,0,0.000000,nomatch
ed_029857,3,32,32,1,0,-0.120386,nonzero
ed_029860,1,29,29,0,0,0.000000,nomatch
ed_029864,3,16,16,1,0,0.120386,nonzero
ed_029868,2,25,25,1,0,-0.229415,nonzero
ed_029871,2,18,18,0,0,0.000000,nomatch
ed_029875,1,10,10,0,0,0.000000,nomatch
ed_029878,2,13,13,0,0,0.000000,nomatch
ed_029882,2,21,21,0,0,0.000000,nomatch
ed_029885,1,16,16,1,0,-0.458831,nonzero
ed_029891,1,10,10,0,0,0.000000,nomatch
ed_029894,2,19,19,0,0,0.000000,nomatch
ed_029900,1,5,5,0,0,0.000000,nomatch
ed_029903,2,17,17,0,0,0.000000,nomatch
ed_029907,2,22,22,0,0,0.000000,nomatch
ed_029911,1,15,15,0,0,0.000000,nomatch
ed_029915,2,14,14,0,0,0.000000,nomatch
ed_029919,1,8,8,0,0,0.000000,nomatch
ed_029922,1,17,17,0,0,0.000000,nomatch
ed_029926,1,4,4,0,0,0.000000,nomatch
ed_029929,2,18,18,2,0,0.082792,nonzero
ed_029932,1,16,16,1,0,-0.526742,nonzero
ed_029936,3,18,18,0,0,0.000000,nomatch
ed_029940,1,9,9,1,0,-0.361158,nonzero
ed_029943,2,17,17,0,0,0.000000,nomatch
ed_029946,1,5,5,0,0,0.000000,nomatch
ed_029949,2,16,16,0,0,0.000000,nomatch
ed_029953,1,5,5,0,0,0.000000,nomatch
ed_029956,2,14,14,1,0,0.263371,nonzero
ed_029960,1,8,8,0,0,0.000000,nomatch
ed_029963,1,13,13,0,0,0.000000,nomatch
ed_029967,2,16,16,2,0,0.000000,cancel
ed_029971,1,14,14,0,0,0.000000,nomatch
ed_029974,1,9,9,0,0,0.000000,nomatch
ed_029977,1,7,7,1,0,0.542326,nonzero
ed_029980,1,13,13,0,0,0.000000,nomatch
ed_029983,1,7,7,0,0,0.000000,nomatch
ed_029986,1,6,6,0,0,0.000000,nomatch
ed_029989,1,10,10,0,0,0.000000,nomatch
ed_029992,1,9,9,0,0,0.000000,nomatch
ed_029995,1,16,16,0,0,0.000000,nomatch
ed_029998,1,8,8,0,0,0.000000,nomatch
ed_030001,1,14,14,1,0,0.585882,nonzero
ed_030004,1,7,7,0,0,0.000000,nomatch
ed_030007,2,11,11,0,0,0.000000,nomatch
ed_030010,1,4,4,0,0,0.000000,nomatch
ed_030013,3,16,16,0,0,0.000000,nomatch
ed_030016,1,10,10,0,0,0.000000,nomatch
ed_030019,1,6,6,0,0,0.000000,nomatch
ed_030022,1,6,6,0,0,0.000000,nomatch
ed_030025,1,11,11,0,0,0.000000,nomatch
ed_030028,2,12,12,1,0,-0.229415,nonzero
ed_030031,1,10,10,0,0,0.000000,nomatch
ed_030034,1,13,13,0,0,0.000000,nomatch
ed_030037,1,9,9,0,0,0.000000,nomatch
ed_030040,2,22,22,0,0,0.000000,nomatch
ed_030043,1,7,7,0,0,0.000000,nomatch
ed_030046,2,17,17,1,0,0.271163,nonzero
ed_030049,2,20,20,0,0,0.000000,nomatch
ed_030052,1,6,6,0,0,0.000000,nomatch
ed_030055,1,16,16,0,0,0.000000,nomatch
ed_030058,1,8,8,0,0,0.000000,nomatch
ed_030061,1,9,9,0,0,0.000000,nomatch
ed_030064,2,11,11,0,0,0.000000,nomatch
ed_030067,1,7,7,0,0,0.000000,nomatch
ed_030070,1,9,9,1,0,0.421464,nonzero
ed_030073,1,10,10,0,0,0.000000,nomatch
ed_030076,1,6,6,0,0,0.000000,nomatch
ed_030079,2,19,19,2,0,-0.361158,nonzero
ed_030083,1,6,6,0,0,0.000000,nomatch
ed_030086,2,25,25,0,0,0.000000,nomatch
ed_030089,1,12,12,0,0,0.000000,nomatch
ed_030092,2,16,16,1,0,-0.229415,nonzero
ed_030095,1,15,15,0,0,0.000000,nomatch
ed_030101,1,6,6,0,0,0.000000,nomatch
ed_030104,1,9,9,0,0,0.000000,nomatch
ed_030107,1,8,8,0,0,0.000000,nomatch
ed_030110,3,17,17,0,0,0.000000,nomatch
ed_030114,1,13,13,0,0,0.000000,nomatch
ed_030117,1,3,3,0,0,0.000000,nomatch
ed_030120,1,15,15,1,0,0.128037,nonzero
ed_030123,1,15,15,1,1,0.485357,nonzero
ed_030126,1,7,7,0,0,0.000000,nomatch
ed_030129,1,6,6,1,0,0.361158,nonzero
ed_030132,2,24,24,1,0,-0.210732,nonzero
ed_030136,1,10,10,0,0,0.000000,nomatch
ed_030139,1,17,17,0,0,0.000000,nomatch
ed_030143,1,10,10,0,0,0.000000,nomatch
ed_030146,1,6,6,0,0,0.000000,nomatch
ed_030149,1,11,11,0,0,0.000000,nomatch
ed_030153,2,26,26,1,0,0.180579,nonzero
ed_030156,3,31,31,1,0,0.083333,nonzero
ed_030159,2,17,17,1,0,-0.289473,nonzero
ed_030163,1,15,15,0,0,0.000000,nomatch
ed_030166,1,14,14,0,0,0.000000,nomatch
ed_030170,1,10,10,0,0,0.000000,nomatch
ed_030173,1,12,12,0,0,0.000000,nomatch
ed_030176,1,5,5,0,0,0.000000,nomatch
ed_030179,1,14,14,1,0,-0.684850,nonzero
ed_030182,1,6,6,0,0,0.000000,nomatch
ed_030185,1,6,6,0,0,0.000000,nomatch
ed_030188,1,8,8,0,0,0.000000,nomatch
ed_030191,1,18,18,0,0,0.000000,nomatch
ed_030194,2,17,17,1,0,-0.180579,nonzero
ed_030198,1,7,7,0,0,0.000000,nomatch
ed_030201,1,10,10,0,0,0.000000,nomatch
ed_030204,1,9,9,0,0,0.000000,nomatch
ed_030207,2,21,21,1,0,0.238329,nonzero
ed_030210,1,19,19,1,0,0.250000,nonzero
ed_030213,2,20,20,0,0,0.000000,nomatch
ed_030216,2,11,11,1,0,0.246957,nonzero
ed_030220,1,13,13,1,0,-0.458831,nonzero
ed_030223,1,12,12,0,0,0.000000,nomatch
ed_030227,1,6,6,0,0,0.000000,nomatch
ed_030230,2,14,14,1,0,0.222544,nonzero
ed_030234,1,5,5,0,0,0.000000,nomatch
ed_030237,2,10,10,2,0,-0.409994,nonzero
ed_030241,1,12,12,0,0,0.000000,nomatch
ed_030244,1,14,14,0,0,0.000000,nomatch
ed_030248,1,10,10,1,0,0.361158,nonzero
ed_030251,2,13,13,0,0,0.000000,nomatch
ed_030255,1,15,15,1,0,-0.361158,nonzero
ed_030258,1,10,10,1,0,0.493915,nonzero
ed_030262,1,5,5,0,0,0.000000,nomatch
ed_030265,1,18,18,1,1,0.458831,nonzero
ed_030268,1,12,12,0,0,0.000000,nomatch
ed_030275,2,16,16,1,0,-0.229415,nonzero
ed_030279,1,5,5,0,0,0.000000,nomatch
ed_030282,1,9,9,0,0,0.000000,nomatch
ed_030288,1,14,14,1,0,-0.493915,nonzero
ed_030292,1,6,6,1,0,-0.339950,nonzero
ed_030295,1,15,15,0,0,0.000000,nomatch
ed_030298,1,25,25,0,0,0.000000,nomatch
ed_030302,1,10,10,0,0,0.000000,nomatch
ed_030305,1,8,8,0,0,0.000000,nomatch
ed_030308,1,8,8,0,0,0.000000,nomatch
ed_030312,1,10,10,0,0,0.000000,nomatch
ed_030315,2,9,9,1,0,0.180579,nonzero
ed_030318,1,13,13,0,0,0.000000,nomatch
ed_030321,1,3,3,0,0,0.000000,nomatch
ed_030324,1,7,7,1,0,-0.361158,nonzero
ed_030328,1,6,6,0,0,0.000000,nomatch
ed_030334,1,11,11,1,0,0.128037,nonzero
ed_030341,2,16,16,1,0,-0.180579,nonzero
ed_030344,1,7,7,0,0,0.000000,nomatch
ed_030347,1,10,10,1,0,-0.493915,nonzero
ed_030354,1,11,11,1,0,-0.493915,nonzero
ed_030358,2,21,21,0,0,0.000000,nomatch
ed_030362,1,7,7,0,0,0.000000,nomatch
ed_030365,1,11,11,0,0,0.000000,nomatch
ed_030368,1,8,8,0,0,0.000000,nomatch
ed_030371,1,9,9,0,0,0.000000,nomatch
ed_030375,1,7,7,0,0,0.000000,nomatch
ed_030382,1,6,6,0,0,0.000000,nomatch
ed_030385,1,18,18,1,0,-0.421464,nonzero
ed_030389,1,9,9,0,0,0.000000,nomatch
ed_030392,2,22,22,1,0,-0.210732,nonzero
ed_030396,1,10,10,0,0,0.000000,nomatch
ed_030399,2,18,18,1,0,-0.210732,nonzero
ed_030402,1,10,10,0,0,0.000000,nomatch
ed_030405,1,21,21,0,0,0.000000,nomatch
ed_030408,1,11,11,0,0,0.000000,nomatch
ed_030412,1,10,10,0,0,0.000000,nomatch
ed_030415,1,6,6,0,0,0.000000,nomatch
ed_030425,1,4,4,1,0,-0.655311,nonzero
ed_030428,1,10,10,0,0,0.000000,nomatch
ed_030431,1,7,7,0,0,0.000000,nomatch
ed_030434,1,15,15,0,0,0.000000,nomatch
ed_030437,1,13,13,1,0,0.458831,nonzero
ed_030440,2,16,16,1,0,-0.210732,nonzero
ed_030443,1,10,10,0,0,0.000000,nomatch
ed_030446,1,8,8,0,0,0.000000,nomatch
ed_030449,2,14,14,1,0,-0.289473,nonzero
ed_030453,1,8,8,0,0,0.000000,nomatch
ed_030456,1,12,12,0,0,0.000000,nomatch
ed_030459,1,10,10,0,0,0.000000,nomatch
ed_030462,1,9,9,0,0,0.000000,nomatch
ed_030465,2,15,15,0,0,0.000000,nomatch
ed_030468,1,12,12,0,0,0.000000,nomatch
ed_030472,1,4,4,0,0,0.000000,nomatch
ed_030475,1,6,6,0,0,0.000000,nomatch
ed_030478,2,13,13,1,0,-0.064019,nonzero
ed_030481,1,10,10,0,0,0.000000,nomatch
ed_030484,1,15,15,0,0,0.000000,nomatch
ed_030487,2,9,9,0,0,0.000000,nomatch
ed_030490,1,11,11,0,0,0.000000,nomatch
ed_030493,2,13,13,1,1,0.229415,nonzero
ed_030496,1,6,6,0,0,0.000000,nomatch
ed_030499,1,10,10,0,0,0.000000,nomatch
ed_030502,1,15,15,0,0,0.000000,nomatch
ed_030505,1,6,6,0,0,0.000000,nomatch
ed_030508,1,14,14,0,0,0.000000,nomatch
ed_030511,2,15,15,0,0,0.000000,nomatch
ed_030514,1,7,7,1,0,0.421464,nonzero
ed_030517,1,18,18,0,0,0.000000,nomatch
ed_030520,1,8,8,0,0,0.000000,nomatch
ed_030523,1,10,10,0,0,0.000000,nomatch
ed_030526,1,11,11,1,0,0.458831,nonzero
ed_030529,1,6,6,0,0,0.000000,nomatch
ed_030533,1,8,8,0,0,0.000000,nomatch
ed_030536,1,9,9,0,0,0.000000,nomatch
ed_030539,1,13,13,0,0,0.000000,nomatch
ed_030542,2,12,12,1,0,-0.064019,nonzero
ed_030545,1,14,14,0,0,0.000000,nomatch
ed_030548,1,11,11,1,0,0.458831,nonzero
ed_030551,1,7,7,0,0,0.000000,nomatch
ed_030554,1,5,5,0,0,0.000000,nomatch
ed_030558,2,13,13,0,0,0.000000,nomatch
ed_030561,2,17,17,1,0,-0.224852,nonzero
ed_030564,1,15,15,0,0,0.000000,nomatch
ed_030567,1,12,12,0,0,0.000000,nomatch
ed_030570,1,12,12,0,0,0.000000,nomatch
ed_030573,1,8,8,0,0,0.000000,nomatch
ed_030576,1,8,8,0,0,0.000000,nomatch
ed_030579,1,11,11,0,0,0.000000,nomatch
ed_030582,1,12,12,0,0,0.000000,nomatch
ed_030585,2,14,14,0,0,0.000000,nomatch
ed_030588,1,8,8,0,0,0.000000,nomatch
ed_030591,2,12,12,0,0,0.000000,nomatch
ed_030594,1,8,8,1,0,0.612372,nonzero
ed_030597,1,6,6,0,0,0.000000,nomatch
ed_030600,1,9,9,0,0,0.000000,nomatch
ed_030603,1,12,12,0,0,0.000000,nomatch
ed_030606,2,13,13,1,0,-0.224852,nonzero
ed_030609,1,14,14,0,0,0.000000,nomatch
ed_030612,1,4,4,0,0,0.000000,nomatch
ed_030618,2,19,19,1,0,-0.229415,nonzero
ed_030621,2,13,13,0,0,0.000000,nomatch
ed_030624,1,3,3,0,0,0.000000,nomatch
ed_030627,1,7,7,0,0,0.000000,nomatch
ed_030630,1,15,15,0,0,0.000000,nomatch
ed_030634,1,15,15,0,0,0.000000,nomatch
ed_030638,1,10,10,0,0,0.000000,nomatch
ed_030641,2,14,14,0,0,0.000000,nomatch
ed_030644,1,14,14,1,0,-0.128037,nonzero
ed_030647,1,6,6,0,0,0.000000,nomatch
ed_030650,2,18,18,0,0,0.000000,nomatch
ed_030653,2,20,20,0,0,0.000000,nomatch
ed_030656,1,5,5,0,0,0.000000,nomatch
ed_030659,2,17,17,1,0,0.180579,nonzero
ed_030662,1,9,9,1,0,-0.361158,nonzero
ed_030665,1,17,17,1,0,-0.361158,nonzero
ed_030668,2,16,16,0,0,0.000000,nomatch
ed_030671,1,9,9,0,0,0.000000,nomatch
ed_030675,1,11,11,1,0,0.397948,nonzero
ed_030678,1,14,14,1,0,0.526742,nonzero
ed_030681,1,13,13,0,0,0.000000,nomatch
ed_030685,1,5,5,0,0,0.000000,nomatch
ed_030689,2,15,15,0,0,0.000000,nomatch
ed_030692,1,8,8,0,0,0.000000,nomatch
ed_030695,2,14,14,0,0,0.000000,nomatch
ed_030698,2,14,14,0,0,0.000000,nomatch
ed_030701,1,10,10,0,0,0.000000,nomatch
ed_030704,1,14,14,1,0,0.250000,nonzero
ed_030707,1,3,3,0,0,0.000000,nomatch
ed_030710,1,16,16,0,0,0.000000,nomatch
ed_030713,2,14,14,1,0,-0.327655,nonzero
ed_030716,1,9,9,1,0,0.458831,nonzero
ed_030719,2,19,19,1,0,-0.229415,nonzero
ed_030722,1,7,7,0,0,0.000000,nomatch
ed_030725,1,19,19,0,0,0.000000,nomatch
ed_030728,1,7,7,0,0,0.000000,nomatch
ed_030731,1,7,7,1,0,-0.361158,nonzero
ed_030734,2,15,15,1,0,-0.210732,nonzero
ed_030737,1,13,13,0,0,0.000000,nomatch
ed_030740,2,15,15,0,0,0.000000,nomatch
ed_030743,1,9,9,2,0,-0.670478,nonzero
ed_030746,1,5,5,0,0,0.000000,nomatch
ed_030749,1,12,12,0,0,0.000000,nomatch
ed_030752,1,7,7,0,0,0.000000,nomatch
ed_030755,1,10,10,2,0,-0.670478,nonzero
ed_030758,2,13,13,0,0,0.000000,nomatch
ed_030761,1,7,7,0,0,0.000000,nomatch
ed_030765,1,5,5,1,0,-0.578947,nonzero
ed_030768,2,13,13,0,0,0.000000,nomatch
ed_030771,2,13,13,1,0,-0.180579,nonzero
ed_030774,1,8,8,0,0,0.000000,nomatch
ed_030777,1,11,11,0,0,0.000000,nomatch
ed_030780,1,9,9,1,0,-0.361158,nonzero
ed_030783,1,10,10,0,0,0.000000,nomatch
ed_030786,2,8,8,0,0,0.000000,nomatch
ed_030789,2,13,13,0,0,0.000000,nomatch
ed_030792,3,24,24,1,0,0.195294,nonzero
ed_030795,1,11,11,0,0,0.000000,nomatch
ed_030798,1,15,15,0,0,0.000000,nomatch
ed_030801,2,13,13,0,0,0.000000,nomatch
ed_030804,1,6,6,0,0,0.000000,nomatch
ed_030807,3,26,26,1,0,-0.158886,nonzero
ed_030811,2,15,15,1,0,-0.180579,nonzero
ed_030815,1,15,15,1,0,-0.361158,nonzero
ed_030818,1,5,5,0,0,0.000000,nomatch
ed_030821,1,9,9,0,0,0.000000,nomatch
ed_030824,3,36,36,0,0,0.000000,nomatch
ed_030827,1,7,7,0,0,0.000000,nomatch
ed_030830,3,62,62,2,0,0.240772,nonzero
ed_030833,2,18,18,1,1,0.229415,nonzero
ed_030837,3,34,34,0,0,0.000000,nomatch
ed_030840,1,9,9,1,0,0.361158,nonzero
ed_030843,2,30,30,0,0,0.000000,nomatch
ed_030846,1,5,5,0,0,0.000000,nomatch
ed_030849,1,13,13,0,0,0.000000,nomatch
ed_030852,2,14,14,1,0,-0.064019,nonzero
ed_030855,2,12,12,0,0,0.000000,nomatch
ed_030858,2,17,17,1,0,-0.281620,nonzero
ed_030861,2,21,21,0,0,0.000000,nomatch
ed_030864,2,11,11,1,0,-0.180579,nonzero
ed_030867,1,3,3,0,0,0.000000,nomatch
ed_030870,3,34,34,1,0,-0.249411,nonzero
ed_030873,2,14,14,0,0,0.000000,nomatch
ed_030876,2,10,10,1,0,-0.210732,nonzero
ed_030880,2,19,19,2,0,-0.405431,nonzero
ed_030887,2,29,29,0,0,0.000000,nomatch
ed_030890,1,8,8,0,0,0.000000,nomatch
ed_030893,2,15,15,0,0,0.000000,nomatch
ed_030896,1,14,14,1,0,0.458831,nonzero
ed_030899,1,6,6,0,0,0.000000,nomatch
ed_030902,2,19,19,0,0,0.000000,nomatch
ed_030905,2,21,21,0,0,0.000000,nomatch
ed_030908,2,12,12,1,0,-0.169975,nonzero
ed_030911,1,13,13,0,0,0.000000,nomatch
ed_030914,4,27,27,0,0,0.000000,nomatch
ed_030917,1,6,6,0,0,0.000000,nomatch
ed_030920,2,13,13,1,0,-0.238329,nonzero
ed_030923,1,10,10,0,0,0.000000,nomatch
ed_030926,2,26,26,0,0,0.000000,nomatch
ed_030929,2,14,14,1,0,-0.210732,nonzero
ed_030932,1,3,3,0,0,0.000000,nomatch
ed_030935,3,35,35,1,0,-0.176634,nonzero
ed_030940,3,17,17,0,0,0.000000,nomatch
ed_030943,3,33,33,0,0,0.000000,nomatch
ed_030947,1,27,27,1,0,-0.361158,nonzero
ed_030950,1,21,21,1,0,0.202289,nonzero
ed_030953,2,16,16,0,0,0.000000,nomatch
ed_030956,2,13,13,1,0,-0.210732,nonzero
ed_030959,2,16,16,0,0,0.000000,nomatch
ed_030962,1,14,14,1,0,-0.361158,nonzero
ed_030965,1,12,12,0,0,0.000000,nomatch
ed_030969,4,34,34,1,0,-0.090289,nonzero
ed_030973,1,14,14,0,0,0.000000,nomatch
ed_030976,1,6,6,0,0,0.000000,nomatch
ed_030979,2,19,19,2,1,0.306186,nonzero
ed_030982,2,13,13,1,0,-0.281620,nonzero
ed_030985,3,35,35,0,0,0.000000,nomatch
ed_030988,2,11,11,1,0,0.229415,nonzero
ed_030991,1,10,10,0,0,0.000000,nomatch
ed_030994,1,6,6,0,0,0.000000,nomatch
ed_030997,2,14,14,1,0,-0.263371,nonzero
ed_031000,1,5,5,1,0,0.153093,nonzero
ed_031003,2,17,17,1,1,0.242678,nonzero
ed_031006,1,14,14,0,0,0.000000,nomatch
ed_031009,1,15,15,1,0,-0.493915,nonzero
ed_031012,1,15,15,1,1,0.485357,nonzero
ed_031016,2,14,14,0,0,0.000000,nomatch
ed_031019,1,7,7,1,0,-0.458831,nonzero
ed_031024,1,4,4,0,0,0.000000,nomatch
ed_031031,1,12,12,0,0,0.000000,nomatch
ed_031034,2,20,20,0,0,0.000000,nomatch
ed_031037,2,15,15,1,0,-0.210732,nonzero
ed_031040,2,13,13,0,0,0.000000,nomatch
ed_031043,1,9,9,0,0,0.000000,nomatch
ed_031046,1,3,3,0,0,0.000000,nomatch
ed_031049,2,17,17,0,0,0.000000,nomatch
ed_031052,2,21,21,0,0,0.000000,nomatch
ed_031055,2,25,25,1,0,0.246957,nonzero
ed_031058,1,9,9,0,0,0.000000,nomatch
ed_031061,1,11,11,0,0,0.000000,nomatch
ed_031064,2,14,14,1,0,0.263371,nonzero
ed_031067,2,16,16,0,0,0.000000,nomatch
ed_031070,2,15,15,1,0,-0.281620,nonzero
ed_031073,3,62,62,1,0,0.067430,nonzero
ed_031077,2,17,17,0,0,0.000000,nomatch
ed_031080,1,6,6,0,0,0.000000,nomatch
ed_031084,2,20,20,1,0,-0.263371,nonzero
ed_031087,2,18,18,0,0,0.000000,nomatch
ed_031090,3,27,27,0,0,0.000000,nomatch
ed_031093,2,18,18,0,0,0.000000,nomatch
ed_031096,2,18,18,1,0,-0.263371,nonzero
ed_031099,1,6,6,0,0,0.000000,nomatch
ed_031102,3,44,44,0,0,0.000000,nomatch
ed_031105,1,9,9,0,0,0.000000,nomatch
ed_031108,1,8,8,1,0,-0.458831,nonzero
ed_031111,1,19,19,0,0,0.000000,nomatch
ed_031115,1,2,2,0,0,0.000000,nomatch
ed_031119,1,9,9,0,0,0.000000,nomatch
ed_031122,2,23,23,1,0,-0.180579,nonzero
ed_031125,2,17,17,0,0,0.000000,nomatch
ed_031131,2,16,16,0,0,0.000000,nomatch
ed_031134,2,14,14,1,0,-0.272689,nonzero
ed_031137,2,18,18,3,1,0.270488,nonzero
ed_031140,2,23,23,1,0,-0.210732,nonzero
ed_031144,2,35,35,0,0,0.000000,nomatch
ed_031147,3,14,14,0,0,0.000000,nomatch
ed_031151,1,5,5,1,0,-0.361158,nonzero
ed_031154,3,53,53,2,0,0.000000,cancel
ed_031157,3,24,24,1,0,-0.042679,nonzero
ed_031160,3,47,47,0,0,0.000000,nomatch
ed_031163,2,54,54,3,0,-0.305579,nonzero
ed_031166,1,29,29,2,0,-0.810545,nonzero
ed_031169,2,21,21,0,0,0.000000,nomatch
ed_031172,4,56,56,0,0,0.000000,nomatch
ed_031175,1,5,5,0,0,0.000000,nomatch
ed_031179,2,33,33,0,0,0.000000,nomatch
ed_031182,3,39,39,1,0,0.120386,nonzero
ed_031185,2,55,55,1,0,0.229415,nonzero
ed_031188,2,25,25,0,0,0.000000,nomatch
ed_031191,1,14,14,2,0,0.571885,nonzero
ed_031195,3,15,15,2,0,0.187816,nonzero
ed_031198,1,6,6,0,0,0.000000,nomatch
ed_031201,2,20,20,0,0,0.000000,nomatch
ed_031204,2,20,20,1,0,-0.229415,nonzero
ed_031207,2,31,31,2,1,0.302967,nonzero
ed_031210,1,13,13,0,0,0.000000,nomatch
ed_031213,2,36,36,0,0,0.000000,nomatch
ed_031216,3,29,29,0,0,0.000000,nomatch
ed_031220,2,34,34,0,0,0.000000,nomatch
ed_031223,1,8,8,0,0,0.000000,nomatch
ed_031226,1,9,9,0,0,0.000000,nomatch
ed_031229,3,18,18,0,0,0.000000,nomatch
ed_031232,1,25,25,0,0,0.000000,nomatch
ed_031236,1,18,18,0,0,0.000000,nomatch
ed_031239,1,9,9,0,0,0.000000,nomatch
ed_031242,2,24,24,1,0,-0.210732,nonzero
ed_031245,1,14,14,0,0,0.000000,nomatch
ed_031248,1,15,15,0,0,0.000000,nomatch
ed_031251,3,30,30,2,0,-0.195623,nonzero
ed_031254,2,32,32,0,0,0.000000,nomatch
ed_031257,3,29,29,1,0,-0.218437,nonzero
ed_031260,2,22,22,0,0,0.000000,nomatch
ed_031263,1,7,7,1,0,-0.250000,nonzero
ed_031266,1,9,9,0,0,0.000000,nomatch
ed_031269,3,25,25,1,0,0.083333,nonzero
ed_031272,2,25,25,3,0,-0.494254,nonzero
ed_031277,2,38,38,1,0,-0.229415,nonzero
ed_031281,2,42,42,0,0,0.000000,nomatch
ed_031284,2,23,23,0,0,0.000000,nomatch
ed_031287,1,14,14,0,0,0.000000,nomatch
ed_031290,2,25,25,1,1,-0.233993,nonzero
ed_031293,3,46,46,1,0,0.180775,nonzero
ed_031296,3,26,26,1,0,0.152944,nonzero
ed_031299,3,60,60,3,0,-0.240772,nonzero
ed_031302,1,14,14,0,0,0.000000,nomatch
ed_031305,1,19,19,1,0,0.458831,nonzero
ed_031309,1,4,4,0,0,0.000000,nomatch
ed_031312,2,24,24,3,1,0.229415,nonzero
ed_031317,2,22,22,1,0,0.224852,nonzero
ed_031320,1,7,7,1,1,0.458831,nonzero
ed_031323,3,39,39,1,0,-0.120386,nonzero
ed_031326,1,8,8,0,0,0.000000,nomatch
ed_031329,1,9,9,0,0,0.000000,nomatch
ed_031332,1,21,21,0,0,0.000000,nomatch
ed_031336,2,9,9,0,0,0.000000,nomatch
ed_031339,2,14,14,0,0,0.000000,nomatch
ed_031342,3,43,43,0,0,0.000000,nomatch
ed_031345,4,30,30,0,0,0.000000,nomatch
ed_031348,1,6,6,1,0,0.542326,nonzero
ed_031351,2,12,12,1,0,0.263371,nonzero
ed_031355,1,24,24,0,0,0.000000,nomatch
ed_031358,3,23,23,0,0,0.000000,nomatch
ed_031361,2,17,17,1,0,0.229415,nonzero
ed_031364,1,9,9,0,0,0.000000,nomatch
ed_031367,2,28,28,0,0,0.000000,nomatch
ed_031370,1,11,11,0,0,0.000000,nomatch
ed_031373,1,12,12,0,0,0.000000,nomatch
ed_031376,1,12,12,1,0,0.648557,nonzero
ed_031379,3,29,29,1,0,0.000000,cancel
ed_031382,4,33,33,1,0,0.090289,nonzero
ed_031385,1,10,10,0,0,0.000000,nomatch
ed_031388,3,36,36,2,0,-0.253805,nonzero
ed_031392,1,23,23,1,0,-0.421464,nonzero
ed_031395,1,8,8,1,1,0.458831,nonzero
ed_031398,2,19,19,0,0,0.000000,nomatch
ed_031401,1,4,4,0,0,0.000000,nomatch
ed_031404,2,13,13,1,0,0.271163,nonzero
ed_031407,2,30,30,0,0,0.000000,nomatch
ed_031410,1,8,8,0,0,0.000000,nomatch
ed_031413,2,20,20,2,0,0.335182,nonzero
ed_031416,1,32,32,1,0,0.648557,nonzero
ed_031419,1,13,13,0,0,0.000000,nomatch
ed_031423,2,21,21,0,0,0.000000,nomatch
ed_031426,2,12,12,0,0,0.000000,nomatch
ed_031429,2,17,17,0,0,0.000000,nomatch
ed_031432,2,29,29,0,0,0.000000,nomatch
ed_031435,2,17,17,0,0,0.000000,nomatch
ed_031439,3,59,59,0,0,0.000000,nomatch
ed_031442,1,17,17,1,0,0.493915,nonzero
ed_031445,1,15,15,0,0,0.000000,nomatch
ed_031449,2,22,22,0,0,0.000000,nomatch
ed_031452,3,29,29,0,0,0.000000,nomatch
ed_031455,2,41,41,0,0,0.000000,nomatch
ed_031458,1,11,11,0,0,0.000000,nomatch
ed_031462,1,23,23,0,0,0.000000,nomatch
ed_031465,2,24,24,0,0,0.000000,nomatch
ed_031468,2,23,23,1,0,0.064019,nonzero
ed_031471,1,21,21,0,0,0.000000,nomatch
ed_031475,2,13,13,0,0,0.000000,nomatch
ed_031478,2,19,19,0,0,0.000000,nomatch
ed_031481,2,24,24,1,0,0.263371,nonzero
ed_031484,2,11,11,1,0,-0.327655,nonzero
ed_031487,2,22,22,0,0,0.000000,nomatch
ed_031490,1,17,17,1,0,-0.458831,nonzero
ed_031493,2,20,20,1,0,0.229415,nonzero
ed_031496,3,25,25,0,0,0.000000,nomatch
ed_031499,2,20,20,0,0,0.000000,nomatch
ed_031502,1,10,10,0,0,0.000000,nomatch
ed_031505,1,13,13,0,0,0.000000,nomatch
ed_031509,2,21,21,0,0,0.000000,nomatch
ed_031512,2,18,18,0,0,0.000000,nomatch
ed_031515,2,15,15,1,0,-0.238329,nonzero
ed_031518,2,14,14,0,0,0.000000,nomatch
ed_031521,2,22,22,1,0,0.210732,nonzero
ed_031524,2,15,15,0,0,0.000000,nomatch
ed_031527,2,18,18,1,0,0.229415,nonzero
ed_031530,1,22,22,0,0,0.000000,nomatch
ed_031533,2,28,28,0,0,0.000000,nomatch
ed_031536,1,24,24,0,0,0.000000,nomatch
ed_031539,2,14,14,0,0,0.000000,nomatch
ed_031542,2,22,22,0,0,0.000000,nomatch
ed_031545,2,35,35,0,0,0.000000,nomatch
ed_031548,1,18,18,1,0,0.361158,nonzero
ed_031551,2,20,20,0,0,0.000000,nomatch
ed_031554,2,15,15,1,0,-0.180579,nonzero
ed_031557,3,23,23,1,0,0.120386,nonzero
ed_031560,1,31,31,0,0,0.000000,nomatch
ed_031563,1,26,26,1,0,-0.295958,nonzero
ed_031566,1,8,8,0,0,0.000000,nomatch
ed_031569,1,7,7,1,0,-0.421464,nonzero
ed_031572,2,13,13,1,1,0.242678,nonzero
ed_031575,2,21,21,0,0,0.000000,nomatch
ed_031578,2,21,21,0,0,0.000000,nomatch
ed_031581,2,18,18,0,0,0.000000,nomatch
ed_031584,2,15,15,0,0,0.000000,nomatch
ed_031588,2,19,19,1,0,0.246957,nonzero
ed_031591,2,18,18,0,0,0.000000,nomatch
ed_031594,3,24,24,0,0,0.000000,nomatch
ed_031597,1,8,8,1,0,0.361158,nonzero
ed_031600,2,17,17,2,0,-0.476373,nonzero
ed_031603,2,12,12,0,0,0.000000,nomatch
ed_031606,2,17,17,1,0,-0.263371,nonzero
ed_031609,2,22,22,0,0,0.000000,nomatch
ed_031612,2,15,15,0,0,0.000000,nomatch
ed_031615,1,35,35,3,0,0.700349,nonzero
ed_031618,2,16,16,1,0,-0.289473,nonzero
ed_031621,2,18,18,1,0,-0.064019,nonzero
ed_031624,2,27,27,0,0,0.000000,nomatch
ed_031627,1,22,22,0,0,0.000000,nomatch
ed_031630,2,16,16,2,0,-0.650066,nonzero
ed_031633,1,14,14,0,0,0.000000,nomatch
ed_031637,2,24,24,1,0,0.064019,nonzero
ed_031640,1,10,10,0,0,0.000000,nomatch
ed_031643,1,16,16,0,0,0.000000,nomatch
ed_031648,2,22,22,0,0,0.000000,nomatch
ed_031651,3,50,50,2,0,0.250210,nonzero
ed_031654,1,18,18,0,0,0.000000,nomatch
ed_031657,1,13,13,0,0,0.000000,nomatch
ed_031660,3,28,28,0,0,0.000000,nomatch
ed_031663,1,18,18,0,0,0.000000,nomatch
ed_031666,1,13,13,1,0,-0.421464,nonzero
ed_031669,2,17,17,0,0,0.000000,nomatch
ed_031672,3,24,24,1,0,0.140488,nonzero
ed_031675,2,33,33,1,0,0.064019,nonzero
ed_031678,2,21,21,2,0,0.185779,nonzero
ed_031681,2,17,17,0,0,0.000000,nomatch
ed_031684,2,11,11,0,0,0.000000,nomatch
ed_031687,1,18,18,1,0,-0.361158,nonzero
ed_031690,2,19,19,1,0,0.335239,nonzero
ed_031693,2,19,19,0,0,0.000000,nomatch
ed_031696,2,16,16,1,0,-0.180579,nonzero
ed_031700,1,3,3,0,0,0.000000,nomatch
ed_031707,2,20,20,1,0,0.278685,nonzero
ed_031710,1,28,28,0,0,0.000000,nomatch
ed_031713,2,22,22,2,0,0.033956,nonzero
ed_031716,2,15,15,0,0,0.000000,nomatch
ed_031719,2,23,23,1,0,0.229415,nonzero
ed_031722,1,7,7,0,0,0.000000,nomatch
ed_031725,2,21,21,0,0,0.000000,nomatch
ed_031728,1,10,10,0,0,0.000000,nomatch
ed_031731,1,21,21,0,0,0.000000,nomatch
ed_031734,2,22,22,0,0,0.000000,nomatch
ed_031737,2,18,18,1,0,0.180579,nonzero
ed_031740,2,15,15,0,0,0.000000,nomatch
ed_031746,1,19,19,0,0,0.000000,nomatch
ed_031749,2,15,15,2,0,0.361158,nonzero
ed_031752,2,22,22,0,0,0.000000,nomatch
ed_031755,1,15,15,0,0,0.000000,nomatch
ed_031758,2,20,20,1,1,0.229415,nonzero
ed_031762,1,16,16,1,0,-0.557370,nonzero
ed_031765,1,16,16,0,0,0.000000,nomatch
ed_031768,3,36,36,6,0,-0.449221,nonzero
ed_031771,2,17,17,1,0,-0.064019,nonzero
ed_031774,1,14,14,0,0,0.000000,nomatch
ed_031777,2,35,35,2,0,-0.458831,nonzero
ed_031780,2,25,25,1,0,0.246957,nonzero
ed_031783,1,6,6,0,0,0.000000,nomatch
ed_031786,2,35,35,0,0,0.000000,nomatch
ed_031789,2,22,22,0,0,0.000000,nomatch
ed_031792,1,19,19,0,0,0.000000,nomatch
ed_031795,1,16,16,1,0,-0.361158,nonzero
ed_031798,2,18,18,0,0,0.000000,nomatch
ed_031801,1,14,14,0,0,0.000000,nomatch
ed_031804,2,17,17,0,0,0.000000,nomatch
ed_031807,1,7,7,0,0,0.000000,nomatch
ed_031811,2,35,35,2,0,0.057707,nonzero
ed_031814,1,17,17,0,0,0.000000,nomatch
ed_031817,1,15,15,2,0,0.729026,nonzero
ed_031821,1,5,5,0,0,0.000000,nomatch
ed_031824,1,19,19,1,0,0.458831,nonzero
ed_031827,1,16,16,1,0,0.458831,nonzero
ed_031830,1,16,16,0,0,0.000000,nomatch
ed_031833,2,13,13,1,0,-0.210732,nonzero
ed_031836,1,6,6,0,0,0.000000,nomatch
ed_031839,1,17,17,1,0,0.261663,nonzero
ed_031842,2,18,18,0,0,0.000000,nomatch
ed_031845,1,20,20,1,0,0.526742,nonzero
ed_031848,1,13,13,2,0,-0.612372,nonzero
ed_031851,2,27,27,0,0,0.000000,nomatch
ed_031854,1,23,23,0,0,0.000000,nomatch
ed_031857,2,29,29,1,0,-0.210732,nonzero
ed_031860,1,9,9,1,0,0.542326,nonzero
ed_031863,1,8,8,1,0,-0.077228,nonzero
ed_031867,2,26,26,0,0,0.000000,nomatch
ed_031870,3,33,33,1,0,0.195294,nonzero
ed_031873,1,18,18,0,0,0.000000,nomatch
ed_031877,2,29,29,1,0,0.289473,nonzero
ed_031880,3,25,25,1,0,-0.204124,nonzero
ed_031883,2,40,40,0,0,0.000000,nomatch
ed_031886,3,42,42,0,0,0.000000,nomatch
ed_031889,4,42,42,0,0,0.000000,nomatch
ed_031892,1,17,17,1,0,0.361158,nonzero
ed_031896,1,6,6,0,0,0.000000,nomatch
ed_031899,3,64,64,0,0,0.000000,nomatch
ed_031902,2,19,19,1,0,-0.180579,nonzero
ed_031905,2,13,13,1,0,-0.180579,nonzero
ed_031908,2,17,17,0,0,0.000000,nomatch
ed_031911,2,26,26,2,0,0.375315,nonzero
ed_031915,3,28,28,0,0,0.000000,nomatch
ed_031918,1,18,18,0,0,0.000000,nomatch
ed_031922,2,40,40,0,0,0.000000,nomatch
ed_031925,1,15,15,0,0,0.000000,nomatch
ed_031929,1,20,20,2,0,0.612372,nonzero
ed_031932,3,20,20,1,0,-0.181793,nonzero
ed_031935,2,23,23,1,0,-0.064019,nonzero
ed_031938,2,22,22,0,0,0.000000,nomatch
ed_031941,4,30,30,1,0,-0.155607,nonzero
ed_031944,3,57,57,2,0,-0.243968,nonzero
ed_031947,1,4,4,0,0,0.000000,nomatch
ed_031951,1,14,14,0,1,-0.128037,nonzero
ed_031955,3,27,27,1,0,-0.140488,nonzero
ed_031958,1,9,9,0,0,0.000000,nomatch
ed_031962,2,18,18,0,0,0.000000,nomatch
ed_031965,2,23,23,2,0,0.361158,nonzero
ed_031968,2,17,17,1,0,-0.229415,nonzero
ed_031971,2,24,24,1,0,-0.195971,nonzero
ed_031974,2,12,12,1,0,-0.180579,nonzero
ed_031977,1,13,13,0,0,0.000000,nomatch
ed_031981,1,8,8,0,0,0.000000,nomatch
ed_031984,1,15,15,0,0,0.000000,nomatch
ed_031987,2,14,14,0,0,0.000000,nomatch
ed_031990,2,16,16,1,0,-0.180579,nonzero
ed_031993,2,38,38,1,0,0.064019,nonzero
ed_031996,2,14,14,0,0,0.000000,nomatch
ed_031999,1,8,8,0,0,0.000000,nomatch
ed_032003,1,21,21,0,0,0.000000,nomatch
ed_032006,1,18,18,1,1,0.458831,nonzero
ed_032009,2,18,18,1,0,0.101144,nonzero
ed_032012,2,12,12,1,0,-0.229415,nonzero
ed_032015,1,11,11,0,0,0.000000,nomatch
ed_032021,1,18,18,0,0,0.000000,nomatch
ed_032024,2,12,12,1,0,-0.064019,nonzero
ed_032027,3,69,69,0,0,0.000000,nomatch
ed_032030,1,17,17,0,0,0.000000,nomatch
ed_032033,2,14,14,1,0,-0.229415,nonzero
ed_032036,1,14,14,0,0,0.000000,nomatch
ed_032039,2,14,14,0,0,0.000000,nomatch
ed_032042,2,16,16,1,0,-0.180579,nonzero
ed_032045,2,13,13,1,0,-0.064019,nonzero
ed_032048,2,25,25,1,0,-0.229415,nonzero
ed_032051,2,15,15,1,0,-0.229415,nonzero
ed_032054,1,18,18,0,0,0.000000,nomatch
ed_032057,1,21,21,0,0,0.000000,nomatch
ed_032060,1,8,8,0,0,0.000000,nomatch
ed_032063,1,15,15,2,0,0.612372,nonzero
ed_032066,2,15,15,0,0,0.000000,nomatch
ed_032069,1,15,15,1,0,0.361158,nonzero
ed_032072,1,12,12,0,0,0.000000,nomatch
ed_032075,1,17,17,2,0,0.690775,nonzero
ed_032078,1,12,12,1,0,-0.421464,nonzero
ed_032081,2,13,13,0,0,0.000000,nomatch
ed_032084,2,19,19,0,0,0.000000,nomatch
ed_032087,2,26,26,0,0,0.000000,nomatch
ed_032093,2,25,25,1,0,0.229415,nonzero
ed_032096,1,16,16,0,0,0.000000,nomatch
ed_032100,2,10,10,0,0,0.000000,nomatch
ed_032103,2,23,23,0,0,0.000000,nomatch
ed_032106,2,30,30,0,0,0.000000,nomatch
ed_032109,2,16,16,0,0,0.000000,nomatch
ed_032112,1,27,27,0,0,0.000000,nomatch
ed_032115,1,15,15,0,0,0.000000,nomatch
ed_032118,2,18,18,1,0,-0.306186,nonzero
ed_032122,2,17,17,0,0,0.000000,nomatch
ed_032125,1,36,36,0,0,0.000000,nomatch
ed_032128,2,12,12,0,0,0.000000,nomatch
ed_032131,2,16,16,0,0,0.000000,nomatch
ed_032134,2,18,18,0,0,0.000000,nomatch
ed_032137,2,13,13,0,0,0.000000,nomatch
ed_032140,1,11,11,1,0,-0.128037,nonzero
ed_032143,2,19,19,0,0,0.000000,nomatch
ed_032146,3,30,30,0,0,0.000000,nomatch
ed_032149,2,11,11,0,0,0.000000,nomatch
ed_032152,3,32,32,0,0,0.000000,nomatch
ed_032155,1,17,17,0,0,0.000000,nomatch
ed_032159,2,14,14,1,0,-0.180579,nonzero
ed_032162,1,9,9,0,0,0.000000,nomatch
ed_032165,2,17,17,1,0,0.292941,nonzero
ed_032168,1,20,20,1,0,0.458831,nonzero
ed_032171,2,10,10,1,0,-0.180579,nonzero
ed_032174,2,19,19,1,0,-0.064019,nonzero
ed_032177,2,10,10,0,0,0.000000,nomatch
ed_032180,2,18,18,0,0,0.000000,nomatch
ed_032183,2,15,15,1,0,-0.180579,nonzero
ed_032186,1,10,10,0,0,0.000000,nomatch
ed_032189,2,16,16,0,0,0.000000,nomatch
ed_032192,2,18,18,1,0,0.229415,nonzero
ed_032195,1,8,8,0,0,0.000000,nomatch
ed_032198,1,10,10,1,0,-0.612372,nonzero
ed_032201,2,13,13,0,0,0.000000,nomatch
ed_032204,1,9,9,0,0,0.000000,nomatch
ed_032207,2,16,16,1,0,-0.229415,nonzero
ed_032210,2,20,20,0,0,0.000000,nomatch
ed_032213,2,13,13,1,0,-0.180579,nonzero
ed_032217,2,12,12,1,0,-0.229415,nonzero
ed_032220,1,16,16,2,0,0.670478,nonzero
ed_032223,1,22,22,1,0,-0.361158,nonzero
ed_032230,1,10,10,0,0,0.000000,nomatch
ed_032233,1,20,20,1,0,0.458831,nonzero
ed_032236,2,22,22,1,0,0.101144,nonzero
ed_032239,2,16,16,0,0,0.000000,nomatch
ed_032242,2,11,11,0,0,0.000000,nomatch
ed_032245,1,16,16,1,0,-0.361158,nonzero
ed_032248,1,14,14,1,0,0.526742,nonzero
ed_032251,2,14,14,0,0,0.000000,nomatch
ed_032254,2,12,12,1,0,0.246957,nonzero
ed_032257,2,20,20,1,0,-0.259533,nonzero
ed_032261,1,21,21,1,0,-0.458831,nonzero
ed_032264,2,13,13,1,0,-0.113174,nonzero
ed_032267,1,11,11,0,0,0.000000,nomatch
ed_032270,1,13,13,0,0,0.000000,nomatch
ed_032273,2,17,17,1,0,-0.113174,nonzero
ed_032276,2,35,35,0,0,0.000000,nomatch
ed_032279,3,22,22,0,0,0.000000,nomatch
ed_032282,2,13,13,1,0,-0.229415,nonzero
ed_032285,2,13,13,0,0,0.000000,nomatch
ed_032288,2,13,13,1,0,0.229415,nonzero
ed_032291,2,12,12,0,0,0.000000,nomatch
ed_032294,1,15,15,1,0,0.526742,nonzero
ed_032297,2,15,15,1,0,-0.180579,nonzero
ed_032301,1,23,23,1,0,-0.458831,nonzero
ed_032304,2,15,15,0,0,0.000000,nomatch
ed_032307,1,9,9,1,0,-0.261663,nonzero
ed_032310,1,16,16,0,0,0.000000,nomatch
ed_032313,1,11,11,1,0,0.526742,nonzero
ed_032315,4,25,25,0,0,0.000000,nomatch
ed_032318,2,14,14,1,1,0.229415,nonzero
ed_032321,1,23,23,1,0,-0.578947,nonzero
ed_032324,3,37,37,0,0,0.000000,nomatch
ed_032327,2,37,37,0,0,0.000000,nomatch
ed_032330,2,17,17,1,0,-0.180579,nonzero
ed_032333,1,4,4,0,0,0.000000,nomatch
ed_032336,2,13,13,0,0,0.000000,nomatch
ed_032339,1,15,15,1,0,-0.421464,nonzero
ed_032342,1,15,15,1,0,0.458831,nonzero
ed_032345,1,7,7,0,0,0.000000,nomatch
ed_032348,2,14,14,1,0,-0.180579,nonzero
ed_032352,3,22,22,0,0,0.000000,nomatch
ed_032355,2,15,15,0,0,0.000000,nomatch
ed_032358,1,7,7,0,0,0.000000,nomatch
ed_032361,1,15,15,0,0,0.000000,nomatch
ed_032364,1,16,16,1,0,-0.458831,nonzero
ed_032367,1,14,14,1,0,0.493915,nonzero
ed_032370,2,15,15,1,0,-0.113174,nonzero
ed_032373,1,13,13,0,0,0.000000,nomatch
ed_032376,2,18,18,0,0,0.000000,nomatch
ed_032379,2,15,15,0,0,0.000000,nomatch
ed_032382,1,13,13,1,0,0.493915,nonzero
ed_032385,2,12,12,1,0,0.229415,nonzero
ed_032388,1,16,16,1,0,-0.476658,nonzero
ed_032391,1,15,15,1,0,-0.526742,nonzero
ed_032394,3,29,29,0,0,0.000000,nomatch
ed_032397,2,13,13,1,1,0.229415,nonzero
ed_032400,1,16,16,1,0,-0.655311,nonzero
ed_032403,2,12,12,1,0,0.229415,nonzero
ed_032406,1,12,12,1,0,0.128037,nonzero
ed_032410,2,8,8,0,0,0.000000,nomatch
ed_032413,2,16,16,0,0,0.000000,nomatch
ed_032416,1,17,17,1,0,0.458831,nonzero
ed_032419,2,11,11,0,0,0.000000,nomatch
ed_032422,1,14,14,0,0,0.000000,nomatch
ed_032425,1,17,17,0,0,0.000000,nomatch
ed_032428,1,16,16,0,0,0.000000,nomatch
ed_032434,2,19,19,0,0,0.000000,nomatch
ed_032437,4,41,41,0,0,0.000000,nomatch
ed_032440,2,16,16,0,0,0.000000,nomatch
ed_032443,1,17,17,1,0,-0.458831,nonzero
ed_032446,2,11,11,2,0,-0.508234,nonzero
ed_032449,1,10,10,1,0,0.361158,nonzero
ed_032452,1,15,15,1,0,0.526742,nonzero
ed_032455,3,43,43,2,0,-0.240772,nonzero
ed_032458,2,16,16,1,0,-0.064019,nonzero
ed_032461,1,14,14,0,0,0.000000,nomatch
ed_032466,2,16,16,0,0,0.000000,nomatch
ed_032469,1,13,13,1,0,0.493915,nonzero
ed_032472,1,20,20,0,0,0.000000,nomatch
ed_032475,2,14,14,0,0,0.000000,nomatch
ed_032478,1,12,12,1,0,-0.421464,nonzero
ed_032481,1,11,11,1,0,-0.128037,nonzero
ed_032484,1,18,18,1,0,0.526742,nonzero
ed_032487,3,16,16,1,0,-0.158886,nonzero
ed_032491,2,27,27,0,0,0.000000,nomatch
ed_032494,2,18,18,1,0,-0.180579,nonzero
ed_032497,2,9,9,0,0,0.000000,nomatch
ed_032500,1,13,13,1,0,0.563239,nonzero
ed_032503,2,15,15,0,0,0.000000,nomatch
ed_032506,2,15,15,2,0,-0.244597,nonzero
ed_032509,1,24,24,0,0,0.000000,nomatch
ed_032512,2,16,16,0,0,0.000000,nomatch
ed_032515,2,12,12,0,0,0.000000,nomatch
ed_032518,2,16,16,0,0,0.000000,nomatch
ed_032521,1,18,18,1,0,-0.585882,nonzero
ed_032524,1,5,5,0,0,0.000000,nomatch
ed_032527,1,15,15,1,0,0.557370,nonzero
ed_032530,1,11,11,0,0,0.000000,nomatch
ed_032533,1,14,14,0,0,0.000000,nomatch
ed_032536,1,6,6,0,0,0.000000,nomatch
ed_032539,2,14,14,1,0,-0.306186,nonzero
ed_032542,2,17,17,1,0,-0.113174,nonzero
ed_032545,2,16,16,0,0,0.000000,nomatch
ed_032548,1,15,15,2,0,0.754319,nonzero
ed_032551,1,15,15,0,0,0.000000,nomatch
ed_032554,2,7,7,0,0,0.000000,nomatch
ed_032557,2,14,14,0,0,0.000000,nomatch
ed_032560,1,8,8,0,0,0.000000,nomatch
ed_032563,2,14,14,0,0,0.000000,nomatch
ed_032566,2,6,6,0,0,0.000000,nomatch
ed_032569,2,15,15,0,0,0.000000,nomatch
ed_032572,2,17,17,0,0,0.000000,nomatch
ed_032575,1,6,6,1,0,-0.526742,nonzero
ed_032578,1,11,11,0,0,0.000000,nomatch
ed_032581,2,13,13,1,0,0.229415,nonzero
ed_032584,3,18,18,2,0,0.060389,nonzero
ed_032587,1,11,11,0,0,0.000000,nomatch
ed_032590,2,10,10,0,0,0.000000,nomatch
ed_032593,1,18,18,0,0,0.000000,nomatch
ed_032596,1,12,12,0,0,0.000000,nomatch
ed_032599,2,17,17,1,0,-0.180579,nonzero
ed_032602,1,7,7,0,0,0.000000,nomatch
ed_032605,3,21,21,0,0,0.000000,nomatch
ed_032608,2,22,22,1,0,-0.180579,nonzero
ed_032611,1,11,11,1,0,0.339950,nonzero
ed_032614,3,22,22,0,0,0.000000,nomatch
ed_032617,1,15,15,1,0,-0.361158,nonzero
ed_032620,1,17,17,0,0,0.000000,nomatch
ed_032623,2,9,9,0,0,0.000000,nomatch
ed_032626,1,15,15,1,0,-0.250000,nonzero
ed_032629,1,10,10,0,0,0.000000,nomatch
ed_032633,1,11,11,0,0,0.000000,nomatch
ed_032636,2,13,13,1,0,-0.147979,nonzero
ed_032639,1,9,9,1,0,0.458831,nonzero
ed_032642,1,9,9,0,0,0.000000,nomatch
ed_032645,2,21,21,1,0,0.064019,nonzero
ed_032648,3,27,27,0,0,0.000000,nomatch
ed_032651,1,15,15,0,0,0.000000,nomatch
ed_032654,2,12,12,1,0,-0.289473,nonzero
ed_032657,2,19,19,0,0,0.000000,nomatch
ed_032661,2,13,13,0,0,0.000000,nomatch
ed_032664,1,13,13,0,0,0.000000,nomatch
ed_032667,1,11,11,1,0,-0.361158,nonzero
ed_032670,2,15,15,0,0,0.000000,nomatch
ed_032673,2,23,23,0,0,0.000000,nomatch
ed_032676,2,31,31,0,0,0.000000,nomatch
ed_032679,1,10,10,1,0,0.493915,nonzero
ed_032682,2,10,10,0,0,0.000000,nomatch
ed_032685,1,6,6,0,0,0.000000,nomatch
ed_032688,1,11,11,0,0,0.000000,nomatch
ed_032691,1,5,5,1,0,0.421464,nonzero
ed_032694,1,9,9,1,0,0.458831,nonzero
ed_032697,1,12,12,0,1,-0.128037,nonzero
ed_032700,1,5,5,0,0,0.000000,nomatch
ed_032703,2,18,18,1,0,-0.210732,nonzero
ed_032706,1,8,8,0,0,0.000000,nomatch
ed_032709,1,16,16,1,0,0.458831,nonzero
ed_032712,3,39,39,1,0,-0.055171,nonzero
ed_032715,1,12,12,1,0,-0.526742,nonzero
ed_032718,2,18,18,0,0,0.000000,nomatch
ed_032721,3,23,23,0,0,0.000000,nomatch
ed_032724,2,23,23,0,0,0.000000,nomatch
ed_032727,2,30,30,0,0,0.000000,nomatch
ed_032730,1,12,12,0,0,0.000000,nomatch
ed_032733,1,10,10,1,0,-0.458831,nonzero
ed_032736,1,12,12,1,0,-0.226348,nonzero
ed_032739,3,15,15,0,0,0.000000,nomatch
ed_032742,1,15,15,0,0,0.000000,nomatch
ed_032745,1,9,9,0,0,0.000000,nomatch
ed_032748,1,12,12,0,0,0.000000,nomatch
ed_032751,3,48,48,0,0,0.000000,nomatch
ed_032754,1,14,14,1,0,-0.128037,nonzero
ed_032757,1,11,11,1,0,0.458831,nonzero
ed_032760,3,24,24,1,0,0.180775,nonzero
ed_032764,2,20,20,1,0,-0.210732,nonzero
ed_032767,2,11,11,0,0,0.000000,nomatch
ed_032770,1,11,11,0,0,0.000000,nomatch
ed_032773,1,11,11,0,0,0.000000,nomatch
ed_032776,2,21,21,2,0,0.542326,nonzero
ed_032779,1,14,14,0,0,0.000000,nomatch
ed_032782,2,16,16,0,0,0.000000,nomatch
ed_032785,2,20,20,1,0,-0.210732,nonzero
ed_032789,1,6,6,0,0,0.000000,nomatch
ed_032792,1,13,13,0,0,0.000000,nomatch
ed_032795,1,8,8,0,0,0.000000,nomatch
ed_032798,2,25,25,0,0,0.000000,nomatch
ed_032801,1,7,7,0,0,0.000000,nomatch
ed_032804,2,14,14,0,0,0.000000,nomatch
ed_032807,1,10,10,0,0,0.000000,nomatch
ed_032810,2,13,13,1,0,-0.210732,nonzero
ed_032813,1,12,12,0,0,0.000000,nomatch
ed_032816,1,10,10,0,0,0.000000,nomatch
ed_032819,2,33,33,0,0,0.000000,nomatch
ed_032822,1,13,13,1,0,0.542326,nonzero
ed_032825,1,19,19,1,0,0.361158,nonzero
ed_032832,2,13,13,0,0,0.000000,nomatch
ed_032839,2,14,14,1,0,-0.327655,nonzero
ed_032842,2,7,7,0,0,0.000000,nomatch
ed_032845,1,8,8,1,0,-0.549614,nonzero
ed_032848,2,19,19,0,0,0.000000,nomatch
ed_032852,2,26,26,2,1,-0.522934,nonzero
ed_032856,1,15,15,0,0,0.000000,nomatch
ed_032859,2,10,10,1,0,-0.125000,nonzero
ed_032862,1,11,11,0,0,0.000000,nomatch
ed_032865,2,29,29,0,0,0.000000,nomatch
ed_032868,1,7,7,0,0,0.000000,nomatch
ed_032871,1,9,9,0,0,0.000000,nomatch
ed_032874,2,35,35,0,1,-0.064019,nonzero
ed_032877,1,9,9,0,0,0.000000,nomatch
ed_032883,2,20,20,0,0,0.000000,nomatch
ed_032890,1,24,24,1,0,0.421464,nonzero
ed_032894,2,10,10,0,0,0.000000,nomatch
ed_032899,3,18,18,0,0,0.000000,nomatch
ed_032903,1,5,5,1,0,-0.361158,nonzero
ed_032908,1,13,13,0,0,0.000000,nomatch
ed_032912,1,10,10,1,0,-0.339950,nonzero
ed_032915,2,20,20,0,0,0.000000,nomatch
ed_032918,2,18,18,0,0,0.000000,nomatch
ed_032921,1,22,22,0,0,0.000000,nomatch
ed_032931,1,29,29,0,0,0.000000,nomatch
ed_032934,2,18,18,0,0,0.000000,nomatch
ed_032938,1,12,12,1,0,0.458831,nonzero
ed_032941,1,16,16,0,0,0.000000,nomatch
ed_032944,2,19,19,0,0,0.000000,nomatch
ed_032952,1,12,12,0,0,0.000000,nomatch
ed_032955,3,41,41,0,0,0.000000,nomatch
ed_032958,1,11,11,1,0,0.458831,nonzero
ed_032961,1,20,20,0,0,0.000000,nomatch
ed_032964,2,39,39,2,0,0.125000,nonzero
ed_032968,2,12,12,0,0,0.000000,nomatch
ed_032971,1,10,10,0,0,0.000000,nomatch
ed_032974,1,30,30,0,0,0.000000,nomatch
ed_032978,1,8,8,1,0,0.493915,nonzero
ed_032981,2,19,19,0,0,0.000000,nomatch
ed_032985,2,19,19,0,0,0.000000,nomatch
ed_032988,2,22,22,1,0,-0.327655,nonzero
ed_032991,1,9,9,2,0,-0.670478,nonzero
ed_032994,2,16,16,1,0,-0.263371,nonzero
ed_032997,2,11,11,0,0,0.000000,nomatch
ed_033001,1,7,7,1,0,-0.361158,nonzero
ed_033004,1,9,9,1,0,0.361158,nonzero
ed_033007,3,24,24,1,0,-0.042679,nonzero
ed_033013,2,17,17,0,0,0.000000,nomatch
ed_033017,3,15,15,0,0,0.000000,nomatch
ed_033020,4,12,12,1,0,0.131686,nonzero
ed_033023,2,15,15,0,0,0.000000,nomatch
ed_033026,1,6,6,0,0,0.000000,nomatch
ed_033029,1,22,22,1,0,0.493915,nonzero
ed_033032,1,7,7,1,0,0.458831,nonzero
ed_033035,3,57,57,1,0,-0.240395,nonzero
ed_033038,2,17,17,1,0,-0.210732,nonzero
ed_033041,2,12,12,2,0,0.500579,nonzero
ed_033045,1,12,12,0,0,0.000000,nomatch
ed_033048,2,13,13,1,0,-0.263371,nonzero
ed_033051,1,11,11,0,0,0.000000,nomatch
ed_033054,2,16,16,1,0,-0.180579,nonzero
ed_033057,2,23,23,2,0,0.324279,nonzero
ed_033060,3,25,25,0,0,0.000000,nomatch
ed_033063,1,6,6,0,0,0.000000,nomatch
ed_033066,2,11,11,1,0,-0.180579,nonzero
ed_033069,3,26,26,1,0,-0.120386,nonzero
ed_033072,1,12,12,0,0,0.000000,nomatch
ed_033075,2,13,13,1,0,-0.281620,nonzero
ed_033078,2,11,11,1,0,-0.180579,nonzero
ed_033081,3,33,33,1,0,-0.140488,nonzero
ed_033085,2,11,11,0,0,0.000000,nomatch
ed_033091,2,17,17,0,0,0.000000,nomatch
ed_033095,2,12,12,1,0,0.180579,nonzero
ed_033098,2,12,12,0,0,0.000000,nomatch
ed_033101,2,15,15,0,0,0.000000,nomatch
ed_033104,2,22,22,2,0,-0.335239,nonzero
ed_033107,1,16,16,0,0,0.000000,nomatch
ed_033110,2,8,8,0,0,0.000000,nomatch
ed_033113,1,15,15,0,0,0.000000,nomatch
ed_033117,2,15,15,0,0,0.000000,nomatch
ed_033120,2,14,14,1,0,-0.064019,nonzero
ed_033123,2,13,13,0,0,0.000000,nomatch
ed_033126,2,32,32,0,0,0.000000,nomatch
ed_033129,2,15,15,0,0,0.000000,nomatch
ed_033133,2,10,10,0,0,0.000000,nomatch
ed_033136,1,17,17,0,0,0.000000,nomatch
ed_033139,2,12,12,0,0,0.000000,nomatch
ed_033142,2,19,19,1,0,0.256122,nonzero
ed_033145,1,5,5,0,0,0.000000,nomatch
ed_033148,2,26,26,0,0,0.000000,nomatch
ed_033152,3,25,25,0,0,0.000000,nomatch
ed_033155,2,12,12,0,0,0.000000,nomatch
ed_033158,2,15,15,0,0,0.000000,nomatch
ed_033161,2,11,11,0,0,0.000000,nomatch
ed_033164,2,18,18,0,0,0.000000,nomatch
ed_033167,1,12,12,0,0,0.000000,nomatch
ed_033170,2,11,11,2,0,-0.609275,nonzero
ed_033173,2,10,10,0,0,0.000000,nomatch
ed_033176,2,19,19,1,0,-0.064019,nonzero
ed_033179,1,27,27,0,0,0.000000,nomatch
ed_033182,1,16,16,1,0,0.202289,nonzero
ed_033185,2,10,10,1,0,-0.210732,nonzero
ed_033188,2,15,15,1,0,-0.210732,nonzero
ed_033191,2,10,10,1,0,-0.289473,nonzero
ed_033194,2,22,22,0,0,0.000000,nomatch
ed_033197,2,19,19,1,0,0.271163,nonzero
ed_033201,2,25,25,0,0,0.000000,nomatch
ed_033204,2,12,12,0,0,0.000000,nomatch
ed_033207,2,14,14,0,0,0.000000,nomatch
ed_033210,2,16,16,1,0,-0.374116,nonzero
ed_033213,2,11,11,1,0,-0.210732,nonzero
ed_033216,2,23,23,2,0,-0.357459,nonzero
ed_033219,2,32,32,0,0,0.000000,nomatch
ed_033222,3,29,29,1,0,0.120386,nonzero
ed_033225,2,18,18,0,0,0.000000,nomatch
ed_033229,1,11,11,0,0,0.000000,nomatch
ed_033232,2,10,10,0,0,0.000000,nomatch
ed_033235,2,17,17,0,0,0.000000,nomatch
ed_033238,2,15,15,0,0,0.000000,nomatch
ed_033241,2,14,14,0,0,0.000000,nomatch
ed_033244,2,14,14,0,0,0.000000,nomatch
ed_033247,2,14,14,0,0,0.000000,nomatch
ed_033250,2,23,23,0,0,0.000000,nomatch
ed_033254,1,5,5,0,0,0.000000,nomatch
ed_033257,2,16,16,0,0,0.000000,nomatch
ed_033260,2,14,14,0,0,0.000000,nomatch
ed_033263,3,23,23,2,0,0.121959,nonzero
ed_033266,2,22,22,1,0,-0.229415,nonzero
ed_033269,2,18,18,1,0,-0.180579,nonzero
ed_033272,2,18,18,0,0,0.000000,nomatch
ed_033275,2,17,17,0,0,0.000000,nomatch
ed_033278,2,18,18,0,0,0.000000,nomatch
ed_033281,2,22,22,0,0,0.000000,nomatch
ed_033284,2,17,17,0,0,0.000000,nomatch
ed_033287,2,11,11,0,0,0.000000,nomatch
ed_033291,2,13,13,0,0,0.000000,nomatch
ed_033294,2,10,10,0,0,0.000000,nomatch
ed_033298,2,14,14,1,0,0.229415,nonzero
ed_033301,2,12,12,0,0,0.000000,nomatch
ed_033304,2,22,22,0,0,0.000000,nomatch
ed_033307,2,35,35,0,0,0.000000,nomatch
ed_033310,2,13,13,0,0,0.000000,nomatch
ed_033313,2,12,12,0,0,0.000000,nomatch
ed_033316,1,15,15,0,0,0.000000,nomatch
ed_033320,2,15,15,0,0,0.000000,nomatch
ed_033323,2,13,13,0,0,0.000000,nomatch
ed_033326,3,18,18,2,0,0.000000,cancel
ed_033329,2,11,11,0,0,0.000000,nomatch
ed_033332,3,40,40,0,0,0.000000,nomatch
ed_033335,2,8,8,0,0,0.000000,nomatch
ed_033338,2,12,12,1,0,-0.289473,nonzero
ed_033341,2,12,12,0,0,0.000000,nomatch
ed_033344,1,10,10,0,0,0.000000,nomatch
ed_033347,2,22,22,1,1,-0.244597,nonzero
ed_033350,1,5,5,0,0,0.000000,nomatch
ed_033356,2,24,24,0,0,0.000000,nomatch
ed_033359,2,12,12,0,0,0.000000,nomatch
ed_033362,2,13,13,1,0,-0.210732,nonzero
ed_033365,2,11,11,0,0,0.000000,nomatch
ed_033368,2,23,23,0,0,0.000000,nomatch
ed_033371,2,20,20,0,0,0.000000,nomatch
ed_033374,2,22,22,0,0,0.000000,nomatch
ed_033377,2,17,17,1,0,-0.186810,nonzero
ed_033381,2,15,15,0,0,0.000000,nomatch
ed_033384,3,16,16,2,0,0.044252,nonzero
ed_033387,2,17,17,1,0,0.154685,nonzero
ed_033390,2,20,20,1,0,-0.263371,nonzero
ed_033393,2,15,15,2,0,-0.116560,nonzero
ed_033396,2,23,23,0,0,0.000000,nomatch
ed_033399,3,22,22,0,0,0.000000,nomatch
ed_033402,1,12,12,0,0,0.000000,nomatch
ed_033405,2,12,12,0,0,0.000000,nomatch
ed_033408,1,23,23,0,0,0.000000,nomatch
ed_033411,2,20,20,1,0,-0.229415,nonzero
ed_033414,3,16,16,0,0,0.000000,nomatch
ed_033418,1,14,14,0,0,0.000000,nomatch
ed_033421,2,13,13,0,0,0.000000,nomatch
ed_033424,2,31,31,0,0,0.000000,nomatch
ed_033427,1,15,15,1,0,-0.421464,nonzero
ed_033430,1,13,13,0,0,0.000000,nomatch
ed_033433,2,13,13,0,0,0.000000,nomatch
ed_033436,1,6,6,1,0,0.128037,nonzero
ed_033439,2,15,15,0,0,0.000000,nomatch
ed_033442,2,12,12,0,0,0.000000,nomatch
ed_033445,2,17,17,0,0,0.000000,nomatch
ed_033448,2,12,12,0,0,0.000000,nomatch
ed_033451,2,13,13,0,0,0.000000,nomatch
ed_033454,2,13,13,0,0,0.000000,nomatch
ed_033457,2,12,12,0,0,0.000000,nomatch
ed_033460,2,21,21,0,0,0.000000,nomatch
ed_033463,2,20,20,1,0,-0.281620,nonzero
ed_033466,2,15,15,0,0,0.000000,nomatch
ed_033469,1,12,12,0,0,0.000000,nomatch
ed_033473,2,17,17,0,0,0.000000,nomatch
ed_033476,2,14,14,0,0,0.000000,nomatch
ed_033479,2,15,15,1,0,-0.180579,nonzero
ed_033482,1,9,9,0,0,0.000000,nomatch
ed_033486,1,16,16,2,0,-0.866405,nonzero
ed_033489,2,24,24,0,0,0.000000,nomatch
ed_033492,1,12,12,0,0,0.000000,nomatch
ed_033495,2,10,10,0,0,0.000000,nomatch
ed_033498,2,14,14,0,0,0.000000,nomatch
ed_033501,2,11,11,0,0,0.000000,nomatch
ed_033504,2,14,14,1,0,-0.210732,nonzero
ed_033507,2,15,15,1,0,-0.324279,nonzero
ed_033510,1,10,10,0,0,0.000000,nomatch
ed_033514,1,4,4,0,0,0.000000,nomatch
ed_033517,2,25,25,0,0,0.000000,nomatch
ed_033520,2,18,18,0,0,0.000000,nomatch
ed_033524,2,11,11,0,0,0.000000,nomatch
ed_033527,2,14,14,0,0,0.000000,nomatch
ed_033531,2,21,21,0,0,0.000000,nomatch
ed_033534,1,12,12,2,0,0.718421,nonzero
ed_033537,2,13,13,1,0,0.125000,nonzero
ed_033540,1,17,17,0,0,0.000000,nomatch
ed_033544,2,18,18,0,0,0.000000,nomatch
ed_033547,2,19,19,0,0,0.000000,nomatch
ed_033550,2,13,13,0,0,0.000000,nomatch
ed_033553,2,13,13,0,0,0.000000,nomatch
ed_033556,1,9,9,0,0,0.000000,nomatch
ed_033560,1,15,15,0,0,0.000000,nomatch
ed_033563,2,15,15,1,0,-0.229415,nonzero
ed_033567,2,21,21,0,0,0.000000,nomatch
ed_033570,2,11,11,1,0,0.281620,nonzero
ed_033573,2,16,16,0,0,0.000000,nomatch
ed_033576,2,16,16,0,0,0.000000,nomatch
ed_033579,1,7,7,0,0,0.000000,nomatch
ed_033582,2,9,9,1,0,-0.180579,nonzero
ed_033586,1,17,17,1,0,-0.526742,nonzero
ed_033590,2,16,16,0,0,0.000000,nomatch
ed_033593,1,11,11,1,0,0.493915,nonzero
ed_033597,1,12,12,0,0,0.000000,nomatch
ed_033600,1,11,11,1,0,-0.458831,nonzero
ed_033604,2,17,17,1,0,-0.180579,nonzero
ed_033607,2,27,27,0,0,0.000000,nomatch
ed_033613,2,22,22,1,0,-0.045001,nonzero
ed_033616,2,14,14,1,0,0.246957,nonzero
ed_033620,1,8,8,0,0,0.000000,nomatch
ed_033623,1,13,13,1,0,0.542326,nonzero
ed_033627,2,12,12,0,0,0.000000,nomatch
ed_033630,1,11,11,1,0,0.526742,nonzero
ed_033633,2,17,17,0,0,0.000000,nomatch
ed_033637,2,10,10,1,0,0.246957,nonzero
ed_033640,1,10,10,0,0,0.000000,nomatch
ed_033643,2,19,19,0,0,0.000000,nomatch
ed_033646,2,16,16,0,0,0.000000,nomatch
ed_033649,1,9,9,1,0,-0.361158,nonzero
ed_033652,1,11,11,0,0,0.000000,nomatch
ed_033656,2,16,16,0,0,0.000000,nomatch
ed_033659,1,9,9,0,0,0.000000,nomatch
ed_033663,1,7,7,1,0,-0.458831,nonzero
ed_033667,1,9,9,0,0,0.000000,nomatch
ed_033670,2,12,12,0,0,0.000000,nomatch
ed_033673,1,9,9,0,0,0.000000,nomatch
ed_033676,1,9,9,1,0,0.526742,nonzero
ed_033679,2,19,19,0,0,0.000000,nomatch
ed_033682,1,11,11,1,0,-0.458831,nonzero
ed_033685,2,13,13,1,0,0.263371,nonzero
ed_033689,1,10,10,0,0,0.000000,nomatch
ed_033692,2,16,16,1,0,-0.281620,nonzero
ed_033695,1,10,10,0,0,0.000000,nomatch
ed_033698,1,7,7,1,0,0.458831,nonzero
ed_033701,1,11,11,1,0,0.202289,nonzero
ed_033705,1,6,6,0,0,0.000000,nomatch
ed_033708,2,19,19,1,0,-0.210732,nonzero
ed_033711,2,14,14,0,0,0.000000,nomatch
ed_033715,2,12,12,0,0,0.000000,nomatch
ed_033718,1,17,17,0,0,0.000000,nomatch
ed_033721,1,8,8,0,0,0.000000,nomatch
ed_033724,1,13,13,3,0,0.840168,nonzero
ed_033727,2,12,12,1,0,0.263371,nonzero
ed_033730,1,12,12,1,0,0.526742,nonzero
ed_033733,1,11,11,1,0,-0.458831,nonzero
ed_033738,2,13,13,0,0,0.000000,nomatch
ed_033743,2,15,15,0,0,0.000000,nomatch
ed_033746,1,9,9,1,0,-0.361158,nonzero
ed_033749,2,10,10,1,0,-0.289473,nonzero
ed_033752,1,11,11,0,0,0.000000,nomatch
ed_033756,2,15,15,1,0,-0.263371,nonzero
ed_033759,1,11,11,0,0,0.000000,nomatch
ed_033762,2,12,12,0,0,0.000000,nomatch
ed_033765,1,11,11,0,0,0.000000,nomatch
ed_033768,1,15,15,0,0,0.000000,nomatch
ed_033771,1,12,12,0,0,0.000000,nomatch
ed_033774,1,9,9,0,0,0.000000,nomatch
ed_033777,1,10,10,0,0,0.000000,nomatch
ed_033780,2,12,12,1,0,0.321404,nonzero
ed_033783,1,8,8,0,0,0.000000,nomatch
ed_033786,2,12,12,0,0,0.000000,nomatch
ed_033789,1,14,14,1,0,-0.165514,nonzero
ed_033792,1,11,11,0,0,0.000000,nomatch
ed_033795,1,6,6,1,0,-0.153093,nonzero
ed_033798,1,9,9,0,0,0.000000,nomatch
ed_033801,1,6,6,0,0,0.000000,nomatch
ed_033804,2,11,11,0,0,0.000000,nomatch
ed_033807,1,11,11,1,0,0.563239,nonzero
ed_033810,1,11,11,0,0,0.000000,nomatch
ed_033813,1,12,12,1,0,-0.361158,nonzero
ed_033816,1,8,8,0,0,0.000000,nomatch
ed_033819,1,16,16,1,0,-0.585882,nonzero
ed_033822,2,26,26,1,0,0.229415,nonzero
ed_033825,1,9,9,1,0,-0.361158,nonzero
ed_033828,1,6,6,0,0,0.000000,nomatch
ed_033831,1,10,10,0,0,0.000000,nomatch
ed_033834,1,7,7,1,0,-0.458831,nonzero
ed_033837,1,10,10,0,0,0.000000,nomatch
ed_033840,1,7,7,0,0,0.000000,nomatch
ed_033843,1,12,12,1,0,0.445087,nonzero
ed_033846,1,10,10,0,0,0.000000,nomatch
ed_033849,1,7,7,3,0,-0.933468,nonzero
ed_033852,1,8,8,0,0,0.000000,nomatch
ed_033855,1,11,11,0,0,0.000000,nomatch
ed_033858,1,11,11,0,0,0.000000,nomatch
ed_033861,1,8,8,0,0,0.000000,nomatch
ed_033864,1,11,11,0,0,0.000000,nomatch
ed_033867,1,5,5,0,0,0.000000,nomatch
ed_033870,1,12,12,0,0,0.000000,nomatch
ed_033873,1,5,5,1,0,-0.578947,nonzero
ed_033876,1,7,7,0,0,0.000000,nomatch
ed_033879,3,19,19,0,0,0.000000,nomatch
ed_033883,1,7,7,0,0,0.000000,nomatch
ed_033886,1,5,5,0,0,0.000000,nomatch
ed_033890,1,7,7,0,0,0.000000,nomatch
ed_033893,1,10,10,0,0,0.000000,nomatch
ed_033896,1,7,7,0,0,0.000000,nomatch
ed_033899,1,8,8,0,0,0.000000,nomatch
ed_033902,1,5,5,0,0,0.000000,nomatch
ed_033905,1,14,14,0,0,0.000000,nomatch
ed_033908,1,11,11,0,0,0.000000,nomatch
ed_033911,2,26,26,0,0,0.000000,nomatch
ed_033914,1,14,14,0,0,0.000000,nomatch
ed_033917,2,12,12,0,0,0.000000,nomatch
ed_033921,2,10,10,0,0,0.000000,nomatch
ed_033924,2,17,17,0,0,0.000000,nomatch
ed_033927,1,12,12,1,0,-0.458831,nonzero
ed_033931,1,14,14,0,0,0.000000,nomatch
ed_033935,1,8,8,0,0,0.000000,nomatch
ed_033938,1,6,6,0,0,0.000000,nomatch
ed_033941,1,13,13,0,0,0.000000,nomatch
ed_033945,1,7,7,0,0,0.000000,nomatch
ed_033948,2,12,12,1,0,-0.064019,nonzero
ed_033951,2,18,18,1,0,0.229415,nonzero
ed_033954,1,16,16,0,0,0.000000,nomatch
ed_033957,1,17,17,0,0,0.000000,nomatch
ed_033960,1,17,17,0,0,0.000000,nomatch
ed_033963,1,2,2,0,0,0.000000,nomatch
ed_033966,2,12,12,1,1,0.229415,nonzero
ed_033970,1,9,9,0,0,0.000000,nomatch
ed_033973,1,10,10,0,0,0.000000,nomatch
ed_033976,1,13,13,0,0,0.000000,nomatch
ed_033980,1,14,14,0,0,0.000000,nomatch
ed_033983,1,6,6,0,0,0.000000,nomatch
ed_033986,1,3,3,1,0,-0.578947,nonzero
ed_033989,1,11,11,0,0,0.000000,nomatch
ed_033993,1,7,7,0,0,0.000000,nomatch
ed_033997,1,12,12,0,0,0.000000,nomatch
ed_034001,1,8,8,0,0,0.000000,nomatch
ed_034004,1,12,12,0,0,0.000000,nomatch
ed_034007,2,15,15,2,0,0.359210,nonzero
ed_034010,1,5,5,0,0,0.000000,nomatch
ed_034013,1,7,7,0,0,0.000000,nomatch
ed_034016,1,4,4,0,0,0.000000,nomatch
ed_034019,1,6,6,0,0,0.000000,nomatch
ed_034022,1,14,14,0,0,0.000000,nomatch
ed_034026,1,11,11,0,0,0.000000,nomatch
ed_034029,1,4,4,0,0,0.000000,nomatch
ed_034032,1,8,8,0,0,0.000000,nomatch
ed_034035,1,10,10,0,0,0.000000,nomatch
ed_034038,1,12,12,1,0,0.361158,nonzero
ed_034041,2,15,15,0,0,0.000000,nomatch
ed_034044,1,9,9,0,0,0.000000,nomatch
ed_034047,1,8,8,0,0,0.000000,nomatch
ed_034050,1,5,5,0,0,0.000000,nomatch
ed_034053,2,31,31,2,0,-0.123707,nonzero
ed_034056,1,9,9,0,0,0.000000,nomatch
ed_034059,1,10,10,0,0,0.000000,nomatch
ed_034062,1,8,8,0,0,0.000000,nomatch
ed_034065,3,20,20,2,0,-0.306176,nonzero
ed_034068,1,13,13,0,0,0.000000,nomatch
ed_034072,3,19,19,0,0,0.000000,nomatch
ed_034075,2,13,13,2,0,-0.044672,nonzero
ed_034079,1,5,5,0,0,0.000000,nomatch
ed_034082,1,7,7,1,0,0.493915,nonzero
ed_034085,1,6,6,2,0,-0.670478,nonzero
ed_034088,1,7,7,0,0,0.000000,nomatch
ed_034091,2,15,15,0,0,0.000000,nomatch
ed_034094,1,8,8,1,0,0.458831,nonzero
ed_034101,1,9,9,0,0,0.000000,nomatch
ed_034104,1,10,10,0,0,0.000000,nomatch
ed_034107,1,7,7,0,0,0.000000,nomatch
ed_034110,1,10,10,1,0,0.493915,nonzero
ed_034113,1,10,10,1,0,0.128037,nonzero
ed_034117,1,8,8,1,0,-0.361158,nonzero
ed_034120,1,8,8,1,0,0.458831,nonzero
ed_034123,1,8,8,0,0,0.000000,nomatch
ed_034126,1,8,8,1,0,0.128037,nonzero
ed_034132,1,8,8,0,0,0.000000,nomatch
ed_034135,1,6,6,0,0,0.000000,nomatch
ed_034138,2,26,26,0,0,0.000000,nomatch
ed_034143,1,8,8,0,0,0.000000,nomatch
ed_034147,2,28,28,1,0,0.224852,nonzero
ed_034150,2,14,14,1,0,-0.229415,nonzero
ed_034153,1,12,12,0,0,0.000000,nomatch
ed_034156,1,10,10,1,1,0.458831,nonzero
ed_034160,2,19,19,0,0,0.000000,nomatch
ed_034163,1,10,10,0,0,0.000000,nomatch
ed_034166,1,13,13,1,0,-0.339950,nonzero
ed_034169,1,9,9,0,0,0.000000,nomatch
ed_034173,1,13,13,1,0,-0.612372,nonzero
ed_034176,2,10,10,2,0,0.427536,nonzero
ed_034179,2,21,21,0,0,0.000000,nomatch
ed_034182,1,25,25,0,0,0.000000,nomatch
ed_034186,1,8,8,0,0,0.000000,nomatch
ed_034189,2,24,24,0,0,0.000000,nomatch
ed_034192,1,7,7,0,0,0.000000,nomatch
ed_034195,1,11,11,0,0,0.000000,nomatch
ed_034198,1,7,7,0,0,0.000000,nomatch
ed_034203,2,28,28,0,0,0.000000,nomatch
ed_034206,1,7,7,0,0,0.000000,nomatch
ed_034209,1,11,11,1,0,0.493915,nonzero
ed_034212,2,19,19,1,0,0.125000,nonzero
ed_034215,2,26,26,1,0,-0.180579,nonzero
ed_034218,1,8,8,0,0,0.000000,nomatch
ed_034221,1,7,7,0,0,0.000000,nomatch
ed_034224,1,8,8,0,0,0.000000,nomatch
ed_034227,1,11,11,0,0,0.000000,nomatch
ed_034233,2,17,17,0,0,0.000000,nomatch
ed_034236,3,36,36,0,0,0.000000,nomatch
ed_034239,1,3,3,0,0,0.000000,nomatch
ed_034242,1,9,9,0,0,0.000000,nomatch
ed_034245,1,7,7,0,0,0.000000,nomatch
ed_034248,2,34,34,0,0,0.000000,nomatch
ed_034261,2,36,36,1,0,0.180579,nonzero
ed_034266,1,9,9,0,0,0.000000,nomatch
ed_034269,1,8,8,0,0,0.000000,nomatch
ed_034272,1,11,11,1,0,0.458831,nonzero
ed_034275,3,15,15,1,0,0.152944,nonzero
ed_034278,1,4,4,0,0,0.000000,nomatch
ed_034281,3,23,23,0,0,0.000000,nomatch
ed_034284,1,8,8,0,0,0.000000,nomatch
ed_034287,3,40,40,0,0,0.000000,nomatch
ed_034290,2,9,9,1,0,0.263371,nonzero
ed_034299,1,9,9,1,0,0.361158,nonzero
ed_034302,1,6,6,1,0,-0.709560,nonzero
ed_034305,2,18,18,0,0,0.000000,nomatch
ed_034309,2,26,26,0,0,0.000000,nomatch
ed_034312,1,6,6,0,0,0.000000,nomatch
ed_034315,2,10,10,0,0,0.000000,nomatch
ed_034318,1,3,3,0,0,0.000000,nomatch
ed_034321,1,11,11,0,0,0.000000,nomatch
ed_034324,2,25,25,0,0,0.000000,nomatch
ed_034330,3,25,25,1,0,0.140488,nonzero
ed_034334,1,5,5,1,0,-0.361158,nonzero
ed_034337,1,8,8,0,0,0.000000,nomatch
ed_034340,2,16,16,2,1,0.292941,nonzero
ed_034343,1,9,9,1,1,0.458831,nonzero
ed_034347,1,7,7,0,0,0.000000,nomatch
ed_034350,3,29,29,0,0,0.000000,nomatch
ed_034354,3,31,31,2,0,0.328234,nonzero
ed_034357,1,7,7,0,0,0.000000,nomatch
ed_034360,1,29,29,0,0,0.000000,nomatch
ed_034363,2,25,25,1,0,-0.224852,nonzero
ed_034366,1,13,13,1,0,0.458831,nonzero
ed_034369,4,42,42,1,0,0.090289,nonzero
ed_034372,1,13,13,1,0,0.458831,nonzero
ed_034375,1,7,7,0,0,0.000000,nomatch
ed_034378,1,3,3,0,0,0.000000,nomatch
ed_034381,3,26,26,1,0,-0.140488,nonzero
ed_034384,1,7,7,0,0,0.000000,nomatch
ed_034387,2,32,32,0,0,0.000000,nomatch
ed_034390,2,15,15,0,0,0.000000,nomatch
ed_034393,3,25,25,1,0,0.120386,nonzero
ed_034396,1,15,15,0,0,0.000000,nomatch
ed_034399,3,24,24,1,1,-0.261116,nonzero
ed_034402,1,5,5,0,0,0.000000,nomatch
ed_034405,4,36,36,2,0,-0.277347,nonzero
ed_034408,1,12,12,1,0,-0.361158,nonzero
ed_034411,1,13,13,0,0,0.000000,nomatch
ed_034414,2,10,10,0,0,0.000000,nomatch
ed_034417,4,36,36,1,0,0.090289,nonzero
ed_034420,1,12,12,0,0,0.000000,nomatch
ed_034423,2,12,12,0,0,0.000000,nomatch
ed_034426,2,25,25,0,0,0.000000,nomatch
ed_034429,4,27,27,0,0,0.000000,nomatch
ed_034432,1,8,8,0,0,0.000000,nomatch
ed_034435,3,35,35,0,0,0.000000,nomatch
ed_034438,1,8,8,1,0,0.421464,nonzero
ed_034441,2,32,32,0,0,0.000000,nomatch
ed_034444,1,5,5,0,0,0.000000,nomatch
ed_034447,1,17,17,0,0,0.000000,nomatch
ed_034450,1,11,11,0,0,0.000000,nomatch
ed_034453,1,10,10,0,0,0.000000,nomatch
ed_034457,1,6,6,1,0,-0.458831,nonzero
ed_034460,2,32,32,1,0,-0.130831,nonzero
ed_034463,3,31,31,1,0,-0.228283,nonzero
ed_034466,4,39,39,0,1,-0.032009,nonzero
ed_034469,2,9,9,0,0,0.000000,nomatch
ed_034472,2,24,24,0,0,0.000000,nomatch
ed_034475,1,10,10,0,0,0.000000,nomatch
ed_034479,3,20,20,0,0,0.000000,nomatch
ed_034482,2,30,30,2,0,0.062961,nonzero
ed_034485,3,26,26,0,0,0.000000,nomatch
ed_034488,2,13,13,1,0,-0.180579,nonzero
ed_034491,2,24,24,0,0,0.000000,nomatch
ed_034494,2,18,18,0,0,0.000000,nomatch
ed_034497,1,11,11,0,0,0.000000,nomatch
ed_034500,3,27,27,1,0,0.120386,nonzero
ed_034503,1,11,11,0,0,0.000000,nomatch
ed_034506,2,27,27,1,0,0.180579,nonzero
ed_034509,1,6,6,0,0,0.000000,nomatch
ed_034512,2,15,15,0,0,0.000000,nomatch
ed_034515,3,43,43,1,0,-0.181793,nonzero
ed_034518,1,6,6,1,0,-0.526742,nonzero
ed_034521,3,40,40,1,0,0.042679,nonzero
ed_034524,3,21,21,1,0,-0.113317,nonzero
ed_034527,3,24,24,0,0,0.000000,nomatch
ed_034530,2,12,12,0,0,0.000000,nomatch
ed_034533,1,18,18,1,0,0.493915,nonzero
ed_034536,1,9,9,1,0,-0.361158,nonzero
ed_034539,1,5,5,0,0,0.000000,nomatch
ed_034542,1,6,6,0,0,0.000000,nomatch
ed_034545,2,15,15,0,0,0.000000,nomatch
ed_034548,2,15,15,0,0,0.000000,nomatch
ed_034551,2,17,17,0,0,0.000000,nomatch
ed_034554,1,16,16,0,0,0.000000,nomatch
ed_034557,2,22,22,1,0,0.263371,nonzero
ed_034560,1,17,17,0,0,0.000000,nomatch
ed_034564,3,39,39,0,0,0.000000,nomatch
ed_034567,2,22,22,0,0,0.000000,nomatch
ed_034570,1,1,1,0,0,0.000000,nomatch
ed_034573,1,12,12,1,0,-0.458831,nonzero
ed_034579,2,35,35,0,0,0.000000,nomatch
ed_034586,2,21,21,0,0,0.000000,nomatch
ed_034589,2,34,34,0,0,0.000000,nomatch
ed_034592,2,19,19,0,0,0.000000,nomatch
ed_034597,2,18,18,0,0,0.000000,nomatch
ed_034600,1,14,14,1,0,-0.361158,nonzero
ed_034603,3,38,38,1,0,0.181793,nonzero
ed_034606,2,33,33,0,0,0.000000,nomatch
ed_034609,1,8,8,0,0,0.000000,nomatch
ed_034612,2,31,31,0,0,0.000000,nomatch
ed_034615,2,32,32,0,0,0.000000,nomatch
ed_034618,2,11,11,0,0,0.000000,nomatch
ed_034621,2,26,26,0,0,0.000000,nomatch
ed_034624,2,14,14,0,0,0.000000,nomatch
ed_034627,2,31,31,2,0,0.426481,nonzero
ed_034630,1,11,11,1,0,0.361158,nonzero
ed_034633,2,13,13,0,0,0.000000,nomatch
ed_034636,3,39,39,0,0,0.000000,nomatch
ed_034640,1,10,10,0,0,0.000000,nomatch
ed_034643,1,7,7,0,0,0.000000,nomatch
ed_034647,1,16,16,0,0,0.000000,nomatch
ed_034650,1,26,26,1,0,-0.709560,nonzero
ed_034654,2,24,24,0,0,0.000000,nomatch
ed_034657,2,25,25,3,0,0.147979,nonzero
ed_034661,2,11,11,1,0,0.229415,nonzero
ed_034664,2,18,18,1,0,0.263371,nonzero
ed_034667,2,11,11,0,0,0.000000,nomatch
ed_034670,2,35,35,1,0,0.210732,nonzero
ed_034673,1,9,9,0,0,0.000000,nomatch
ed_034677,2,20,20,1,0,-0.229415,nonzero
ed_034680,1,16,16,1,0,0.369488,nonzero
ed_034683,1,21,21,0,0,0.000000,nomatch
ed_034687,3,34,34,1,0,0.175581,nonzero
ed_034691,3,21,21,0,0,0.000000,nomatch
ed_034696,2,24,24,0,0,0.000000,nomatch
ed_034699,2,20,20,0,0,0.000000,nomatch
ed_034702,1,24,24,1,0,-0.361158,nonzero
ed_034705,3,28,28,0,0,0.000000,nomatch
ed_034708,2,49,49,0,0,0.000000,nomatch
ed_034711,1,12,12,1,0,0.585882,nonzero
ed_034714,2,24,24,1,0,-0.180579,nonzero
ed_034717,2,24,24,1,0,-0.374116,nonzero
ed_034720,2,17,17,1,0,-0.210732,nonzero
ed_034723,1,25,25,0,0,0.000000,nomatch
ed_034727,2,26,26,0,0,0.000000,nomatch
ed_034730,2,39,39,0,0,0.000000,nomatch
ed_034734,1,12,12,2,0,0.250000,nonzero
ed_034737,1,9,9,2,1,0.542326,nonzero
ed_034740,2,22,22,0,0,0.000000,nomatch
ed_034743,2,14,14,0,0,0.000000,nomatch
ed_034746,2,16,16,0,0,0.000000,nomatch
ed_034749,2,25,25,2,0,0.000000,cancel
ed_034753,1,7,7,1,0,0.526742,nonzero
ed_034756,2,10,10,2,0,0.200962,nonzero
ed_034759,1,17,17,0,0,0.000000,nomatch
ed_034762,1,11,11,0,0,0.000000,nomatch
ed_034765,3,33,33,1,1,-0.195623,nonzero
ed_034769,2,19,19,1,0,0.180579,nonzero
ed_034772,2,15,15,0,0,0.000000,nomatch
ed_034775,2,24,24,1,0,-0.125000,nonzero
ed_034778,3,36,36,1,0,0.120386,nonzero
ed_034781,2,15,15,0,0,0.000000,nomatch
ed_034784,1,14,14,1,0,-0.421464,nonzero
ed_034787,2,19,19,0,0,0.000000,nomatch
ed_034790,2,30,30,1,0,0.101144,nonzero
ed_034793,2,21,21,0,0,0.000000,nomatch
ed_034796,1,8,8,0,0,0.000000,nomatch
ed_034799,1,22,22,0,0,0.000000,nomatch
ed_034802,4,25,25,2,0,-0.204997,nonzero
ed_034805,2,20,20,1,0,0.263371,nonzero
ed_034808,2,30,30,2,0,-0.033956,nonzero
ed_034811,2,20,20,1,0,0.281620,nonzero
ed_034814,2,16,16,0,0,0.000000,nomatch
ed_034817,2,25,25,0,0,0.000000,nomatch
ed_034820,2,28,28,0,0,0.000000,nomatch
ed_034823,1,7,7,0,0,0.000000,nomatch
ed_034826,2,24,24,0,0,0.000000,nomatch
ed_034830,1,18,18,0,0,0.000000,nomatch
ed_034833,1,17,17,0,0,0.000000,nomatch
ed_034836,2,13,13,1,0,0.281620,nonzero
ed_034840,1,9,9,0,0,0.000000,nomatch
ed_034843,1,20,20,1,0,-0.458831,nonzero
ed_034846,2,14,14,0,0,0.000000,nomatch
ed_034850,2,20,20,0,0,0.000000,nomatch
ed_034853,2,8,8,1,0,-0.229415,nonzero
ed_034856,2,19,19,0,0,0.000000,nomatch
ed_034860,2,18,18,1,0,-0.147979,nonzero
ed_034863,1,12,12,0,0,0.000000,nomatch
ed_034869,1,12,12,1,0,0.458831,nonzero
ed_034871,1,18,18,0,0,0.000000,nomatch
ed_034874,2,14,14,1,0,0.297018,nonzero
ed_034877,1,9,9,0,0,0.000000,nomatch
ed_034880,2,17,17,0,0,0.000000,nomatch
ed_034883,1,7,7,0,0,0.000000,nomatch
ed_034886,2,12,12,0,0,0.000000,nomatch
ed_034889,2,17,17,1,0,-0.229415,nonzero
ed_034892,1,6,6,0,0,0.000000,nomatch
ed_034895,3,22,22,0,0,0.000000,nomatch
ed_034898,1,7,7,0,0,0.000000,nomatch
ed_034901,1,8,8,0,0,0.000000,nomatch
ed_034904,1,9,9,0,0,0.000000,nomatch
ed_034907,1,12,12,1,0,-0.655311,nonzero
ed_034910,1,11,11,0,0,0.000000,nomatch
ed_034913,1,11,11,0,0,0.000000,nomatch
ed_034916,2,19,19,1,0,-0.327655,nonzero
ed_034920,1,8,8,1,1,0.458831,nonzero
ed_034923,2,14,14,0,0,0.000000,nomatch
ed_034926,1,16,16,0,0,0.000000,nomatch
ed_034930,3,32,32,0,0,0.000000,nomatch
ed_034933,1,11,11,0,0,0.000000,nomatch
ed_034936,1,7,7,1,0,0.361158,nonzero
ed_034939,1,9,9,0,0,0.000000,nomatch
ed_034942,2,8,8,0,0,0.000000,nomatch
ed_034945,3,20,20,0,0,0.000000,nomatch
ed_034948,2,11,11,0,0,0.000000,nomatch
ed_034951,2,17,17,0,0,0.000000,nomatch
ed_034955,1,4,4,0,0,0.000000,nomatch
ed_034958,2,27,27,0,0,0.000000,nomatch
ed_034961,2,20,20,1,0,0.271163,nonzero
ed_034965,1,12,12,0,0,0.000000,nomatch
ed_034968,1,12,12,1,0,-0.153093,nonzero
ed_034971,2,28,28,0,0,0.000000,nomatch
ed_034974,1,18,18,1,0,-0.128037,nonzero
ed_034977,1,8,8,0,0,0.000000,nomatch
ed_034980,2,15,15,0,0,0.000000,nomatch
ed_034983,1,20,20,1,0,-0.526742,nonzero
ed_034986,3,23,23,0,0,0.000000,nomatch
ed_034989,1,14,14,1,0,0.128037,nonzero
ed_034994,2,24,24,0,0,0.000000,nomatch
ed_034997,3,18,18,0,0,0.000000,nomatch
ed_035000,2,12,12,0,0,0.000000,nomatch
ed_035003,2,10,10,1,0,-0.289473,nonzero
ed_035006,2,17,17,0,0,0.000000,nomatch
ed_035009,3,21,21,0,0,0.000000,nomatch
ed_035012,2,16,16,0,0,0.000000,nomatch
ed_035015,2,14,14,0,0,0.000000,nomatch
ed_035018,3,29,29,0,0,0.000000,nomatch
ed_035021,2,22,22,0,0,0.000000,nomatch
ed_035025,1,9,9,0,0,0.000000,nomatch
ed_035028,2,17,17,0,0,0.000000,nomatch
ed_035031,2,23,23,0,0,0.000000,nomatch
ed_035034,2,15,15,1,0,0.180579,nonzero
ed_035038,2,20,20,0,0,0.000000,nomatch
ed_035041,2,18,18,0,0,0.000000,nomatch
ed_035045,2,19,19,0,0,0.000000,nomatch
ed_035048,1,11,11,0,0,0.000000,nomatch
ed_035051,1,16,16,0,0,0.000000,nomatch
ed_035054,3,30,30,0,0,0.000000,nomatch
ed_035057,1,15,15,0,0,0.000000,nomatch
ed_035061,4,32,32,2,0,0.268215,nonzero
ed_035064,1,8,8,0,0,0.000000,nomatch
ed_035067,1,14,14,1,0,0.421464,nonzero
ed_035070,1,17,17,1,0,-0.655311,nonzero
ed_035074,2,19,19,0,0,0.000000,nomatch
ed_035077,2,12,12,1,0,-0.180579,nonzero
ed_035080,1,16,16,0,0,0.000000,nomatch
ed_035084,3,42,42,2,0,0.247679,nonzero
ed_035087,2,19,19,0,0,0.000000,nomatch
ed_035090,2,18,18,1,0,-0.229415,nonzero
ed_035093,1,15,15,1,0,0.458831,nonzero
ed_035097,1,6,6,0,0,0.000000,nomatch
ed_035100,2,14,14,0,0,0.000000,nomatch
ed_035104,2,23,23,0,0,0.000000,nomatch
ed_035107,1,5,5,0,0,0.000000,nomatch
ed_035110,3,21,21,2,0,0.000000,cancel
ed_035113,3,35,35,1,0,0.042679,nonzero
ed_035116,4,56,56,4,0,0.309316,nonzero
ed_035120,1,15,15,0,0,0.000000,nomatch
ed_035123,1,6,6,0,0,0.000000,nomatch
ed_035126,1,17,17,0,0,0.000000,nomatch
ed_035129,2,12,12,0,0,0.000000,nomatch
ed_035133,4,43,43,1,0,0.065416,nonzero
ed_035136,1,19,19,0,0,0.000000,nomatch
ed_035141,2,27,27,0,0,0.000000,nomatch
ed_035144,2,21,21,1,1,0.242678,nonzero
ed_035147,2,12,12,0,0,0.000000,nomatch
ed_035150,2,14,14,0,0,0.000000,nomatch
ed_035154,1,15,15,1,0,-0.684850,nonzero
ed_035157,2,20,20,0,0,0.000000,nomatch
ed_035160,2,17,17,1,0,0.101144,nonzero
ed_035163,1,7,7,0,0,0.000000,nomatch
ed_035166,1,15,15,1,0,-0.476658,nonzero
ed_035170,2,21,21,0,0,0.000000,nomatch
ed_035173,2,26,26,0,0,0.000000,nomatch
ed_035176,2,17,17,1,0,0.281620,nonzero
ed_035179,1,8,8,1,1,0.458831,nonzero
ed_035182,3,20,20,1,0,-0.030001,nonzero
ed_035185,4,38,38,1,0,-0.090289,nonzero
ed_035188,2,12,12,0,0,0.000000,nomatch
ed_035191,1,10,10,1,0,0.594036,nonzero
ed_035195,2,17,17,0,0,0.000000,nomatch
ed_035199,2,13,13,1,0,-0.210732,nonzero
ed_035202,1,14,14,1,1,0.476658,nonzero
ed_035205,2,35,35,0,0,0.000000,nomatch
ed_035209,1,16,16,1,0,0.526742,nonzero
ed_035212,3,23,23,0,0,0.000000,nomatch
ed_035215,2,12,12,1,0,-0.082757,nonzero
ed_035218,1,26,26,0,0,0.000000,nomatch
ed_035222,6,44,44,1,0,0.092895,nonzero
ed_035225,1,12,12,0,0,0.000000,nomatch
ed_035232,2,15,15,0,0,0.000000,nomatch
ed_035239,1,16,16,0,0,0.000000,nomatch
ed_035243,2,34,34,0,0,0.000000,nomatch
ed_035246,1,13,13,1,0,-0.458831,nonzero
ed_035249,2,14,14,0,0,0.000000,nomatch
ed_035252,2,18,18,2,0,-0.329864,nonzero
ed_035256,3,41,41,0,0,0.000000,nomatch
ed_035259,3,37,37,2,0,0.203719,nonzero
ed_035263,2,18,18,1,0,0.281620,nonzero
ed_035267,1,10,10,0,0,0.000000,nomatch
ed_035271,2,13,13,0,0,0.000000,nomatch
ed_035277,2,15,15,0,0,0.000000,nomatch
ed_035281,2,15,15,0,0,0.000000,nomatch
ed_035284,2,16,16,0,0,0.000000,nomatch
ed_035288,1,20,20,2,0,0.250000,nonzero
ed_035291,3,16,16,0,0,0.000000,nomatch
ed_035294,1,19,19,1,0,0.458831,nonzero
ed_035297,2,13,13,0,0,0.000000,nomatch
ed_035301,3,28,28,0,0,0.000000,nomatch
ed_035306,2,12,12,0,0,0.000000,nomatch
ed_035309,1,9,9,0,0,0.000000,nomatch
ed_035315,3,47,47,3,0,0.213749,nonzero
ed_035322,2,18,18,0,0,0.000000,nomatch
ed_035327,2,22,22,0,0,0.000000,nomatch
ed_035330,3,44,44,1,0,0.140488,nonzero
ed_035337,2,28,28,0,0,0.000000,nomatch
ed_035340,1,10,10,0,0,0.000000,nomatch
ed_035343,2,15,15,0,0,0.000000,nomatch
ed_035346,3,44,44,3,1,0.343879,nonzero
ed_035349,2,17,17,0,0,0.000000,nomatch
ed_035353,2,15,15,1,0,-0.180579,nonzero
ed_035356,5,37,37,0,0,0.000000,nomatch
ed_035359,2,42,42,0,0,0.000000,nomatch
ed_035362,2,15,15,1,0,0.180579,nonzero
ed_035365,2,17,17,0,0,0.000000,nomatch
ed_035369,1,17,17,0,0,0.000000,nomatch
ed_035373,3,20,20,0,0,0.000000,nomatch
ed_035380,2,20,20,2,0,0.244597,nonzero
ed_035384,1,7,7,0,0,0.000000,nomatch
ed_035387,1,16,16,1,0,-0.421464,nonzero
ed_035390,2,15,15,1,0,-0.263371,nonzero
ed_035393,2,20,20,0,0,0.000000,nomatch
ed_035396,2,24,24,0,0,0.000000,nomatch
ed_035399,1,16,16,3,0,0.868943,nonzero
ed_035402,3,35,35,1,0,-0.087221,nonzero
ed_035405,1,20,20,0,0,0.000000,nomatch
ed_035408,2,23,23,0,0,0.000000,nomatch
ed_035411,4,44,44,0,0,0.000000,nomatch
ed_035414,2,12,12,0,0,0.000000,nomatch
ed_035418,1,20,20,0,0,0.000000,nomatch
ed_035421,2,9,9,0,0,0.000000,nomatch
ed_035424,3,15,15,0,0,0.000000,nomatch
ed_035427,1,17,17,0,0,0.000000,nomatch
ed_035430,6,50,50,1,0,-0.082319,nonzero
ed_035433,1,13,13,1,0,-0.421464,nonzero
ed_035436,2,10,10,0,0,0.000000,nomatch
ed_035439,2,23,23,1,0,-0.180579,nonzero
ed_035442,3,62,62,0,0,0.000000,nomatch
ed_035445,2,15,15,1,0,-0.064019,nonzero
ed_035450,2,19,19,0,0,0.000000,nomatch
ed_035457,2,18,18,1,0,0.125000,nonzero
ed_035460,2,19,19,0,0,0.000000,nomatch
ed_035463,1,15,15,0,0,0.000000,nomatch
ed_035466,3,19,19,1,0,0.164638,nonzero
ed_035470,1,14,14,0,0,0.000000,nomatch
ed_035473,2,19,19,0,0,0.000000,nomatch
ed_035476,1,10,10,0,0,0.000000,nomatch
ed_035480,2,16,16,0,0,0.000000,nomatch
ed_035483,2,22,22,1,0,0.180579,nonzero
ed_035487,2,15,15,0,0,0.000000,nomatch
ed_035491,2,9,9,1,0,-0.289473,nonzero
ed_035494,2,13,13,0,0,0.000000,nomatch
ed_035500,2,22,22,0,0,0.000000,nomatch
ed_035503,4,39,39,0,0,0.000000,nomatch
ed_035506,2,14,14,0,0,0.000000,nomatch
ed_035510,2,18,18,0,0,0.000000,nomatch
ed_035513,2,23,23,1,0,0.271163,nonzero
ed_035517,1,5,5,0,0,0.000000,nomatch
ed_035523,5,26,26,0,0,0.000000,nomatch
ed_035528,1,6,6,0,0,0.000000,nomatch
ed_035531,1,43,43,0,0,0.000000,nomatch
ed_035534,1,24,24,0,0,0.000000,nomatch
ed_035540,3,32,32,2,0,0.195623,nonzero
ed_035543,1,14,14,0,0,0.000000,nomatch
ed_035547,1,11,11,0,0,0.000000,nomatch
ed_035550,1,19,19,0,0,0.000000,nomatch
ed_035553,2,16,16,0,0,0.000000,nomatch
ed_035556,3,44,44,0,0,0.000000,nomatch
ed_035560,1,14,14,0,0,0.000000,nomatch
ed_035562,2,18,18,1,0,-0.215320,nonzero
ed_035565,1,27,27,1,0,-0.458831,nonzero
ed_035569,3,14,14,1,0,-0.055171,nonzero
ed_035573,1,6,6,0,0,0.000000,nomatch
ed_035576,1,13,13,0,0,0.000000,nomatch
ed_035579,2,15,15,0,0,0.000000,nomatch
ed_035582,2,18,18,0,0,0.000000,nomatch
ed_035589,1,12,12,0,0,0.000000,nomatch
ed_035596,2,19,19,1,0,0.180579,nonzero
ed_035599,1,10,10,1,0,0.128037,nonzero
ed_035602,1,10,10,0,0,0.000000,nomatch
ed_035605,2,13,13,1,0,0.271163,nonzero
ed_035608,2,19,19,0,0,0.000000,nomatch
ed_035611,1,17,17,0,0,0.000000,nomatch
ed_035615,1,10,10,0,0,0.000000,nomatch
ed_035618,1,22,22,0,0,0.000000,nomatch
ed_035621,1,5,5,0,0,0.000000,nomatch
ed_035628,2,20,20,1,0,0.246957,nonzero
ed_035635,1,10,10,1,0,0.361158,nonzero
ed_035638,1,9,9,0,0,0.000000,nomatch
ed_035642,2,22,22,0,0,0.000000,nomatch
ed_035646,2,19,19,1,0,-0.224852,nonzero
ed_035649,2,14,14,0,0,0.000000,nomatch
ed_035653,1,8,8,1,0,-0.578947,nonzero
ed_035656,1,8,8,0,0,0.000000,nomatch
ed_035661,1,13,13,0,0,0.000000,nomatch
ed_035667,1,18,18,1,0,-0.361158,nonzero
ed_035670,2,15,15,0,0,0.000000,nomatch
ed_035673,1,9,9,0,0,0.000000,nomatch
ed_035676,2,12,12,0,0,0.000000,nomatch
ed_035680,1,17,17,0,0,0.000000,nomatch
ed_035685,1,4,4,0,0,0.000000,nomatch
ed_035689,2,16,16,0,0,0.000000,nomatch
ed_035692,2,34,34,1,0,-0.224852,nonzero
ed_035695,2,21,21,0,0,0.000000,nomatch
ed_035699,1,7,7,1,0,-0.526742,nonzero
ed_035702,2,22,22,2,0,-0.342923,nonzero
ed_035705,1,9,9,0,0,0.000000,nomatch
ed_035712,1,12,12,1,0,-0.458831,nonzero
ed_035719,1,13,13,0,0,0.000000,nomatch
ed_035722,1,11,11,0,0,0.000000,nomatch
ed_035725,1,14,14,0,0,0.000000,nomatch
ed_035728,2,28,28,1,0,-0.212651,nonzero
ed_035732,1,10,10,1,0,0.458831,nonzero
ed_035735,1,11,11,1,0,0.493915,nonzero
ed_035738,2,15,15,0,0,0.000000,nomatch
ed_035741,1,7,7,0,0,0.000000,nomatch
ed_035744,2,20,20,1,0,-0.229415,nonzero
ed_035747,1,14,14,1,0,0.458831,nonzero
ed_035750,2,15,15,1,0,-0.064019,nonzero
ed_035753,3,31,31,1,0,0.152944,nonzero
ed_035756,1,20,20,0,0,0.000000,nomatch
ed_035759,2,15,15,0,0,0.000000,nomatch
ed_035762,2,13,13,1,0,0.180579,nonzero
ed_035768,2,31,31,0,0,0.000000,nomatch
ed_035773,2,13,13,2,0,0.391311,nonzero
ed_035776,2,17,17,0,0,0.000000,nomatch
ed_035783,2,14,14,2,0,0.306186,nonzero
ed_035786,2,22,22,0,0,0.000000,nomatch
ed_035789,1,11,11,1,0,0.128037,nonzero
ed_035794,2,27,27,0,0,0.000000,nomatch
ed_035797,2,16,16,0,0,0.000000,nomatch
ed_035801,2,14,14,0,0,0.000000,nomatch
ed_035804,2,28,28,0,0,0.000000,nomatch
ed_035809,2,15,15,0,1,-0.064019,nonzero
ed_035813,2,15,15,0,0,0.000000,nomatch
ed_035816,2,15,15,1,0,-0.180579,nonzero
ed_035819,3,23,23,1,0,-0.059286,nonzero
ed_035823,3,34,34,2,1,0.049820,nonzero
ed_035827,1,12,12,1,0,0.545378,nonzero
ed_035830,1,19,19,2,0,0.747628,nonzero
ed_035833,1,12,12,0,0,0.000000,nomatch
ed_035837,1,11,11,0,0,0.000000,nomatch
ed_035840,2,25,25,2,0,-0.409994,nonzero
ed_035844,2,15,15,0,0,0.000000,nomatch
ed_035847,2,23,23,1,0,-0.180579,nonzero
ed_035851,2,31,31,2,1,-0.656361,nonzero
ed_035855,2,16,16,1,0,-0.246957,nonzero
ed_035858,1,13,13,2,0,0.718421,nonzero
ed_035861,1,15,15,1,0,-0.655311,nonzero
ed_035864,1,13,13,1,0,0.493915,nonzero
ed_035872,1,10,10,0,0,0.000000,nomatch
ed_035877,2,19,19,0,0,0.000000,nomatch
ed_035881,2,16,16,1,0,0.064019,nonzero
ed_035885,2,19,19,2,0,-0.458831,nonzero
ed_035893,3,36,36,1,0,0.152944,nonzero
ed_035897,1,16,16,1,0,-0.476658,nonzero
ed_035900,2,15,15,0,0,0.000000,nomatch
ed_035904,2,10,10,0,0,0.000000,nomatch
ed_035907,1,11,11,1,0,-0.655311,nonzero
ed_035913,1,12,12,0,0,0.000000,nomatch
ed_035917,1,15,15,1,0,0.458831,nonzero
ed_035923,1,7,7,0,0,0.000000,nomatch
ed_035929,1,15,15,0,0,0.000000,nomatch
ed_035933,1,8,8,0,0,0.000000,nomatch
ed_035940,2,19,19,0,0,0.000000,nomatch
ed_035944,1,9,9,0,0,0.000000,nomatch
ed_035947,2,16,16,0,0,0.000000,nomatch
ed_035951,3,33,33,2,0,-0.273330,nonzero
ed_035958,2,36,36,0,0,0.000000,nomatch
ed_035962,2,10,10,0,0,0.000000,nomatch
ed_035965,1,24,24,0,0,0.000000,nomatch
ed_035971,1,9,9,1,0,-0.458831,nonzero
ed_035974,2,26,26,0,1,-0.064019,nonzero
ed_035977,1,18,18,0,0,0.000000,nomatch
ed_035980,1,12,12,0,0,0.000000,nomatch
ed_035983,2,16,16,0,0,0.000000,nomatch
ed_035989,2,16,16,1,0,-0.169975,nonzero
ed_035993,1,6,6,0,0,0.000000,nomatch
ed_035999,1,8,8,0,0,0.000000,nomatch
ed_036003,1,9,9,1,0,0.493915,nonzero
ed_036007,1,13,13,0,0,0.000000,nomatch
ed_036010,1,7,7,0,0,0.000000,nomatch
ed_036014,3,34,34,1,1,0.158886,nonzero
ed_036020,1,11,11,0,0,0.000000,nomatch
ed_036026,2,24,24,2,0,-0.420879,nonzero
ed_036029,3,29,29,1,0,-0.083333,nonzero
ed_036032,3,19,19,1,0,0.120386,nonzero
ed_036036,1,12,12,0,0,0.000000,nomatch
ed_036039,1,13,13,0,0,0.000000,nomatch
ed_036042,3,21,21,1,0,0.175581,nonzero
ed_036045,1,10,10,1,0,-0.361158,nonzero
ed_036048,2,15,15,0,0,0.000000,nomatch
ed_036051,1,15,15,1,0,-0.361158,nonzero
ed_036055,3,29,29,1,0,0.120386,nonzero
ed_036058,2,31,31,1,0,-0.229415,nonzero
ed_036062,3,21,21,0,0,0.000000,nomatch
ed_036065,1,16,16,0,0,0.000000,nomatch
ed_036069,1,12,12,1,0,-0.361158,nonzero
ed_036072,1,8,8,2,0,-0.670478,nonzero
ed_036075,2,20,20,2,0,0.365132,nonzero
ed_036078,2,17,17,1,0,-0.180579,nonzero
ed_036082,3,23,23,2,0,0.385965,nonzero
ed_036088,1,12,12,0,0,0.000000,nomatch
ed_036091,1,15,15,0,0,0.000000,nomatch
ed_036095,2,31,31,0,0,0.000000,nomatch
ed_036098,2,19,19,0,0,0.000000,nomatch
ed_036101,1,17,17,1,0,-0.458831,nonzero
ed_036104,2,13,13,0,0,0.000000,nomatch
ed_036107,1,5,5,0,0,0.000000,nomatch
ed_036110,2,22,22,1,0,0.210732,nonzero
ed_036113,1,5,5,0,0,0.000000,nomatch
ed_036117,3,35,35,0,0,0.000000,nomatch
ed_036120,2,19,19,1,0,0.271163,nonzero
ed_036124,1,12,12,0,0,0.000000,nomatch
ed_036127,1,11,11,0,0,0.000000,nomatch
ed_036130,2,15,15,0,0,0.000000,nomatch
ed_036133,1,16,16,0,0,0.000000,nomatch
ed_036137,2,12,12,0,0,0.000000,nomatch
ed_036140,1,5,5,0,0,0.000000,nomatch
ed_036144,1,18,18,1,0,0.458831,nonzero
ed_036147,3,25,25,0,0,0.000000,nomatch
ed_036150,2,16,16,0,0,0.000000,nomatch
ed_036153,2,28,28,1,0,-0.180579,nonzero
ed_036160,1,14,14,1,0,-0.361158,nonzero
ed_036167,2,26,26,2,0,-0.391311,nonzero
ed_036170,3,18,18,0,0,0.000000,nomatch
ed_036173,1,13,13,0,0,0.000000,nomatch
ed_036176,2,14,14,0,1,-0.064019,nonzero
ed_036181,1,8,8,0,0,0.000000,nomatch
ed_036185,2,22,22,1,0,0.297018,nonzero
ed_036188,2,14,14,0,0,0.000000,nomatch
ed_036192,3,36,36,2,0,-0.358925,nonzero
ed_036195,1,12,12,0,0,0.000000,nomatch
ed_036198,2,17,17,1,0,-0.263371,nonzero
ed_036201,2,26,26,0,0,0.000000,nomatch
ed_036206,1,4,4,0,0,0.000000,nomatch
ed_036212,1,12,12,0,0,0.000000,nomatch
ed_036215,2,26,26,0,0,0.000000,nomatch
ed_036218,3,25,25,1,0,-0.175581,nonzero
ed_036221,1,20,20,0,0,0.000000,nomatch
ed_036225,4,38,38,0,0,0.000000,nomatch
ed_036228,3,21,21,0,0,0.000000,nomatch
ed_036231,1,23,23,0,0,0.000000,nomatch
ed_036234,2,22,22,0,0,0.000000,nomatch
ed_036237,1,14,14,1,0,0.542326,nonzero
ed_036240,1,15,15,1,0,-0.339950,nonzero
ed_036245,2,14,14,0,0,0.000000,nomatch
ed_036248,1,15,15,0,0,0.000000,nomatch
ed_036251,2,25,25,0,0,0.000000,nomatch
ed_036254,2,6,6,0,0,0.000000,nomatch
ed_036258,2,32,32,0,0,0.000000,nomatch
ed_036261,2,23,23,0,0,0.000000,nomatch
ed_036264,1,7,7,0,0,0.000000,nomatch
ed_036268,2,24,24,1,0,-0.292941,nonzero
ed_036271,3,38,38,1,0,-0.098653,nonzero
ed_036274,1,10,10,0,0,0.000000,nomatch
ed_036277,3,38,38,0,0,0.000000,nomatch
ed_036282,2,22,22,0,0,0.000000,nomatch
ed_036285,3,14,14,0,0,0.000000,nomatch
ed_036288,2,16,16,1,0,-0.374116,nonzero
ed_036291,1,8,8,0,0,0.000000,nomatch
ed_036294,1,12,12,1,0,0.309370,nonzero
ed_036297,1,9,9,1,0,0.458831,nonzero
ed_036300,2,21,21,1,0,-0.278685,nonzero
ed_036304,1,16,16,2,0,-0.612372,nonzero
ed_036307,2,32,32,0,0,0.000000,nomatch
ed_036310,2,16,16,1,0,0.263371,nonzero
ed_036313,2,16,16,0,0,0.000000,nomatch
ed_036320,2,19,19,0,0,0.000000,nomatch
ed_036329,2,17,17,2,0,0.324279,nonzero
ed_036332,1,10,10,1,0,0.250000,nonzero
ed_036335,1,11,11,1,0,0.458831,nonzero
ed_036338,2,31,31,2,0,0.392263,nonzero
ed_036341,3,40,40,0,0,0.000000,nomatch
ed_036344,1,11,11,0,0,0.000000,nomatch
ed_036347,1,6,6,1,0,-0.361158,nonzero
ed_036350,2,19,19,2,0,-0.538388,nonzero
ed_036353,1,10,10,0,0,0.000000,nomatch
ed_036356,2,19,19,1,0,-0.263371,nonzero
ed_036359,1,12,12,0,0,0.000000,nomatch
ed_036362,2,26,26,0,0,0.000000,nomatch
ed_036365,1,9,9,2,0,-0.670478,nonzero
ed_036368,1,11,11,1,0,0.421464,nonzero
ed_036371,1,10,10,0,0,0.000000,nomatch
ed_036375,1,14,14,0,0,0.000000,nomatch
ed_036378,1,18,18,0,0,0.000000,nomatch
ed_036381,2,12,12,0,0,0.000000,nomatch
ed_036387,1,15,15,0,0,0.000000,nomatch
ed_036390,2,30,30,2,0,0.000000,cancel
ed_036393,1,8,8,0,0,0.000000,nomatch
ed_036396,1,18,18,0,0,0.000000,nomatch
ed_036399,2,24,24,0,0,0.000000,nomatch
ed_036402,1,7,7,0,0,0.000000,nomatch
ed_036405,2,15,15,0,0,0.000000,nomatch
ed_036408,2,14,14,1,0,0.180579,nonzero
ed_036411,2,31,31,2,0,-0.382485,nonzero
ed_036414,1,14,14,0,0,0.000000,nomatch
ed_036417,2,16,16,0,0,0.000000,nomatch
ed_036420,1,6,6,0,0,0.000000,nomatch
ed_036423,2,11,11,1,0,0.180579,nonzero
ed_036426,1,15,15,0,0,0.000000,nomatch
ed_036431,3,23,23,1,0,0.067430,nonzero
ed_036434,2,39,39,0,0,0.000000,nomatch
ed_036437,1,16,16,0,0,0.000000,nomatch
ed_036440,1,11,11,0,0,0.000000,nomatch
ed_036444,2,13,13,0,1,-0.064019,nonzero
ed_036447,1,20,20,1,0,-0.361158,nonzero
ed_036450,2,21,21,0,0,0.000000,nomatch
ed_036454,2,13,13,0,0,0.000000,nomatch
ed_036457,2,30,30,1,0,0.064019,nonzero
ed_036461,1,11,11,0,0,0.000000,nomatch
ed_036464,1,13,13,1,0,-0.655311,nonzero
ed_036467,1,8,8,0,0,0.000000,nomatch
ed_036470,1,13,13,0,0,0.000000,nomatch
ed_036473,1,6,6,0,0,0.000000,nomatch
ed_036476,1,10,10,0,0,0.000000,nomatch
ed_036479,3,38,38,0,0,0.000000,nomatch
ed_036486,1,4,4,0,0,0.000000,nomatch
ed_036492,2,13,13,1,0,-0.180579,nonzero
ed_036495,1,17,17,1,0,0.361158,nonzero
ed_036498,1,9,9,0,0,0.000000,nomatch
ed_036501,1,9,9,0,0,0.000000,nomatch
ed_036504,2,33,33,0,0,0.000000,nomatch
ed_036507,2,19,19,0,0,0.000000,nomatch
ed_036510,2,11,11,1,0,0.180579,nonzero
ed_036513,1,7,7,0,0,0.000000,nomatch
ed_036516,1,6,6,1,0,0.445087,nonzero
ed_036520,1,8,8,0,0,0.000000,nomatch
ed_036523,2,23,23,0,0,0.000000,nomatch
ed_036526,2,14,14,1,1,0.142323,nonzero
ed_036529,1,10,10,1,0,-0.458831,nonzero
ed_036534,6,65,65,1,0,0.060193,nonzero
ed_036538,2,11,11,0,0,0.000000,nomatch
ed_036541,2,20,20,0,0,0.000000,nomatch
ed_036544,1,10,10,0,0,0.000000,nomatch
ed_036547,2,10,10,0,0,0.000000,nomatch
ed_036550,1,4,4,0,0,0.000000,nomatch
ed_036554,3,33,33,0,0,0.000000,nomatch
ed_036557,1,4,4,1,0,-0.128037,nonzero
ed_036560,1,14,14,1,0,0.526742,nonzero
ed_036567,2,26,26,0,0,0.000000,nomatch
ed_036570,2,33,33,1,0,-0.180579,nonzero
ed_036573,1,15,15,0,0,0.000000,nomatch
ed_036576,1,11,11,0,0,0.000000,nomatch
ed_036580,2,14,14,1,0,0.180579,nonzero
ed_036583,1,11,11,1,0,-0.128037,nonzero
ed_036586,2,10,10,0,0,0.000000,nomatch
ed_036589,1,14,14,0,0,0.000000,nomatch
ed_036592,1,5,5,0,0,0.000000,nomatch
ed_036596,1,13,13,0,0,0.000000,nomatch
ed_036599,1,13,13,1,0,0.493915,nonzero
ed_036602,1,5,5,0,0,0.000000,nomatch
ed_036605,1,7,7,0,0,0.000000,nomatch
ed_036608,2,24,24,1,0,-0.263371,nonzero
ed_036611,1,13,13,0,0,0.000000,nomatch
ed_036614,1,13,13,0,0,0.000000,nomatch
ed_036617,1,17,17,0,0,0.000000,nomatch
ed_036620,1,10,10,1,0,-0.458831,nonzero
ed_036623,2,19,19,2,0,0.371519,nonzero
ed_036627,2,23,23,0,0,0.000000,nomatch
ed_036630,1,11,11,0,0,0.000000,nomatch
ed_036633,1,8,8,0,0,0.000000,nomatch
ed_036636,1,13,13,0,0,0.000000,nomatch
ed_036639,1,17,17,0,0,0.000000,nomatch
ed_036642,2,33,33,1,0,-0.180579,nonzero
ed_036645,3,33,33,1,0,0.164638,nonzero
ed_036648,1,19,19,0,0,0.000000,nomatch
ed_036651,1,12,12,0,0,0.000000,nomatch
ed_036654,1,21,21,0,0,0.000000,nomatch
ed_036657,1,11,11,0,0,0.000000,nomatch
ed_036660,2,20,20,0,0,0.000000,nomatch
ed_036663,1,5,5,0,0,0.000000,nomatch
ed_036669,1,10,10,0,0,0.000000,nomatch
ed_036673,1,11,11,0,0,0.000000,nomatch
ed_036676,2,22,22,0,0,0.000000,nomatch
ed_036679,1,16,16,0,0,0.000000,nomatch
ed_036682,2,16,16,0,0,0.000000,nomatch
ed_036685,1,15,15,0,0,0.000000,nomatch
ed_036688,1,15,15,0,0,0.000000,nomatch
ed_036691,1,21,21,0,0,0.000000,nomatch
ed_036694,2,11,11,0,0,0.000000,nomatch
ed_036697,1,10,10,0,0,0.000000,nomatch
ed_036700,2,14,14,0,0,0.000000,nomatch
ed_036703,1,14,14,1,0,0.526742,nonzero
ed_036706,2,20,20,0,0,0.000000,nomatch
ed_036709,1,13,13,1,0,0.526742,nonzero
ed_036712,1,15,15,0,0,0.000000,nomatch
ed_036715,1,16,16,1,0,0.361158,nonzero
ed_036718,2,18,18,0,0,0.000000,nomatch
ed_036721,1,14,14,0,0,0.000000,nomatch
ed_036724,3,32,32,0,0,0.000000,nomatch
ed_036727,1,16,16,0,0,0.000000,nomatch
ed_036730,1,13,13,1,0,0.526742,nonzero
ed_036734,2,23,23,0,0,0.000000,nomatch
ed_036737,2,18,18,0,0,0.000000,nomatch
ed_036740,1,15,15,0,0,0.000000,nomatch
ed_036743,1,6,6,0,0,0.000000,nomatch
ed_036746,1,11,11,0,0,0.000000,nomatch
ed_036750,1,8,8,0,0,0.000000,nomatch
ed_036753,1,6,6,0,0,0.000000,nomatch
ed_036756,1,12,12,0,0,0.000000,nomatch
ed_036759,2,12,12,0,0,0.000000,nomatch
ed_036762,1,11,11,1,0,0.361158,nonzero
ed_036765,2,26,26,0,0,0.000000,nomatch
ed_036768,1,10,10,1,0,-0.458831,nonzero
ed_036771,1,15,15,1,0,0.361158,nonzero
ed_036774,2,20,20,1,0,-0.289473,nonzero
ed_036777,1,6,6,0,0,0.000000,nomatch
ed_036780,1,13,13,0,0,0.000000,nomatch
ed_036783,1,8,8,0,0,0.000000,nomatch
ed_036786,2,22,22,1,0,0.229415,nonzero
ed_036789,1,12,12,0,0,0.000000,nomatch
ed_036792,1,4,4,0,0,0.000000,nomatch
ed_036796,3,18,18,1,0,-0.149901,nonzero
ed_036799,1,14,14,0,0,0.000000,nomatch
ed_036802,1,10,10,0,1,-0.128037,nonzero
ed_036805,2,24,24,0,0,0.000000,nomatch
ed_036808,1,10,10,1,0,0.458831,nonzero
ed_036811,1,14,14,0,0,0.000000,nomatch
ed_036814,3,28,28,0,0,0.000000,nomatch
ed_036817,2,8,8,0,0,0.000000,nomatch
ed_036821,1,16,16,0,0,0.000000,nomatch
ed_036824,1,12,12,2,0,-0.648557,nonzero
ed_036827,1,3,3,0,0,0.000000,nomatch
ed_036833,1,8,8,0,0,0.000000,nomatch
ed_036836,2,33,33,1,0,-0.263371,nonzero
ed_036839,2,17,17,1,0,0.180579,nonzero
ed_036842,2,19,19,0,0,0.000000,nomatch
ed_036845,1,13,13,0,0,0.000000,nomatch
ed_036848,2,25,25,0,0,0.000000,nomatch
ed_036851,1,17,17,0,0,0.000000,nomatch
ed_036854,2,23,23,0,0,0.000000,nomatch
ed_036858,2,18,18,0,0,0.000000,nomatch
ed_036861,1,6,6,0,0,0.000000,nomatch
ed_036865,1,16,16,0,0,0.000000,nomatch
ed_036868,1,6,6,1,0,-0.458831,nonzero
ed_036871,1,22,22,0,0,0.000000,nomatch
ed_036874,3,34,34,1,1,-0.129900,nonzero
ed_036877,1,13,13,0,0,0.000000,nomatch
ed_036880,2,29,29,0,0,0.000000,nomatch
ed_036883,3,41,41,0,0,0.000000,nomatch
ed_036886,1,14,14,1,0,0.361158,nonzero
ed_036889,2,14,14,0,0,0.000000,nomatch
ed_036892,1,12,12,0,0,0.000000,nomatch
ed_036895,2,13,13,0,0,0.000000,nomatch
ed_036900,1,6,6,0,0,0.000000,nomatch
ed_036904,1,8,8,0,0,0.000000,nomatch
ed_036907,1,7,7,0,0,0.000000,nomatch
ed_036910,1,12,12,0,0,0.000000,nomatch
ed_036913,2,28,28,1,0,-0.130831,nonzero
ed_036916,1,12,12,0,0,0.000000,nomatch
ed_036919,1,9,9,1,0,0.361158,nonzero
ed_036922,1,6,6,0,0,0.000000,nomatch
ed_036926,1,7,7,0,0,0.000000,nomatch
ed_036929,3,23,23,0,0,0.000000,nomatch
ed_036932,1,5,5,0,0,0.000000,nomatch
ed_036935,1,17,17,1,0,-0.421464,nonzero
ed_036938,1,27,27,0,0,0.000000,nomatch
ed_036941,2,14,14,0,0,0.000000,nomatch
ed_036944,1,13,13,0,0,0.000000,nomatch
ed_036947,2,16,16,0,0,0.000000,nomatch
ed_036950,1,14,14,0,0,0.000000,nomatch
ed_036953,1,4,4,0,0,0.000000,nomatch
ed_036957,2,26,26,0,0,0.000000,nomatch
ed_036960,1,14,14,0,0,0.000000,nomatch
ed_036963,1,15,15,1,0,-0.458831,nonzero
ed_036966,1,12,12,1,0,0.361158,nonzero
ed_036969,3,18,18,0,0,0.000000,nomatch
ed_036972,2,19,19,0,0,0.000000,nomatch
ed_036975,1,9,9,0,0,0.000000,nomatch
ed_036978,2,22,22,0,0,0.000000,nomatch
ed_036981,1,14,14,1,0,-0.458831,nonzero
ed_036984,1,11,11,1,0,0.458831,nonzero
ed_036987,1,6,6,0,0,0.000000,nomatch
ed_036991,1,19,19,1,0,-0.128037,nonzero
ed_036994,2,15,15,0,0,0.000000,nomatch
ed_036997,2,30,30,1,1,0.229415,nonzero
ed_037000,3,12,12,0,0,0.000000,nomatch
ed_037004,1,12,12,0,0,0.000000,nomatch
ed_037007,3,26,26,2,0,-0.177234,nonzero
ed_037010,1,11,11,0,0,0.000000,nomatch
ed_037013,2,23,23,0,0,0.000000,nomatch
ed_037016,1,7,7,0,0,0.000000,nomatch
ed_037020,2,23,23,0,0,0.000000,nomatch
ed_037023,2,13,13,0,0,0.000000,nomatch
ed_037026,2,17,17,1,0,-0.180579,nonzero
ed_037029,2,26,26,1,0,0.180579,nonzero
ed_037032,2,18,18,1,0,-0.169975,nonzero
ed_037035,2,26,26,0,0,0.000000,nomatch
ed_037038,1,10,10,1,0,-0.421464,nonzero
ed_037041,1,27,27,0,0,0.000000,nomatch
ed_037044,2,11,11,0,0,0.000000,nomatch
ed_037047,1,15,15,1,0,0.493915,nonzero
ed_037050,2,17,17,0,0,0.000000,nomatch
ed_037053,2,17,17,0,0,0.000000,nomatch
ed_037056,2,21,21,0,0,0.000000,nomatch
ed_037059,2,26,26,0,0,0.000000,nomatch
ed_037062,2,16,16,0,0,0.000000,nomatch
ed_037065,1,20,20,0,0,0.000000,nomatch
ed_037069,2,28,28,2,0,-0.128271,nonzero
ed_037074,1,5,5,0,0,0.000000,nomatch
ed_037078,1,9,9,0,0,0.000000,nomatch
ed_037085,1,16,16,1,1,0.458831,nonzero
ed_037088,1,18,18,1,1,0.485357,nonzero
ed_037091,2,26,26,2,0,-0.335732,nonzero
ed_037094,2,15,15,0,0,0.000000,nomatch
ed_037097,3,29,29,0,0,0.000000,nomatch
ed_037100,2,24,24,1,0,-0.082757,nonzero
ed_037103,1,13,13,0,0,0.000000,nomatch
ed_037106,2,26,26,0,0,0.000000,nomatch
ed_037109,2,7,7,0,0,0.000000,nomatch
ed_037112,1,16,16,0,0,0.000000,nomatch
ed_037115,2,23,23,0,0,0.000000,nomatch
ed_037118,1,4,4,0,0,0.000000,nomatch
ed_037122,1,8,8,0,0,0.000000,nomatch
ed_037125,2,22,22,1,0,0.271163,nonzero
ed_037128,2,11,11,1,0,0.180579,nonzero
ed_037131,2,18,18,1,0,-0.180579,nonzero
ed_037134,2,15,15,1,0,-0.180579,nonzero
ed_037137,2,27,27,1,0,-0.180579,nonzero
ed_037140,2,17,17,0,0,0.000000,nomatch
ed_037143,2,12,12,0,0,0.000000,nomatch
ed_037146,1,5,5,0,0,0.000000,nomatch
ed_037152,2,20,20,0,0,0.000000,nomatch
ed_037155,1,12,12,0,0,0.000000,nomatch
ed_037159,1,7,7,1,0,0.458831,nonzero
ed_037162,2,14,14,0,0,0.000000,nomatch
ed_037165,1,36,36,0,0,0.000000,nomatch
ed_037168,2,12,12,0,0,0.000000,nomatch
ed_037171,2,26,26,0,0,0.000000,nomatch
ed_037174,2,18,18,1,0,-0.224852,nonzero
ed_037177,1,4,4,0,0,0.000000,nomatch
ed_037180,2,16,16,0,0,0.000000,nomatch
ed_037183,2,18,18,1,0,-0.246957,nonzero
ed_037186,2,27,27,0,0,0.000000,nomatch
ed_037189,1,15,15,0,0,0.000000,nomatch
ed_037192,1,12,12,0,0,0.000000,nomatch
ed_037195,1,9,9,0,0,0.000000,nomatch
ed_037199,2,29,29,0,0,0.000000,nomatch
ed_037202,1,5,5,0,0,0.000000,nomatch
ed_037206,2,16,16,2,1,0.522357,nonzero
ed_037209,2,28,28,0,0,0.000000,nomatch
ed_037212,2,18,18,1,0,0.130831,nonzero
ed_037215,2,10,10,0,0,0.000000,nomatch
ed_037218,1,8,8,0,0,0.000000,nomatch
ed_037221,1,4,4,0,0,0.000000,nomatch
ed_037225,2,16,16,1,0,-0.064019,nonzero
ed_037228,2,21,21,1,0,-0.113174,nonzero
ed_037232,3,17,17,2,0,-0.293432,nonzero
ed_037235,1,8,8,0,0,0.000000,nomatch
ed_037239,1,7,7,0,0,0.000000,nomatch
ed_037242,1,15,15,0,0,0.000000,nomatch
ed_037246,2,28,28,0,0,0.000000,nomatch
ed_037249,1,5,5,0,0,0.000000,nomatch
ed_037252,2,27,27,1,0,-0.174249,nonzero
ed_037255,1,4,4,0,0,0.000000,nomatch
ed_037261,1,11,11,1,0,0.361158,nonzero
ed_037265,1,9,9,0,0,0.000000,nomatch
ed_037268,1,20,20,0,0,0.000000,nomatch
ed_037275,1,11,11,0,0,0.000000,nomatch
ed_037278,1,11,11,0,0,0.000000,nomatch
ed_037281,2,27,27,0,0,0.000000,nomatch
ed_037284,1,5,5,0,0,0.000000,nomatch
ed_037287,2,16,16,0,0,0.000000,nomatch
ed_037290,2,25,25,0,0,0.000000,nomatch
ed_037296,1,10,10,1,0,-0.449704,nonzero
ed_037299,2,23,23,0,0,0.000000,nomatch
ed_037302,2,37,37,0,0,0.000000,nomatch
ed_037305,1,11,11,0,0,0.000000,nomatch
ed_037308,1,11,11,0,0,0.000000,nomatch
ed_037314,3,28,28,0,0,0.000000,nomatch
ed_037317,2,23,23,1,0,-0.064019,nonzero
ed_037320,1,8,8,0,0,0.000000,nomatch
ed_037323,1,9,9,0,0,0.000000,nomatch
ed_037326,1,8,8,0,0,0.000000,nomatch
ed_037329,1,1,1,0,0,0.000000,nomatch
ed_037334,2,19,19,0,0,0.000000,nomatch
ed_037340,2,11,11,1,0,-0.210732,nonzero
ed_037343,2,20,20,0,0,0.000000,nomatch
ed_037346,2,21,21,1,0,0.210732,nonzero
ed_037349,1,7,7,0,0,0.000000,nomatch
ed_037352,1,7,7,0,0,0.000000,nomatch
ed_037355,2,11,11,0,0,0.000000,nomatch
ed_037358,2,21,21,0,0,0.000000,nomatch
ed_037361,1,10,10,0,0,0.000000,nomatch
ed_037364,1,13,13,1,0,-0.557370,nonzero
ed_037367,2,22,22,0,0,0.000000,nomatch
ed_037370,1,8,8,0,0,0.000000,nomatch
ed_037373,2,69,69,0,0,0.000000,nomatch
ed_037377,2,26,26,0,0,0.000000,nomatch
ed_037380,2,14,14,1,0,0.229415,nonzero
ed_037383,1,6,6,0,0,0.000000,nomatch
ed_037389,1,8,8,1,1,0.284646,nonzero
ed_037392,1,10,10,1,0,0.250000,nonzero
ed_037395,1,10,10,1,0,-0.458831,nonzero
ed_037398,2,21,21,0,0,0.000000,nomatch
ed_037401,1,9,9,0,0,0.000000,nomatch
ed_037408,1,11,11,0,0,0.000000,nomatch
ed_037411,2,18,18,0,0,0.000000,nomatch
ed_037414,1,7,7,0,0,0.000000,nomatch
ed_037417,1,6,6,1,0,0.458831,nonzero
ed_037420,1,10,10,1,0,0.526742,nonzero
ed_037423,2,26,26,1,0,0.101144,nonzero
ed_037426,1,12,12,0,0,0.000000,nomatch
ed_037433,1,11,11,0,0,0.000000,nomatch
ed_037436,1,7,7,0,0,0.000000,nomatch
ed_037439,1,9,9,0,0,0.000000,nomatch
ed_037442,1,8,8,0,0,0.000000,nomatch
ed_037445,1,14,14,0,0,0.000000,nomatch
ed_037448,1,9,9,1,0,0.542326,nonzero
ed_037454,1,8,8,0,0,0.000000,nomatch
ed_037458,2,19,19,1,0,-0.064019,nonzero
ed_037461,1,9,9,0,0,0.000000,nomatch
ed_037464,2,17,17,0,0,0.000000,nomatch
ed_037467,1,7,7,0,0,0.000000,nomatch
ed_037470,1,6,6,0,0,0.000000,nomatch
ed_037473,1,8,8,1,0,0.339950,nonzero
ed_037476,1,14,14,0,0,0.000000,nomatch
ed_037479,2,20,20,0,0,0.000000,nomatch
ed_037482,1,8,8,0,0,0.000000,nomatch
ed_037485,1,5,5,0,0,0.000000,nomatch
ed_037488,1,10,10,0,0,0.000000,nomatch
ed_037491,1,6,6,0,0,0.000000,nomatch
ed_037495,1,16,16,0,0,0.000000,nomatch
ed_037498,1,6,6,0,0,0.000000,nomatch
ed_037501,1,8,8,0,0,0.000000,nomatch
ed_037504,2,24,24,1,0,-0.229415,nonzero
ed_037507,1,10,10,0,0,0.000000,nomatch
ed_037513,1,10,10,0,0,0.000000,nomatch
ed_037516,1,11,11,0,0,0.000000,nomatch
ed_037519,1,6,6,0,0,0.000000,nomatch
ed_037523,1,9,9,0,0,0.000000,nomatch
ed_037526,2,22,22,1,0,-0.229415,nonzero
ed_037532,1,8,8,0,0,0.000000,nomatch
ed_037535,1,7,7,0,0,0.000000,nomatch
ed_037538,1,7,7,0,0,0.000000,nomatch
ed_037542,1,17,17,0,0,0.000000,nomatch
ed_037545,1,8,8,0,0,0.000000,nomatch
ed_037548,1,7,7,0,0,0.000000,nomatch
ed_037552,2,18,18,1,0,-0.210732,nonzero
ed_037555,3,24,24,1,0,0.140488,nonzero
ed_037558,2,21,21,1,0,-0.263371,nonzero
ed_037561,3,25,25,2,0,0.110265,nonzero
ed_037564,1,11,11,0,0,0.000000,nomatch
ed_037567,1,10,10,0,0,0.000000,nomatch
ed_037570,1,10,10,0,0,0.000000,nomatch
ed_037574,1,10,10,0,0,0.000000,nomatch
ed_037577,1,9,9,1,0,0.202289,nonzero
ed_037580,1,13,13,0,0,0.000000,nomatch
ed_037584,1,10,10,1,0,-0.458831,nonzero
ed_037587,2,25,25,0,0,0.000000,nomatch
ed_037591,2,26,26,2,0,0.119113,nonzero
ed_037594,2,21,21,0,0,0.000000,nomatch
ed_037597,1,12,12,0,0,0.000000,nomatch
ed_037601,1,4,4,0,0,0.000000,nomatch
ed_037608,1,9,9,0,0,0.000000,nomatch
ed_037615,2,27,27,1,0,0.101144,nonzero
ed_037618,1,14,14,0,0,0.000000,nomatch
ed_037622,1,7,7,0,0,0.000000,nomatch
ed_037625,2,5,5,0,0,0.000000,nomatch
ed_037632,1,10,10,1,0,-0.361158,nonzero
ed_037639,1,17,17,0,0,0.000000,nomatch
ed_037643,2,29,29,1,0,0.263371,nonzero
ed_037646,2,16,16,1,0,-0.180579,nonzero
ed_037649,2,37,37,0,0,0.000000,nomatch
ed_037652,1,17,17,0,0,0.000000,nomatch
ed_037658,2,21,21,0,0,0.000000,nomatch
ed_037661,2,26,26,0,0,0.000000,nomatch
ed_037664,2,19,19,1,0,0.125000,nonzero
ed_037667,2,21,21,0,0,0.000000,nomatch
ed_037670,1,15,15,0,0,0.000000,nomatch
ed_037673,2,21,21,1,0,-0.180579,nonzero
ed_037676,1,12,12,0,0,0.000000,nomatch
ed_037680,2,22,22,0,0,0.000000,nomatch
ed_037687,2,27,27,1,0,0.180579,nonzero
ed_037690,2,26,26,1,0,-0.180579,nonzero
ed_037693,1,11,11,0,0,0.000000,nomatch
ed_037700,1,9,9,0,0,0.000000,nomatch
ed_037704,1,11,11,0,0,0.000000,nomatch
ed_037708,2,28,28,0,0,0.000000,nomatch
ed_037711,1,13,13,0,0,0.000000,nomatch
ed_037718,1,9,9,0,0,0.000000,nomatch
ed_037725,3,25,25,1,0,0.175581,nonzero
ed_037728,1,8,8,0,0,0.000000,nomatch
ed_037731,2,13,13,1,0,-0.229415,nonzero
ed_037735,2,15,15,1,0,-0.243540,nonzero
ed_037738,2,26,26,1,0,0.229415,nonzero
ed_037741,2,13,13,1,0,-0.210732,nonzero
ed_037744,1,32,32,1,0,0.542326,nonzero
ed_037747,1,15,15,1,0,0.493915,nonzero
ed_037751,1,7,7,0,0,0.000000,nomatch
ed_037755,1,25,25,0,0,0.000000,nomatch
ed_037758,2,13,13,0,0,0.000000,nomatch
ed_037763,1,10,10,0,0,0.000000,nomatch
ed_037770,2,23,23,0,0,0.000000,nomatch
ed_037773,1,16,16,0,0,0.000000,nomatch
ed_037777,2,16,16,0,0,0.000000,nomatch
ed_037780,1,8,8,1,0,0.493915,nonzero
ed_037783,1,7,7,1,0,-0.361158,nonzero
ed_037789,1,14,14,0,0,0.000000,nomatch
ed_037794,2,25,25,1,0,-0.224852,nonzero
ed_037797,2,12,12,1,0,-0.147979,nonzero
ed_037800,2,34,34,0,0,0.000000,nomatch
ed_037803,1,8,8,0,0,0.000000,nomatch
ed_037807,1,13,13,0,0,0.000000,nomatch
ed_037810,2,34,34,1,0,-0.229415,nonzero
ed_037813,2,12,12,1,0,-0.263371,nonzero
ed_037816,2,28,28,1,0,0.210732,nonzero
ed_037819,2,12,12,1,0,0.180579,nonzero
ed_037823,4,33,33,1,0,0.077342,nonzero
ed_037830,2,11,11,0,0,0.000000,nomatch
ed_037833,2,32,32,0,0,0.000000,nomatch
ed_037836,1,11,11,0,0,0.000000,nomatch
ed_037840,1,17,17,0,0,0.000000,nomatch
ed_037843,2,13,13,0,0,0.000000,nomatch
ed_037846,1,7,7,0,0,0.000000,nomatch
ed_037850,2,27,27,1,0,-0.180579,nonzero
ed_037853,2,17,17,1,0,-0.180579,nonzero
ed_037856,2,12,12,1,0,-0.210732,nonzero
ed_037859,1,7,7,0,0,0.000000,nomatch
ed_037862,1,9,9,1,0,0.493915,nonzero
ed_037866,1,15,15,0,0,0.000000,nomatch
ed_037873,3,40,40,4,0,-0.499173,nonzero
ed_037876,2,14,14,1,0,0.246957,nonzero
ed_037879,1,7,7,0,0,0.000000,nomatch
ed_037882,2,13,13,1,0,-0.210732,nonzero
ed_037885,1,8,8,0,0,0.000000,nomatch
ed_037888,1,11,11,0,0,0.000000,nomatch
ed_037892,2,29,29,0,0,0.000000,nomatch
ed_037895,1,10,10,0,0,0.000000,nomatch
ed_037898,1,8,8,0,0,0.000000,nomatch
ed_037901,2,11,11,1,0,-0.243540,nonzero
ed_037904,2,14,14,1,1,0.229415,nonzero
ed_037907,1,7,7,0,0,0.000000,nomatch
ed_037911,1,21,21,1,0,0.493915,nonzero
ed_037915,1,11,11,1,0,0.361158,nonzero
ed_037918,2,28,28,0,0,0.000000,nomatch
ed_037921,1,17,17,0,0,0.000000,nomatch
ed_037925,2,13,13,1,0,-0.210732,nonzero
ed_037928,1,14,14,0,0,0.000000,nomatch
ed_037932,2,18,18,1,0,0.246957,nonzero
ed_037935,1,11,11,1,0,-0.361158,nonzero
ed_037939,2,11,11,1,0,-0.374116,nonzero
ed_037945,1,6,6,0,0,0.000000,nomatch
ed_037948,1,19,19,0,0,0.000000,nomatch
ed_037951,2,22,22,1,0,-0.327655,nonzero
ed_037954,1,8,8,0,0,0.000000,nomatch
ed_037960,1,7,7,0,0,0.000000,nomatch
ed_037964,1,11,11,0,0,0.000000,nomatch
ed_037967,1,8,8,0,0,0.000000,nomatch
ed_037970,1,14,14,0,0,0.000000,nomatch
ed_037973,1,8,8,0,0,0.000000,nomatch
ed_037979,1,10,10,0,0,0.000000,nomatch
ed_037982,2,15,15,0,0,0.000000,nomatch
ed_037985,2,13,13,1,0,-0.263371,nonzero
ed_037988,2,29,29,0,0,0.000000,nomatch
ed_037991,1,8,8,0,0,0.000000,nomatch
ed_037994,1,6,6,1,0,-0.612372,nonzero
ed_037997,1,17,17,0,0,0.000000,nomatch
ed_038001,3,33,33,0,0,0.000000,nomatch
ed_038007,2,13,13,0,0,0.000000,nomatch
ed_038010,1,10,10,1,0,-0.458831,nonzero
ed_038014,1,17,17,0,0,0.000000,nomatch
ed_038017,2,12,12,0,0,0.000000,nomatch
ed_038020,1,11,11,1,0,-0.585882,nonzero
ed_038027,1,22,22,0,0,0.000000,nomatch
ed_038031,1,9,9,0,0,0.000000,nomatch
ed_038034,1,11,11,1,0,0.361158,nonzero
ed_038037,1,15,15,1,0,-0.411765,nonzero
ed_038040,2,35,35,0,0,0.000000,nomatch
ed_038043,2,12,12,0,0,0.000000,nomatch
ed_038046,2,12,12,0,0,0.000000,nomatch
ed_038049,1,7,7,0,0,0.000000,nomatch
ed_038052,3,32,32,1,0,0.164638,nonzero
ed_038058,2,12,12,1,0,-0.210732,nonzero
ed_038064,2,30,30,1,0,-0.180579,nonzero
ed_038067,1,16,16,0,0,0.000000,nomatch
ed_038073,1,8,8,0,0,0.000000,nomatch
ed_038076,1,11,11,0,0,0.000000,nomatch
ed_038080,1,10,10,0,0,0.000000,nomatch
ed_038083,1,6,6,1,0,0.250000,nonzero
ed_038086,1,19,19,0,0,0.000000,nomatch
ed_038089,2,14,14,0,1,-0.064019,nonzero
ed_038093,2,24,24,0,0,0.000000,nomatch
ed_038099,1,8,8,0,0,0.000000,nomatch
ed_038102,2,13,13,0,0,0.000000,nomatch
ed_038105,1,8,8,0,0,0.000000,nomatch
ed_038111,1,6,6,0,0,0.000000,nomatch
ed_038114,2,28,28,0,0,0.000000,nomatch
ed_038117,1,9,9,0,0,0.000000,nomatch
ed_038120,1,13,13,0,0,0.000000,nomatch
ed_038123,1,11,11,0,0,0.000000,nomatch
ed_038126,2,13,13,0,0,0.000000,nomatch
ed_038129,1,9,9,0,0,0.000000,nomatch
ed_038132,2,33,33,1,0,0.154685,nonzero
ed_038138,1,10,10,0,0,0.000000,nomatch
ed_038141,2,22,22,1,0,-0.180579,nonzero
ed_038144,1,8,8,0,0,0.000000,nomatch
ed_038150,2,29,29,0,0,0.000000,nomatch
ed_038156,1,11,11,0,0,0.000000,nomatch
ed_038159,2,15,15,1,0,-0.263371,nonzero
ed_038162,1,8,8,0,0,0.000000,nomatch
ed_038165,3,16,16,1,0,0.175581,nonzero
ed_038168,3,30,30,1,0,0.120386,nonzero
ed_038172,1,9,9,0,0,0.000000,nomatch
ed_038175,1,6,6,1,0,-0.684850,nonzero
ed_038178,1,24,24,0,0,0.000000,nomatch
ed_038181,2,16,16,1,0,-0.327655,nonzero
ed_038184,1,9,9,0,0,0.000000,nomatch
ed_038187,1,8,8,0,0,0.000000,nomatch
ed_038190,1,11,11,0,0,0.000000,nomatch
ed_038193,1,11,11,0,0,0.000000,nomatch
ed_038196,2,16,16,1,0,-0.210732,nonzero
ed_038199,2,15,15,1,0,0.263371,nonzero
ed_038202,1,11,11,2,0,0.025811,nonzero
ed_038208,1,11,11,0,0,0.000000,nomatch
ed_038211,1,6,6,0,0,0.000000,nomatch
ed_038215,1,7,7,0,0,0.000000,nomatch
ed_038218,1,25,25,1,0,0.361158,nonzero
ed_038221,1,8,8,0,0,0.000000,nomatch
ed_038224,1,14,14,1,0,0.585882,nonzero
ed_038227,2,22,22,1,0,-0.229415,nonzero
ed_038230,1,16,16,0,0,0.000000,nomatch
ed_038234,1,6,6,1,0,-0.612372,nonzero
ed_038237,2,16,16,1,1,0.229415,nonzero
ed_038243,2,16,16,0,0,0.000000,nomatch
ed_038246,1,12,12,0,0,0.000000,nomatch
ed_038249,1,8,8,0,0,0.000000,nomatch
ed_038252,1,9,9,1,0,-0.421464,nonzero
ed_038255,1,16,16,0,0,0.000000,nomatch
ed_038258,1,18,18,0,0,0.000000,nomatch
ed_038264,2,12,12,1,0,-0.327655,nonzero
ed_038267,1,9,9,0,0,0.000000,nomatch
ed_038270,2,17,17,0,0,0.000000,nomatch
ed_038273,1,7,7,0,0,0.000000,nomatch
ed_038276,2,21,21,0,0,0.000000,nomatch
ed_038279,1,10,10,0,0,0.000000,nomatch
ed_038282,1,6,6,0,0,0.000000,nomatch
ed_038288,2,11,11,2,0,-0.424119,nonzero
ed_038291,1,11,11,0,0,0.000000,nomatch
ed_038294,2,29,29,0,0,0.000000,nomatch
ed_038297,1,7,7,1,0,0.458831,nonzero
ed_038301,1,15,15,0,0,0.000000,nomatch
ed_038304,1,12,12,0,0,0.000000,nomatch
ed_038307,2,13,13,1,0,-0.210732,nonzero
ed_038310,1,9,9,0,0,0.000000,nomatch
ed_038313,2,13,13,1,0,-0.210732,nonzero
ed_038316,2,28,28,0,0,0.000000,nomatch
ed_038319,2,28,28,0,0,0.000000,nomatch
ed_038322,2,9,9,0,0,0.000000,nomatch
ed_038325,1,9,9,1,0,-0.361158,nonzero
ed_038330,1,17,17,0,0,0.000000,nomatch
ed_038333,1,9,9,2,0,0.000000,cancel
ed_038337,2,13,13,0,0,0.000000,nomatch
ed_038340,2,17,17,2,1,0.184414,nonzero
ed_038343,1,9,9,0,0,0.000000,nomatch
ed_038346,1,17,17,0,0,0.000000,nomatch
ed_038349,1,14,14,0,0,0.000000,nomatch
ed_038352,1,10,10,1,0,0.250000,nonzero
ed_038355,1,8,8,0,0,0.000000,nomatch
ed_038358,1,13,13,0,0,0.000000,nomatch
ed_038361,1,13,13,0,0,0.000000,nomatch
ed_038364,1,6,6,0,0,0.000000,nomatch
ed_038367,2,12,12,1,0,-0.374116,nonzero
ed_038370,1,10,10,0,0,0.000000,nomatch
ed_038373,1,13,13,1,0,0.493915,nonzero
ed_038376,1,8,8,0,0,0.000000,nomatch
ed_038379,2,14,14,0,0,0.000000,nomatch
ed_038382,1,8,8,0,0,0.000000,nomatch
ed_038385,1,7,7,1,0,0.487080,nonzero
ed_038388,1,8,8,0,0,0.000000,nomatch
ed_038391,2,18,18,0,0,0.000000,nomatch
ed_038394,1,8,8,0,0,0.000000,nomatch
ed_038397,3,44,44,0,0,0.000000,nomatch
ed_038400,1,10,10,0,0,0.000000,nomatch
ed_038403,1,16,16,1,0,-0.128037,nonzero
ed_038406,1,12,12,0,0,0.000000,nomatch
ed_038409,2,15,15,0,0,0.000000,nomatch
ed_038412,1,9,9,0,0,0.000000,nomatch
ed_038415,2,12,12,0,0,0.000000,nomatch
ed_038418,1,7,7,0,0,0.000000,nomatch
ed_038421,2,12,12,1,0,-0.281620,nonzero
ed_038424,1,5,5,0,0,0.000000,nomatch
ed_038427,3,46,46,1,0,-0.218437,nonzero
ed_038433,2,15,15,0,0,0.000000,nomatch
ed_038436,1,11,11,1,0,0.493915,nonzero
ed_038439,1,12,12,0,0,0.000000,nomatch
ed_038442,1,7,7,0,0,0.000000,nomatch
ed_038445,1,7,7,1,0,-0.421464,nonzero
ed_038449,1,11,11,0,0,0.000000,nomatch
ed_038452,1,6,6,0,0,0.000000,nomatch
ed_038455,2,9,9,0,0,0.000000,nomatch
ed_038458,1,7,7,1,0,-0.421464,nonzero
ed_038461,1,12,12,0,0,0.000000,nomatch
ed_038464,1,8,8,0,0,0.000000,nomatch
ed_038467,1,8,8,0,0,0.000000,nomatch
ed_038470,1,7,7,0,0,0.000000,nomatch
ed_038473,1,10,10,0,0,0.000000,nomatch
ed_038476,2,14,14,0,0,0.000000,nomatch
ed_038479,1,7,7,1,0,0.202289,nonzero
ed_038482,1,26,26,0,0,0.000000,nomatch
ed_038485,1,6,6,0,0,0.000000,nomatch
ed_038488,2,9,9,0,0,0.000000,nomatch
ed_038491,2,25,25,0,0,0.000000,nomatch
ed_038494,2,21,21,0,0,0.000000,nomatch
ed_038497,2,28,28,1,0,0.229415,nonzero
ed_038500,2,25,25,0,0,0.000000,nomatch
ed_038503,2,20,20,0,0,0.000000,nomatch
ed_038506,2,19,19,0,0,0.000000,nomatch
ed_038509,1,5,5,0,0,0.000000,nomatch
ed_038512,2,17,17,0,0,0.000000,nomatch
ed_038515,1,5,5,0,0,0.000000,nomatch
ed_038518,1,10,10,0,0,0.000000,nomatch
ed_038521,2,15,15,0,0,0.000000,nomatch
ed_038524,2,19,19,1,0,0.180579,nonzero
ed_038527,1,5,5,0,0,0.000000,nomatch
ed_038530,2,21,21,0,0,0.000000,nomatch
ed_038533,1,9,9,0,0,0.000000,nomatch
ed_038536,3,24,24,0,0,0.000000,nomatch
ed_038539,1,17,17,0,0,0.000000,nomatch
ed_038542,1,22,22,0,0,0.000000,nomatch
ed_038545,1,5,5,0,0,0.000000,nomatch
ed_038548,1,12,12,0,0,0.000000,nomatch
ed_038551,1,16,16,0,0,0.000000,nomatch
ed_038554,2,14,14,0,0,0.000000,nomatch
ed_038557,1,32,32,0,0,0.000000,nomatch
ed_038560,2,12,12,0,0,0.000000,nomatch
ed_038563,1,21,21,0,0,0.000000,nomatch
ed_038566,1,6,6,0,0,0.000000,nomatch
ed_038569,1,7,7,1,0,-0.458831,nonzero
ed_038572,1,10,10,0,0,0.000000,nomatch
ed_038575,2,15,15,0,0,0.000000,nomatch
ed_038578,1,7,7,0,0,0.000000,nomatch
ed_038581,2,18,18,1,0,-0.071552,nonzero
ed_038584,2,10,10,2,0,0.469501,nonzero
ed_038587,2,34,34,0,0,0.000000,nomatch
ed_038590,1,8,8,1,0,-0.361158,nonzero
ed_038593,2,20,20,0,0,0.000000,nomatch
ed_038596,1,13,13,0,0,0.000000,nomatch
ed_038599,1,15,15,0,0,0.000000,nomatch
ed_038602,2,12,12,0,0,0.000000,nomatch
ed_038605,3,48,48,1,0,0.152944,nonzero
ed_038608,1,8,8,1,0,0.493915,nonzero
ed_038612,1,14,14,0,0,0.000000,nomatch
ed_038615,2,31,31,0,0,0.000000,nomatch
ed_038618,1,10,10,0,0,0.000000,nomatch
ed_038621,2,14,14,1,0,0.101144,nonzero
ed_038624,1,28,28,2,0,0.612372,nonzero
ed_038627,3,22,22,1,0,-0.120386,nonzero
ed_038630,1,8,8,0,0,0.000000,nomatch
ed_038633,1,10,10,0,0,0.000000,nomatch
ed_038637,1,12,12,0,0,0.000000,nomatch
ed_038640,1,16,16,1,0,0.542326,nonzero
ed_038643,1,5,5,0,0,0.000000,nomatch
ed_038646,1,15,15,0,0,0.000000,nomatch
ed_038649,1,9,9,0,0,0.000000,nomatch
ed_038653,2,15,15,1,0,0.289473,nonzero
ed_038659,1,31,31,3,0,0.670478,nonzero
ed_038662,1,22,22,0,0,0.000000,nomatch
ed_038665,2,17,17,0,0,0.000000,nomatch
ed_038668,1,8,8,0,0,0.000000,nomatch
ed_038671,1,16,16,0,0,0.000000,nomatch
ed_038675,1,10,10,1,0,0.458831,nonzero
ed_038678,2,20,20,0,0,0.000000,nomatch
ed_038684,2,12,12,1,0,0.180579,nonzero
ed_038688,1,8,8,0,0,0.000000,nomatch
ed_038692,2,14,14,0,0,0.000000,nomatch
ed_038697,1,10,10,1,0,-0.361158,nonzero
ed_038700,1,8,8,0,0,0.000000,nomatch
ed_038703,1,15,15,0,0,0.000000,nomatch
ed_038707,1,26,26,0,0,0.000000,nomatch
ed_038710,1,16,16,0,0,0.000000,nomatch
ed_038713,1,11,11,0,0,0.000000,nomatch
ed_038716,1,8,8,2,0,-0.670478,nonzero
ed_038719,2,20,20,1,0,-0.289473,nonzero
ed_038722,1,14,14,0,0,0.000000,nomatch
ed_038725,1,8,8,0,0,0.000000,nomatch
ed_038731,1,13,13,0,0,0.000000,nomatch
ed_038734,1,10,10,0,0,0.000000,nomatch
ed_038738,1,17,17,0,0,0.000000,nomatch
ed_038741,2,16,16,0,0,0.000000,nomatch
ed_038745,1,9,9,0,0,0.000000,nomatch
ed_038748,4,41,41,0,0,0.000000,nomatch
ed_038752,1,17,17,0,0,0.000000,nomatch
ed_038756,1,16,16,2,0,0.128037,nonzero
ed_038759,3,51,51,2,0,-0.044542,nonzero
ed_038765,2,22,22,0,1,-0.064019,nonzero
ed_038770,3,32,32,0,0,0.000000,nomatch
ed_038774,2,30,30,2,0,0.159106,nonzero
ed_038777,2,8,8,1,0,-0.210732,nonzero
ed_038781,3,29,29,0,0,0.000000,nomatch
ed_038785,2,12,12,1,0,0.281620,nonzero
ed_038790,4,28,28,0,0,0.000000,nomatch
ed_038794,2,43,43,2,1,0.295192,nonzero
ed_038797,2,45,45,1,0,-0.180579,nonzero
ed_038801,1,22,22,0,0,0.000000,nomatch
ed_038811,2,15,15,0,0,0.000000,nomatch
ed_038814,2,16,16,1,0,0.281620,nonzero
ed_038818,2,16,16,0,0,0.000000,nomatch
ed_038821,2,30,30,0,1,-0.064019,nonzero
ed_038824,2,16,16,0,0,0.000000,nomatch
ed_038827,1,10,10,1,0,-0.128037,nonzero
ed_038830,1,8,8,0,0,0.000000,nomatch
ed_038833,2,10,10,0,0,0.000000,nomatch
ed_038836,2,14,14,0,0,0.000000,nomatch
ed_038839,1,11,11,1,0,0.458831,nonzero
ed_038842,2,33,33,3,0,0.104415,nonzero
ed_038845,2,15,15,1,0,-0.229415,nonzero
ed_038848,2,24,24,0,0,0.000000,nomatch
ed_038852,1,12,12,0,0,0.000000,nomatch
ed_038855,2,16,16,0,0,0.000000,nomatch
ed_038858,1,7,7,0,0,0.000000,nomatch
ed_038864,1,18,18,0,0,0.000000,nomatch
ed_038867,1,13,13,0,0,0.000000,nomatch
ed_038871,2,13,13,0,0,0.000000,nomatch
ed_038874,1,6,6,0,0,0.000000,nomatch
ed_038878,1,10,10,1,0,-0.361158,nonzero
ed_038881,1,17,17,0,0,0.000000,nomatch
ed_038885,2,14,14,1,0,-0.113174,nonzero
ed_038888,2,27,27,1,1,-0.278685,nonzero
ed_038892,1,9,9,0,0,0.000000,nomatch
ed_038895,3,39,39,1,0,-0.113317,nonzero
ed_038902,2,21,21,2,0,0.190910,nonzero
ed_038905,2,10,10,1,0,-0.064019,nonzero
ed_038908,3,17,17,0,0,0.000000,nomatch
ed_038911,2,18,18,0,0,0.000000,nomatch
ed_038914,1,8,8,0,0,0.000000,nomatch
ed_038917,1,14,14,0,0,0.000000,nomatch
ed_038920,2,10,10,1,1,0.229415,nonzero
ed_038923,2,15,15,0,0,0.000000,nomatch
ed_038926,2,10,10,1,0,-0.229415,nonzero
ed_038929,1,20,20,0,0,0.000000,nomatch
ed_038932,2,13,13,1,0,-0.180579,nonzero
ed_038935,2,28,28,0,0,0.000000,nomatch
ed_038942,3,52,52,1,0,-0.152944,nonzero
ed_038946,1,7,7,0,0,0.000000,nomatch
ed_038949,1,20,20,0,0,0.000000,nomatch
ed_038953,1,5,5,0,0,0.000000,nomatch
ed_038956,3,42,42,1,1,0.152944,nonzero
ed_038959,2,16,16,0,0,0.000000,nomatch
ed_038962,1,11,11,1,0,0.458831,nonzero
ed_038965,1,7,7,0,0,0.000000,nomatch
ed_038968,1,11,11,0,0,0.000000,nomatch
ed_038971,2,12,12,0,0,0.000000,nomatch
ed_038974,1,7,7,0,0,0.000000,nomatch
ed_038977,2,11,11,1,0,-0.229415,nonzero
ed_038980,2,21,21,0,0,0.000000,nomatch
ed_038983,2,13,13,0,0,0.000000,nomatch
ed_038987,1,10,10,0,0,0.000000,nomatch
ed_038990,1,12,12,2,0,0.648557,nonzero
ed_038994,2,24,24,1,0,0.271163,nonzero
ed_038997,1,26,26,1,0,0.250000,nonzero
ed_039000,4,69,69,2,0,0.020874,nonzero
ed_039003,2,14,14,0,0,0.000000,nomatch
ed_039006,1,8,8,2,0,-0.670478,nonzero
ed_039009,1,7,7,0,0,0.000000,nomatch
ed_039012,1,13,13,0,0,0.000000,nomatch
ed_039016,2,14,14,0,0,0.000000,nomatch
ed_039019,1,17,17,0,0,0.000000,nomatch
ed_039022,1,15,15,1,0,-0.128037,nonzero
ed_039028,2,12,12,0,0,0.000000,nomatch
ed_039031,1,9,9,1,0,-0.361158,nonzero
ed_039035,2,14,14,0,0,0.000000,nomatch
ed_039038,1,10,10,0,0,0.000000,nomatch
ed_039041,3,30,30,2,0,0.301161,nonzero
ed_039044,2,11,11,1,0,0.263371,nonzero
ed_039047,2,11,11,0,0,0.000000,nomatch
ed_039050,2,25,25,0,0,0.000000,nomatch
ed_039053,1,19,19,1,1,0.485357,nonzero
ed_039057,1,13,13,0,0,0.000000,nomatch
ed_039060,1,17,17,0,0,0.000000,nomatch
ed_039063,2,23,23,0,0,0.000000,nomatch
ed_039066,1,8,8,0,0,0.000000,nomatch
ed_039069,1,17,17,0,0,0.000000,nomatch
ed_039072,2,26,26,0,0,0.000000,nomatch
ed_039075,1,20,20,0,0,0.000000,nomatch
ed_039078,1,11,11,1,0,-0.361158,nonzero
ed_039081,1,12,12,0,0,0.000000,nomatch
ed_039084,1,8,8,0,0,0.000000,nomatch
ed_039087,1,10,10,0,0,0.000000,nomatch
ed_039090,2,15,15,1,0,-0.064019,nonzero
ed_039094,1,11,11,0,0,0.000000,nomatch
ed_039097,1,10,10,0,0,0.000000,nomatch
ed_039101,1,11,11,1,0,0.526742,nonzero
ed_039104,2,11,11,0,1,-0.064019,nonzero
ed_039107,2,21,21,0,0,0.000000,nomatch
ed_039111,1,7,7,0,0,0.000000,nomatch
ed_039114,2,10,10,1,0,0.180579,nonzero
ed_039117,2,14,14,0,0,0.000000,nomatch
ed_039120,2,22,22,0,0,0.000000,nomatch
ed_039123,1,11,11,0,0,0.000000,nomatch
ed_039126,1,12,12,0,0,0.000000,nomatch
ed_039130,1,10,10,1,0,-0.128037,nonzero
ed_039133,1,10,10,1,0,-0.361158,nonzero
ed_039136,2,20,20,0,0,0.000000,nomatch
ed_039139,2,13,13,0,0,0.000000,nomatch
ed_039142,2,11,11,1,0,-0.180579,nonzero
ed_039145,1,16,16,1,0,-0.339950,nonzero
ed_039148,2,14,14,1,0,-0.180579,nonzero
ed_039151,1,12,12,1,0,0.458831,nonzero
ed_039154,2,13,13,1,0,-0.180579,nonzero
ed_039157,2,12,12,1,0,-0.229415,nonzero
ed_039160,1,12,12,1,0,0.458831,nonzero
ed_039163,2,18,18,0,0,0.000000,nomatch
ed_039166,1,13,13,0,0,0.000000,nomatch
ed_039169,2,28,28,1,0,0.246957,nonzero
ed_039173,2,11,11,1,0,0.229415,nonzero
ed_039176,4,25,25,0,0,0.000000,nomatch
ed_039180,1,7,7,0,0,0.000000,nomatch
ed_039184,2,31,31,2,0,0.293434,nonzero
ed_039187,1,17,17,0,0,0.000000,nomatch
ed_039190,1,20,20,1,0,0.642809,nonzero
ed_039194,2,16,16,1,0,-0.180579,nonzero
ed_039197,1,37,37,0,0,0.000000,nomatch
ed_039200,1,19,19,0,0,0.000000,nomatch
ed_039206,1,8,8,0,0,0.000000,nomatch
ed_039209,2,22,22,1,0,-0.169975,nonzero
ed_039212,2,14,14,1,1,0.229415,nonzero
ed_039215,1,12,12,0,0,0.000000,nomatch
ed_039218,2,32,32,0,0,0.000000,nomatch
ed_039221,1,6,6,0,0,0.000000,nomatch
ed_039228,1,5,5,0,0,0.000000,nomatch
ed_039231,1,19,19,0,0,0.000000,nomatch
ed_039234,1,9,9,1,0,0.421464,nonzero
ed_039237,2,13,13,0,0,0.000000,nomatch
ed_039240,1,10,10,0,0,0.000000,nomatch
ed_039243,1,7,7,0,0,0.000000,nomatch
ed_039246,1,16,16,0,0,0.000000,nomatch
ed_039249,1,12,12,0,0,0.000000,nomatch
ed_039253,1,8,8,1,0,-0.128037,nonzero
ed_039256,1,20,20,0,0,0.000000,nomatch
ed_039260,2,12,12,2,0,0.000000,cancel
ed_039263,2,17,17,1,0,0.101144,nonzero
ed_039266,1,15,15,0,0,0.000000,nomatch
ed_039269,2,11,11,0,0,0.000000,nomatch
ed_039272,1,10,10,0,0,0.000000,nomatch
ed_039275,2,23,23,0,0,0.000000,nomatch
ed_039281,2,16,16,1,0,0.180579,nonzero
ed_039285,1,9,9,0,0,0.000000,nomatch
ed_039288,1,14,14,0,0,0.000000,nomatch
ed_039291,3,24,24,0,0,0.000000,nomatch
ed_039294,2,24,24,0,0,0.000000,nomatch
ed_039297,2,12,12,2,0,-0.116560,nonzero
ed_039300,2,30,30,0,0,0.000000,nomatch
ed_039304,1,12,12,0,0,0.000000,nomatch
ed_039307,2,43,43,0,0,0.000000,nomatch
ed_039311,2,17,17,0,0,0.000000,nomatch
ed_039314,1,12,12,0,0,0.000000,nomatch
ed_039321,1,13,13,1,0,-0.655311,nonzero
ed_039327,2,12,12,1,0,-0.311213,nonzero
ed_039330,2,29,29,1,0,0.064019,nonzero
ed_039333,1,12,12,0,0,0.000000,nomatch
ed_039336,1,24,24,1,0,0.202289,nonzero
ed_039339,2,20,20,0,0,0.000000,nomatch
ed_039342,2,19,19,0,0,0.000000,nomatch
ed_039346,2,20,20,0,0,0.000000,nomatch
ed_039349,1,19,19,0,0,0.000000,nomatch
ed_039352,2,10,10,0,0,0.000000,nomatch
ed_039355,2,38,38,0,0,0.000000,nomatch
ed_039359,3,19,19,2,0,0.240772,nonzero
ed_039362,2,15,15,0,0,0.000000,nomatch
ed_039366,2,32,32,0,0,0.000000,nomatch
ed_039369,2,17,17,1,0,-0.246957,nonzero
ed_039372,2,11,11,1,0,-0.082757,nonzero
ed_039376,1,20,20,0,0,0.000000,nomatch
ed_039379,2,24,24,2,0,-0.382485,nonzero
ed_039382,2,14,14,1,0,0.180579,nonzero
ed_039385,2,33,33,1,0,-0.342425,nonzero
ed_039388,2,20,20,0,0,0.000000,nomatch
ed_039391,1,13,13,0,0,0.000000,nomatch
ed_039395,2,14,14,1,0,-0.180579,nonzero
ed_039398,2,22,22,0,0,0.000000,nomatch
ed_039401,2,19,19,0,0,0.000000,nomatch
ed_039404,2,24,24,0,0,0.000000,nomatch
ed_039407,1,13,13,1,0,0.642809,nonzero
ed_039411,2,11,11,1,0,-0.180579,nonzero
ed_039414,3,30,30,1,0,0.187746,nonzero
ed_039417,1,11,11,0,0,0.000000,nomatch
ed_039421,1,8,8,1,0,0.526742,nonzero
ed_039426,2,17,17,0,0,0.000000,nomatch
ed_039429,2,12,12,0,0,0.000000,nomatch
ed_039432,2,36,36,0,0,0.000000,nomatch
ed_039435,1,18,18,0,0,0.000000,nomatch
ed_039439,2,22,22,2,0,-0.079434,nonzero
ed_039442,2,14,14,0,0,0.000000,nomatch
ed_039445,2,15,15,2,0,0.318475,nonzero
ed_039448,2,16,16,1,0,-0.113174,nonzero
ed_039451,2,15,15,0,0,0.000000,nomatch
ed_039454,2,26,26,0,0,0.000000,nomatch
ed_039457,2,16,16,1,0,0.229415,nonzero
ed_039461,2,14,14,1,1,0.229415,nonzero
ed_039464,2,17,17,0,0,0.000000,nomatch
ed_039467,2,17,17,0,0,0.000000,nomatch
ed_039470,1,34,34,1,0,0.250000,nonzero
ed_039474,3,23,23,1,0,0.120386,nonzero
ed_039477,2,15,15,1,1,0.229415,nonzero
ed_039480,2,22,22,0,0,0.000000,nomatch
ed_039484,2,16,16,0,0,0.000000,nomatch
ed_039487,1,11,11,0,0,0.000000,nomatch
ed_039491,2,18,18,0,0,0.000000,nomatch
ed_039494,1,18,18,1,1,0.485357,nonzero
ed_039497,1,10,10,0,0,0.000000,nomatch
ed_039504,2,14,14,0,0,0.000000,nomatch
ed_039511,2,19,19,0,0,0.000000,nomatch
ed_039514,2,31,31,0,0,0.000000,nomatch
ed_039517,2,15,15,0,0,0.000000,nomatch
ed_039521,2,16,16,0,0,0.000000,nomatch
ed_039525,2,32,32,0,0,0.000000,nomatch
ed_039528,1,8,8,1,0,-0.128037,nonzero
ed_039535,2,16,16,0,0,0.000000,nomatch
ed_039540,2,13,13,0,0,0.000000,nomatch
ed_039545,1,10,10,0,0,0.000000,nomatch
ed_039552,2,15,15,0,0,0.000000,nomatch
ed_039556,2,15,15,0,0,0.000000,nomatch
ed_039559,2,16,16,0,0,0.000000,nomatch
ed_039562,1,3,3,0,0,0.000000,nomatch
ed_039566,2,12,12,0,0,0.000000,nomatch
ed_039569,2,28,28,0,0,0.000000,nomatch
ed_039572,2,17,17,0,0,0.000000,nomatch
ed_039576,2,13,13,0,0,0.000000,nomatch
ed_039579,3,16,16,1,1,-0.237973,nonzero
ed_039582,2,14,14,0,0,0.000000,nomatch
ed_039586,1,14,14,0,0,0.000000,nomatch
ed_039591,2,18,18,0,0,0.000000,nomatch
ed_039595,3,32,32,0,0,0.000000,nomatch
ed_039598,1,11,11,0,0,0.000000,nomatch
ed_039604,2,18,18,0,0,0.000000,nomatch
ed_039611,2,22,22,1,0,0.246957,nonzero
ed_039614,1,9,9,0,0,0.000000,nomatch
ed_039618,2,15,15,1,0,-0.374116,nonzero
ed_039623,1,16,16,0,0,0.000000,nomatch
ed_039629,2,21,21,1,0,0.246957,nonzero
ed_039632,1,14,14,0,0,0.000000,nomatch
ed_039635,2,13,13,0,0,0.000000,nomatch
ed_039638,2,12,12,0,0,0.000000,nomatch
ed_039641,2,23,23,0,0,0.000000,nomatch
ed_039644,2,13,13,0,0,0.000000,nomatch
ed_039648,2,12,12,1,0,-0.064019,nonzero
ed_039652,2,12,12,0,0,0.000000,nomatch
ed_039656,2,16,16,0,0,0.000000,nomatch
ed_039659,2,13,13,0,0,0.000000,nomatch
ed_039663,2,16,16,0,0,0.000000,nomatch
ed_039667,2,13,13,0,0,0.000000,nomatch
ed_039670,2,13,13,0,0,0.000000,nomatch
ed_039673,2,21,21,1,0,0.130831,nonzero
ed_039676,1,13,13,0,0,0.000000,nomatch
ed_039679,2,12,12,2,0,0.493706,nonzero
ed_039682,2,11,11,0,0,0.000000,nomatch
ed_039685,2,14,14,0,0,0.000000,nomatch
ed_039688,2,16,16,1,0,0.229415,nonzero
ed_039692,1,23,23,0,0,0.000000,nomatch
ed_039696,2,11,11,1,0,0.125000,nonzero
ed_039703,1,10,10,0,0,0.000000,nomatch
ed_039709,6,53,53,1,0,-0.015000,nonzero
ed_039713,2,14,14,0,0,0.000000,nomatch
ed_039717,2,14,14,0,0,0.000000,nomatch
ed_039720,1,12,12,0,0,0.000000,nomatch
ed_039724,2,13,13,0,0,0.000000,nomatch
ed_039728,2,23,23,0,0,0.000000,nomatch
ed_039735,1,8,8,0,0,0.000000,nomatch
ed_039738,2,23,23,1,0,-0.180579,nonzero
ed_039743,1,12,12,1,0,0.458831,nonzero
ed_039746,2,25,25,0,0,0.000000,nomatch
ed_039749,3,15,15,2,1,0.273330,nonzero
ed_039752,1,13,13,0,0,0.000000,nomatch
ed_039756,2,8,8,1,0,0.246957,nonzero
ed_039762,2,27,27,1,0,-0.229415,nonzero
ed_039766,1,11,11,0,0,0.000000,nomatch
ed_039771,2,19,19,0,0,0.000000,nomatch
ed_039775,2,16,16,0,0,0.000000,nomatch
ed_039780,1,20,20,0,0,0.000000,nomatch
ed_039784,2,19,19,0,0,0.000000,nomatch
ed_039787,2,23,23,0,0,0.000000,nomatch
ed_039790,2,11,11,1,0,-0.169975,nonzero
ed_039794,2,22,22,0,0,0.000000,nomatch
ed_039797,2,16,16,1,0,-0.147979,nonzero
ed_039801,2,15,15,0,0,0.000000,nomatch
ed_039804,2,14,14,0,0,0.000000,nomatch
ed_039808,2,18,18,1,0,-0.229415,nonzero
ed_039811,2,12,12,1,0,0.271163,nonzero
ed_039814,2,18,18,1,0,0.180579,nonzero
ed_039820,2,22,22,0,0,0.000000,nomatch
ed_039823,2,14,14,1,0,0.180579,nonzero
ed_039826,2,10,10,0,0,0.000000,nomatch
ed_039830,2,23,23,2,0,0.123184,nonzero
ed_039833,2,11,11,0,0,0.000000,nomatch
ed_039837,2,14,14,0,0,0.000000,nomatch
ed_039841,1,7,7,0,0,0.000000,nomatch
ed_039844,2,18,18,0,0,0.000000,nomatch
ed_039847,2,14,14,1,0,-0.082757,nonzero
ed_039850,1,29,29,0,0,0.000000,nomatch
ed_039853,1,17,17,0,0,0.000000,nomatch
ed_039856,2,20,20,1,0,0.306186,nonzero
ed_039859,2,13,13,0,0,0.000000,nomatch
ed_039862,3,25,25,2,0,0.120386,nonzero
ed_039865,2,10,10,0,0,0.000000,nomatch
ed_039870,2,16,16,0,0,0.000000,nomatch
ed_039873,1,7,7,0,0,0.000000,nomatch
ed_039876,2,21,21,0,0,0.000000,nomatch
ed_039879,2,19,19,1,0,0.101144,nonzero
ed_039882,2,23,23,1,0,-0.229415,nonzero
ed_039885,1,18,18,1,0,-0.128037,nonzero
ed_039888,2,14,14,0,0,0.000000,nomatch
ed_039891,2,8,8,0,0,0.000000,nomatch
ed_039894,1,31,31,0,0,0.000000,nomatch
ed_039897,2,17,17,1,0,-0.180579,nonzero
ed_039900,2,23,23,1,0,0.101144,nonzero
ed_039903,3,32,32,1,0,-0.140488,nonzero
ed_039906,1,20,20,0,0,0.000000,nomatch
ed_039909,1,11,11,0,0,0.000000,nomatch
ed_039912,2,13,13,0,0,0.000000,nomatch
ed_039915,2,18,18,0,0,0.000000,nomatch
ed_039918,2,18,18,0,0,0.000000,nomatch
ed_039921,2,16,16,1,0,-0.082757,nonzero
ed_039924,2,23,23,0,0,0.000000,nomatch
ed_039927,1,17,17,0,0,0.000000,nomatch
ed_039930,1,7,7,0,0,0.000000,nomatch
ed_039933,2,14,14,0,0,0.000000,nomatch
ed_039936,2,13,13,1,0,0.229415,nonzero
ed_039939,2,12,12,1,0,-0.180579,nonzero
ed_039942,2,17,17,0,0,0.000000,nomatch
ed_039945,1,9,9,0,0,0.000000,nomatch
ed_039948,1,7,7,0,0,0.000000,nomatch
ed_039951,2,25,25,0,0,0.000000,nomatch
ed_039954,2,18,18,0,0,0.000000,nomatch
ed_039957,1,23,23,0,0,0.000000,nomatch
ed_039960,2,11,11,0,0,0.000000,nomatch
ed_039963,2,11,11,0,0,0.000000,nomatch
ed_039966,2,23,23,0,0,0.000000,nomatch
ed_039969,1,17,17,0,0,0.000000,nomatch
ed_039972,2,13,13,0,0,0.000000,nomatch
ed_039975,2,11,11,0,0,0.000000,nomatch
ed_039978,1,11,11,0,0,0.000000,nomatch
ed_039981,2,10,10,0,0,0.000000,nomatch
ed_039984,1,10,10,0,0,0.000000,nomatch
ed_039987,2,37,37,0,0,0.000000,nomatch
ed_039991,1,12,12,0,0,0.000000,nomatch
ed_039994,2,16,16,0,0,0.000000,nomatch
ed_039998,2,37,37,2,0,0.000000,cancel
ed_040002,2,18,18,2,0,0.229415,nonzero
ed_040005,2,13,13,0,0,0.000000,nomatch
ed_040008,2,19,19,0,0,0.000000,nomatch
ed_040012,2,19,19,0,0,0.000000,nomatch
ed_040015,1,8,8,0,0,0.000000,nomatch
ed_040018,1,6,6,0,0,0.000000,nomatch
ed_040021,3,20,20,0,0,0.000000,nomatch
ed_040025,2,13,13,0,0,0.000000,nomatch
ed_040029,1,11,11,0,0,0.000000,nomatch
ed_040032,2,16,16,0,0,0.000000,nomatch
ed_040035,1,15,15,0,0,0.000000,nomatch
ed_040038,1,12,12,0,0,0.000000,nomatch
ed_040042,1,12,12,0,0,0.000000,nomatch
ed_040045,1,8,8,0,0,0.000000,nomatch
ed_040048,2,11,11,1,0,0.101144,nonzero
ed_040052,2,21,21,1,0,-0.180579,nonzero
ed_040055,2,35,35,0,0,0.000000,nomatch
ed_040059,3,21,21,1,0,0.180775,nonzero
ed_040062,2,13,13,1,0,0.271163,nonzero
ed_040065,2,10,10,1,0,-0.064019,nonzero
ed_040069,1,15,15,0,0,0.000000,nomatch
ed_040072,2,22,22,1,0,-0.327655,nonzero
ed_040076,1,12,12,0,0,0.000000,nomatch
ed_040079,1,9,9,0,0,0.000000,nomatch
ed_040082,1,20,20,1,0,0.361158,nonzero
ed_040085,2,15,15,0,0,0.000000,nomatch
ed_040088,1,9,9,0,0,0.000000,nomatch
ed_040091,1,11,11,0,0,0.000000,nomatch
ed_040094,2,13,13,2,0,-0.391674,nonzero
ed_040098,2,15,15,0,0,0.000000,nomatch
ed_040101,1,9,9,0,0,0.000000,nomatch
ed_040104,1,14,14,0,0,0.000000,nomatch
ed_040107,2,15,15,0,0,0.000000,nomatch
ed_040110,1,16,16,0,0,0.000000,nomatch
ed_040114,1,7,7,1,0,0.458831,nonzero
ed_040117,2,14,14,0,0,0.000000,nomatch
ed_040120,1,15,15,0,0,0.000000,nomatch
ed_040123,1,7,7,1,0,-0.361158,nonzero
ed_040127,2,23,23,0,0,0.000000,nomatch
ed_040130,2,12,12,2,0,-0.409994,nonzero
ed_040133,1,5,5,1,0,0.458831,nonzero
ed_040137,1,17,17,1,0,-0.458831,nonzero
ed_040141,2,18,18,0,0,0.000000,nomatch
ed_040145,2,20,20,1,0,0.263371,nonzero
ed_040148,2,12,12,0,0,0.000000,nomatch
ed_040152,2,14,14,0,0,0.000000,nomatch
ed_040155,2,18,18,0,0,0.000000,nomatch
ed_040159,2,20,20,0,0,0.000000,nomatch
ed_040162,1,14,14,0,0,0.000000,nomatch
ed_040166,1,11,11,0,0,0.000000,nomatch
ed_040170,1,3,3,0,0,0.000000,nomatch
ed_040173,1,24,24,0,0,0.000000,nomatch
ed_040176,1,9,9,1,0,-0.361158,nonzero
ed_040180,1,20,20,1,0,0.361158,nonzero
ed_040183,1,12,12,0,0,0.000000,nomatch
ed_040188,1,13,13,1,0,0.493915,nonzero
ed_040191,2,18,18,1,0,-0.263371,nonzero
ed_040198,1,18,18,0,0,0.000000,nomatch
ed_040202,2,19,19,0,0,0.000000,nomatch
ed_040205,1,19,19,0,0,0.000000,nomatch
ed_040208,1,11,11,2,0,0.549915,nonzero
ed_040211,2,23,23,0,0,0.000000,nomatch
ed_040214,2,20,20,0,0,0.000000,nomatch
ed_040217,2,25,25,2,0,-0.427536,nonzero
ed_040220,3,38,38,1,0,0.152944,nonzero
ed_040223,2,16,16,0,0,0.000000,nomatch
ed_040226,1,9,9,0,0,0.000000,nomatch
ed_040237,1,5,5,0,0,0.000000,nomatch
ed_040240,1,19,19,0,0,0.000000,nomatch
ed_040243,2,50,50,0,0,0.000000,nomatch
ed_040248,1,20,20,1,0,0.153093,nonzero
ed_040254,1,8,8,1,1,0.458831,nonzero
ed_040257,1,14,14,0,0,0.000000,nomatch
ed_040260,1,6,6,0,0,0.000000,nomatch
ed_040264,2,12,12,0,0,0.000000,nomatch
ed_040268,1,9,9,0,0,0.000000,nomatch
ed_040271,2,19,19,0,0,0.000000,nomatch
ed_040275,1,12,12,0,0,0.000000,nomatch
ed_040278,1,4,4,1,0,-0.361158,nonzero
ed_040282,1,13,13,0,1,-0.202289,nonzero
ed_040286,1,11,11,0,0,0.000000,nomatch
ed_040289,1,9,9,0,0,0.000000,nomatch
ed_040292,1,21,21,0,0,0.000000,nomatch
ed_040295,1,8,8,2,0,-0.549915,nonzero
ed_040298,1,11,11,0,0,0.000000,nomatch
ed_040302,1,8,8,0,0,0.000000,nomatch
ed_040305,1,10,10,0,0,0.000000,nomatch
ed_040308,1,12,12,0,0,0.000000,nomatch
ed_040312,2,13,13,0,0,0.000000,nomatch
ed_040315,1,6,6,0,0,0.000000,nomatch
ed_040318,1,10,10,0,0,0.000000,nomatch
ed_040321,1,7,7,1,0,0.526742,nonzero
ed_040324,1,4,4,1,0,-0.458831,nonzero
ed_040327,1,12,12,0,0,0.000000,nomatch
ed_040330,1,7,7,0,0,0.000000,nomatch
ed_040333,1,8,8,1,1,0.458831,nonzero
ed_040337,2,12,12,0,0,0.000000,nomatch
ed_040341,1,5,5,1,0,0.542326,nonzero
ed_040344,1,10,10,0,0,0.000000,nomatch
ed_040347,1,8,8,1,1,0.458831,nonzero
ed_040351,1,12,12,0,0,0.000000,nomatch
ed_040354,1,5,5,0,0,0.000000,nomatch
ed_040357,1,9,9,0,0,0.000000,nomatch
ed_040361,1,8,8,0,0,0.000000,nomatch
ed_040364,1,8,8,0,0,0.000000,nomatch
ed_040367,2,20,20,1,0,-0.180579,nonzero
ed_040370,1,7,7,0,0,0.000000,nomatch
ed_040373,1,8,8,1,0,-0.526742,nonzero
ed_040376,1,7,7,1,0,-0.421464,nonzero
ed_040382,1,14,14,0,0,0.000000,nomatch
ed_040385,1,6,6,0,0,0.000000,nomatch
ed_040389,1,8,8,1,0,0.557370,nonzero
ed_040392,1,15,15,1,0,-0.458831,nonzero
ed_040396,1,8,8,0,0,0.000000,nomatch
ed_040399,3,27,27,1,0,0.180775,nonzero
ed_040403,1,12,12,0,0,0.000000,nomatch
ed_040406,2,14,14,0,0,0.000000,nomatch
ed_040409,1,9,9,1,0,-0.361158,nonzero
ed_040412,1,11,11,0,0,0.000000,nomatch
ed_040415,1,12,12,0,0,0.000000,nomatch
ed_040418,1,15,15,0,0,0.000000,nomatch
ed_040421,1,8,8,0,0,0.000000,nomatch
ed_040424,1,10,10,1,0,-0.449704,nonzero
ed_040427,1,11,11,0,0,0.000000,nomatch
ed_040430,1,8,8,1,0,0.493915,nonzero
ed_040437,1,16,16,0,0,0.000000,nomatch
ed_040440,1,11,11,0,0,0.000000,nomatch
ed_040443,1,6,6,1,0,0.458831,nonzero
ed_040446,1,10,10,1,0,0.128037,nonzero
ed_040449,1,8,8,0,0,0.000000,nomatch
ed_040452,1,8,8,1,0,0.339950,nonzero
ed_040455,1,8,8,0,0,0.000000,nomatch
ed_040458,1,10,10,1,0,-0.361158,nonzero
ed_040461,1,13,13,1,0,0.585882,nonzero
ed_040464,1,10,10,0,0,0.000000,nomatch
ed_040467,1,9,9,0,0,0.000000,nomatch
ed_040470,1,6,6,0,0,0.000000,nomatch
ed_040474,1,13,13,0,0,0.000000,nomatch
ed_040477,1,10,10,1,1,0.458831,nonzero
ed_040481,1,13,13,0,0,0.000000,nomatch
ed_040484,1,7,7,0,0,0.000000,nomatch
ed_040490,3,23,23,1,0,-0.140488,nonzero
ed_040494,2,12,12,0,0,0.000000,nomatch
ed_040498,1,11,11,0,0,0.000000,nomatch
ed_040501,2,21,21,1,0,0.263371,nonzero
ed_040504,1,12,12,0,0,0.000000,nomatch
ed_040508,1,9,9,0,0,0.000000,nomatch
ed_040511,2,28,28,0,0,0.000000,nomatch
ed_040514,1,14,14,0,0,0.000000,nomatch
ed_040517,1,11,11,0,0,0.000000,nomatch
ed_040520,1,10,10,0,0,0.000000,nomatch
ed_040523,1,6,6,0,0,0.000000,nomatch
ed_040527,2,15,15,1,0,-0.281620,nonzero
ed_040530,1,13,13,1,0,0.449704,nonzero
ed_040534,1,12,12,0,0,0.000000,nomatch
ed_040537,2,17,17,0,0,0.000000,nomatch
ed_040543,2,15,15,1,0,-0.263371,nonzero
ed_040546,1,14,14,1,0,0.361158,nonzero
ed_040550,1,12,12,0,0,0.000000,nomatch
ed_040553,2,12,12,1,0,-0.180579,nonzero
ed_040556,2,21,21,1,0,-0.229415,nonzero
ed_040559,2,12,12,1,0,0.180579,nonzero
ed_040562,1,12,12,0,0,0.000000,nomatch
ed_040566,1,13,13,1,0,0.458831,nonzero
ed_040569,2,13,13,1,0,0.263371,nonzero
ed_040572,2,21,21,0,0,0.000000,nomatch
ed_040575,1,6,6,0,0,0.000000,nomatch
ed_040581,2,12,12,1,0,-0.210732,nonzero
ed_040584,1,8,8,1,1,0.458831,nonzero
ed_040588,1,9,9,0,0,0.000000,nomatch
ed_040592,2,14,14,0,0,0.000000,nomatch
ed_040595,2,21,21,0,0,0.000000,nomatch
ed_040598,1,12,12,0,0,0.000000,nomatch
ed_040601,1,9,9,0,0,0.000000,nomatch
ed_040605,2,14,14,0,0,0.000000,nomatch
ed_040608,2,8,8,0,0,0.000000,nomatch
ed_040614,2,13,13,1,0,-0.327655,nonzero
ed_040617,1,7,7,0,0,0.000000,nomatch
ed_040625,1,11,11,1,0,0.458831,nonzero
ed_040628,3,23,23,0,0,0.000000,nomatch
ed_040631,2,14,14,0,0,0.000000,nomatch
ed_040634,2,9,9,0,0,0.000000,nomatch
ed_040638,3,32,32,0,0,0.000000,nomatch
ed_040641,2,11,11,1,0,-0.210732,nonzero
ed_040651,2,13,13,1,0,-0.243540,nonzero
ed_040654,1,14,14,0,0,0.000000,nomatch
ed_040658,1,8,8,1,0,-0.361158,nonzero
ed_040664,2,16,16,0,0,0.000000,nomatch
ed_040667,2,13,13,0,0,0.000000,nomatch
ed_040670,2,22,22,0,0,0.000000,nomatch
ed_040673,2,32,32,2,0,0.306186,nonzero
ed_040684,1,9,9,0,0,0.000000,nomatch
ed_040687,2,20,20,0,0,0.000000,nomatch
ed_040690,2,12,12,0,0,0.000000,nomatch
ed_040693,2,17,17,0,0,0.000000,nomatch
ed_040696,1,10,10,0,0,0.000000,nomatch
ed_040700,2,41,41,1,0,0.088929,nonzero
ed_040706,2,18,18,0,0,0.000000,nomatch
ed_040715,1,12,12,0,0,0.000000,nomatch
ed_040719,1,14,14,1,0,0.458831,nonzero
ed_040724,1,6,6,0,0,0.000000,nomatch
ed_040729,2,40,40,0,0,0.000000,nomatch
ed_040732,1,9,9,0,0,0.000000,nomatch
ed_040735,2,16,16,1,1,0.229415,nonzero
ed_040738,2,24,24,1,0,-0.180579,nonzero
ed_040745,1,9,9,1,0,0.458831,nonzero
ed_040751,1,9,9,1,0,0.361158,nonzero
ed_040755,3,9,9,0,0,0.000000,nomatch
ed_040762,1,11,11,0,0,0.000000,nomatch
ed_040769,1,13,13,0,0,0.000000,nomatch
ed_040776,2,14,14,1,0,-0.263371,nonzero
ed_040779,1,14,14,0,0,0.000000,nomatch
ed_040783,2,17,17,1,0,0.064019,nonzero
ed_040786,2,12,12,0,0,0.000000,nomatch
ed_040789,2,37,37,1,1,0.000000,cancel
ed_040792,1,7,7,0,0,0.000000,nomatch
ed_040795,2,13,13,0,0,0.000000,nomatch
ed_040798,1,17,17,0,0,0.000000,nomatch
ed_040801,1,8,8,0,0,0.000000,nomatch
ed_040805,2,19,19,0,0,0.000000,nomatch
ed_040809,1,10,10,1,0,-0.361158,nonzero
ed_040812,1,14,14,0,0,0.000000,nomatch
ed_040816,2,13,13,0,0,0.000000,nomatch
ed_040819,1,35,35,0,0,0.000000,nomatch
ed_040822,2,17,17,0,0,0.000000,nomatch
ed_040825,1,13,13,1,0,0.493915,nonzero
ed_040828,3,34,34,0,0,0.000000,nomatch
ed_040831,2,15,15,1,0,-0.210732,nonzero
ed_040834,2,13,13,0,0,0.000000,nomatch
ed_040837,1,7,7,0,0,0.000000,nomatch
ed_040840,1,7,7,0,0,0.000000,nomatch
ed_040843,2,13,13,0,0,0.000000,nomatch
ed_040846,3,28,28,1,0,-0.175581,nonzero
ed_040849,2,33,33,0,0,0.000000,nomatch
ed_040852,2,26,26,0,0,0.000000,nomatch
ed_040856,1,8,8,0,0,0.000000,nomatch
ed_040859,2,21,21,0,0,0.000000,nomatch
ed_040863,2,27,27,0,0,0.000000,nomatch
ed_040867,2,18,18,0,0,0.000000,nomatch
ed_040870,6,49,49,0,0,0.000000,nomatch
ed_040874,1,13,13,1,0,-0.578947,nonzero
ed_040877,1,8,8,0,0,0.000000,nomatch
ed_040880,3,41,41,1,0,-0.120386,nonzero
ed_040883,2,15,15,1,0,-0.263371,nonzero
ed_040886,1,8,8,0,0,0.000000,nomatch
ed_040889,2,19,19,0,0,0.000000,nomatch
ed_040892,2,13,13,1,0,-0.229415,nonzero
ed_040895,2,16,16,1,0,-0.263371,nonzero
ed_040898,2,13,13,0,0,0.000000,nomatch
ed_040901,1,8,8,1,0,0.557370,nonzero
ed_040905,1,7,7,0,0,0.000000,nomatch
ed_040908,2,10,10,1,0,0.263371,nonzero
ed_040912,3,39,39,0,0,0.000000,nomatch
ed_040915,2,24,24,2,0,-0.409994,nonzero
ed_040922,2,39,39,1,0,-0.229415,nonzero
ed_040925,2,20,20,0,0,0.000000,nomatch
ed_040928,2,12,12,1,0,-0.243540,nonzero
ed_040931,1,9,9,0,0,0.000000,nomatch
ed_040934,1,9,9,1,0,0.361158,nonzero
ed_040937,2,14,14,1,0,-0.342425,nonzero
ed_040940,4,34,34,1,0,0.144737,nonzero
ed_040943,2,15,15,0,0,0.000000,nomatch
ed_040946,2,21,21,1,0,0.125000,nonzero
ed_040949,1,6,6,0,0,0.000000,nomatch
ed_040952,2,30,30,0,0,0.000000,nomatch
ed_040955,2,23,23,0,0,0.000000,nomatch
ed_040958,1,7,7,0,0,0.000000,nomatch
ed_040961,2,11,11,0,0,0.000000,nomatch
ed_040964,1,10,10,0,0,0.000000,nomatch
ed_040967,2,14,14,1,0,0.289473,nonzero
ed_040970,2,14,14,1,0,-0.210732,nonzero
ed_040973,4,19,19,1,0,0.090289,nonzero
ed_040976,1,7,7,0,0,0.000000,nomatch
ed_040979,1,30,30,0,0,0.000000,nomatch
ed_040982,1,11,11,0,0,0.000000,nomatch
ed_040985,2,20,20,0,0,0.000000,nomatch
ed_040988,2,13,13,0,0,0.000000,nomatch
ed_040991,1,8,8,0,0,0.000000,nomatch
ed_040994,2,24,24,0,0,0.000000,nomatch
ed_040997,1,10,10,0,0,0.000000,nomatch
ed_041001,2,23,23,0,0,0.000000,nomatch
ed_041004,1,9,9,0,0,0.000000,nomatch
ed_041007,2,16,16,0,0,0.000000,nomatch
ed_041010,2,19,19,0,0,0.000000,nomatch
ed_041013,1,36,36,1,0,-0.177858,nonzero
ed_041016,2,16,16,0,0,0.000000,nomatch
ed_041019,2,14,14,1,1,0.229415,nonzero
ed_041022,1,6,6,0,0,0.000000,nomatch
ed_041025,2,25,25,1,0,0.130831,nonzero
ed_041028,1,9,9,0,0,0.000000,nomatch
ed_041031,1,15,15,0,0,0.000000,nomatch
ed_041035,2,17,17,0,0,0.000000,nomatch
ed_041038,2,38,38,1,0,-0.180579,nonzero
ed_041041,2,29,29,0,0,0.000000,nomatch
ed_041047,2,13,13,0,0,0.000000,nomatch
ed_041052,2,14,14,1,0,-0.281620,nonzero
ed_041055,3,21,21,0,0,0.000000,nomatch
ed_041058,2,33,33,1,0,0.229415,nonzero
ed_041061,1,7,7,0,0,0.000000,nomatch
ed_041064,2,22,22,1,1,0.242678,nonzero
ed_041067,2,15,15,0,0,0.000000,nomatch
ed_041070,2,21,21,0,0,0.000000,nomatch
ed_041073,2,39,39,1,0,0.101144,nonzero
ed_041076,1,27,27,0,0,0.000000,nomatch
ed_041079,3,21,21,2,0,0.373758,nonzero
ed_041082,1,7,7,0,0,0.000000,nomatch
ed_041085,1,10,10,0,0,0.000000,nomatch
ed_041089,2,20,20,0,0,0.000000,nomatch
ed_041092,3,19,19,0,0,0.000000,nomatch
ed_041095,2,14,14,1,0,0.263371,nonzero
ed_041098,1,22,22,0,0,0.000000,nomatch
ed_041101,1,6,6,0,0,0.000000,nomatch
ed_041104,3,20,20,0,0,0.000000,nomatch
ed_041107,2,28,28,1,0,-0.229415,nonzero
ed_041110,3,28,28,0,0,0.000000,nomatch
ed_041113,2,15,15,1,0,-0.281620,nonzero
ed_041116,2,26,26,0,0,0.000000,nomatch
ed_041123,2,13,13,0,0,0.000000,nomatch
ed_041126,1,10,10,0,0,0.000000,nomatch
ed_041129,1,13,13,1,0,0.458831,nonzero
ed_041132,3,27,27,2,0,0.305887,nonzero
ed_041135,2,21,21,1,0,0.229415,nonzero
ed_041138,1,10,10,0,0,0.000000,nomatch
ed_041141,3,21,21,0,0,0.000000,nomatch
ed_041144,3,27,27,0,0,0.000000,nomatch
ed_041147,1,20,20,1,0,0.361158,nonzero
ed_041150,1,6,6,0,0,0.000000,nomatch
ed_041153,1,4,4,0,0,0.000000,nomatch
ed_041156,3,15,15,0,0,0.000000,nomatch
ed_041160,1,15,15,2,0,0.000000,cancel
ed_041163,2,32,32,1,0,0.064019,nonzero
ed_041166,1,7,7,0,0,0.000000,nomatch
ed_041169,3,48,48,0,0,0.000000,nomatch
ed_041172,3,20,20,1,0,0.152944,nonzero
ed_041175,3,34,34,0,0,0.000000,nomatch
ed_041178,1,8,8,0,0,0.000000,nomatch
ed_041181,3,37,37,1,0,0.140488,nonzero
ed_041187,1,11,11,0,0,0.000000,nomatch
ed_041191,2,27,27,2,0,-0.109588,nonzero
ed_041194,2,18,18,0,0,0.000000,nomatch
ed_041197,1,9,9,2,0,-0.618692,nonzero
ed_041200,1,10,10,0,0,0.000000,nomatch
ed_041204,2,15,15,0,0,0.000000,nomatch
ed_041207,1,22,22,0,0,0.000000,nomatch
ed_041211,3,19,19,1,0,-0.152944,nonzero
ed_041214,3,17,17,1,0,0.175581,nonzero
ed_041217,1,11,11,0,0,0.000000,nomatch
ed_041221,2,25,25,0,0,0.000000,nomatch
ed_041224,3,24,24,0,0,0.000000,nomatch
ed_041227,2,20,20,0,0,0.000000,nomatch
ed_041231,1,7,7,0,0,0.000000,nomatch
ed_041234,1,9,9,0,0,0.000000,nomatch
ed_041238,2,19,19,1,0,0.180579,nonzero
ed_041241,2,37,37,1,0,-0.180579,nonzero
ed_041244,3,19,19,1,0,0.083333,nonzero
ed_041247,1,16,16,0,0,0.000000,nomatch
ed_041251,4,20,20,1,0,0.131686,nonzero
ed_041254,2,23,23,0,0,0.000000,nomatch
ed_041257,1,14,14,0,0,0.000000,nomatch
ed_041260,1,7,7,0,0,0.000000,nomatch
ed_041264,2,33,33,0,0,0.000000,nomatch
ed_041267,2,15,15,0,0,0.000000,nomatch
ed_041270,2,8,8,0,0,0.000000,nomatch
ed_041273,2,18,18,0,0,0.000000,nomatch
ed_041276,2,17,17,2,0,0.399609,nonzero
ed_041279,2,23,23,0,0,0.000000,nomatch
ed_041282,3,28,28,1,0,-0.120386,nonzero
ed_041285,3,31,31,0,0,0.000000,nomatch
ed_041288,2,23,23,1,0,-0.246957,nonzero
ed_041291,1,15,15,0,0,0.000000,nomatch
ed_041294,3,17,17,0,0,0.000000,nomatch
ed_041297,1,13,13,0,0,0.000000,nomatch
ed_041300,1,9,9,0,0,0.000000,nomatch
ed_041306,3,34,34,1,0,0.120386,nonzero
ed_041309,3,26,26,0,0,0.000000,nomatch
ed_041312,2,12,12,0,0,0.000000,nomatch
ed_041315,2,26,26,1,0,0.271163,nonzero
ed_041318,1,12,12,0,0,0.000000,nomatch
ed_041322,3,61,61,1,0,-0.042679,nonzero
ed_041325,2,25,25,0,0,0.000000,nomatch
ed_041328,1,19,19,0,0,0.000000,nomatch
ed_041332,1,13,13,0,0,0.000000,nomatch
ed_041335,2,25,25,0,0,0.000000,nomatch
ed_041338,2,26,26,1,0,-0.229415,nonzero
ed_041341,3,25,25,0,0,0.000000,nomatch
ed_041344,2,9,9,0,0,0.000000,nomatch
ed_041347,2,15,15,1,0,0.180579,nonzero
ed_041350,1,12,12,0,0,0.000000,nomatch
ed_041354,2,22,22,0,0,0.000000,nomatch
ed_041357,1,8,8,0,0,0.000000,nomatch
ed_041360,2,24,24,1,0,0.246957,nonzero
ed_041363,2,17,17,0,0,0.000000,nomatch
ed_041367,2,18,18,0,0,0.000000,nomatch
ed_041370,2,18,18,0,0,0.000000,nomatch
ed_041373,2,29,29,0,0,0.000000,nomatch
ed_041376,3,24,24,2,0,-0.020294,nonzero
ed_041379,1,7,7,0,0,0.000000,nomatch
ed_041383,2,24,24,1,0,-0.210732,nonzero
ed_041386,2,14,14,1,0,0.180579,nonzero
ed_041389,2,22,22,0,0,0.000000,nomatch
ed_041392,2,23,23,1,0,0.246957,nonzero
ed_041395,1,17,17,0,0,0.000000,nomatch
ed_041402,2,26,26,1,0,-0.327655,nonzero
ed_041405,2,18,18,0,0,0.000000,nomatch
ed_041408,2,23,23,0,0,0.000000,nomatch
ed_041411,2,21,21,0,0,0.000000,nomatch
ed_041414,1,10,10,0,0,0.000000,nomatch
ed_041417,2,19,19,0,0,0.000000,nomatch
ed_041420,1,20,20,1,0,0.128037,nonzero
ed_041423,3,54,54,1,0,0.152944,nonzero
ed_041426,2,27,27,1,0,0.180579,nonzero
ed_041429,2,25,25,1,0,-0.327655,nonzero
ed_041436,2,19,19,0,0,0.000000,nomatch
ed_041439,1,4,4,0,0,0.000000,nomatch
ed_041442,1,11,11,0,0,0.000000,nomatch
ed_041445,2,16,16,1,0,-0.180579,nonzero
ed_041449,2,15,15,1,0,0.281620,nonzero
ed_041452,2,22,22,1,1,0.242678,nonzero
ed_041455,2,17,17,0,0,0.000000,nomatch
ed_041458,2,18,18,0,0,0.000000,nomatch
ed_041461,1,11,11,1,0,0.128037,nonzero
ed_041464,1,16,16,1,0,-0.476658,nonzero
ed_041467,2,51,51,0,0,0.000000,nomatch
ed_041470,2,24,24,2,0,0.372308,nonzero
ed_041473,2,23,23,0,0,0.000000,nomatch
ed_041479,2,27,27,1,0,-0.064019,nonzero
ed_041482,2,21,21,0,0,0.000000,nomatch
ed_041485,1,10,10,1,0,0.545378,nonzero
ed_041488,1,12,12,0,0,0.000000,nomatch
ed_041492,2,15,15,1,1,0.229415,nonzero
ed_041495,1,8,8,0,0,0.000000,nomatch
ed_041498,1,7,7,1,0,0.526742,nonzero
ed_041505,1,4,4,1,0,-0.578947,nonzero
ed_041508,1,5,5,0,0,0.000000,nomatch
ed_041511,2,23,23,0,0,0.000000,nomatch
ed_041514,1,7,7,0,0,0.000000,nomatch
ed_041517,1,8,8,0,0,0.000000,nomatch
ed_041521,1,7,7,0,0,0.000000,nomatch
ed_041524,1,6,6,1,0,-0.578947,nonzero
ed_041527,2,22,22,0,0,0.000000,nomatch
ed_041530,1,4,4,0,0,0.000000,nomatch
ed_041533,3,32,32,0,0,0.000000,nomatch
ed_041536,1,4,4,0,0,0.000000,nomatch
ed_041539,2,24,24,0,0,0.000000,nomatch
ed_041542,1,6,6,0,0,0.000000,nomatch
ed_041545,2,20,20,0,0,0.000000,nomatch
ed_041548,1,9,9,0,0,0.000000,nomatch
ed_041551,2,19,19,1,0,0.210732,nonzero
ed_041555,1,19,19,2,0,-0.718421,nonzero
ed_041561,2,19,19,1,0,0.180579,nonzero
ed_041564,1,21,21,0,0,0.000000,nomatch
ed_041567,1,9,9,1,0,-0.361158,nonzero
ed_041574,1,11,11,0,0,0.000000,nomatch
ed_041577,1,8,8,0,0,0.000000,nomatch
ed_041580,2,21,21,0,0,0.000000,nomatch
ed_041583,1,11,11,0,0,0.000000,nomatch
ed_041589,1,8,8,0,0,0.000000,nomatch
ed_041592,1,6,6,0,0,0.000000,nomatch
ed_041595,2,24,24,0,0,0.000000,nomatch
ed_041598,1,7,7,0,0,0.000000,nomatch
ed_041601,2,29,29,0,0,0.000000,nomatch
ed_041604,1,10,10,0,0,0.000000,nomatch
ed_041607,1,13,13,0,0,0.000000,nomatch
ed_041610,1,10,10,0,0,0.000000,nomatch
ed_041613,1,7,7,0,0,0.000000,nomatch
ed_041616,1,9,9,0,0,0.000000,nomatch
ed_041619,2,26,26,0,0,0.000000,nomatch
ed_041622,1,12,12,0,0,0.000000,nomatch
ed_041625,1,7,7,0,0,0.000000,nomatch
ed_041628,1,7,7,0,0,0.000000,nomatch
ed_041631,1,8,8,1,0,-0.361158,nonzero
ed_041634,2,26,26,0,0,0.000000,nomatch
ed_041639,2,21,21,1,0,-0.278685,nonzero
ed_041642,2,29,29,0,0,0.000000,nomatch
ed_041645,2,21,21,0,0,0.000000,nomatch
ed_041648,1,6,6,0,0,0.000000,nomatch
ed_041651,2,20,20,0,0,0.000000,nomatch
ed_041654,1,7,7,0,0,0.000000,nomatch
ed_041657,1,6,6,1,0,-0.128037,nonzero
ed_041660,2,14,14,1,0,0.229415,nonzero
ed_041663,1,9,9,0,0,0.000000,nomatch
ed_041666,1,23,23,1,0,-0.487080,nonzero
ed_041670,1,6,6,0,0,0.000000,nomatch
ed_041673,1,8,8,0,0,0.000000,nomatch
ed_041676,1,8,8,0,0,0.000000,nomatch
ed_041682,1,12,12,0,0,0.000000,nomatch
ed_041685,1,15,15,2,1,0.542326,nonzero
ed_041689,1,4,4,0,0,0.000000,nomatch
ed_041696,1,5,5,0,0,0.000000,nomatch
ed_041699,2,19,19,0,0,0.000000,nomatch
ed_041702,1,7,7,0,0,0.000000,nomatch
ed_041705,2,15,15,1,0,-0.210732,nonzero
ed_041708,2,28,28,1,0,0.180579,nonzero
ed_041711,1,19,19,0,0,0.000000,nomatch
ed_041714,2,23,23,0,0,0.000000,nomatch
ed_041717,1,10,10,0,0,0.000000,nomatch
ed_041721,2,21,21,1,0,0.180579,nonzero
ed_041724,1,7,7,0,0,0.000000,nomatch
ed_041727,1,20,20,1,0,0.361158,nonzero
ed_041730,2,18,18,0,0,0.000000,nomatch
ed_041733,2,17,17,0,0,0.000000,nomatch
ed_041736,2,16,16,0,0,0.000000,nomatch
ed_041740,1,13,13,1,0,0.250000,nonzero
ed_041743,2,24,24,0,0,0.000000,nomatch
ed_041746,2,10,10,0,0,0.000000,nomatch
ed_041749,1,11,11,1,0,0.563239,nonzero
ed_041752,1,19,19,0,0,0.000000,nomatch
ed_041755,1,18,18,0,0,0.000000,nomatch
ed_041758,1,6,6,0,0,0.000000,nomatch
ed_041761,1,23,23,1,0,0.361158,nonzero
ed_041764,1,20,20,0,0,0.000000,nomatch
ed_041767,2,19,19,0,0,0.000000,nomatch
ed_041770,2,19,19,0,0,0.000000,nomatch
ed_041773,1,18,18,0,0,0.000000,nomatch
ed_041777,1,9,9,1,0,-0.361158,nonzero
ed_041780,2,29,29,1,0,0.229415,nonzero
ed_041783,1,14,14,0,0,0.000000,nomatch
ed_041787,1,6,6,0,0,0.000000,nomatch
ed_041790,1,20,20,1,0,0.361158,nonzero
ed_041793,2,20,20,1,0,0.064019,nonzero
ed_041796,2,7,7,0,0,0.000000,nomatch
ed_041799,1,6,6,0,0,0.000000,nomatch
ed_041802,3,37,37,0,1,-0.042679,nonzero
ed_041805,1,21,21,0,0,0.000000,nomatch
ed_041808,1,5,5,0,0,0.000000,nomatch
ed_041811,3,20,20,0,0,0.000000,nomatch
ed_041814,1,12,12,0,0,0.000000,nomatch
ed_041817,1,16,16,1,0,-0.361158,nonzero
ed_041820,1,6,6,1,0,0.361158,nonzero
ed_041823,1,10,10,0,0,0.000000,nomatch
ed_041826,3,23,23,1,0,0.187746,nonzero
ed_041829,2,14,14,0,0,0.000000,nomatch
ed_041832,1,28,28,0,0,0.000000,nomatch
ed_041838,1,15,15,0,0,0.000000,nomatch
ed_041845,2,15,15,1,0,-0.229415,nonzero
ed_041852,2,25,25,1,1,0.220217,nonzero
ed_041855,2,16,16,0,0,0.000000,nomatch
ed_041859,3,21,21,0,0,0.000000,nomatch
ed_041862,2,25,25,2,0,-0.354415,nonzero
ed_041866,2,32,32,0,0,0.000000,nomatch
ed_041870,2,18,18,0,0,0.000000,nomatch
ed_041874,1,8,8,0,0,0.000000,nomatch
ed_041878,3,27,27,1,0,-0.055171,nonzero
ed_041881,2,17,17,1,0,-0.169975,nonzero
ed_041884,2,15,15,1,0,0.271163,nonzero
ed_041887,2,27,27,0,0,0.000000,nomatch
ed_041890,3,20,20,0,0,0.000000,nomatch
ed_041893,1,18,18,1,0,-0.421464,nonzero
ed_041896,2,26,26,0,0,0.000000,nomatch
ed_041899,1,9,9,0,0,0.000000,nomatch
ed_041902,2,38,38,0,0,0.000000,nomatch
ed_041905,2,14,14,1,0,0.281620,nonzero
ed_041908,3,20,20,1,0,-0.042679,nonzero
ed_041911,2,36,36,1,0,0.101144,nonzero
ed_041914,3,24,24,0,0,0.000000,nomatch
ed_041917,2,24,24,0,0,0.000000,nomatch
ed_041920,2,13,13,0,0,0.000000,nomatch
ed_041923,1,17,17,1,0,0.542326,nonzero
ed_041926,1,7,7,0,0,0.000000,nomatch
ed_041933,2,25,25,1,0,0.210732,nonzero
ed_041936,2,28,28,1,0,-0.180579,nonzero
ed_041939,2,21,21,0,0,0.000000,nomatch
ed_041942,1,23,23,0,0,0.000000,nomatch
ed_041945,2,18,18,0,0,0.000000,nomatch
ed_041949,3,24,24,1,0,-0.042679,nonzero
ed_041952,2,17,17,0,0,0.000000,nomatch
ed_041955,2,30,30,0,0,0.000000,nomatch
ed_041958,1,14,14,0,0,0.000000,nomatch
ed_041961,2,8,8,1,0,0.271163,nonzero
ed_041964,1,13,13,1,0,0.493915,nonzero
ed_041967,1,11,11,1,0,0.458831,nonzero
ed_041970,2,22,22,0,0,0.000000,nomatch
ed_041973,1,7,7,0,0,0.000000,nomatch
ed_041976,2,23,23,2,0,-0.324279,nonzero
ed_041979,2,16,16,0,0,0.000000,nomatch
ed_041982,1,11,11,1,0,0.361158,nonzero
ed_041985,1,22,22,0,0,0.000000,nomatch
ed_041988,1,11,11,0,0,0.000000,nomatch
ed_041992,2,11,11,1,0,0.289473,nonzero
ed_041995,2,21,21,0,0,0.000000,nomatch
ed_041998,2,12,12,0,0,0.000000,nomatch
ed_042002,2,15,15,0,0,0.000000,nomatch
ed_042005,1,4,4,0,0,0.000000,nomatch
ed_042012,1,41,41,1,0,-0.421464,nonzero
ed_042016,2,22,22,0,0,0.000000,nomatch
ed_042019,2,24,24,1,0,-0.180579,nonzero
ed_042022,2,15,15,1,0,0.064019,nonzero
ed_042025,3,24,24,1,0,-0.140488,nonzero
ed_042028,2,17,17,1,1,0.229415,nonzero
ed_042031,1,18,18,0,0,0.000000,nomatch
ed_042037,2,9,9,2,0,-0.533014,nonzero
ed_042040,2,24,24,0,0,0.000000,nomatch
ed_042043,3,19,19,0,1,-0.042679,nonzero
ed_042046,2,21,21,1,0,0.229415,nonzero
ed_042049,2,29,29,0,0,0.000000,nomatch
ed_042052,2,20,20,1,0,-0.289473,nonzero
ed_042055,1,15,15,0,0,0.000000,nomatch
ed_042058,3,25,25,0,0,0.000000,nomatch
ed_042061,1,33,33,1,0,0.128037,nonzero
ed_042064,1,3,3,0,0,0.000000,nomatch
ed_042067,1,13,13,0,0,0.000000,nomatch
ed_042071,1,16,16,0,0,0.000000,nomatch
ed_042074,2,24,24,0,0,0.000000,nomatch
ed_042077,2,13,13,1,0,-0.180579,nonzero
ed_042080,2,7,7,0,0,0.000000,nomatch
ed_042083,3,23,23,0,0,0.000000,nomatch
ed_042086,1,10,10,1,0,-0.361158,nonzero
ed_042089,1,7,7,1,0,0.526742,nonzero
ed_042092,1,6,6,0,0,0.000000,nomatch
ed_042095,1,14,14,1,0,-0.458831,nonzero
ed_042098,1,15,15,0,0,0.000000,nomatch
ed_042101,2,17,17,1,0,0.229415,nonzero
ed_042104,1,13,13,0,0,0.000000,nomatch
ed_042107,1,16,16,0,0,0.000000,nomatch
ed_042110,2,27,27,0,0,0.000000,nomatch
ed_042113,2,19,19,2,0,-0.418908,nonzero
ed_042116,1,7,7,0,0,0.000000,nomatch
ed_042119,2,13,13,0,0,0.000000,nomatch
ed_042122,1,22,22,0,0,0.000000,nomatch
ed_042125,2,18,18,2,0,-0.408812,nonzero
ed_042128,1,9,9,0,0,0.000000,nomatch
ed_042131,2,25,25,0,0,0.000000,nomatch
ed_042134,3,36,36,0,0,0.000000,nomatch
ed_042137,1,15,15,1,0,0.542326,nonzero
ed_042143,2,13,13,0,0,0.000000,nomatch
ed_042146,2,18,18,1,0,0.180579,nonzero
ed_042149,2,25,25,0,0,0.000000,nomatch
ed_042154,3,28,28,0,0,0.000000,nomatch
ed_042157,2,43,43,0,0,0.000000,nomatch
ed_042160,3,22,22,2,0,-0.293432,nonzero
ed_042163,1,13,13,2,0,0.571885,nonzero
ed_042166,2,32,32,0,0,0.000000,nomatch
ed_042169,2,13,13,1,0,-0.258564,nonzero
ed_042172,3,33,33,0,0,0.000000,nomatch
ed_042175,2,11,11,0,0,0.000000,nomatch
ed_042178,2,17,17,1,0,-0.243540,nonzero
ed_042181,1,18,18,1,0,0.240590,nonzero
ed_042184,2,26,26,0,0,0.000000,nomatch
ed_042187,1,19,19,1,0,-0.361158,nonzero
ed_042190,1,15,15,0,0,0.000000,nomatch
ed_042193,2,23,23,1,0,0.263371,nonzero
ed_042196,1,18,18,1,0,-0.458831,nonzero
ed_042199,2,37,37,0,0,0.000000,nomatch
ed_042202,2,19,19,1,0,-0.082757,nonzero
ed_042206,1,26,26,2,0,0.304920,nonzero
ed_042209,2,20,20,1,0,0.180579,nonzero
ed_042212,1,13,13,0,0,0.000000,nomatch
ed_042215,2,18,18,1,0,-0.210732,nonzero
ed_042218,3,19,19,0,0,0.000000,nomatch
ed_042221,2,10,10,0,0,0.000000,nomatch
ed_042224,2,22,22,0,0,0.000000,nomatch
ed_042227,1,16,16,0,0,0.000000,nomatch
ed_042231,2,15,15,0,0,0.000000,nomatch
ed_042234,2,29,29,0,0,0.000000,nomatch
ed_042237,2,29,29,0,0,0.000000,nomatch
ed_042240,1,12,12,0,0,0.000000,nomatch
ed_042243,2,19,19,1,0,-0.229415,nonzero
ed_042246,1,19,19,1,0,0.361158,nonzero
ed_042249,2,13,13,1,0,-0.224852,nonzero
ed_042252,1,15,15,0,0,0.000000,nomatch
ed_042255,2,20,20,1,0,-0.263371,nonzero
ed_042258,1,10,10,1,0,-0.421464,nonzero
ed_042261,2,31,31,0,0,0.000000,nomatch
ed_042264,1,13,13,0,0,0.000000,nomatch
ed_042267,2,10,10,2,0,0.493706,nonzero
ed_042270,1,18,18,1,0,-0.684850,nonzero
ed_042273,1,10,10,2,0,-0.361158,nonzero
ed_042276,2,26,26,0,0,0.000000,nomatch
ed_042279,1,9,9,1,0,0.445087,nonzero
ed_042282,1,24,24,0,0,0.000000,nomatch
ed_042286,3,28,28,1,0,-0.204124,nonzero
ed_042289,2,14,14,0,0,0.000000,nomatch
ed_042292,2,10,10,1,0,-0.263371,nonzero
ed_042295,1,24,24,1,1,0.440434,nonzero
ed_042298,2,32,32,0,0,0.000000,nomatch
ed_042301,2,16,16,1,0,-0.210732,nonzero
ed_042304,2,14,14,2,0,0.552782,nonzero
ed_042307,1,27,27,0,0,0.000000,nomatch
ed_042310,2,23,23,0,0,0.000000,nomatch
ed_042313,1,8,8,0,0,0.000000,nomatch
ed_042316,1,16,16,0,0,0.000000,nomatch
ed_042319,2,18,18,0,0,0.000000,nomatch
ed_042322,3,36,36,2,0,0.000000,cancel
ed_042325,1,10,10,1,0,0.361158,nonzero
ed_042328,2,25,25,0,0,0.000000,nomatch
ed_042331,2,35,35,1,0,0.210732,nonzero
ed_042334,2,17,17,1,0,-0.327655,nonzero
ed_042337,1,27,27,1,0,-0.361158,nonzero
ed_042340,1,21,21,0,0,0.000000,nomatch
ed_042343,2,24,24,0,0,0.000000,nomatch
ed_042348,2,20,20,1,0,0.246957,nonzero
ed_042351,2,23,23,1,0,-0.180579,nonzero
ed_042354,2,20,20,0,0,0.000000,nomatch
ed_042357,4,30,30,2,0,-0.146717,nonzero
ed_042360,1,23,23,0,0,0.000000,nomatch
ed_042363,1,18,18,0,0,0.000000,nomatch
ed_042366,1,18,18,0,0,0.000000,nomatch
ed_042369,1,21,21,1,0,-0.339950,nonzero
ed_042372,2,30,30,1,0,0.229415,nonzero
ed_042375,2,19,19,0,0,0.000000,nomatch
ed_042378,1,9,9,0,0,0.000000,nomatch
ed_042381,1,9,9,0,0,0.000000,nomatch
ed_042384,2,10,10,0,0,0.000000,nomatch
ed_042387,3,24,24,1,0,0.175581,nonzero
ed_042390,4,25,25,0,0,0.000000,nomatch
ed_042393,2,11,11,0,0,0.000000,nomatch
ed_042396,1,12,12,0,0,0.000000,nomatch
ed_042400,1,8,8,0,0,0.000000,nomatch
ed_042403,2,28,28,0,0,0.000000,nomatch
ed_042406,3,22,22,2,0,-0.085358,nonzero
ed_042409,1,8,8,1,0,0.458831,nonzero
ed_042412,2,18,18,1,0,0.101144,nonzero
ed_042416,3,22,22,1,0,-0.042679,nonzero
ed_042420,1,15,15,1,0,-0.458831,nonzero
ed_042423,3,23,23,0,0,0.000000,nomatch
ed_042426,1,10,10,0,0,0.000000,nomatch
ed_042429,2,14,14,1,0,0.210732,nonzero
ed_042432,3,25,25,0,0,0.000000,nomatch
ed_042436,2,32,32,1,0,-0.180579,nonzero
ed_042439,1,10,10,0,0,0.000000,nomatch
ed_042443,1,9,9,1,0,-0.261663,nonzero
ed_042446,3,25,25,0,0,0.000000,nomatch
ed_042449,2,28,28,0,0,0.000000,nomatch
ed_042452,1,6,6,1,0,0.542326,nonzero
ed_042455,1,13,13,0,0,0.000000,nomatch
ed_042459,2,24,24,0,0,0.000000,nomatch
ed_042462,3,18,18,1,0,0.120386,nonzero
ed_042465,2,31,31,0,0,0.000000,nomatch
ed_042468,1,27,27,1,0,0.449704,nonzero
ed_042471,1,11,11,0,0,0.000000,nomatch
ed_042474,1,17,17,1,0,-0.449704,nonzero
ed_042477,2,18,18,0,0,0.000000,nomatch
ed_042480,1,13,13,0,0,0.000000,nomatch
ed_042483,2,29,29,1,0,0.224852,nonzero
ed_042486,3,37,37,1,0,-0.120386,nonzero
ed_042489,2,25,25,0,0,0.000000,nomatch
ed_042492,1,6,6,0,0,0.000000,nomatch
ed_042496,3,26,26,1,0,-0.228283,nonzero
ed_042499,3,32,32,3,0,0.047040,nonzero
ed_042502,1,20,20,0,0,0.000000,nomatch
ed_042505,2,28,28,0,0,0.000000,nomatch
ed_042508,2,18,18,0,0,0.000000,nomatch
ed_042511,1,3,3,0,0,0.000000,nomatch
ed_042515,2,18,18,0,0,0.000000,nomatch
ed_042518,1,13,13,0,0,0.000000,nomatch
ed_042522,3,24,24,2,0,-0.305887,nonzero
ed_042525,2,24,24,0,0,0.000000,nomatch
ed_042528,2,23,23,1,0,0.263371,nonzero
ed_042531,3,24,24,0,0,0.000000,nomatch
ed_042534,1,12,12,0,0,0.000000,nomatch
ed_042537,2,27,27,0,0,0.000000,nomatch
ed_042540,1,21,21,3,0,-0.202289,nonzero
ed_042543,2,15,15,1,0,0.271163,nonzero
ed_042546,2,20,20,0,0,0.000000,nomatch
ed_042549,2,19,19,1,0,0.180579,nonzero
ed_042552,1,10,10,0,0,0.000000,nomatch
ed_042555,3,24,24,1,0,0.164638,nonzero
ed_042558,1,19,19,0,0,0.000000,nomatch
ed_042562,2,23,23,1,0,-0.180579,nonzero
ed_042567,2,21,21,1,0,0.263371,nonzero
ed_042570,1,4,4,0,0,0.000000,nomatch
ed_042573,2,30,30,0,0,0.000000,nomatch
ed_042577,2,28,28,0,0,0.000000,nomatch
ed_042580,2,23,23,0,0,0.000000,nomatch
ed_042583,1,10,10,1,0,-0.421464,nonzero
ed_042587,3,33,33,0,0,0.000000,nomatch
ed_042590,2,31,31,0,0,0.000000,nomatch
ed_042593,1,7,7,0,0,0.000000,nomatch
ed_042596,3,26,26,0,0,0.000000,nomatch
ed_042599,3,35,35,0,0,0.000000,nomatch
ed_042602,1,5,5,0,0,0.000000,nomatch
ed_042605,2,18,18,0,0,0.000000,nomatch
ed_042608,3,54,54,0,0,0.000000,nomatch
ed_042612,2,13,13,0,0,0.000000,nomatch
ed_042615,1,36,36,0,0,0.000000,nomatch
ed_042618,2,10,10,0,0,0.000000,nomatch
ed_042621,2,19,19,0,0,0.000000,nomatch
ed_042624,2,24,24,1,0,-0.263371,nonzero
ed_042630,2,13,13,0,0,0.000000,nomatch
ed_042633,2,12,12,0,0,0.000000,nomatch
ed_042636,1,6,6,0,0,0.000000,nomatch
ed_042639,2,9,9,0,0,0.000000,nomatch
ed_042642,2,18,18,1,1,-0.311877,nonzero
ed_042645,2,11,11,0,0,0.000000,nomatch
ed_042648,3,21,21,1,1,0.024751,nonzero
ed_042651,2,11,11,0,0,0.000000,nomatch
ed_042654,1,20,20,0,0,0.000000,nomatch
ed_042658,2,19,19,1,0,0.246957,nonzero
ed_042661,2,16,16,1,1,0.142323,nonzero
ed_042664,1,11,11,0,0,0.000000,nomatch
ed_042667,2,13,13,0,0,0.000000,nomatch
ed_042670,2,17,17,0,0,0.000000,nomatch
ed_042673,2,23,23,1,0,-0.229415,nonzero
ed_042676,2,11,11,0,0,0.000000,nomatch
ed_042679,2,17,17,1,1,0.229415,nonzero
ed_042682,2,19,19,1,0,0.246957,nonzero
ed_042685,2,31,31,1,0,0.064019,nonzero
ed_042689,2,16,16,1,0,-0.210732,nonzero
ed_042695,2,22,22,1,0,0.229415,nonzero
ed_042701,2,17,17,0,0,0.000000,nomatch
ed_042704,2,24,24,0,0,0.000000,nomatch
ed_042707,2,12,12,0,0,0.000000,nomatch
ed_042710,3,35,35,1,0,-0.140488,nonzero
ed_042713,2,28,28,1,0,0.246957,nonzero
ed_042716,2,17,17,2,0,-0.361158,nonzero
ed_042719,1,7,7,0,0,0.000000,nomatch
ed_042722,2,14,14,1,0,-0.229415,nonzero
ed_042725,2,24,24,2,0,-0.341564,nonzero
ed_042728,2,18,18,0,0,0.000000,nomatch
ed_042731,1,6,6,0,0,0.000000,nomatch
ed_042734,2,33,33,1,0,-0.278685,nonzero
ed_042737,1,12,12,0,0,0.000000,nomatch
ed_042740,1,5,5,0,0,0.000000,nomatch
ed_042746,2,12,12,1,0,-0.195971,nonzero
ed_042749,3,30,30,2,0,0.121959,nonzero
ed_042752,1,11,11,0,0,0.000000,nomatch
ed_042755,3,27,27,0,0,0.000000,nomatch
ed_042758,2,10,10,0,0,0.000000,nomatch
ed_042761,1,12,12,0,0,0.000000,nomatch
ed_042767,3,37,37,0,0,0.000000,nomatch
ed_042770,2,8,8,1,0,0.263371,nonzero
ed_042773,3,17,17,1,0,-0.175581,nonzero
ed_042776,2,23,23,0,0,0.000000,nomatch
ed_042779,2,13,13,0,0,0.000000,nomatch
ed_042786,3,46,46,0,1,-0.140488,nonzero
ed_042790,2,12,12,1,0,0.263371,nonzero
ed_042793,2,11,11,0,0,0.000000,nomatch
ed_042796,3,23,23,1,0,0.120386,nonzero
ed_042800,1,5,5,0,0,0.000000,nomatch
ed_042805,2,10,10,0,0,0.000000,nomatch
ed_042808,2,26,26,1,1,0.142323,nonzero
ed_042811,2,23,23,0,0,0.000000,nomatch
ed_042814,2,21,21,1,0,-0.180579,nonzero
ed_042817,2,15,15,0,0,0.000000,nomatch
ed_042820,2,15,15,1,0,-0.263371,nonzero
ed_042823,2,16,16,1,0,-0.229415,nonzero
ed_042826,2,13,13,0,0,0.000000,nomatch
ed_042829,1,7,7,0,0,0.000000,nomatch
ed_042832,3,32,32,1,0,-0.087221,nonzero
ed_042835,2,20,20,0,0,0.000000,nomatch
ed_042841,1,18,18,1,0,0.449704,nonzero
ed_042844,1,26,26,0,0,0.000000,nomatch
ed_042847,2,16,16,0,0,0.000000,nomatch
ed_042854,1,6,6,0,0,0.000000,nomatch
ed_042857,2,29,29,1,0,0.263371,nonzero
ed_042860,1,14,14,0,0,0.000000,nomatch
ed_042863,2,11,11,0,0,0.000000,nomatch
ed_042866,2,25,25,0,0,0.000000,nomatch
ed_042869,2,11,11,0,0,0.000000,nomatch
ed_042872,2,11,11,0,0,0.000000,nomatch
ed_042875,2,21,21,0,0,0.000000,nomatch
ed_042878,1,12,12,0,0,0.000000,nomatch
ed_042881,2,19,19,1,0,-0.180579,nonzero
ed_042887,2,21,21,0,0,0.000000,nomatch
ed_042890,1,4,4,0,0,0.000000,nomatch
ed_042893,2,9,9,0,0,0.000000,nomatch
ed_042896,1,27,27,2,0,-0.718421,nonzero
ed_042899,3,17,17,0,0,0.000000,nomatch
ed_042902,2,16,16,0,0,0.000000,nomatch
ed_042905,2,18,18,1,0,-0.289473,nonzero
ed_042908,2,13,13,0,0,0.000000,nomatch
ed_042911,1,7,7,0,0,0.000000,nomatch
ed_042914,1,9,9,0,0,0.000000,nomatch
ed_042917,2,35,35,0,0,0.000000,nomatch
ed_042920,1,11,11,0,0,0.000000,nomatch
ed_042926,2,10,10,0,0,0.000000,nomatch
ed_042929,1,8,8,0,0,0.000000,nomatch
ed_042932,1,5,5,0,0,0.000000,nomatch
ed_042935,2,10,10,0,0,0.000000,nomatch
ed_042938,2,25,25,0,0,0.000000,nomatch
ed_042941,1,7,7,1,0,0.585882,nonzero
ed_042944,1,9,9,1,0,0.165514,nonzero
ed_042947,1,5,5,0,0,0.000000,nomatch
ed_042950,2,18,18,0,0,0.000000,nomatch
ed_042953,1,12,12,0,0,0.000000,nomatch
ed_042956,2,21,21,1,0,0.281620,nonzero
ed_042959,3,24,24,2,0,-0.274233,nonzero
ed_042962,1,4,4,0,0,0.000000,nomatch
ed_042965,2,34,34,2,0,0.292941,nonzero
ed_042969,2,19,19,2,0,-0.584848,nonzero
ed_042972,3,35,35,2,0,-0.083333,nonzero
ed_042975,2,21,21,0,0,0.000000,nomatch
ed_042979,3,34,34,0,0,0.000000,nomatch
ed_042982,2,13,13,1,0,0.246957,nonzero
ed_042987,1,17,17,0,0,0.000000,nomatch
ed_042991,2,14,14,1,0,0.180579,nonzero
ed_042994,1,14,14,2,0,-0.782046,nonzero
ed_042998,2,40,40,2,0,-0.180579,nonzero
ed_043001,2,42,42,0,0,0.000000,nomatch
ed_043005,2,18,18,1,0,-0.180579,nonzero
ed_043008,2,14,14,2,0,0.481895,nonzero
ed_043011,2,26,26,0,0,0.000000,nomatch
ed_043015,1,7,7,0,0,0.000000,nomatch
ed_043018,3,20,20,0,0,0.000000,nomatch
ed_043021,2,43,43,0,0,0.000000,nomatch
ed_043024,1,9,9,0,0,0.000000,nomatch
ed_043027,1,7,7,1,0,-0.128037,nonzero
ed_043030,1,15,15,0,0,0.000000,nomatch
ed_043033,1,7,7,1,0,-0.361158,nonzero
ed_043036,2,19,19,0,0,0.000000,nomatch
ed_043039,1,7,7,0,0,0.000000,nomatch
ed_043042,2,12,12,1,0,0.120295,nonzero
ed_043045,1,6,6,1,0,-0.361158,nonzero
ed_043048,1,9,9,0,0,0.000000,nomatch
ed_043052,1,9,9,2,0,-0.670478,nonzero
ed_043055,2,25,25,0,0,0.000000,nomatch
ed_043059,1,10,10,0,0,0.000000,nomatch
ed_043063,2,22,22,0,0,0.000000,nomatch
ed_043070,1,13,13,0,0,0.000000,nomatch
ed_043074,2,29,29,0,0,0.000000,nomatch
ed_043077,2,10,10,0,0,0.000000,nomatch
ed_043080,1,12,12,0,0,0.000000,nomatch
ed_043084,1,6,6,0,0,0.000000,nomatch
ed_043087,2,13,13,1,0,-0.229415,nonzero
ed_043090,2,14,14,1,0,-0.113174,nonzero
ed_043093,3,38,38,2,0,0.356356,nonzero
ed_043096,1,9,9,0,0,0.000000,nomatch
ed_043100,2,31,31,2,0,0.378968,nonzero
ed_043103,1,14,14,1,0,-0.458831,nonzero
ed_043107,1,10,10,0,0,0.000000,nomatch
ed_043110,2,18,18,1,0,0.271163,nonzero
ed_043113,2,26,26,2,0,-0.311410,nonzero
ed_043117,2,33,33,0,0,0.000000,nomatch
ed_043122,2,24,24,1,0,-0.147979,nonzero
ed_043126,3,33,33,1,0,-0.218437,nonzero
ed_043129,1,6,6,0,0,0.000000,nomatch
ed_043132,2,18,18,0,0,0.000000,nomatch
ed_043135,2,36,36,0,1,-0.064019,nonzero
ed_043142,1,10,10,0,0,0.000000,nomatch
ed_043146,1,8,8,0,0,0.000000,nomatch
ed_043149,1,10,10,1,0,-0.361158,nonzero
ed_043152,1,13,13,0,0,0.000000,nomatch
ed_043156,2,12,12,0,0,0.000000,nomatch
ed_043159,2,26,26,0,0,0.000000,nomatch
ed_043165,1,13,13,0,0,0.000000,nomatch
ed_043168,1,32,32,2,0,-0.381819,nonzero
ed_043174,1,7,7,0,0,0.000000,nomatch
ed_043177,6,65,65,0,0,0.000000,nomatch
ed_043180,2,15,15,1,0,-0.327655,nonzero
ed_043184,1,14,14,0,0,0.000000,nomatch
ed_043187,1,5,5,0,0,0.000000,nomatch
ed_043194,1,14,14,0,0,0.000000,nomatch
ed_043200,4,31,31,1,0,-0.090289,nonzero
ed_043204,2,40,40,0,0,0.000000,nomatch
ed_043208,2,13,13,0,0,0.000000,nomatch
ed_043211,3,45,45,0,1,-0.042679,nonzero
ed_043217,2,20,20,0,0,0.000000,nomatch
ed_043221,1,7,7,0,0,0.000000,nomatch
ed_043224,1,8,8,1,0,-0.458831,nonzero
ed_043227,1,5,5,1,0,-0.458831,nonzero
ed_043230,1,22,22,0,0,0.000000,nomatch
ed_043233,1,8,8,0,0,0.000000,nomatch
ed_043236,1,5,5,0,0,0.000000,nomatch
ed_043239,1,9,9,0,0,0.000000,nomatch
ed_043242,1,9,9,0,0,0.000000,nomatch
ed_043245,1,12,12,0,0,0.000000,nomatch
ed_043251,2,19,19,2,0,-0.409994,nonzero
ed_043254,2,10,10,0,0,0.000000,nomatch
ed_043257,1,10,10,1,0,-0.128037,nonzero
ed_043264,1,10,10,0,0,0.000000,nomatch
ed_043267,2,12,12,1,0,0.229415,nonzero
ed_043270,1,7,7,0,0,0.000000,nomatch
ed_043273,1,9,9,2,0,-0.670478,nonzero
ed_043276,2,14,14,1,0,-0.180579,nonzero
ed_043279,1,11,11,0,0,0.000000,nomatch
ed_043285,2,26,26,1,0,0.229415,nonzero
ed_043288,1,15,15,0,0,0.000000,nomatch
ed_043291,1,13,13,0,0,0.000000,nomatch
ed_043294,2,10,10,1,0,0.130831,nonzero
ed_043297,2,21,21,0,0,0.000000,nomatch
ed_043300,2,16,16,0,0,0.000000,nomatch
ed_043303,1,12,12,0,0,0.000000,nomatch
ed_043306,2,19,19,1,0,0.180579,nonzero
ed_043309,3,30,30,0,0,0.000000,nomatch
ed_043312,1,15,15,0,0,0.000000,nomatch
ed_043316,2,18,18,0,0,0.000000,nomatch
ed_043319,1,20,20,0,0,0.000000,nomatch
ed_043322,1,15,15,1,0,-0.458831,nonzero
ed_043325,1,14,14,0,0,0.000000,nomatch
ed_043328,1,16,16,0,0,0.000000,nomatch
ed_043331,2,50,50,0,0,0.000000,nomatch
ed_043334,1,25,25,1,0,0.493915,nonzero
ed_043337,1,14,14,1,0,-0.226348,nonzero
ed_043340,2,16,16,1,0,0.229415,nonzero
ed_043343,1,17,17,0,0,0.000000,nomatch
ed_043346,2,15,15,0,0,0.000000,nomatch
ed_043349,1,12,12,0,0,0.000000,nomatch
ed_043352,1,7,7,0,0,0.000000,nomatch
ed_043358,2,30,30,0,1,-0.101144,nonzero
ed_043361,1,10,10,0,0,0.000000,nomatch
ed_043364,1,10,10,1,0,0.493915,nonzero
ed_043367,1,16,16,0,0,0.000000,nomatch
ed_043370,2,21,21,0,0,0.000000,nomatch
ed_043373,3,25,25,2,0,0.339661,nonzero
ed_043376,3,19,19,1,0,-0.236520,nonzero
ed_043379,1,14,14,0,0,0.000000,nomatch
ed_043385,1,9,9,0,0,0.000000,nomatch
ed_043388,2,14,14,0,0,0.000000,nomatch
ed_043391,3,26,26,0,0,0.000000,nomatch
ed_043397,1,5,5,0,0,0.000000,nomatch
ed_043401,1,9,9,1,0,0.449704,nonzero
ed_043404,2,18,18,0,0,0.000000,nomatch
ed_043408,1,22,22,0,0,0.000000,nomatch
ed_043413,1,10,10,1,0,0.458831,nonzero
ed_043416,1,7,7,0,0,0.000000,nomatch
ed_043419,2,16,16,0,0,0.000000,nomatch
ed_043423,2,18,18,1,0,-0.229415,nonzero
ed_043426,1,7,7,0,0,0.000000,nomatch
ed_043432,1,11,11,0,0,0.000000,nomatch
ed_043435,1,6,6,1,0,-0.295958,nonzero
ed_043438,1,14,14,0,0,0.000000,nomatch
ed_043441,2,20,20,0,0,0.000000,nomatch
ed_043444,1,9,9,0,0,0.000000,nomatch
ed_043447,2,12,12,1,0,0.125000,nonzero
ed_043450,1,15,15,0,0,0.000000,nomatch
ed_043453,3,36,36,0,0,0.000000,nomatch
ed_043457,2,7,7,0,0,0.000000,nomatch
ed_043460,1,11,11,0,0,0.000000,nomatch
ed_043463,1,7,7,0,0,0.000000,nomatch
ed_043467,1,6,6,0,0,0.000000,nomatch
ed_043470,1,8,8,0,0,0.000000,nomatch
ed_043473,1,6,6,0,0,0.000000,nomatch
ed_043476,2,15,15,0,0,0.000000,nomatch
ed_043479,2,29,29,0,0,0.000000,nomatch
ed_043483,1,11,11,0,0,0.000000,nomatch
ed_043487,3,42,42,1,0,-0.140488,nonzero
ed_043490,2,14,14,1,0,-0.289473,nonzero
ed_043493,1,13,13,0,0,0.000000,nomatch
ed_043496,2,41,41,3,0,0.041272,nonzero
ed_043503,2,12,12,0,0,0.000000,nomatch
ed_043506,2,18,18,1,0,0.125000,nonzero
ed_043510,1,10,10,0,0,0.000000,nomatch
ed_043513,1,5,5,0,0,0.000000,nomatch
ed_043516,2,18,18,0,0,0.000000,nomatch
ed_043519,3,44,44,5,0,-0.426562,nonzero
ed_043522,2,14,14,0,0,0.000000,nomatch
ed_043525,1,5,5,1,0,0.458831,nonzero
ed_043528,2,9,9,2,0,-0.361158,nonzero
ed_043531,1,8,8,0,0,0.000000,nomatch
ed_043534,2,17,17,1,0,-0.180579,nonzero
ed_043541,2,16,16,0,0,0.000000,nomatch
ed_043544,1,24,24,0,0,0.000000,nomatch
ed_043547,1,14,14,0,0,0.000000,nomatch
ed_043550,1,11,11,0,0,0.000000,nomatch
ed_043553,1,7,7,0,0,0.000000,nomatch
ed_043556,2,37,37,0,0,0.000000,nomatch
ed_043560,2,22,22,0,0,0.000000,nomatch
ed_043564,2,28,28,0,0,0.000000,nomatch
ed_043567,1,12,12,1,0,0.458831,nonzero
ed_043570,2,15,15,0,0,0.000000,nomatch
ed_043573,2,14,14,2,0,0.122240,nonzero
ed_043576,3,21,21,0,0,0.000000,nomatch
ed_043579,2,26,26,0,0,0.000000,nomatch
ed_043582,2,13,13,1,0,-0.210732,nonzero
ed_043585,1,5,5,0,0,0.000000,nomatch
ed_043589,2,13,13,0,0,0.000000,nomatch
ed_043592,2,28,28,0,0,0.000000,nomatch
ed_043596,2,11,11,0,0,0.000000,nomatch
ed_043601,2,22,22,0,0,0.000000,nomatch
ed_043605,2,16,16,0,0,0.000000,nomatch
ed_043612,2,30,30,1,0,-0.180579,nonzero
ed_043615,2,30,30,0,0,0.000000,nomatch
ed_043618,2,24,24,1,0,-0.180579,nonzero
ed_043621,1,7,7,0,0,0.000000,nomatch
ed_043628,3,44,44,1,0,-0.120386,nonzero
ed_043635,1,8,8,1,0,0.458831,nonzero
ed_043642,1,14,14,0,0,0.000000,nomatch
ed_043645,1,11,11,0,0,0.000000,nomatch
ed_043649,1,7,7,1,0,0.493915,nonzero
ed_043652,2,11,11,0,0,0.000000,nomatch
ed_043658,2,32,32,0,0,0.000000,nomatch
ed_043661,3,19,19,0,0,0.000000,nomatch
ed_043665,1,7,7,1,0,-0.361158,nonzero
ed_043668,2,26,26,0,0,0.000000,nomatch
ed_043672,1,11,11,0,0,0.000000,nomatch
ed_043675,1,15,15,0,0,0.000000,nomatch
ed_043679,1,29,29,0,0,0.000000,nomatch
ed_043682,3,21,21,1,0,0.207476,nonzero
ed_043685,1,5,5,1,0,-0.361158,nonzero
ed_043688,1,15,15,0,0,0.000000,nomatch
ed_043692,1,17,17,0,0,0.000000,nomatch
ed_043697,3,20,20,0,0,0.000000,nomatch
ed_043702,2,17,17,1,0,-0.180579,nonzero
ed_043705,1,12,12,1,0,-0.295958,nonzero
ed_043709,3,33,33,0,0,0.000000,nomatch
ed_043712,2,18,18,0,0,0.000000,nomatch
ed_043715,1,26,26,0,0,0.000000,nomatch
ed_043718,1,7,7,0,0,0.000000,nomatch
ed_043721,2,18,18,1,0,0.180579,nonzero
ed_043724,1,13,13,0,0,0.000000,nomatch
ed_043727,2,15,15,1,0,-0.229415,nonzero
ed_043730,1,30,30,0,0,0.000000,nomatch
ed_043733,2,17,17,1,0,-0.064019,nonzero
ed_043737,1,18,18,0,0,0.000000,nomatch
ed_043742,2,29,29,0,0,0.000000,nomatch
ed_043745,2,18,18,0,0,0.000000,nomatch
ed_043748,2,11,11,0,0,0.000000,nomatch
ed_043753,1,9,9,0,0,0.000000,nomatch
ed_043756,2,19,19,0,0,0.000000,nomatch
ed_043759,1,49,49,1,0,0.128037,nonzero
ed_043765,1,10,10,0,0,0.000000,nomatch
ed_043769,1,13,13,0,0,0.000000,nomatch
ed_043773,2,21,21,0,0,0.000000,nomatch
ed_043776,4,35,35,1,0,0.135581,nonzero
ed_043779,2,27,27,0,0,0.000000,nomatch
ed_043782,2,17,17,2,0,0.182939,nonzero
ed_043785,2,31,31,3,0,0.354780,nonzero
ed_043788,1,8,8,1,0,0.458831,nonzero
ed_043791,2,9,9,0,0,0.000000,nomatch
ed_043797,3,18,18,0,0,0.000000,nomatch
ed_043800,2,34,34,2,0,0.229415,nonzero
ed_043803,1,24,24,0,0,0.000000,nomatch
ed_043806,1,8,8,0,0,0.000000,nomatch
ed_043809,1,8,8,0,0,0.000000,nomatch
ed_043813,1,10,10,0,0,0.000000,nomatch
ed_043816,1,17,17,0,0,0.000000,nomatch
ed_043819,2,35,35,0,0,0.000000,nomatch
ed_043823,1,30,30,0,0,0.000000,nomatch
ed_043826,3,15,15,1,0,-0.204124,nonzero
ed_043829,1,17,17,0,0,0.000000,nomatch
ed_043834,1,17,17,0,0,0.000000,nomatch
ed_043838,1,8,8,0,0,0.000000,nomatch
ed_043842,1,6,6,0,0,0.000000,nomatch
ed_043845,1,10,10,0,0,0.000000,nomatch
ed_043848,3,31,31,0,0,0.000000,nomatch
ed_043851,3,24,24,0,0,0.000000,nomatch
ed_043855,2,22,22,1,0,0.229415,nonzero
ed_043858,1,4,4,1,0,0.542326,nonzero
ed_043861,2,21,21,0,0,0.000000,nomatch
ed_043864,1,14,14,0,0,0.000000,nomatch
ed_043868,1,4,4,0,0,0.000000,nomatch
ed_043871,1,5,5,0,0,0.000000,nomatch
ed_043874,1,11,11,0,0,0.000000,nomatch
ed_043877,1,24,24,1,0,0.128037,nonzero
ed_043881,2,30,30,2,0,0.345638,nonzero
ed_043884,2,33,33,0,1,-0.101144,nonzero
ed_043889,1,11,11,1,1,0.458831,nonzero
ed_043893,1,8,8,0,0,0.000000,nomatch
ed_043896,1,11,11,0,0,0.000000,nomatch
ed_043900,2,33,33,0,0,0.000000,nomatch
ed_043904,3,41,41,1,0,-0.075449,nonzero
ed_043907,1,14,14,0,0,0.000000,nomatch
ed_043910,1,9,9,0,0,0.000000,nomatch
ed_043913,2,26,26,0,0,0.000000,nomatch
ed_043916,2,16,16,1,0,-0.180579,nonzero
ed_043919,2,34,34,0,0,0.000000,nomatch
ed_043922,2,30,30,0,0,0.000000,nomatch
ed_043927,2,46,46,0,0,0.000000,nomatch
ed_043930,1,25,25,0,0,0.000000,nomatch
ed_043933,2,17,17,1,0,-0.229415,nonzero
ed_043936,2,41,41,2,1,0.185262,nonzero
ed_043939,1,7,7,1,1,0.458831,nonzero
ed_043942,3,54,54,3,1,0.112072,nonzero
ed_043945,1,15,15,0,0,0.000000,nomatch
ed_043948,2,19,19,0,0,0.000000,nomatch
ed_043951,2,16,16,0,0,0.000000,nomatch
ed_043954,2,27,27,0,0,0.000000,nomatch
ed_043958,4,56,56,1,0,-0.065416,nonzero
ed_043961,2,20,20,0,0,0.000000,nomatch
ed_043964,3,29,29,1,0,0.180775,nonzero
ed_043967,2,22,22,1,0,0.064019,nonzero
ed_043970,2,39,39,0,0,0.000000,nomatch
ed_043973,1,11,11,0,0,0.000000,nomatch
ed_043976,1,9,9,0,0,0.000000,nomatch
ed_043979,2,10,10,0,0,0.000000,nomatch
ed_043982,2,14,14,0,0,0.000000,nomatch
ed_043985,1,11,11,0,0,0.000000,nomatch
ed_043988,2,36,36,0,0,0.000000,nomatch
ed_043992,1,8,8,0,0,0.000000,nomatch
ed_043995,2,20,20,1,0,-0.210732,nonzero
ed_043998,3,34,34,0,0,0.000000,nomatch
ed_044001,3,19,19,1,1,0.094882,nonzero
ed_044004,2,19,19,0,0,0.000000,nomatch
ed_044008,2,25,25,1,0,0.229415,nonzero
ed_044011,1,9,9,0,0,0.000000,nomatch
ed_044015,2,26,26,2,0,0.159106,nonzero
ed_044019,2,25,25,0,0,0.000000,nomatch
ed_044022,3,40,40,1,0,0.175581,nonzero
ed_044026,1,6,6,0,0,0.000000,nomatch
ed_044029,2,20,20,0,0,0.000000,nomatch
ed_044032,1,7,7,0,0,0.000000,nomatch
ed_044035,2,17,17,0,0,0.000000,nomatch
ed_044038,2,18,18,0,0,0.000000,nomatch
ed_044041,2,15,15,0,0,0.000000,nomatch
ed_044044,1,11,11,1,0,0.458831,nonzero
ed_044047,2,21,21,0,0,0.000000,nomatch
ed_044051,1,3,3,0,0,0.000000,nomatch
ed_044054,2,16,16,0,0,0.000000,nomatch
ed_044057,3,36,36,1,1,0.120386,nonzero
ed_044060,2,18,18,0,0,0.000000,nomatch
ed_044066,2,24,24,0,0,0.000000,nomatch
ed_044071,1,8,8,0,0,0.000000,nomatch
ed_044074,2,16,16,2,0,0.471809,nonzero
ed_044079,2,21,21,0,0,0.000000,nomatch
ed_044082,2,15,15,1,0,-0.113174,nonzero
ed_044085,1,21,21,0,1,-0.128037,nonzero
ed_044088,1,18,18,0,0,0.000000,nomatch
ed_044091,2,21,21,0,0,0.000000,nomatch
ed_044094,1,15,15,0,0,0.000000,nomatch
ed_044097,2,23,23,1,0,0.271163,nonzero
ed_044100,1,24,24,1,0,0.202289,nonzero
ed_044104,3,31,31,0,0,0.000000,nomatch
ed_044110,2,20,20,0,0,0.000000,nomatch
ed_044113,2,27,27,2,0,0.088929,nonzero
ed_044116,2,18,18,0,0,0.000000,nomatch
ed_044120,2,38,38,0,0,0.000000,nomatch
ed_044123,3,18,18,1,0,0.120386,nonzero
ed_044126,2,15,15,1,0,-0.210732,nonzero
ed_044129,1,16,16,0,0,0.000000,nomatch
ed_044133,1,8,8,1,0,0.458831,nonzero
ed_044136,1,20,20,2,0,0.812605,nonzero
ed_044139,1,26,26,1,0,-0.487080,nonzero
ed_044144,2,31,31,0,0,0.000000,nomatch
ed_044147,2,16,16,0,0,0.000000,nomatch
ed_044150,2,26,26,1,0,0.229415,nonzero
ed_044154,2,13,13,0,0,0.000000,nomatch
ed_044158,1,12,12,0,0,0.000000,nomatch
ed_044162,2,15,15,0,0,0.000000,nomatch
ed_044166,1,6,6,0,0,0.000000,nomatch
ed_044170,1,17,17,0,0,0.000000,nomatch
ed_044177,2,22,22,1,0,-0.367573,nonzero
ed_044180,2,29,29,1,0,-0.130831,nonzero
ed_044184,1,6,6,1,0,-0.361158,nonzero
ed_044187,2,18,18,0,0,0.000000,nomatch
ed_044190,2,19,19,0,0,0.000000,nomatch
ed_044193,1,10,10,0,0,0.000000,nomatch
ed_044196,1,30,30,0,0,0.000000,nomatch
ed_044200,2,19,19,1,0,0.259533,nonzero
ed_044203,1,11,11,0,0,0.000000,nomatch
ed_044206,2,18,18,1,0,-0.180579,nonzero
ed_044209,1,23,23,1,0,0.493915,nonzero
ed_044212,3,27,27,0,0,0.000000,nomatch
ed_044216,2,21,21,0,0,0.000000,nomatch
ed_044219,2,13,13,0,0,0.000000,nomatch
ed_044223,1,4,4,0,0,0.000000,nomatch
ed_044226,3,24,24,0,0,0.000000,nomatch
ed_044229,2,18,18,1,1,0.229415,nonzero
ed_044232,1,22,22,0,0,0.000000,nomatch
ed_044235,2,14,14,0,0,0.000000,nomatch
ed_044238,1,14,14,0,0,0.000000,nomatch
ed_044241,1,15,15,0,0,0.000000,nomatch
ed_044244,1,16,16,1,0,0.361158,nonzero
ed_044247,2,13,13,2,0,-0.335239,nonzero
ed_044250,2,16,16,0,0,0.000000,nomatch
ed_044253,1,12,12,1,0,-0.585882,nonzero
ed_044257,1,21,21,2,0,-0.458831,nonzero
ed_044260,3,23,23,2,0,0.218260,nonzero
ed_044263,2,16,16,1,0,0.130831,nonzero
ed_044266,2,14,14,1,0,0.281620,nonzero
ed_044273,1,16,16,0,0,0.000000,nomatch
ed_044279,2,29,29,1,0,-0.113174,nonzero
ed_044282,1,12,12,1,0,-0.476658,nonzero
ed_044285,2,16,16,0,0,0.000000,nomatch
ed_044289,1,19,19,1,0,-0.458831,nonzero
ed_044292,1,12,12,0,0,0.000000,nomatch
ed_044295,2,23,23,1,0,0.271163,nonzero
ed_044298,2,19,19,1,0,0.246957,nonzero
ed_044302,1,21,21,0,0,0.000000,nomatch
ed_044305,1,16,16,0,0,0.000000,nomatch
ed_044308,2,14,14,1,0,0.229415,nonzero
ed_044311,1,16,16,1,0,0.458831,nonzero
ed_044314,2,18,18,0,0,0.000000,nomatch
ed_044317,3,44,44,0,0,0.000000,nomatch
ed_044320,1,11,11,0,0,0.000000,nomatch
ed_044323,2,13,13,1,0,-0.180579,nonzero
ed_044327,1,11,11,0,0,0.000000,nomatch
ed_044330,2,17,17,0,0,0.000000,nomatch
ed_044333,1,6,6,0,0,0.000000,nomatch
ed_044337,1,12,12,1,0,0.361158,nonzero
ed_044340,1,18,18,0,0,0.000000,nomatch
ed_044343,2,19,19,0,0,0.000000,nomatch
ed_044346,1,7,7,1,0,-0.421464,nonzero
ed_044349,1,6,6,2,1,0.542326,nonzero
ed_044352,2,15,15,1,0,0.246957,nonzero
ed_044355,1,11,11,0,0,0.000000,nomatch
ed_044358,2,18,18,0,0,0.000000,nomatch
ed_044361,1,7,7,0,0,0.000000,nomatch
ed_044364,2,19,19,1,0,-0.224852,nonzero
ed_044367,1,9,9,0,0,0.000000,nomatch
ed_044370,1,10,10,2,0,0.700349,nonzero
ed_044373,2,23,23,0,0,0.000000,nomatch
ed_044376,1,11,11,0,0,0.000000,nomatch
ed_044380,1,11,11,0,0,0.000000,nomatch
ed_044383,2,18,18,2,0,0.335239,nonzero
ed_044386,3,23,23,1,0,0.164638,nonzero
ed_044389,1,9,9,1,0,-0.361158,nonzero
ed_044393,2,12,12,0,0,0.000000,nomatch
ed_044396,3,17,17,0,0,0.000000,nomatch
ed_044400,2,20,20,2,0,0.387513,nonzero
ed_044403,2,29,29,0,0,0.000000,nomatch
ed_044406,3,67,67,0,0,0.000000,nomatch
ed_044409,2,24,24,0,0,0.000000,nomatch
ed_044412,2,20,20,1,0,-0.229415,nonzero
ed_044415,3,19,19,0,0,0.000000,nomatch
ed_044418,1,15,15,0,0,0.000000,nomatch
ed_044421,2,19,19,0,0,0.000000,nomatch
ed_044424,1,8,8,0,0,0.000000,nomatch
ed_044428,2,18,18,2,0,0.125000,nonzero
ed_044433,2,22,22,0,0,0.000000,nomatch
ed_044436,1,11,11,2,0,-0.458831,nonzero
ed_044439,2,19,19,0,0,0.000000,nomatch
ed_044442,1,9,9,0,0,0.000000,nomatch
ed_044445,1,14,14,0,0,0.000000,nomatch
ed_044448,1,18,18,1,0,0.153093,nonzero
ed_044451,1,14,14,0,0,0.000000,nomatch
ed_044455,1,15,15,0,0,0.000000,nomatch
ed_044459,1,26,26,0,0,0.000000,nomatch
ed_044464,1,10,10,0,0,0.000000,nomatch
ed_044467,2,17,17,0,0,0.000000,nomatch
ed_044470,2,19,19,0,0,0.000000,nomatch
ed_044473,1,17,17,0,0,0.000000,nomatch
ed_044476,1,7,7,0,0,0.000000,nomatch
ed_044480,1,9,9,0,0,0.000000,nomatch
ed_044483,1,9,9,2,0,-0.670478,nonzero
ed_044486,2,16,16,1,0,-0.064019,nonzero
ed_044489,1,8,8,0,0,0.000000,nomatch
ed_044492,2,13,13,2,1,0.476373,nonzero
ed_044495,2,21,21,1,0,0.306186,nonzero
ed_044501,1,14,14,1,0,0.493915,nonzero
ed_044504,3,27,27,0,0,0.000000,nomatch
ed_044507,1,16,16,0,0,0.000000,nomatch
ed_044510,2,11,11,0,0,0.000000,nomatch
ed_044515,1,14,14,0,0,0.000000,nomatch
ed_044519,2,15,15,1,0,0.271163,nonzero
ed_044523,1,8,8,0,0,0.000000,nomatch
ed_044527,1,8,8,0,0,0.000000,nomatch
ed_044530,1,12,12,2,0,0.510607,nonzero
ed_044533,2,13,13,1,0,-0.180579,nonzero
ed_044536,1,10,10,1,0,0.250000,nonzero
ed_044539,2,14,14,0,0,0.000000,nomatch
ed_044542,2,18,18,0,0,0.000000,nomatch
ed_044545,2,15,15,0,0,0.000000,nomatch
ed_044549,2,12,12,0,0,0.000000,nomatch
ed_044553,2,13,13,0,0,0.000000,nomatch
ed_044556,1,11,11,0,0,0.000000,nomatch
ed_044559,1,8,8,0,0,0.000000,nomatch
ed_044563,2,15,15,0,0,0.000000,nomatch
ed_044567,1,10,10,0,0,0.000000,nomatch
ed_044570,2,12,12,0,0,0.000000,nomatch
ed_044574,1,13,13,0,0,0.000000,nomatch
ed_044577,2,11,11,1,0,0.229415,nonzero
ed_044580,1,6,6,1,0,0.445087,nonzero
ed_044583,1,17,17,0,0,0.000000,nomatch
ed_044586,1,10,10,1,0,-0.458831,nonzero
ed_044590,2,13,13,0,0,0.000000,nomatch
ed_044595,2,20,20,1,0,0.263371,nonzero
ed_044599,1,13,13,0,0,0.000000,nomatch
ed_044602,1,9,9,2,0,0.458831,nonzero
ed_044605,2,17,17,2,1,0.458831,nonzero
ed_044608,1,11,11,1,0,0.458831,nonzero
ed_044611,2,15,15,0,0,0.000000,nomatch
ed_044614,2,46,46,2,0,0.000000,cancel
ed_044620,2,19,19,0,0,0.000000,nomatch
ed_044623,3,27,27,0,0,0.000000,nomatch
ed_044626,2,17,17,0,0,0.000000,nomatch
ed_044629,2,11,11,0,0,0.000000,nomatch
ed_044632,3,71,71,0,0,0.000000,nomatch
ed_044635,2,19,19,2,0,0.387513,nonzero
ed_044645,1,9,9,1,0,0.458831,nonzero
ed_044648,2,11,11,0,0,0.000000,nomatch
ed_044651,2,11,11,0,0,0.000000,nomatch
ed_044654,2,20,20,1,0,-0.210732,nonzero
ed_044657,1,13,13,0,0,0.000000,nomatch
ed_044660,2,17,17,0,0,0.000000,nomatch
ed_044663,2,21,21,0,0,0.000000,nomatch
ed_044667,1,7,7,1,0,-0.458831,nonzero
ed_044670,2,21,21,0,0,0.000000,nomatch
ed_044673,1,16,16,1,0,-0.421464,nonzero
ed_044677,2,15,15,1,0,0.180579,nonzero
ed_044680,2,20,20,0,0,0.000000,nomatch
ed_044683,2,10,10,1,0,-0.180579,nonzero
ed_044686,2,17,17,1,0,-0.224852,nonzero
ed_044690,2,13,13,0,0,0.000000,nomatch
ed_044693,2,15,15,2,1,0.330560,nonzero
ed_044696,2,15,15,0,0,0.000000,nomatch
ed_044699,2,12,12,0,0,0.000000,nomatch
ed_044702,2,22,22,0,0,0.000000,nomatch
ed_044708,2,14,14,0,0,0.000000,nomatch
ed_044711,2,12,12,1,0,-0.224852,nonzero
ed_044714,3,28,28,0,0,0.000000,nomatch
ed_044717,1,16,16,0,0,0.000000,nomatch
ed_044720,2,19,19,0,0,0.000000,nomatch
ed_044723,1,12,12,1,0,-0.517127,nonzero
ed_044726,2,15,15,0,0,0.000000,nomatch
ed_044729,1,15,15,1,0,0.493915,nonzero
ed_044732,2,15,15,0,0,0.000000,nomatch
ed_044735,2,11,11,1,0,-0.180579,nonzero
ed_044742,2,10,10,1,0,-0.180579,nonzero
ed_044745,2,15,15,0,0,0.000000,nomatch
ed_044755,2,18,18,0,0,0.000000,nomatch
ed_044758,2,17,17,0,0,0.000000,nomatch
ed_044761,2,15,15,1,0,0.229415,nonzero
ed_044764,1,7,7,0,0,0.000000,nomatch
ed_044767,1,11,11,1,0,0.211959,nonzero
ed_044770,2,18,18,0,0,0.000000,nomatch
ed_044773,2,21,21,1,0,-0.281620,nonzero
ed_044776,2,13,13,0,0,0.000000,nomatch
ed_044779,2,26,26,0,0,0.000000,nomatch
ed_044785,2,22,22,0,0,0.000000,nomatch
ed_044788,1,11,11,0,0,0.000000,nomatch
ed_044791,2,19,19,0,0,0.000000,nomatch
ed_044797,2,18,18,0,0,0.000000,nomatch
ed_044800,3,27,27,0,0,0.000000,nomatch
ed_044803,1,16,16,1,0,-0.526742,nonzero
ed_044808,2,22,22,2,0,0.364515,nonzero
ed_044812,2,21,21,0,0,0.000000,nomatch
ed_044815,2,9,9,0,0,0.000000,nomatch
ed_044818,2,19,19,0,0,0.000000,nomatch
ed_044822,2,22,22,0,0,0.000000,nomatch
ed_044825,1,9,9,0,0,0.000000,nomatch
ed_044828,1,11,11,0,0,0.000000,nomatch
ed_044831,1,21,21,0,0,0.000000,nomatch
ed_044834,2,17,17,0,0,0.000000,nomatch
ed_044837,2,64,64,0,0,0.000000,nomatch
ed_044840,2,15,15,0,0,0.000000,nomatch
ed_044843,1,11,11,0,0,0.000000,nomatch
ed_044846,2,19,19,0,0,0.000000,nomatch
ed_044849,2,23,23,0,0,0.000000,nomatch
ed_044852,1,14,14,0,0,0.000000,nomatch
ed_044855,2,17,17,0,0,0.000000,nomatch
ed_044859,2,17,17,0,0,0.000000,nomatch
ed_044862,2,17,17,0,0,0.000000,nomatch
ed_044865,1,15,15,0,0,0.000000,nomatch
ed_044868,2,26,26,1,0,0.180579,nonzero
ed_044871,2,12,12,1,0,-0.292941,nonzero
ed_044874,1,6,6,0,0,0.000000,nomatch
ed_044877,1,12,12,0,0,0.000000,nomatch
ed_044881,2,23,23,1,0,-0.327655,nonzero
ed_044887,1,15,15,0,1,-0.128037,nonzero
ed_044890,2,16,16,0,0,0.000000,nomatch
ed_044893,2,16,16,0,0,0.000000,nomatch
ed_044896,1,9,9,0,0,0.000000,nomatch
ed_044899,2,17,17,0,0,0.000000,nomatch
ed_044902,2,17,17,0,0,0.000000,nomatch
ed_044905,2,12,12,0,0,0.000000,nomatch
ed_044908,2,18,18,0,0,0.000000,nomatch
ed_044918,2,17,17,2,0,0.157989,nonzero
ed_044921,1,7,7,0,0,0.000000,nomatch
ed_044924,2,22,22,1,0,-0.238329,nonzero
ed_044927,3,28,28,0,0,0.000000,nomatch
ed_044933,2,26,26,1,0,0.180579,nonzero
ed_044937,2,11,11,0,0,0.000000,nomatch
ed_044941,2,34,34,1,0,0.180579,nonzero
ed_044944,1,5,5,0,0,0.000000,nomatch
ed_044948,1,8,8,0,0,0.000000,nomatch
ed_044952,1,13,13,0,0,0.000000,nomatch
ed_044955,3,22,22,0,0,0.000000,nomatch
ed_044958,2,14,14,1,0,0.289473,nonzero
ed_044961,2,18,18,0,0,0.000000,nomatch
ed_044964,2,17,17,0,0,0.000000,nomatch
ed_044967,1,11,11,1,0,0.250000,nonzero
ed_044970,1,6,6,1,0,0.361158,nonzero
ed_044974,2,13,13,1,0,0.180579,nonzero
ed_044977,2,20,20,1,0,-0.327655,nonzero
ed_044980,2,11,11,1,0,0.271163,nonzero
ed_044983,1,21,21,2,1,0.612372,nonzero
ed_044986,1,9,9,1,0,0.250000,nonzero
ed_044989,2,12,12,0,0,0.000000,nomatch
ed_044992,2,21,21,0,0,0.000000,nomatch
ed_044995,1,15,15,0,0,0.000000,nomatch
ed_044998,1,21,21,1,0,0.526742,nonzero
ed_045002,2,17,17,2,0,-0.147979,nonzero
ed_045005,2,16,16,0,0,0.000000,nomatch
ed_045008,1,13,13,1,0,0.458831,nonzero
ed_045011,1,18,18,1,0,-0.526742,nonzero
ed_045014,1,4,4,0,0,0.000000,nomatch
ed_045020,2,16,16,2,0,0.229415,nonzero
ed_045023,2,13,13,0,0,0.000000,nomatch
ed_045027,2,26,26,1,0,0.210732,nonzero
ed_045030,2,16,16,0,0,0.000000,nomatch
ed_045036,2,17,17,0,0,0.000000,nomatch
ed_045039,2,18,18,2,0,0.281724,nonzero
ed_045042,1,8,8,0,0,0.000000,nomatch
ed_045045,1,20,20,0,0,0.000000,nomatch
ed_045048,1,23,23,1,0,-0.361158,nonzero
ed_045052,1,6,6,0,0,0.000000,nomatch
ed_045056,2,19,19,0,0,0.000000,nomatch
ed_045059,2,16,16,0,0,0.000000,nomatch
ed_045062,1,16,16,0,0,0.000000,nomatch
ed_045066,2,23,23,0,0,0.000000,nomatch
ed_045069,1,10,10,0,0,0.000000,nomatch
ed_045072,2,15,15,1,0,-0.180579,nonzero
ed_045076,2,24,24,0,0,0.000000,nomatch
ed_045079,2,15,15,0,0,0.000000,nomatch
ed_045083,1,15,15,1,0,-0.458831,nonzero
ed_045086,2,22,22,0,0,0.000000,nomatch
ed_045089,2,25,25,1,0,-0.292941,nonzero
ed_045092,2,12,12,0,0,0.000000,nomatch
ed_045095,1,7,7,1,0,0.361158,nonzero
ed_045098,1,19,19,0,0,0.000000,nomatch
ed_045101,2,15,15,1,0,-0.180579,nonzero
ed_045104,2,16,16,0,0,0.000000,nomatch
ed_045110,1,4,4,0,0,0.000000,nomatch
ed_045114,2,14,14,0,0,0.000000,nomatch
ed_045117,2,23,23,0,0,0.000000,nomatch
ed_045123,1,10,10,0,0,0.000000,nomatch
ed_045129,1,8,8,0,0,0.000000,nomatch
ed_045132,1,12,12,0,0,0.000000,nomatch
ed_045135,2,14,14,0,0,0.000000,nomatch
ed_045138,1,17,17,2,0,-0.714034,nonzero
ed_045141,1,10,10,0,0,0.000000,nomatch
ed_045145,3,39,39,0,0,0.000000,nomatch
ed_045148,2,20,20,0,0,0.000000,nomatch
ed_045151,2,29,29,1,0,0.064019,nonzero
ed_045158,2,19,19,1,0,-0.130831,nonzero
ed_045161,1,19,19,0,0,0.000000,nomatch
ed_045164,1,10,10,0,0,0.000000,nomatch
ed_045167,2,28,28,1,0,0.246957,nonzero
ed_045170,2,30,30,2,0,0.088929,nonzero
ed_045176,3,12,12,1,0,-0.152944,nonzero
ed_045179,2,20,20,0,0,0.000000,nomatch
ed_045183,2,15,15,0,0,0.000000,nomatch
ed_045189,1,10,10,0,0,0.000000,nomatch
ed_045192,2,18,18,0,0,0.000000,nomatch
ed_045199,1,6,6,0,0,0.000000,nomatch
ed_045205,1,12,12,1,0,-0.476658,nonzero
ed_045208,1,12,12,0,0,0.000000,nomatch
ed_045211,1,13,13,0,0,0.000000,nomatch
ed_045217,1,11,11,0,0,0.000000,nomatch
ed_045220,1,14,14,1,0,0.493915,nonzero
ed_045223,2,11,11,0,0,0.000000,nomatch
ed_045226,2,16,16,0,0,0.000000,nomatch
ed_045229,3,24,24,1,0,-0.140488,nonzero
ed_045232,1,9,9,0,0,0.000000,nomatch
ed_045235,1,13,13,0,0,0.000000,nomatch
ed_045238,2,12,12,0,0,0.000000,nomatch
ed_045242,2,37,37,0,0,0.000000,nomatch
ed_045245,1,9,9,2,0,-0.670478,nonzero
ed_045248,2,12,12,0,0,0.000000,nomatch
ed_045251,5,82,82,0,0,0.000000,nomatch
ed_045254,1,9,9,0,0,0.000000,nomatch
ed_045257,2,33,33,1,0,0.064019,nonzero
ed_045260,2,17,17,1,0,0.246957,nonzero
ed_045263,1,12,12,1,0,-0.421464,nonzero
ed_045266,2,14,14,1,0,0.180579,nonzero
ed_045269,1,13,13,0,0,0.000000,nomatch
ed_045272,1,10,10,0,0,0.000000,nomatch
ed_045275,3,37,37,2,0,-0.252646,nonzero
ed_045278,2,24,24,0,0,0.000000,nomatch
ed_045281,1,9,9,1,0,0.250000,nonzero
ed_045284,2,19,19,0,0,0.000000,nomatch
ed_045287,1,10,10,0,0,0.000000,nomatch
ed_045293,2,16,16,0,0,0.000000,nomatch
ed_045300,3,28,28,0,0,0.000000,nomatch
ed_045303,1,11,11,0,0,0.000000,nomatch
ed_045306,1,11,11,0,0,0.000000,nomatch
ed_045309,2,13,13,0,0,0.000000,nomatch
ed_045312,1,14,14,1,0,-0.578947,nonzero
ed_045315,2,14,14,0,0,0.000000,nomatch
ed_045319,2,15,15,0,0,0.000000,nomatch
ed_045323,1,6,6,0,0,0.000000,nomatch
ed_045326,2,15,15,1,0,-0.082757,nonzero
ed_045329,2,10,10,0,0,0.000000,nomatch
ed_045333,2,10,10,0,0,0.000000,nomatch
ed_045336,1,17,17,0,0,0.000000,nomatch
ed_045339,1,8,8,0,0,0.000000,nomatch
ed_045342,2,15,15,0,0,0.000000,nomatch
ed_045345,1,15,15,0,0,0.000000,nomatch
ed_045349,1,23,23,0,0,0.000000,nomatch
ed_045352,2,11,11,0,0,0.000000,nomatch
ed_045355,1,10,10,1,0,0.493915,nonzero
ed_045358,2,22,22,0,0,0.000000,nomatch
ed_045361,2,10,10,0,0,0.000000,nomatch
ed_045364,2,16,16,0,0,0.000000,nomatch
ed_045367,2,18,18,0,0,0.000000,nomatch
ed_045370,2,32,32,0,0,0.000000,nomatch
ed_045373,2,11,11,0,0,0.000000,nomatch
ed_045376,2,13,13,0,0,0.000000,nomatch
ed_045379,1,10,10,1,0,-0.361158,nonzero
ed_045382,2,14,14,0,0,0.000000,nomatch
ed_045385,2,24,24,0,1,-0.064019,nonzero
ed_045388,1,11,11,1,0,0.542326,nonzero
ed_045391,1,16,16,0,0,0.000000,nomatch
ed_045394,2,24,24,0,0,0.000000,nomatch
ed_045397,2,12,12,1,0,0.311213,nonzero
ed_045400,3,28,28,0,0,0.000000,nomatch
ed_045403,2,13,13,1,0,-0.064019,nonzero
ed_045406,1,18,18,0,0,0.000000,nomatch
ed_045412,2,20,20,1,0,-0.229415,nonzero
ed_045416,3,31,31,0,0,0.000000,nomatch
ed_045419,1,18,18,0,0,0.000000,nomatch
ed_045423,1,9,9,0,0,0.000000,nomatch
ed_045426,3,18,18,2,0,0.333719,nonzero
ed_045429,1,18,18,0,0,0.000000,nomatch
ed_045432,1,9,9,2,0,-0.705919,nonzero
ed_045435,3,48,48,0,0,0.000000,nomatch
ed_045438,2,15,15,0,0,0.000000,nomatch
ed_045441,1,18,18,0,0,0.000000,nomatch
ed_045444,2,21,21,0,0,0.000000,nomatch
ed_045447,2,23,23,0,0,0.000000,nomatch
ed_045450,1,15,15,1,0,-0.655311,nonzero
ed_045453,2,18,18,0,0,0.000000,nomatch
ed_045459,2,19,19,0,1,-0.064019,nonzero
ed_045466,1,10,10,0,0,0.000000,nomatch
ed_045469,2,17,17,1,0,-0.229415,nonzero
ed_045472,1,12,12,0,0,0.000000,nomatch
ed_045476,1,14,14,0,0,0.000000,nomatch
ed_045479,3,45,45,2,0,-0.233450,nonzero
ed_045482,3,22,22,1,0,-0.120386,nonzero
ed_045485,2,15,15,0,0,0.000000,nomatch
ed_045489,1,8,8,0,0,0.000000,nomatch
ed_045492,1,11,11,0,0,0.000000,nomatch
ed_045495,2,14,14,1,0,-0.064019,nonzero
ed_045499,2,13,13,0,0,0.000000,nomatch
ed_045502,1,11,11,0,0,0.000000,nomatch
ed_045505,2,35,35,2,0,0.560389,nonzero
ed_045508,1,8,8,0,0,0.000000,nomatch
ed_045511,2,24,24,0,0,0.000000,nomatch
ed_045514,1,9,9,0,0,0.000000,nomatch
ed_045517,2,15,15,0,0,0.000000,nomatch
ed_045521,1,17,17,0,0,0.000000,nomatch
ed_045524,2,11,11,0,0,0.000000,nomatch
ed_045528,1,9,9,0,0,0.000000,nomatch
ed_045531,1,16,16,0,0,0.000000,nomatch
ed_045534,2,19,19,0,0,0.000000,nomatch
ed_045537,1,8,8,0,0,0.000000,nomatch
ed_045541,2,21,21,2,0,-0.244597,nonzero
ed_045544,1,10,10,0,0,0.000000,nomatch
ed_045548,2,20,20,0,0,0.000000,nomatch
ed_045551,2,17,17,0,0,0.000000,nomatch
ed_045554,1,15,15,1,1,0.458831,nonzero
ed_045557,2,11,11,1,0,-0.147979,nonzero
ed_045561,2,17,17,2,0,-0.391023,nonzero
ed_045564,2,13,13,0,0,0.000000,nomatch
ed_045567,2,13,13,0,0,0.000000,nomatch
ed_045571,2,23,23,0,0,0.000000,nomatch
ed_045574,1,10,10,0,0,0.000000,nomatch
ed_045577,1,11,11,0,0,0.000000,nomatch
ed_045581,1,10,10,0,0,0.000000,nomatch
ed_045584,1,4,4,0,0,0.000000,nomatch
ed_045587,1,13,13,0,0,0.000000,nomatch
ed_045590,2,18,18,1,0,0.180579,nonzero
ed_045593,2,18,18,1,0,0.101144,nonzero
ed_045596,2,24,24,0,0,0.000000,nomatch
ed_045599,2,37,37,2,0,-0.361158,nonzero
ed_045606,2,7,7,0,0,0.000000,nomatch
ed_045613,1,12,12,0,0,0.000000,nomatch
ed_045617,2,11,11,0,0,0.000000,nomatch
ed_045620,1,21,21,0,0,0.000000,nomatch
ed_045623,2,17,17,0,0,0.000000,nomatch
ed_045627,1,7,7,0,0,0.000000,nomatch
ed_045630,2,22,22,0,0,0.000000,nomatch
ed_045633,2,16,16,0,0,0.000000,nomatch
ed_045636,1,13,13,0,0,0.000000,nomatch
ed_045639,2,21,21,0,0,0.000000,nomatch
ed_045642,2,16,16,0,0,0.000000,nomatch
ed_045646,2,17,17,0,0,0.000000,nomatch
ed_045649,2,16,16,0,0,0.000000,nomatch
ed_045652,2,18,18,1,0,-0.229415,nonzero
ed_045655,2,14,14,0,0,0.000000,nomatch
ed_045658,2,30,30,0,0,0.000000,nomatch
ed_045661,1,8,8,0,0,0.000000,nomatch
ed_045664,2,15,15,1,0,-0.289473,nonzero
ed_045667,2,23,23,1,0,-0.064019,nonzero
ed_045670,2,12,12,0,0,0.000000,nomatch
ed_045673,2,13,13,0,0,0.000000,nomatch
ed_045677,1,9,9,1,0,0.493915,nonzero
ed_045680,1,12,12,1,0,-0.339950,nonzero
ed_045683,2,19,19,0,0,0.000000,nomatch
ed_045686,2,9,9,1,0,-0.210732,nonzero
ed_045689,2,11,11,1,0,0.263371,nonzero
ed_045692,1,7,7,0,0,0.000000,nomatch
ed_045695,3,27,27,0,0,0.000000,nomatch
ed_045698,2,13,13,0,0,0.000000,nomatch
ed_045702,2,35,35,0,0,0.000000,nomatch
ed_045705,3,34,34,0,0,0.000000,nomatch
ed_045708,2,17,17,0,0,0.000000,nomatch
ed_045711,2,10,10,1,0,0.271163,nonzero
ed_045714,1,10,10,0,0,0.000000,nomatch
ed_045718,1,5,5,0,0,0.000000,nomatch
ed_045722,1,18,18,0,0,0.000000,nomatch
ed_045726,2,14,14,1,0,0.125000,nonzero
ed_045729,2,15,15,1,0,0.180579,nonzero
ed_045732,1,9,9,0,0,0.000000,nomatch
ed_045735,1,13,13,0,0,0.000000,nomatch
ed_045738,1,10,10,0,0,0.000000,nomatch
ed_045741,2,23,23,1,0,0.180579,nonzero
ed_045744,2,23,23,1,0,0.147979,nonzero
ed_045747,2,14,14,1,0,-0.229415,nonzero
ed_045751,1,12,12,0,0,0.000000,nomatch
ed_045754,2,15,15,1,0,0.180579,nonzero
ed_045757,1,7,7,0,0,0.000000,nomatch
ed_045761,2,15,15,0,0,0.000000,nomatch
ed_045764,1,20,20,0,0,0.000000,nomatch
ed_045767,2,26,26,0,0,0.000000,nomatch
ed_045770,2,22,22,0,0,0.000000,nomatch
ed_045773,1,15,15,0,0,0.000000,nomatch
ed_045776,2,16,16,0,0,0.000000,nomatch
ed_045779,2,12,12,0,0,0.000000,nomatch
ed_045782,1,21,21,0,1,-0.128037,nonzero
ed_045786,2,15,15,0,0,0.000000,nomatch
ed_045789,2,19,19,0,0,0.000000,nomatch
ed_045792,2,14,14,0,0,0.000000,nomatch
ed_045796,2,20,20,0,0,0.000000,nomatch
ed_045799,2,19,19,1,0,-0.354780,nonzero
ed_045802,2,12,12,1,0,0.101144,nonzero
ed_045808,2,41,41,0,0,0.000000,nomatch
ed_045811,2,14,14,1,0,0.229415,nonzero
ed_045814,2,17,17,0,0,0.000000,nomatch
ed_045817,2,12,12,0,0,0.000000,nomatch
ed_045820,2,32,32,0,0,0.000000,nomatch
ed_045823,1,22,22,0,0,0.000000,nomatch
ed_045826,2,25,25,1,0,-0.263371,nonzero
ed_045829,2,22,22,0,0,0.000000,nomatch
ed_045832,1,6,6,0,0,0.000000,nomatch
ed_045836,1,14,14,1,0,-0.361158,nonzero
ed_045839,2,37,37,0,0,0.000000,nomatch
ed_045842,2,29,29,1,0,-0.229415,nonzero
ed_045845,2,15,15,0,0,0.000000,nomatch
ed_045848,2,28,28,1,0,0.064019,nonzero
ed_045851,2,31,31,0,0,0.000000,nomatch
ed_045854,2,9,9,0,0,0.000000,nomatch
ed_045857,1,8,8,1,0,0.458831,nonzero
ed_045860,2,9,9,0,0,0.000000,nomatch
ed_045863,3,21,21,0,0,0.000000,nomatch
ed_045866,2,16,16,0,0,0.000000,nomatch
ed_045869,2,18,18,1,0,0.271163,nonzero
ed_045872,2,16,16,0,0,0.000000,nomatch
ed_045875,1,23,23,0,0,0.000000,nomatch
ed_045878,3,50,50,0,0,0.000000,nomatch
ed_045881,2,20,20,0,0,0.000000,nomatch
ed_045884,3,25,25,0,0,0.000000,nomatch
ed_045887,2,15,15,1,0,-0.263371,nonzero
ed_045890,3,30,30,1,0,-0.152944,nonzero
ed_045893,2,16,16,1,0,0.210732,nonzero
ed_045896,2,15,15,0,0,0.000000,nomatch
ed_045899,1,12,12,0,0,0.000000,nomatch
ed_045902,2,13,13,0,0,0.000000,nomatch
ed_045905,2,29,29,0,0,0.000000,nomatch
ed_045908,2,9,9,0,0,0.000000,nomatch
ed_045911,2,15,15,1,0,0.180579,nonzero
ed_045914,2,14,14,1,0,0.154685,nonzero
ed_045917,3,17,17,1,0,0.175581,nonzero
ed_045920,1,15,15,0,0,0.000000,nomatch
ed_045926,1,16,16,0,0,0.000000,nomatch
ed_045929,2,16,16,0,0,0.000000,nomatch
ed_045932,1,18,18,1,0,0.361158,nonzero
ed_045936,2,12,12,1,0,0.154685,nonzero
ed_045939,2,11,11,0,0,0.000000,nomatch
ed_045942,2,19,19,1,0,-0.278685,nonzero
ed_045945,2,9,9,0,0,0.000000,nomatch
ed_045948,1,7,7,0,0,0.000000,nomatch
ed_045952,2,15,15,1,0,-0.198974,nonzero
ed_045955,2,23,23,1,0,0.246957,nonzero
ed_045958,2,11,11,0,0,0.000000,nomatch
ed_045961,2,12,12,0,0,0.000000,nomatch
ed_045964,1,7,7,0,0,0.000000,nomatch
ed_045968,1,14,14,0,0,0.000000,nomatch
ed_045971,3,20,20,1,0,-0.120386,nonzero
ed_045974,2,16,16,1,0,-0.229415,nonzero
ed_045977,2,12,12,0,0,0.000000,nomatch
ed_045980,2,14,14,1,0,0.195971,nonzero
ed_045983,2,24,24,0,0,0.000000,nomatch
ed_045986,3,25,25,0,0,0.000000,nomatch
ed_045989,2,14,14,0,0,0.000000,nomatch
ed_045992,3,23,23,0,0,0.000000,nomatch
ed_045995,2,14,14,1,0,0.229415,nonzero
ed_045998,1,14,14,1,0,-0.449704,nonzero
ed_046001,2,7,7,0,0,0.000000,nomatch
ed_046005,2,15,15,0,0,0.000000,nomatch
ed_046008,2,13,13,0,0,0.000000,nomatch
ed_046011,2,10,10,0,0,0.000000,nomatch
ed_046015,2,24,24,0,0,0.000000,nomatch
ed_046021,2,14,14,1,0,0.195971,nonzero
ed_046024,2,18,18,1,0,-0.064019,nonzero
ed_046027,2,11,11,0,0,0.000000,nomatch
ed_046030,2,27,27,3,0,-0.125000,nonzero
ed_046033,2,18,18,0,0,0.000000,nomatch
ed_046037,2,17,17,0,0,0.000000,nomatch
ed_046041,2,23,23,0,0,0.000000,nomatch
ed_046044,2,20,20,0,0,0.000000,nomatch
ed_046047,2,14,14,0,0,0.000000,nomatch
ed_046053,2,22,22,0,0,0.000000,nomatch
ed_046059,1,13,13,1,0,-0.361158,nonzero
ed_046062,2,14,14,0,0,0.000000,nomatch
ed_046065,1,13,13,0,0,0.000000,nomatch
ed_046068,2,10,10,1,0,-0.210732,nonzero
ed_046071,2,19,19,1,0,-0.289473,nonzero
ed_046074,2,8,8,0,0,0.000000,nomatch
ed_046077,2,21,21,1,0,0.246957,nonzero
ed_046080,1,10,10,0,0,0.000000,nomatch
ed_046083,1,7,7,0,0,0.000000,nomatch
ed_046087,1,17,17,1,0,-0.421464,nonzero
ed_046093,2,17,17,0,0,0.000000,nomatch
ed_046096,1,16,16,0,0,0.000000,nomatch
ed_046099,3,24,24,3,0,0.471547,nonzero
ed_046102,2,8,8,0,0,0.000000,nomatch
ed_046105,2,19,19,1,0,-0.180579,nonzero
ed_046108,2,19,19,0,0,0.000000,nomatch
ed_046111,2,14,14,1,0,-0.210732,nonzero
ed_046114,2,15,15,2,0,0.265344,nonzero
ed_046117,1,17,17,0,0,0.000000,nomatch
ed_046120,2,13,13,0,0,0.000000,nomatch
ed_046123,2,9,9,0,0,0.000000,nomatch
ed_046127,1,17,17,0,0,0.000000,nomatch
ed_046130,2,21,21,1,0,0.125000,nonzero
ed_046133,2,12,12,1,0,0.154685,nonzero
ed_046136,2,11,11,0,0,0.000000,nomatch
ed_046139,1,8,8,0,0,0.000000,nomatch
ed_046142,2,15,15,0,0,0.000000,nomatch
ed_046147,2,13,13,0,0,0.000000,nomatch
ed_046150,1,18,18,0,0,0.000000,nomatch
ed_046154,1,14,14,2,0,0.578947,nonzero
ed_046157,2,11,11,1,0,0.263371,nonzero
ed_046160,1,23,23,0,0,0.000000,nomatch
ed_046164,2,22,22,2,0,-0.458831,nonzero
ed_046167,2,19,19,1,0,-0.292941,nonzero
ed_046171,2,13,13,1,0,-0.210732,nonzero
ed_046174,2,20,20,1,0,-0.180579,nonzero
ed_046178,1,8,8,0,0,0.000000,nomatch
ed_046182,2,12,12,0,0,0.000000,nomatch
ed_046187,1,19,19,0,0,0.000000,nomatch
ed_046191,2,12,12,0,0,0.000000,nomatch
ed_046194,2,14,14,0,0,0.000000,nomatch
ed_046197,2,16,16,1,0,0.210732,nonzero
ed_046200,1,17,17,2,0,-0.077228,nonzero
ed_046205,2,11,11,0,0,0.000000,nomatch
ed_046208,1,7,7,0,0,0.000000,nomatch
ed_046212,2,17,17,2,0,-0.293434,nonzero
ed_046215,1,11,11,0,0,0.000000,nomatch
ed_046219,2,18,18,0,0,0.000000,nomatch
ed_046222,2,12,12,1,0,0.297018,nonzero
ed_046225,2,16,16,0,0,0.000000,nomatch
ed_046228,2,29,29,2,0,-0.361158,nonzero
ed_046231,2,24,24,1,0,0.271163,nonzero
ed_046234,2,17,17,0,0,0.000000,nomatch
ed_046237,1,16,16,0,0,0.000000,nomatch
ed_046240,2,15,15,0,0,0.000000,nomatch
ed_046243,2,18,18,1,0,-0.125000,nonzero
ed_046246,2,20,20,0,0,0.000000,nomatch
ed_046249,1,9,9,0,0,0.000000,nomatch
ed_046252,1,9,9,0,0,0.000000,nomatch
ed_046256,2,14,14,0,0,0.000000,nomatch
ed_046259,2,23,23,1,0,-0.180579,nonzero
ed_046262,2,14,14,0,0,0.000000,nomatch
ed_046265,2,25,25,1,0,-0.246957,nonzero
ed_046268,1,13,13,1,0,-0.421464,nonzero
ed_046271,2,14,14,1,0,-0.342425,nonzero
ed_046274,1,19,19,0,0,0.000000,nomatch
ed_046277,1,12,12,0,0,0.000000,nomatch
ed_046280,1,9,9,0,0,0.000000,nomatch
ed_046284,3,44,44,0,0,0.000000,nomatch
ed_046287,2,21,21,2,0,0.409994,nonzero
ed_046290,2,13,13,1,1,0.229415,nonzero
ed_046293,1,18,18,0,0,0.000000,nomatch
ed_046296,1,3,3,1,0,-0.295958,nonzero
ed_046300,1,6,6,0,0,0.000000,nomatch
ed_046304,2,15,15,1,0,0.263371,nonzero
ed_046307,3,32,32,1,0,0.042679,nonzero
ed_046310,2,22,22,1,0,-0.180579,nonzero
ed_046313,2,30,30,1,0,-0.354780,nonzero
ed_046316,3,40,40,1,0,-0.152944,nonzero
ed_046320,2,14,14,1,0,-0.243540,nonzero
ed_046323,2,18,18,1,0,0.246957,nonzero
ed_046326,2,20,20,2,0,0.518120,nonzero
ed_046329,2,27,27,0,0,0.000000,nomatch
ed_046332,2,21,21,2,0,-0.391311,nonzero
ed_046335,2,16,16,0,0,0.000000,nomatch
ed_046338,2,11,11,0,0,0.000000,nomatch
ed_046341,2,17,17,0,0,0.000000,nomatch
ed_046344,1,17,17,1,0,-0.458831,nonzero
ed_046347,1,19,19,1,0,-0.361158,nonzero
ed_046350,2,22,22,1,0,-0.125000,nonzero
ed_046353,2,20,20,0,0,0.000000,nomatch
ed_046356,2,27,27,1,0,0.180579,nonzero
ed_046359,4,35,35,0,0,0.000000,nomatch
ed_046363,2,19,19,1,0,0.229415,nonzero
ed_046366,2,18,18,0,0,0.000000,nomatch
ed_046369,1,14,14,0,0,0.000000,nomatch
ed_046372,2,16,16,0,0,0.000000,nomatch
ed_046375,1,7,7,0,0,0.000000,nomatch
ed_046378,1,15,15,0,0,0.000000,nomatch
ed_046381,1,9,9,0,0,0.000000,nomatch
ed_046384,1,15,15,0,0,0.000000,nomatch
ed_046387,2,13,13,2,1,0.335395,nonzero
ed_046390,1,15,15,1,0,0.585882,nonzero
ed_046393,1,9,9,0,0,0.000000,nomatch
ed_046396,1,9,9,0,0,0.000000,nomatch
ed_046399,3,30,30,0,0,0.000000,nomatch
ed_046403,2,12,12,2,0,0.493706,nonzero
ed_046406,3,30,30,0,0,0.000000,nomatch
ed_046409,2,13,13,0,0,0.000000,nomatch
ed_046412,1,16,16,0,0,0.000000,nomatch
ed_046415,1,11,11,0,0,0.000000,nomatch
ed_046418,3,27,27,1,0,-0.218437,nonzero
ed_046422,1,8,8,0,0,0.000000,nomatch
ed_046425,2,34,34,2,0,-0.360247,nonzero
ed_046428,2,13,13,0,0,0.000000,nomatch
ed_046432,2,23,23,2,0,-0.038614,nonzero
ed_046435,2,13,13,0,0,0.000000,nomatch
ed_046438,4,91,91,0,0,0.000000,nomatch
ed_046441,3,40,40,0,0,0.000000,nomatch
ed_046444,3,16,16,1,0,-0.120386,nonzero
ed_046447,2,18,18,0,0,0.000000,nomatch
ed_046450,3,33,33,1,0,-0.080197,nonzero
ed_046453,1,6,6,0,0,0.000000,nomatch
ed_046456,3,53,53,2,0,0.204124,nonzero
ed_046459,2,11,11,1,0,-0.180579,nonzero
ed_046462,1,14,14,1,0,-0.261663,nonzero
ed_046465,1,14,14,1,0,-0.361158,nonzero
ed_046468,3,55,55,3,0,0.368645,nonzero
ed_046471,3,26,26,1,0,-0.152944,nonzero
ed_046474,2,26,26,0,0,0.000000,nomatch
ed_046477,1,17,17,1,0,-0.361158,nonzero
ed_046480,3,47,47,2,0,-0.216186,nonzero
ed_046483,3,45,45,0,0,0.000000,nomatch
ed_046487,1,17,17,2,0,-0.630979,nonzero
ed_046490,4,23,23,0,0,0.000000,nomatch
ed_046493,1,18,18,0,0,0.000000,nomatch
ed_046497,2,25,25,1,0,-0.180579,nonzero
ed_046501,1,11,11,0,0,0.000000,nomatch
ed_046505,1,11,11,0,0,0.000000,nomatch
ed_046510,1,10,10,1,0,-0.361158,nonzero
ed_046513,4,69,69,0,0,0.000000,nomatch
ed_046516,1,8,8,0,0,0.000000,nomatch
ed_046523,1,15,15,1,0,-0.361158,nonzero
ed_046526,2,37,37,2,0,0.125000,nonzero
ed_046529,1,12,12,0,0,0.000000,nomatch
ed_046532,3,39,39,1,0,-0.120386,nonzero
ed_046535,2,28,28,0,0,0.000000,nomatch
ed_046542,2,19,19,0,0,0.000000,nomatch
ed_046545,2,15,15,1,0,-0.281620,nonzero
ed_046549,1,11,11,1,0,-0.361158,nonzero
ed_046552,4,46,46,1,1,0.071162,nonzero
ed_046555,1,4,4,0,0,0.000000,nomatch
ed_046558,2,18,18,0,0,0.000000,nomatch
ed_046561,1,8,8,0,0,0.000000,nomatch
ed_046564,2,30,30,0,0,0.000000,nomatch
ed_046567,2,17,17,0,0,0.000000,nomatch
ed_046570,1,16,16,0,0,0.000000,nomatch
ed_046573,1,9,9,0,0,0.000000,nomatch
ed_046580,2,20,20,0,0,0.000000,nomatch
ed_046583,2,20,20,1,0,-0.130831,nonzero
ed_046587,3,55,55,0,0,0.000000,nomatch
ed_046594,1,8,8,1,0,-0.655311,nonzero
ed_046597,2,27,27,2,0,0.303615,nonzero
ed_046600,3,23,23,0,0,0.000000,nomatch
ed_046603,2,18,18,0,0,0.000000,nomatch
ed_046606,1,17,17,0,0,0.000000,nomatch
ed_046609,2,16,16,0,0,0.000000,nomatch
ed_046612,1,14,14,0,0,0.000000,nomatch
ed_046615,2,25,25,0,0,0.000000,nomatch
ed_046619,1,7,7,1,0,0.339950,nonzero
ed_046622,3,25,25,0,0,0.000000,nomatch
ed_046628,1,13,13,0,0,0.000000,nomatch
ed_046631,2,21,21,0,0,0.000000,nomatch
ed_046634,1,15,15,0,0,0.000000,nomatch
ed_046637,2,23,23,1,0,0.064019,nonzero
ed_046641,1,7,7,0,0,0.000000,nomatch
ed_046644,2,17,17,0,0,0.000000,nomatch
ed_046647,1,5,5,0,0,0.000000,nomatch
ed_046650,1,19,19,0,0,0.000000,nomatch
ed_046654,1,12,12,0,0,0.000000,nomatch
ed_046660,2,31,31,1,1,0.229415,nonzero
ed_046663,2,35,35,1,0,0.180579,nonzero
ed_046671,1,8,8,1,1,0.485357,nonzero
ed_046674,2,20,20,1,0,-0.113174,nonzero
ed_046677,1,7,7,0,0,0.000000,nomatch
ed_046681,1,8,8,1,0,-0.655311,nonzero
ed_046684,2,21,21,0,0,0.000000,nomatch
ed_046687,1,19,19,0,0,0.000000,nomatch
ed_046690,1,18,18,0,0,0.000000,nomatch
ed_046693,4,41,41,0,0,0.000000,nomatch
ed_046697,1,9,9,0,0,0.000000,nomatch
ed_046700,2,29,29,0,0,0.000000,nomatch
ed_046704,2,81,81,1,0,-0.229415,nonzero
ed_046707,4,73,73,1,0,0.114708,nonzero
ed_046710,5,40,40,1,0,-0.072232,nonzero
ed_046714,2,20,20,1,0,-0.229415,nonzero
ed_046718,1,4,4,1,0,-0.128037,nonzero
ed_046721,2,15,15,0,0,0.000000,nomatch
ed_046726,1,10,10,0,0,0.000000,nomatch
ed_046729,2,17,17,0,0,0.000000,nomatch
ed_046732,2,14,14,1,0,-0.180579,nonzero
ed_046735,2,14,14,1,0,-0.263371,nonzero
ed_046738,1,8,8,1,0,0.458831,nonzero
ed_046741,1,7,7,1,0,-0.458831,nonzero
ed_046744,3,23,23,0,0,0.000000,nomatch
ed_046747,2,26,26,0,0,0.000000,nomatch
ed_046750,2,21,21,0,0,0.000000,nomatch
ed_046753,2,20,20,2,0,-0.475683,nonzero
ed_046756,1,4,4,0,0,0.000000,nomatch
ed_046759,1,19,19,1,0,0.578947,nonzero
ed_046763,2,21,21,0,0,0.000000,nomatch
ed_046769,1,10,10,0,0,0.000000,nomatch
ed_046772,2,27,27,4,0,0.364515,nonzero
ed_046775,2,14,14,0,0,0.000000,nomatch
ed_046778,1,7,7,0,0,0.000000,nomatch
ed_046781,1,16,16,0,0,0.000000,nomatch
ed_046787,2,23,23,1,0,-0.229415,nonzero
ed_046794,1,7,7,0,0,0.000000,nomatch
ed_046801,1,10,10,0,0,0.000000,nomatch
ed_046804,2,28,28,0,0,0.000000,nomatch
ed_046807,1,7,7,0,0,0.000000,nomatch
ed_046810,3,30,30,0,0,0.000000,nomatch
ed_046814,2,41,41,2,0,-0.454165,nonzero
ed_046818,3,23,23,0,0,0.000000,nomatch
ed_046822,2,21,21,1,0,0.229415,nonzero
ed_046825,2,18,18,1,0,-0.229415,nonzero
ed_046828,1,9,9,0,0,0.000000,nomatch
ed_046831,1,7,7,0,0,0.000000,nomatch
ed_046834,1,9,9,1,0,0.458831,nonzero
ed_046837,2,31,31,0,0,0.000000,nomatch
ed_046841,2,36,36,1,0,-0.292941,nonzero
ed_046844,2,17,17,1,0,0.246957,nonzero
ed_046848,2,32,32,0,0,0.000000,nomatch
ed_046851,1,15,15,0,0,0.000000,nomatch
ed_046861,2,19,19,1,0,0.154685,nonzero
ed_046864,3,19,19,0,0,0.000000,nomatch
ed_046867,1,7,7,1,0,-0.458831,nonzero
ed_046870,3,30,30,0,0,0.000000,nomatch
ed_046874,1,16,16,0,0,0.000000,nomatch
ed_046879,3,39,39,3,0,0.056741,nonzero
ed_046882,1,24,24,0,0,0.000000,nomatch
ed_046886,3,28,28,0,0,0.000000,nomatch
ed_046890,1,7,7,0,0,0.000000,nomatch
ed_046893,1,8,8,1,0,0.458831,nonzero
ed_046896,2,15,15,0,0,0.000000,nomatch
ed_046899,2,38,38,0,0,0.000000,nomatch
ed_046902,2,26,26,0,0,0.000000,nomatch
ed_046905,2,45,45,1,0,-0.147979,nonzero
ed_046908,1,7,7,0,0,0.000000,nomatch
ed_046911,2,14,14,0,0,0.000000,nomatch
ed_046914,1,7,7,0,0,0.000000,nomatch
ed_046917,1,10,10,0,0,0.000000,nomatch
ed_046920,2,18,18,1,0,-0.064019,nonzero
ed_046923,2,14,14,0,0,0.000000,nomatch
ed_046927,2,48,48,3,0,-0.577349,nonzero
ed_046931,2,21,21,0,0,0.000000,nomatch
ed_046935,2,17,17,0,0,0.000000,nomatch
ed_046938,2,19,19,2,1,-0.198389,nonzero
ed_046941,3,57,57,1,0,-0.198012,nonzero
ed_046944,1,4,4,0,0,0.000000,nomatch
ed_046950,1,11,11,1,0,-0.361158,nonzero
ed_046953,2,20,20,0,1,-0.064019,nonzero
ed_046957,2,17,17,0,0,0.000000,nomatch
ed_046960,1,41,41,0,0,0.000000,nomatch
ed_046964,1,8,8,0,0,0.000000,nomatch
ed_046967,1,10,10,0,0,0.000000,nomatch
ed_046970,2,18,18,1,0,-0.064019,nonzero
ed_046973,2,26,26,0,0,0.000000,nomatch
ed_046977,2,17,17,0,0,0.000000,nomatch
ed_046980,2,13,13,1,0,0.289473,nonzero
ed_046984,1,11,11,1,0,0.458831,nonzero
ed_046987,3,48,48,0,0,0.000000,nomatch
ed_046992,1,15,15,0,0,0.000000,nomatch
ed_046996,1,10,10,0,0,0.000000,nomatch
ed_046999,1,11,11,0,0,0.000000,nomatch
ed_047002,1,13,13,1,0,-0.361158,nonzero
ed_047005,2,24,24,1,0,0.101144,nonzero
ed_047008,1,6,6,0,0,0.000000,nomatch
ed_047011,1,13,13,0,0,0.000000,nomatch
ed_047014,1,9,9,0,0,0.000000,nomatch
ed_047017,3,26,26,1,0,0.175581,nonzero
ed_047020,2,9,9,0,0,0.000000,nomatch
ed_047023,1,12,12,0,0,0.000000,nomatch
ed_047027,2,28,28,1,0,0.125000,nonzero
ed_047030,3,40,40,0,0,0.000000,nomatch
ed_047033,1,13,13,0,0,0.000000,nomatch
ed_047036,3,27,27,1,0,-0.175581,nonzero
ed_047039,2,31,31,1,0,-0.180579,nonzero
ed_047042,2,20,20,1,0,-0.180579,nonzero
ed_047045,2,10,10,0,0,0.000000,nomatch
ed_047048,1,10,10,0,0,0.000000,nomatch
ed_047051,1,9,9,0,0,0.000000,nomatch
ed_047054,1,9,9,0,0,0.000000,nomatch
ed_047057,1,12,12,0,0,0.000000,nomatch
ed_047060,1,15,15,0,0,0.000000,nomatch
ed_047063,1,7,7,0,0,0.000000,nomatch
ed_047066,2,11,11,0,0,0.000000,nomatch
ed_047069,2,17,17,1,0,-0.130831,nonzero
ed_047074,1,13,13,0,0,0.000000,nomatch
ed_047077,1,15,15,0,0,0.000000,nomatch
ed_047080,2,16,16,1,0,0.180579,nonzero
ed_047084,2,22,22,1,0,0.222544,nonzero
ed_047087,1,5,5,1,0,0.361158,nonzero
ed_047090,2,19,19,0,0,0.000000,nomatch
ed_047093,1,8,8,0,0,0.000000,nomatch
ed_047096,2,12,12,1,0,-0.251165,nonzero
ed_047099,2,21,21,0,0,0.000000,nomatch
ed_047102,2,15,15,1,0,0.125000,nonzero
ed_047105,1,10,10,0,0,0.000000,nomatch
ed_047108,1,8,8,1,0,-0.361158,nonzero
ed_047111,2,21,21,0,0,0.000000,nomatch
ed_047114,2,24,24,0,0,0.000000,nomatch
ed_047118,2,17,17,0,0,0.000000,nomatch
ed_047121,1,9,9,0,0,0.000000,nomatch
ed_047124,1,18,18,0,0,0.000000,nomatch
ed_047127,2,13,13,0,0,0.000000,nomatch
ed_047130,2,24,24,0,0,0.000000,nomatch
ed_047133,1,27,27,0,0,0.000000,nomatch
ed_047140,1,5,5,0,0,0.000000,nomatch
ed_047143,2,17,17,0,0,0.000000,nomatch
ed_047147,1,5,5,0,0,0.000000,nomatch
ed_047150,1,18,18,1,0,0.153093,nonzero
ed_047153,2,18,18,0,0,0.000000,nomatch
ed_047156,2,21,21,0,0,0.000000,nomatch
ed_047159,2,14,14,1,0,0.263371,nonzero
ed_047162,2,17,17,0,0,0.000000,nomatch
ed_047165,2,25,25,1,0,-0.229415,nonzero
ed_047169,2,15,15,0,0,0.000000,nomatch
ed_047172,1,25,25,0,0,0.000000,nomatch
ed_047175,1,14,14,1,0,0.128037,nonzero
ed_047178,2,10,10,0,0,0.000000,nomatch
ed_047181,2,17,17,1,0,0.272689,nonzero
ed_047185,1,14,14,0,0,0.000000,nomatch
ed_047188,2,19,19,0,0,0.000000,nomatch
ed_047191,1,9,9,2,0,0.153093,nonzero
ed_047194,2,17,17,1,0,0.292941,nonzero
ed_047197,2,21,21,1,0,-0.180579,nonzero
ed_047200,2,16,16,0,0,0.000000,nomatch
ed_047203,2,19,19,0,0,0.000000,nomatch
ed_047206,2,19,19,1,0,0.297018,nonzero
ed_047210,2,37,37,0,0,0.000000,nomatch
ed_047213,2,28,28,0,0,0.000000,nomatch
ed_047216,4,55,55,0,0,0.000000,nomatch
ed_047220,2,19,19,0,0,0.000000,nomatch
ed_047223,3,37,37,3,0,0.379577,nonzero
ed_047226,3,19,19,1,0,0.120386,nonzero
ed_047229,4,38,38,2,0,0.079553,nonzero
ed_047232,1,8,8,1,0,0.421464,nonzero
ed_047235,4,56,56,0,0,0.000000,nomatch
ed_047238,1,17,17,0,0,0.000000,nomatch
ed_047241,3,54,54,1,0,0.152944,nonzero
ed_047244,3,47,47,3,0,-0.181986,nonzero
ed_047247,1,37,37,0,0,0.000000,nomatch
ed_047250,3,21,21,0,0,0.000000,nomatch
ed_047253,2,42,42,0,0,0.000000,nomatch
ed_047256,2,20,20,0,0,0.000000,nomatch
ed_047261,1,14,14,1,0,0.202289,nonzero
ed_047264,3,50,50,0,0,0.000000,nomatch
ed_047267,3,24,24,0,0,0.000000,nomatch
ed_047270,2,13,13,0,0,0.000000,nomatch
ed_047273,1,28,28,0,0,0.000000,nomatch
ed_047278,2,28,28,2,0,-0.030153,nonzero
ed_047281,1,16,16,0,0,0.000000,nomatch
ed_047284,3,41,41,0,0,0.000000,nomatch
ed_047287,1,14,14,1,0,0.202289,nonzero
ed_047290,1,10,10,0,0,0.000000,nomatch
ed_047293,1,26,26,0,0,0.000000,nomatch
ed_047296,3,21,21,1,0,-0.152944,nonzero
ed_047299,5,55,55,2,0,-0.214241,nonzero
ed_047302,1,11,11,1,0,-0.458831,nonzero
ed_047305,4,48,48,2,0,0.025795,nonzero
ed_047308,1,29,29,0,0,0.000000,nomatch
ed_047311,1,15,15,1,0,0.578947,nonzero
ed_047314,2,9,9,0,0,0.000000,nomatch
ed_047317,2,26,26,0,0,0.000000,nomatch
ed_047321,2,21,21,1,0,0.180579,nonzero
ed_047324,2,19,19,0,0,0.000000,nomatch
ed_047327,1,14,14,0,0,0.000000,nomatch
ed_047330,1,13,13,0,0,0.000000,nomatch
ed_047333,1,8,8,0,0,0.000000,nomatch
ed_047336,3,29,29,1,0,0.059286,nonzero
ed_047339,2,19,19,0,0,0.000000,nomatch
ed_047342,2,20,20,1,0,-0.180579,nonzero
ed_047345,1,10,10,0,0,0.000000,nomatch
ed_047348,2,16,16,1,1,0.229415,nonzero
ed_047351,3,27,27,0,0,0.000000,nomatch
ed_047354,3,30,30,0,0,0.000000,nomatch
ed_047358,2,17,17,0,0,0.000000,nomatch
ed_047361,1,11,11,0,0,0.000000,nomatch
ed_047364,2,28,28,0,0,0.000000,nomatch
ed_047367,1,12,12,0,0,0.000000,nomatch
ed_047370,2,13,13,0,0,0.000000,nomatch
ed_047374,1,12,12,0,0,0.000000,nomatch
ed_047377,3,26,26,2,0,-0.358925,nonzero
ed_047380,1,21,21,0,0,0.000000,nomatch
ed_047383,1,8,8,0,0,0.000000,nomatch
ed_047386,1,13,13,0,0,0.000000,nomatch
ed_047389,2,20,20,0,0,0.000000,nomatch
ed_047392,3,32,32,1,0,0.175581,nonzero
ed_047395,1,6,6,1,0,-0.361158,nonzero
ed_047398,1,10,10,0,0,0.000000,nomatch
ed_047401,2,27,27,1,0,0.246957,nonzero
ed_047406,2,19,19,0,0,0.000000,nomatch
ed_047409,3,32,32,2,0,-0.226941,nonzero
ed_047412,2,26,26,0,0,0.000000,nomatch
ed_047415,1,17,17,0,0,0.000000,nomatch
ed_047418,1,10,10,0,0,0.000000,nomatch
ed_047421,2,33,33,0,0,0.000000,nomatch
ed_047424,1,11,11,0,0,0.000000,nomatch
ed_047427,1,7,7,0,0,0.000000,nomatch
ed_047430,1,8,8,0,0,0.000000,nomatch
ed_047433,3,28,28,0,0,0.000000,nomatch
ed_047436,1,11,11,1,0,-0.612372,nonzero
ed_047439,2,24,24,1,0,-0.180579,nonzero
ed_047442,1,9,9,0,0,0.000000,nomatch
ed_047445,2,29,29,0,0,0.000000,nomatch
ed_047448,3,31,31,2,0,0.000000,cancel
ed_047451,2,24,24,0,0,0.000000,nomatch
ed_047454,1,15,15,1,0,-0.361158,nonzero
ed_047457,3,18,18,0,0,0.000000,nomatch
ed_047460,3,31,31,1,0,0.030001,nonzero
ed_047466,2,10,10,1,0,0.263371,nonzero
ed_047469,1,9,9,0,0,0.000000,nomatch
ed_047472,2,24,24,1,0,0.180579,nonzero
ed_047476,3,27,27,0,0,0.000000,nomatch
ed_047479,1,24,24,1,0,-0.361158,nonzero
ed_047482,2,20,20,0,0,0.000000,nomatch
ed_047485,2,28,28,2,0,-0.108385,nonzero
ed_047488,2,16,16,0,0,0.000000,nomatch
ed_047491,2,19,19,0,0,0.000000,nomatch
ed_047496,3,33,33,0,0,0.000000,nomatch
ed_047499,2,14,14,0,0,0.000000,nomatch
ed_047502,2,25,25,0,0,0.000000,nomatch
ed_047505,1,18,18,1,0,0.153093,nonzero
ed_047511,2,10,10,1,0,-0.082757,nonzero
ed_047514,2,23,23,0,0,0.000000,nomatch
ed_047517,3,29,29,0,0,0.000000,nomatch
ed_047520,1,14,14,0,0,0.000000,nomatch
ed_047523,2,24,24,0,0,0.000000,nomatch
ed_047526,1,9,9,0,0,0.000000,nomatch
ed_047529,2,25,25,0,0,0.000000,nomatch
ed_047532,1,10,10,0,0,0.000000,nomatch
ed_047536,3,27,27,0,0,0.000000,nomatch
ed_047539,3,28,28,0,0,0.000000,nomatch
ed_047542,2,12,12,0,0,0.000000,nomatch
ed_047546,2,21,21,1,0,-0.147979,nonzero
ed_047551,1,15,15,0,0,0.000000,nomatch
ed_047554,2,19,19,2,0,-0.105112,nonzero
ed_047557,3,31,31,0,0,0.000000,nomatch
ed_047560,2,11,11,1,0,-0.180579,nonzero
ed_047564,3,18,18,1,0,-0.042679,nonzero
ed_047567,2,14,14,0,0,0.000000,nomatch
ed_047570,2,18,18,1,0,0.263371,nonzero
ed_047573,3,27,27,0,0,0.000000,nomatch
ed_047576,1,14,14,0,0,0.000000,nomatch
ed_047579,2,13,13,0,1,-0.064019,nonzero
ed_047582,2,34,34,0,0,0.000000,nomatch
ed_047585,3,45,45,1,0,0.113317,nonzero
ed_047589,1,11,11,0,0,0.000000,nomatch
ed_047592,1,10,10,0,0,0.000000,nomatch
ed_047595,2,18,18,1,0,0.246957,nonzero
ed_047598,2,14,14,0,0,0.000000,nomatch
ed_047601,2,13,13,1,0,0.246957,nonzero
ed_047604,4,28,28,1,0,0.146471,nonzero
ed_047607,1,17,17,1,0,-0.090003,nonzero
ed_047610,3,27,27,1,0,0.120386,nonzero
ed_047613,1,18,18,0,0,0.000000,nomatch
ed_047616,2,16,16,0,0,0.000000,nomatch
ed_047619,3,24,24,0,0,0.000000,nomatch
ed_047622,2,11,11,1,0,-0.082757,nonzero
ed_047628,2,22,22,0,0,0.000000,nomatch
ed_047631,2,35,35,0,0,0.000000,nomatch
ed_047635,1,13,13,0,0,0.000000,nomatch
ed_047639,2,24,24,2,0,-0.440148,nonzero
ed_047642,1,15,15,1,0,-0.128037,nonzero
ed_047645,2,34,34,0,0,0.000000,nomatch
ed_047648,1,11,11,1,0,0.594036,nonzero
ed_047651,1,23,23,0,0,0.000000,nomatch
ed_047654,2,12,12,0,0,0.000000,nomatch
ed_047658,2,23,23,0,0,0.000000,nomatch
ed_047661,1,10,10,0,0,0.000000,nomatch
ed_047664,1,13,13,1,0,-0.476658,nonzero
ed_047668,1,11,11,0,0,0.000000,nomatch
ed_047671,1,33,33,0,0,0.000000,nomatch
ed_047674,1,12,12,0,0,0.000000,nomatch
ed_047677,1,8,8,1,0,0.542326,nonzero
ed_047680,1,10,10,0,0,0.000000,nomatch
ed_047683,3,20,20,0,0,0.000000,nomatch
ed_047686,3,23,23,1,0,-0.140488,nonzero
ed_047689,1,10,10,0,0,0.000000,nomatch
ed_047692,2,13,13,0,0,0.000000,nomatch
ed_047695,1,6,6,2,0,0.510607,nonzero
ed_047698,1,10,10,1,0,-0.476658,nonzero
ed_047702,2,14,14,1,0,-0.064019,nonzero
ed_047705,2,20,20,1,0,-0.180579,nonzero
ed_047708,3,20,20,0,0,0.000000,nomatch
ed_047711,1,13,13,1,0,0.128037,nonzero
ed_047714,2,37,37,1,0,0.229415,nonzero
ed_047717,3,22,22,0,0,0.000000,nomatch
ed_047720,2,19,19,0,0,0.000000,nomatch
ed_047723,2,23,23,2,0,0.250000,nonzero
ed_047728,1,8,8,1,0,-0.421464,nonzero
ed_047732,2,15,15,0,0,0.000000,nomatch
ed_047735,2,18,18,0,0,0.000000,nomatch
ed_047738,1,15,15,1,0,-0.476658,nonzero
ed_047742,2,19,19,0,0,0.000000,nomatch
ed_047745,2,20,20,1,0,-0.238329,nonzero
ed_047751,2,11,11,0,0,0.000000,nomatch
ed_047754,1,9,9,0,0,0.000000,nomatch
ed_047757,2,23,23,0,0,0.000000,nomatch
ed_047760,1,5,5,0,0,0.000000,nomatch
ed_047763,3,49,49,0,0,0.000000,nomatch
ed_047766,1,14,14,1,0,0.361158,nonzero
ed_047770,1,11,11,0,0,0.000000,nomatch
ed_047773,2,10,10,1,0,-0.278685,nonzero
ed_047776,2,20,20,0,0,0.000000,nomatch
ed_047779,2,26,26,1,0,0.180579,nonzero
ed_047782,2,25,25,0,0,0.000000,nomatch
ed_047785,1,19,19,0,0,0.000000,nomatch
ed_047789,1,15,15,1,0,-0.421464,nonzero
ed_047795,2,18,18,1,0,0.180579,nonzero
ed_047798,1,14,14,2,0,0.700349,nonzero
ed_047801,2,20,20,0,0,0.000000,nomatch
ed_047804,1,16,16,0,0,0.000000,nomatch
ed_047807,2,31,31,1,0,0.064019,nonzero
ed_047810,1,8,8,0,0,0.000000,nomatch
ed_047813,2,19,19,0,0,0.000000,nomatch
ed_047816,2,25,25,0,0,0.000000,nomatch
ed_047819,1,19,19,0,0,0.000000,nomatch
ed_047822,1,9,9,1,0,-0.361158,nonzero
ed_047826,2,25,25,1,0,-0.229415,nonzero
ed_047829,2,24,24,1,0,-0.180579,nonzero
ed_047833,2,11,11,0,0,0.000000,nomatch
ed_047836,2,18,18,1,0,-0.180579,nonzero
ed_047839,1,9,9,1,0,0.526742,nonzero
ed_047842,1,19,19,1,0,-0.493915,nonzero
ed_047845,1,9,9,0,0,0.000000,nomatch
ed_047848,1,21,21,1,0,0.250000,nonzero
ed_047851,1,19,19,0,0,0.000000,nomatch
ed_047855,1,26,26,0,0,0.000000,nomatch
ed_047858,2,19,19,0,0,0.000000,nomatch
ed_047861,1,11,11,1,0,-0.458831,nonzero
ed_047864,2,14,14,2,0,-0.443950,nonzero
ed_047867,2,16,16,0,0,0.000000,nomatch
ed_047870,1,13,13,1,0,-0.226348,nonzero
ed_047874,2,14,14,0,0,0.000000,nomatch
ed_047877,2,23,23,0,0,0.000000,nomatch
ed_047880,3,45,45,2,0,-0.260874,nonzero
ed_047883,1,7,7,2,0,-0.670478,nonzero
ed_047886,2,18,18,0,0,0.000000,nomatch
ed_047889,1,20,20,0,0,0.000000,nomatch
ed_047893,3,22,22,0,0,0.000000,nomatch
ed_047896,2,14,14,2,0,0.518120,nonzero
ed_047903,2,18,18,1,0,-0.229415,nonzero
ed_047909,2,41,41,1,0,0.180579,nonzero
ed_047912,2,13,13,1,0,-0.281620,nonzero
ed_047915,1,8,8,0,0,0.000000,nomatch
ed_047919,2,25,25,0,0,0.000000,nomatch
ed_047925,1,10,10,1,0,0.128037,nonzero
ed_047929,1,14,14,0,0,0.000000,nomatch
ed_047932,2,13,13,1,0,-0.210732,nonzero
ed_047935,4,57,57,0,0,0.000000,nomatch
ed_047941,2,11,11,0,0,0.000000,nomatch
ed_047944,2,20,20,0,0,0.000000,nomatch
ed_047947,3,33,33,0,0,0.000000,nomatch
ed_047950,2,26,26,0,0,0.000000,nomatch
ed_047953,1,10,10,1,0,-0.361158,nonzero
ed_047956,2,20,20,2,0,-0.165397,nonzero
ed_047959,1,16,16,0,0,0.000000,nomatch
ed_047963,1,11,11,1,0,-0.458831,nonzero
ed_047966,1,21,21,0,0,0.000000,nomatch
ed_047970,1,20,20,0,0,0.000000,nomatch
ed_047973,1,10,10,0,0,0.000000,nomatch
ed_047976,1,18,18,1,0,0.128037,nonzero
ed_047980,2,15,15,0,0,0.000000,nomatch
ed_047983,1,10,10,0,0,0.000000,nomatch
ed_047989,2,18,18,0,0,0.000000,nomatch
ed_047993,2,19,19,0,0,0.000000,nomatch
ed_047996,2,27,27,2,0,-0.070300,nonzero
ed_047999,1,6,6,0,0,0.000000,nomatch
ed_048002,2,18,18,0,0,0.000000,nomatch
ed_048005,2,17,17,1,1,0.142323,nonzero
ed_048009,3,26,26,0,0,0.000000,nomatch
ed_048012,1,8,8,0,0,0.000000,nomatch
ed_048015,2,15,15,1,0,0.180579,nonzero
ed_048018,1,9,9,1,0,-0.458831,nonzero
ed_048021,1,18,18,0,0,0.000000,nomatch
ed_048024,1,11,11,0,0,0.000000,nomatch
ed_048027,2,17,17,0,0,0.000000,nomatch
ed_048030,2,21,21,1,0,-0.082757,nonzero
ed_048033,2,16,16,0,0,0.000000,nomatch
ed_048036,1,13,13,1,0,-0.458831,nonzero
ed_048039,1,15,15,1,0,0.128037,nonzero
ed_048043,2,20,20,1,0,-0.224852,nonzero
ed_048046,1,10,10,0,0,0.000000,nomatch
ed_048049,1,15,15,0,0,0.000000,nomatch
ed_048052,2,12,12,2,0,0.101144,nonzero
ed_048055,1,20,20,1,0,-0.128037,nonzero
ed_048059,2,13,13,1,1,0.229415,nonzero
ed_048065,2,18,18,1,0,-0.113174,nonzero
ed_048068,2,22,22,0,0,0.000000,nomatch
ed_048071,2,20,20,0,0,0.000000,nomatch
ed_048077,3,27,27,0,0,0.000000,nomatch
ed_048080,2,17,17,1,0,-0.180579,nonzero
ed_048083,1,36,36,1,0,-0.655311,nonzero
ed_048086,1,10,10,1,0,0.458831,nonzero
ed_048089,2,20,20,1,0,0.229415,nonzero
ed_048092,1,18,18,0,0,0.000000,nomatch
ed_048095,2,23,23,0,0,0.000000,nomatch
ed_048098,2,14,14,0,0,0.000000,nomatch
ed_048101,2,28,28,1,0,0.180579,nonzero
ed_048104,2,16,16,1,0,-0.064019,nonzero
ed_048107,2,23,23,0,0,0.000000,nomatch
ed_048110,2,35,35,1,0,0.064019,nonzero
ed_048113,1,20,20,1,0,0.449704,nonzero
ed_048118,2,14,14,1,1,0.229415,nonzero
ed_048121,2,8,8,0,0,0.000000,nomatch
ed_048127,2,12,12,0,0,0.000000,nomatch
ed_048130,1,9,9,0,0,0.000000,nomatch
ed_048134,2,18,18,1,0,-0.327655,nonzero
ed_048137,2,15,15,1,1,0.229415,nonzero
ed_048140,1,16,16,1,0,-0.361158,nonzero
ed_048143,2,33,33,1,0,0.101144,nonzero
ed_048146,2,18,18,0,0,0.000000,nomatch
ed_048149,1,12,12,0,0,0.000000,nomatch
ed_048152,1,10,10,0,0,0.000000,nomatch
ed_048155,4,26,26,2,0,-0.064019,nonzero
ed_048158,2,21,21,0,0,0.000000,nomatch
ed_048161,1,8,8,0,0,0.000000,nomatch
ed_048164,2,15,15,0,0,0.000000,nomatch
ed_048170,2,18,18,0,0,0.000000,nomatch
ed_048173,1,15,15,0,0,0.000000,nomatch
ed_048176,1,12,12,0,0,0.000000,nomatch
ed_048179,2,29,29,0,0,0.000000,nomatch
ed_048182,2,15,15,0,0,0.000000,nomatch
ed_048189,2,18,18,2,0,-0.125000,nonzero
ed_048192,2,24,24,2,0,-0.068830,nonzero
ed_048195,2,18,18,0,0,0.000000,nomatch
ed_048198,2,10,10,0,0,0.000000,nomatch
ed_048201,2,27,27,0,0,0.000000,nomatch
ed_048204,1,6,6,0,0,0.000000,nomatch
ed_048207,2,24,24,1,0,-0.180579,nonzero
ed_048210,2,21,21,1,0,-0.263371,nonzero
ed_048213,1,11,11,0,0,0.000000,nomatch
ed_048216,3,22,22,0,0,0.000000,nomatch
ed_048219,1,9,9,1,0,0.202289,nonzero
ed_048222,2,24,24,0,0,0.000000,nomatch
ed_048225,2,17,17,0,0,0.000000,nomatch
ed_048228,1,13,13,0,0,0.000000,nomatch
ed_048231,1,18,18,0,0,0.000000,nomatch
ed_048235,3,61,61,0,0,0.000000,nomatch
ed_048238,2,16,16,0,0,0.000000,nomatch
ed_048241,1,4,4,0,0,0.000000,nomatch
ed_048244,2,15,15,0,0,0.000000,nomatch
ed_048247,1,8,8,2,0,-0.670478,nonzero
ed_048250,2,16,16,1,0,0.246957,nonzero
ed_048256,1,10,10,0,0,0.000000,nomatch
ed_048259,1,13,13,0,0,0.000000,nomatch
ed_048262,1,11,11,0,0,0.000000,nomatch
ed_048265,2,16,16,1,0,-0.243540,nonzero
ed_048268,1,9,9,0,0,0.000000,nomatch
ed_048271,1,23,23,0,0,0.000000,nomatch
ed_048274,2,18,18,0,0,0.000000,nomatch
ed_048280,1,16,16,0,0,0.000000,nomatch
ed_048283,2,16,16,1,0,0.210732,nonzero
ed_048286,2,15,15,0,0,0.000000,nomatch
ed_048289,1,6,6,1,0,-0.578947,nonzero
ed_048292,1,8,8,0,0,0.000000,nomatch
ed_048295,1,6,6,0,0,0.000000,nomatch
ed_048298,2,14,14,1,0,-0.064019,nonzero
ed_048301,1,6,6,1,0,0.361158,nonzero
ed_048304,1,36,36,0,1,-0.128037,nonzero
ed_048307,2,18,18,0,0,0.000000,nomatch
ed_048310,2,21,21,1,0,-0.130831,nonzero
ed_048313,2,15,15,0,0,0.000000,nomatch
ed_048316,1,14,14,0,0,0.000000,nomatch
ed_048320,1,17,17,0,0,0.000000,nomatch
ed_048323,1,11,11,0,0,0.000000,nomatch
ed_048326,2,15,15,0,0,0.000000,nomatch
ed_048332,1,11,11,0,0,0.000000,nomatch
ed_048335,1,15,15,0,0,0.000000,nomatch
ed_048338,1,14,14,0,0,0.000000,nomatch
ed_048341,1,19,19,0,0,0.000000,nomatch
ed_048344,2,20,20,1,0,0.271163,nonzero
ed_048347,2,15,15,1,0,-0.243540,nonzero
ed_048350,2,19,19,2,0,-0.274751,nonzero
ed_048353,1,13,13,0,0,0.000000,nomatch
ed_048356,2,21,21,0,1,-0.064019,nonzero
ed_048359,1,10,10,1,0,-0.361158,nonzero
ed_048362,1,17,17,0,1,-0.128037,nonzero
ed_048365,2,14,14,0,0,0.000000,nomatch
ed_048368,3,29,29,0,0,0.000000,nomatch
ed_048371,1,43,43,1,0,-0.458831,nonzero
ed_048375,2,12,12,0,0,0.000000,nomatch
ed_048378,1,8,8,1,0,0.361158,nonzero
ed_048381,1,8,8,0,0,0.000000,nomatch
ed_048384,1,15,15,0,0,0.000000,nomatch
ed_048387,2,18,18,1,0,-0.281620,nonzero
ed_048390,2,19,19,2,1,-0.029148,nonzero
ed_048396,1,7,7,0,0,0.000000,nomatch
ed_048399,2,23,23,0,0,0.000000,nomatch
ed_048402,1,23,23,0,0,0.000000,nomatch
ed_048405,2,19,19,0,0,0.000000,nomatch
ed_048408,3,50,50,0,0,0.000000,nomatch
ed_048411,1,14,14,0,0,0.000000,nomatch
ed_048414,1,14,14,1,0,-0.458831,nonzero
ed_048420,1,15,15,0,0,0.000000,nomatch
ed_048423,3,32,32,0,0,0.000000,nomatch
ed_048426,1,8,8,0,0,0.000000,nomatch
ed_048429,2,20,20,0,0,0.000000,nomatch
ed_048432,2,19,19,1,0,-0.327655,nonzero
ed_048435,2,16,16,0,0,0.000000,nomatch
ed_048438,2,8,8,1,0,-0.180579,nonzero
ed_048444,2,13,13,1,0,-0.147979,nonzero
ed_048447,1,20,20,0,0,0.000000,nomatch
ed_048450,1,35,35,3,0,-0.458831,nonzero
ed_048453,2,12,12,0,0,0.000000,nomatch
ed_048456,2,13,13,0,0,0.000000,nomatch
ed_048462,1,10,10,0,0,0.000000,nomatch
ed_048465,3,19,19,0,0,0.000000,nomatch
ed_048468,2,34,34,1,0,-0.210732,nonzero
ed_048471,1,12,12,0,0,0.000000,nomatch
ed_048475,2,16,16,0,0,0.000000,nomatch
ed_048478,2,14,14,0,0,0.000000,nomatch
ed_048481,2,14,14,0,0,0.000000,nomatch
ed_048485,2,17,17,0,0,0.000000,nomatch
ed_048488,2,16,16,1,0,-0.064019,nonzero
ed_048491,2,17,17,2,0,-0.128271,nonzero
ed_048494,2,22,22,1,0,-0.180579,nonzero
ed_048497,2,16,16,0,0,0.000000,nomatch
ed_048503,2,28,28,0,0,0.000000,nomatch
ed_048506,2,25,25,0,0,0.000000,nomatch
ed_048509,2,19,19,0,0,0.000000,nomatch
ed_048512,1,7,7,0,0,0.000000,nomatch
ed_048515,1,8,8,0,0,0.000000,nomatch
ed_048518,2,19,19,0,0,0.000000,nomatch
ed_048521,6,75,75,1,0,-0.070244,nonzero
ed_048525,1,18,18,0,0,0.000000,nomatch
ed_048529,2,23,23,0,0,0.000000,nomatch
ed_048533,1,13,13,1,0,0.526742,nonzero
ed_048536,1,23,23,0,0,0.000000,nomatch
ed_048539,2,11,11,0,0,0.000000,nomatch
ed_048542,2,15,15,0,0,0.000000,nomatch
ed_048545,1,28,28,0,0,0.000000,nomatch
ed_048548,2,16,16,0,0,0.000000,nomatch
ed_048551,1,8,8,0,0,0.000000,nomatch
ed_048555,1,18,18,0,0,0.000000,nomatch
ed_048558,3,15,15,0,0,0.000000,nomatch
ed_048561,2,23,23,1,0,-0.263371,nonzero
ed_048564,2,15,15,1,0,0.292941,nonzero
ed_048567,1,18,18,0,0,0.000000,nomatch
ed_048570,2,9,9,0,0,0.000000,nomatch
ed_048573,1,8,8,1,0,-0.361158,nonzero
ed_048576,2,16,16,0,0,0.000000,nomatch
ed_048579,3,38,38,0,0,0.000000,nomatch
ed_048582,2,14,14,1,0,-0.045001,nonzero
ed_048585,2,15,15,0,0,0.000000,nomatch
ed_048588,2,20,20,0,0,0.000000,nomatch
ed_048591,2,28,28,0,0,0.000000,nomatch
ed_048594,3,30,30,2,0,0.293432,nonzero
ed_048597,2,13,13,1,0,-0.342425,nonzero
ed_048600,1,14,14,0,0,0.000000,nomatch
ed_048603,2,20,20,0,0,0.000000,nomatch
ed_048606,2,13,13,1,0,-0.342425,nonzero
ed_048609,1,9,9,1,0,-0.526742,nonzero
ed_048612,1,11,11,0,0,0.000000,nomatch
ed_048615,2,12,12,0,0,0.000000,nomatch
ed_048618,1,13,13,1,1,0.458831,nonzero
ed_048621,2,17,17,0,0,0.000000,nomatch
ed_048624,2,16,16,0,0,0.000000,nomatch
ed_048627,2,18,18,0,0,0.000000,nomatch
ed_048630,2,16,16,0,0,0.000000,nomatch
ed_048633,2,20,20,0,0,0.000000,nomatch
ed_048636,2,17,17,1,0,-0.180579,nonzero
ed_048639,2,13,13,1,0,-0.210732,nonzero
ed_048642,2,13,13,1,0,0.180579,nonzero
ed_048646,3,18,18,1,0,0.164638,nonzero
ed_048650,1,8,8,0,0,0.000000,nomatch
ed_048653,3,22,22,1,0,-0.140488,nonzero
ed_048656,1,10,10,0,0,0.000000,nomatch
ed_048659,1,4,4,0,0,0.000000,nomatch
ed_048662,2,18,18,0,0,0.000000,nomatch
ed_048665,1,13,13,0,0,0.000000,nomatch
ed_048668,2,17,17,1,0,-0.147979,nonzero
ed_048671,2,15,15,1,0,0.229415,nonzero
ed_048674,2,21,21,1,0,-0.263371,nonzero
ed_048677,1,14,14,0,0,0.000000,nomatch
ed_048681,1,14,14,0,0,0.000000,nomatch
ed_048684,2,12,12,0,0,0.000000,nomatch
ed_048687,2,10,10,0,0,0.000000,nomatch
ed_048690,3,23,23,0,0,0.000000,nomatch
ed_048693,1,12,12,0,0,0.000000,nomatch
ed_048696,2,14,14,0,0,0.000000,nomatch
ed_048699,1,9,9,0,0,0.000000,nomatch
ed_048702,2,21,21,0,0,0.000000,nomatch
ed_048705,3,21,21,0,0,0.000000,nomatch
ed_048708,1,15,15,0,0,0.000000,nomatch
ed_048712,2,21,21,0,0,0.000000,nomatch
ed_048715,2,12,12,0,0,0.000000,nomatch
ed_048718,1,7,7,0,0,0.000000,nomatch
ed_048721,2,10,10,0,0,0.000000,nomatch
ed_048724,1,11,11,0,0,0.000000,nomatch
ed_048727,1,15,15,0,0,0.000000,nomatch
ed_048731,2,28,28,0,0,0.000000,nomatch
ed_048734,1,18,18,0,0,0.000000,nomatch
ed_048737,1,8,8,0,0,0.000000,nomatch
ed_048740,2,21,21,0,0,0.000000,nomatch
ed_048743,1,19,19,1,1,0.476658,nonzero
ed_048746,1,8,8,0,0,0.000000,nomatch
ed_048749,1,5,5,0,0,0.000000,nomatch
ed_048752,2,14,14,1,0,-0.263371,nonzero
ed_048755,3,33,33,0,0,0.000000,nomatch
ed_048759,1,13,13,0,0,0.000000,nomatch
ed_048762,2,12,12,1,0,-0.281620,nonzero
ed_048765,1,18,18,0,0,0.000000,nomatch
ed_048768,1,20,20,2,0,-0.612372,nonzero
ed_048771,3,25,25,0,0,0.000000,nomatch
ed_048774,1,9,9,0,0,0.000000,nomatch
ed_048777,2,26,26,0,0,0.000000,nomatch
ed_048780,1,18,18,0,0,0.000000,nomatch
ed_048784,2,15,15,1,0,-0.342425,nonzero
ed_048787,2,17,17,0,0,0.000000,nomatch
ed_048790,1,10,10,0,0,0.000000,nomatch
ed_048793,2,16,16,1,0,-0.210732,nonzero
ed_048796,2,35,35,0,0,0.000000,nomatch
ed_048799,1,8,8,0,0,0.000000,nomatch
ed_048805,2,18,18,0,0,0.000000,nomatch
ed_048808,1,8,8,2,0,-0.648557,nonzero
ed_048811,1,14,14,2,0,-0.735147,nonzero
ed_048814,2,17,17,1,0,-0.263371,nonzero
ed_048820,1,17,17,1,1,0.458831,nonzero
ed_048823,1,16,16,0,0,0.000000,nomatch
ed_048827,2,20,20,2,0,-0.128037,nonzero
ed_048836,2,16,16,0,0,0.000000,nomatch
ed_048839,2,23,23,0,0,0.000000,nomatch
ed_048842,1,13,13,1,0,-0.361158,nonzero
ed_048845,1,15,15,1,0,-0.295958,nonzero
ed_048849,2,15,15,0,0,0.000000,nomatch
ed_048852,1,14,14,0,0,0.000000,nomatch
ed_048858,1,13,13,1,0,-0.128037,nonzero
ed_048861,1,13,13,0,0,0.000000,nomatch
ed_048864,1,14,14,0,0,0.000000,nomatch
ed_048871,2,27,27,0,0,0.000000,nomatch
ed_048874,2,16,16,1,0,-0.210732,nonzero
ed_048877,1,9,9,0,0,0.000000,nomatch
ed_048881,1,12,12,1,0,-0.458831,nonzero
ed_048884,2,20,20,1,0,-0.113174,nonzero
ed_048888,2,9,9,0,0,0.000000,nomatch
ed_048891,1,9,9,0,0,0.000000,nomatch
ed_048894,2,17,17,0,0,0.000000,nomatch
ed_048897,2,14,14,0,0,0.000000,nomatch
ed_048900,2,16,16,0,0,0.000000,nomatch
ed_048903,1,8,8,1,0,-0.655311,nonzero
ed_048907,2,20,20,0,0,0.000000,nomatch
ed_048910,2,36,36,0,0,0.000000,nomatch
ed_048913,2,14,14,1,0,-0.180579,nonzero
ed_048916,2,11,11,0,0,0.000000,nomatch
ed_048919,2,20,20,0,0,0.000000,nomatch
ed_048922,2,12,12,0,0,0.000000,nomatch
ed_048925,3,38,38,0,0,0.000000,nomatch
ed_048928,1,14,14,0,0,0.000000,nomatch
ed_048932,2,10,10,0,0,0.000000,nomatch
ed_048935,2,20,20,0,0,0.000000,nomatch
ed_048938,1,11,11,1,0,-0.449704,nonzero
ed_048942,2,25,25,0,0,0.000000,nomatch
ed_048945,2,11,11,1,0,0.256122,nonzero
ed_048948,2,40,40,0,0,0.000000,nomatch
ed_048951,2,13,13,0,0,0.000000,nomatch
ed_048954,2,17,17,1,0,-0.263371,nonzero
ed_048957,2,26,26,2,0,-0.125607,nonzero
ed_048960,2,15,15,0,0,0.000000,nomatch
ed_048963,1,6,6,0,0,0.000000,nomatch
ed_048966,3,24,24,0,0,0.000000,nomatch
ed_048969,1,11,11,2,0,0.680823,nonzero
ed_048972,1,9,9,0,0,0.000000,nomatch
ed_048976,2,20,20,0,0,0.000000,nomatch
ed_048979,2,22,22,1,0,-0.263371,nonzero
ed_048982,3,26,26,0,0,0.000000,nomatch
ed_048985,1,11,11,0,0,0.000000,nomatch
ed_048988,1,11,11,1,0,-0.421464,nonzero
ed_048991,2,11,11,0,0,0.000000,nomatch
ed_048997,2,23,23,1,0,0.180579,nonzero
ed_049000,2,18,18,1,0,-0.263371,nonzero
ed_049003,2,12,12,1,0,-0.130831,nonzero
ed_049006,1,20,20,0,0,0.000000,nomatch
ed_049009,2,11,11,0,0,0.000000,nomatch
ed_049012,1,14,14,0,0,0.000000,nomatch
ed_049016,1,9,9,0,0,0.000000,nomatch
ed_049019,2,23,23,0,0,0.000000,nomatch
ed_049023,3,30,30,1,0,0.195294,nonzero
ed_049026,3,24,24,0,0,0.000000,nomatch
ed_049029,2,11,11,0,0,0.000000,nomatch
ed_049035,1,12,12,0,0,0.000000,nomatch
ed_049038,2,22,22,1,0,0.292941,nonzero
ed_049041,1,11,11,0,0,0.000000,nomatch
ed_049044,2,24,24,0,0,0.000000,nomatch
ed_049047,2,13,13,0,0,0.000000,nomatch
ed_049051,1,10,10,0,0,0.000000,nomatch
ed_049054,1,16,16,1,0,0.128037,nonzero
ed_049057,2,21,21,0,0,0.000000,nomatch
ed_049060,1,14,14,1,0,0.361158,nonzero
ed_049063,1,13,13,1,0,0.542326,nonzero
ed_049066,1,18,18,0,0,0.000000,nomatch
ed_049070,2,15,15,0,0,0.000000,nomatch
ed_049073,1,12,12,1,0,0.458831,nonzero
ed_049076,2,19,19,0,0,0.000000,nomatch
ed_049079,1,12,12,0,0,0.000000,nomatch
ed_049082,1,14,14,0,0,0.000000,nomatch
ed_049085,1,10,10,1,0,-0.655311,nonzero
ed_049088,1,10,10,0,0,0.000000,nomatch
ed_049091,2,13,13,1,0,-0.281620,nonzero
ed_049094,1,10,10,1,0,0.542326,nonzero
ed_049097,1,7,7,0,0,0.000000,nomatch
ed_049100,1,5,5,1,0,-0.678274,nonzero
ed_049103,2,29,29,0,0,0.000000,nomatch
ed_049106,1,10,10,0,0,0.000000,nomatch
ed_049109,2,29,29,0,0,0.000000,nomatch
ed_049112,1,15,15,0,0,0.000000,nomatch
ed_049115,1,20,20,0,0,0.000000,nomatch
ed_049118,1,4,4,0,0,0.000000,nomatch
ed_049121,1,12,12,1,0,-0.655311,nonzero
ed_049124,1,11,11,0,0,0.000000,nomatch
ed_049127,2,17,17,0,0,0.000000,nomatch
ed_049130,1,10,10,2,0,0.670478,nonzero
ed_049133,1,18,18,0,0,0.000000,nomatch
ed_049136,2,13,13,0,0,0.000000,nomatch
ed_049139,2,22,22,0,0,0.000000,nomatch
ed_049142,1,14,14,0,0,0.000000,nomatch
ed_049145,1,12,12,0,0,0.000000,nomatch
ed_049148,1,12,12,1,0,0.361158,nonzero
ed_049151,1,15,15,1,0,-0.361158,nonzero
ed_049154,2,13,13,0,0,0.000000,nomatch
ed_049157,1,13,13,0,0,0.000000,nomatch
ed_049160,2,11,11,0,0,0.000000,nomatch
ed_049163,1,12,12,1,0,-0.458831,nonzero
ed_049166,1,5,5,0,0,0.000000,nomatch
ed_049169,1,10,10,1,0,-0.128037,nonzero
ed_049172,1,4,4,0,0,0.000000,nomatch
ed_049175,1,15,15,0,0,0.000000,nomatch
ed_049178,1,11,11,0,0,0.000000,nomatch
ed_049181,1,13,13,1,0,-0.261663,nonzero
ed_049184,2,24,24,0,0,0.000000,nomatch
ed_049187,1,14,14,1,0,0.542326,nonzero
ed_049190,1,9,9,1,0,-0.361158,nonzero
ed_049193,2,43,43,2,0,-0.216457,nonzero
ed_049196,1,11,11,0,0,0.000000,nomatch
ed_049199,2,14,14,1,0,-0.327655,nonzero
ed_049202,2,11,11,0,0,0.000000,nomatch
ed_049205,1,7,7,0,0,0.000000,nomatch
ed_049208,1,12,12,0,0,0.000000,nomatch
ed_049211,3,29,29,0,0,0.000000,nomatch
ed_049214,1,24,24,2,0,0.670478,nonzero
ed_049217,1,11,11,0,0,0.000000,nomatch
ed_049220,2,26,26,0,0,0.000000,nomatch
ed_049223,2,31,31,1,0,-0.180579,nonzero
ed_049226,1,7,7,0,0,0.000000,nomatch
ed_049229,1,12,12,0,0,0.000000,nomatch
ed_049232,2,19,19,1,0,0.246957,nonzero
ed_049235,2,20,20,0,0,0.000000,nomatch
ed_049238,2,20,20,2,0,-0.316091,nonzero
ed_049241,1,7,7,0,0,0.000000,nomatch
ed_049244,1,10,10,0,0,0.000000,nomatch
ed_049247,1,10,10,0,0,0.000000,nomatch
ed_049250,2,16,16,0,0,0.000000,nomatch
ed_049253,1,11,11,1,0,-0.612372,nonzero
ed_049256,2,23,23,2,0,-0.578306,nonzero
ed_049259,1,10,10,0,0,0.000000,nomatch
ed_049262,2,20,20,0,0,0.000000,nomatch
ed_049266,2,14,14,0,0,0.000000,nomatch
ed_049269,2,21,21,0,0,0.000000,nomatch
ed_049272,3,28,28,2,0,0.207607,nonzero
ed_049275,3,25,25,1,0,-0.152944,nonzero
ed_049278,2,13,13,1,0,-0.327655,nonzero
ed_049281,1,4,4,0,0,0.000000,nomatch
ed_049284,1,7,7,0,0,0.000000,nomatch
ed_049287,2,16,16,0,0,0.000000,nomatch
ed_049290,2,13,13,0,0,0.000000,nomatch
ed_049294,1,12,12,0,0,0.000000,nomatch
ed_049297,2,20,20,1,0,0.101144,nonzero
ed_049300,2,21,21,0,0,0.000000,nomatch
ed_049303,2,16,16,0,0,0.000000,nomatch
ed_049306,1,14,14,0,0,0.000000,nomatch
ed_049309,1,5,5,0,0,0.000000,nomatch
ed_049312,1,15,15,1,0,0.250000,nonzero
ed_049315,1,7,7,0,0,0.000000,nomatch
ed_049318,2,18,18,0,0,0.000000,nomatch
ed_049321,1,9,9,0,0,0.000000,nomatch
ed_049324,2,15,15,0,0,0.000000,nomatch
ed_049327,2,13,13,0,0,0.000000,nomatch
ed_049330,2,12,12,0,0,0.000000,nomatch
ed_049333,2,24,24,0,0,0.000000,nomatch
ed_049336,2,15,15,1,0,-0.306186,nonzero
ed_049339,1,9,9,0,0,0.000000,nomatch
ed_049342,2,14,14,0,0,0.000000,nomatch
ed_049345,1,11,11,0,0,0.000000,nomatch
ed_049349,2,27,27,0,0,0.000000,nomatch
ed_049352,2,18,18,1,0,0.180579,nonzero
ed_049355,1,6,6,0,0,0.000000,nomatch
ed_049358,2,20,20,0,0,0.000000,nomatch
ed_049361,1,11,11,1,0,0.493915,nonzero
ed_049364,2,21,21,1,0,0.180579,nonzero
ed_049367,1,12,12,0,0,0.000000,nomatch
ed_049370,2,15,15,0,0,0.000000,nomatch
ed_049373,1,5,5,0,0,0.000000,nomatch
ed_049376,2,14,14,0,0,0.000000,nomatch
ed_049379,1,7,7,0,0,0.000000,nomatch
ed_049382,2,32,32,0,0,0.000000,nomatch
ed_049385,2,20,20,0,0,0.000000,nomatch
ed_049388,2,20,20,0,0,0.000000,nomatch
ed_049394,2,12,12,0,0,0.000000,nomatch
ed_049397,2,18,18,0,0,0.000000,nomatch
ed_049400,2,25,25,0,0,0.000000,nomatch
ed_049403,1,4,4,0,0,0.000000,nomatch
ed_049406,1,5,5,0,0,0.000000,nomatch
ed_049409,1,15,15,0,0,0.000000,nomatch
ed_049412,2,17,17,0,0,0.000000,nomatch
ed_049415,1,9,9,1,0,-0.458831,nonzero
ed_049418,2,13,13,1,0,-0.210732,nonzero
ed_049421,2,24,24,1,0,-0.374116,nonzero
ed_049424,1,31,31,0,0,0.000000,nomatch
ed_049428,3,19,19,1,0,-0.175581,nonzero
ed_049431,2,13,13,0,0,0.000000,nomatch
ed_049434,2,26,26,0,0,0.000000,nomatch
ed_049437,2,29,29,0,0,0.000000,nomatch
ed_049440,2,15,15,0,0,0.000000,nomatch
ed_049443,1,12,12,0,0,0.000000,nomatch
ed_049446,2,29,29,1,0,-0.258564,nonzero
ed_049449,1,11,11,0,0,0.000000,nomatch
ed_049452,1,25,25,0,0,0.000000,nomatch
ed_049456,2,26,26,2,0,0.016867,nonzero
ed_049462,1,6,6,0,0,0.000000,nomatch
ed_049465,1,18,18,0,0,0.000000,nomatch
ed_049468,2,23,23,0,0,0.000000,nomatch
ed_049471,2,22,22,0,0,0.000000,nomatch
ed_049475,2,10,10,0,0,0.000000,nomatch
ed_049478,2,32,32,1,0,-0.229415,nonzero
ed_049481,2,25,25,2,0,0.229415,nonzero
ed_049484,2,20,20,0,0,0.000000,nomatch
ed_049487,2,15,15,0,0,0.000000,nomatch
ed_049490,2,24,24,0,0,0.000000,nomatch
ed_049493,2,30,30,1,0,0.278685,nonzero
ed_049496,2,24,24,0,0,0.000000,nomatch
ed_049502,3,27,27,0,0,0.000000,nomatch
ed_049505,1,11,11,0,0,0.000000,nomatch
ed_049508,2,12,12,1,0,-0.278685,nonzero
ed_049511,2,10,10,0,0,0.000000,nomatch
ed_049514,2,15,15,0,0,0.000000,nomatch
ed_049517,2,23,23,0,0,0.000000,nomatch
ed_049520,3,28,28,1,0,-0.098653,nonzero
ed_049523,2,35,35,1,0,-0.374116,nonzero
ed_049526,1,9,9,1,0,-0.449704,nonzero
ed_049529,1,15,15,0,0,0.000000,nomatch
ed_049532,1,7,7,0,0,0.000000,nomatch
ed_049535,1,10,10,0,0,0.000000,nomatch
ed_049538,1,19,19,0,0,0.000000,nomatch
ed_049542,2,39,39,1,0,-0.180579,nonzero
ed_049545,2,13,13,0,0,0.000000,nomatch
ed_049548,1,6,6,0,0,0.000000,nomatch
ed_049551,1,13,13,0,0,0.000000,nomatch
ed_049554,2,29,29,0,0,0.000000,nomatch
ed_049557,2,22,22,0,0,0.000000,nomatch
ed_049560,2,28,28,1,0,0.180579,nonzero
ed_049563,1,8,8,0,0,0.000000,nomatch
ed_049566,1,14,14,0,0,0.000000,nomatch
ed_049569,1,23,23,1,0,0.361158,nonzero
ed_049572,1,10,10,0,0,0.000000,nomatch
ed_049575,1,10,10,1,0,0.202289,nonzero
ed_049578,1,7,7,0,0,0.000000,nomatch
ed_049581,2,23,23,0,0,0.000000,nomatch
ed_049584,2,29,29,2,0,-0.066379,nonzero
ed_049587,2,21,21,0,0,0.000000,nomatch
ed_049590,1,11,11,0,0,0.000000,nomatch
ed_049593,1,8,8,1,0,0.361158,nonzero
ed_049596,3,28,28,1,0,0.120386,nonzero
ed_049599,3,48,48,0,0,0.000000,nomatch
ed_049603,1,12,12,1,0,-0.361158,nonzero
ed_049606,1,8,8,0,0,0.000000,nomatch
ed_049609,1,7,7,0,0,0.000000,nomatch
ed_049613,1,11,11,0,0,0.000000,nomatch
ed_049616,2,31,31,1,0,-0.180579,nonzero
ed_049619,2,20,20,2,0,0.000000,cancel
ed_049622,1,7,7,0,0,0.000000,nomatch
ed_049625,1,7,7,0,0,0.000000,nomatch
ed_049628,1,10,10,0,0,0.000000,nomatch
ed_049631,2,18,18,1,0,0.278685,nonzero
ed_049635,2,31,31,0,0,0.000000,nomatch
ed_049638,1,10,10,1,0,-0.526742,nonzero
ed_049641,2,24,24,1,0,0.180579,nonzero
ed_049644,1,8,8,1,0,0.642809,nonzero
ed_049647,1,8,8,0,0,0.000000,nomatch
ed_049653,2,27,27,0,0,0.000000,nomatch
ed_049656,1,9,9,0,0,0.000000,nomatch
ed_049659,1,19,19,1,0,0.361158,nonzero
ed_049662,2,27,27,0,0,0.000000,nomatch
ed_049665,1,8,8,0,0,0.000000,nomatch
ed_049668,1,6,6,0,0,0.000000,nomatch
ed_049671,3,42,42,1,0,0.180775,nonzero
ed_049675,1,12,12,0,0,0.000000,nomatch
ed_049678,2,34,34,1,0,0.180579,nonzero
ed_049682,2,26,26,0,0,0.000000,nomatch
ed_049685,1,7,7,0,0,0.000000,nomatch
ed_049688,2,23,23,0,0,0.000000,nomatch
ed_049691,1,8,8,0,0,0.000000,nomatch
ed_049697,2,22,22,1,0,0.229415,nonzero
ed_049701,3,34,34,0,0,0.000000,nomatch
ed_049704,1,7,7,0,0,0.000000,nomatch
ed_049707,2,26,26,1,0,0.278685,nonzero
ed_049711,2,22,22,1,0,-0.306186,nonzero
ed_049714,1,16,16,0,0,0.000000,nomatch
ed_049717,2,25,25,1,0,0.229415,nonzero
ed_049720,1,9,9,0,0,0.000000,nomatch
ed_049723,1,8,8,1,0,-0.421464,nonzero
ed_049726,3,46,46,1,0,0.042679,nonzero
ed_049730,1,12,12,0,0,0.000000,nomatch
ed_049733,3,21,21,2,0,0.219909,nonzero
ed_049736,1,11,11,0,0,0.000000,nomatch
ed_049739,1,9,9,0,0,0.000000,nomatch
ed_049742,1,7,7,0,0,0.000000,nomatch
ed_049745,1,9,9,0,0,0.000000,nomatch
ed_049748,2,18,18,0,0,0.000000,nomatch
ed_049752,1,9,9,0,0,0.000000,nomatch
ed_049755,1,11,11,0,0,0.000000,nomatch
ed_049758,2,25,25,1,0,0.064019,nonzero
ed_049761,1,8,8,0,0,0.000000,nomatch
ed_049764,2,41,41,2,1,0.000000,cancel
ed_049768,1,15,15,0,0,0.000000,nomatch
ed_049771,2,26,26,0,0,0.000000,nomatch
ed_049774,1,13,13,0,0,0.000000,nomatch
ed_049777,3,30,30,0,0,0.000000,nomatch
ed_049780,1,6,6,0,0,0.000000,nomatch
ed_049783,2,25,25,0,0,0.000000,nomatch
ed_049786,1,6,6,0,0,0.000000,nomatch
ed_049790,1,13,13,0,0,0.000000,nomatch
ed_049793,1,5,5,0,0,0.000000,nomatch
ed_049796,1,7,7,0,0,0.000000,nomatch
ed_049800,2,21,21,0,0,0.000000,nomatch
ed_049803,1,5,5,0,0,0.000000,nomatch
ed_049806,3,29,29,1,0,0.120386,nonzero
ed_049809,1,18,18,0,0,0.000000,nomatch
ed_049815,2,17,17,0,0,0.000000,nomatch
ed_049818,2,24,24,0,0,0.000000,nomatch
ed_049821,1,11,11,0,0,0.000000,nomatch
ed_049825,2,14,14,1,0,-0.224852,nonzero
ed_049828,2,28,28,1,0,-0.229415,nonzero
ed_049831,1,20,20,1,0,-0.261663,nonzero
ed_049834,1,7,7,0,0,0.000000,nomatch
ed_049838,2,17,17,1,0,-0.195971,nonzero
ed_049841,3,56,56,0,0,0.000000,nomatch
ed_049844,1,48,48,1,0,0.128037,nonzero
ed_049851,2,27,27,0,0,0.000000,nomatch
ed_049855,1,28,28,0,0,0.000000,nomatch
ed_049862,1,19,19,0,0,0.000000,nomatch
ed_049865,2,15,15,2,1,0.409994,nonzero
ed_049868,2,18,18,0,0,0.000000,nomatch
ed_049871,2,16,16,0,0,0.000000,nomatch
ed_049875,2,20,20,1,0,0.180579,nonzero
ed_049878,1,17,17,0,0,0.000000,nomatch
ed_049881,1,22,22,0,0,0.000000,nomatch
ed_049885,1,28,28,1,0,-0.458831,nonzero
ed_049888,1,13,13,0,0,0.000000,nomatch
ed_049891,1,11,11,1,0,-0.361158,nonzero
ed_049895,2,22,22,0,0,0.000000,nomatch
ed_049898,2,31,31,0,0,0.000000,nomatch
ed_049902,4,37,37,1,0,0.032009,nonzero
ed_049905,1,22,22,0,0,0.000000,nomatch
ed_049908,2,25,25,1,1,-0.250829,nonzero
ed_049911,2,28,28,0,0,0.000000,nomatch
ed_049914,2,26,26,2,0,-0.367573,nonzero
ed_049917,2,33,33,1,0,0.229415,nonzero
ed_049920,3,40,40,2,0,0.226316,nonzero
ed_049923,2,24,24,0,0,0.000000,nomatch
ed_049926,2,16,16,0,0,0.000000,nomatch
ed_049929,2,20,20,1,0,0.064019,nonzero
ed_049932,2,22,22,1,0,0.180579,nonzero
ed_049935,2,15,15,1,0,-0.224852,nonzero
ed_049938,1,17,17,0,0,0.000000,nomatch
ed_049942,1,7,7,0,0,0.000000,nomatch
ed_049947,2,22,22,0,0,0.000000,nomatch
ed_049950,2,22,22,0,0,0.000000,nomatch
ed_049953,2,18,18,2,0,-0.121957,nonzero
ed_049956,1,13,13,0,0,0.000000,nomatch
ed_049960,2,12,12,0,0,0.000000,nomatch
ed_049964,2,22,22,0,0,0.000000,nomatch
ed_049967,2,18,18,1,0,-0.229415,nonzero
ed_049970,2,16,16,0,0,0.000000,nomatch
ed_049971,2,20,20,1,0,0.125000,nonzero
ed_049976,2,19,19,0,0,0.000000,nomatch
ed_049979,1,13,13,0,0,0.000000,nomatch
ed_049983,1,4,4,0,0,0.000000,nomatch
ed_049986,1,9,9,1,0,0.211959,nonzero
ed_049989,1,10,10,0,0,0.000000,nomatch
ed_049992,2,11,11,0,0,0.000000,nomatch
ed_049996,1,10,10,0,0,0.000000,nomatch
ed_049999,3,19,19,0,0,0.000000,nomatch
ed_050002,1,7,7,1,0,-0.250000,nonzero
ed_050005,2,22,22,1,0,-0.229415,nonzero
ed_050008,2,20,20,1,0,-0.180579,nonzero
ed_050011,1,13,13,0,0,0.000000,nomatch
ed_050014,2,22,22,2,0,0.451742,nonzero
ed_050017,1,7,7,0,0,0.000000,nomatch
ed_050020,4,41,41,0,0,0.000000,nomatch
ed_050025,2,15,15,0,0,0.000000,nomatch
ed_050029,2,22,22,1,0,0.229415,nonzero
ed_050032,2,18,18,1,0,0.125000,nonzero
ed_050035,1,7,7,0,0,0.000000,nomatch
ed_050039,1,11,11,0,0,0.000000,nomatch
ed_050042,1,73,73,2,0,-0.670478,nonzero
ed_050046,2,16,16,1,0,0.263371,nonzero
ed_050050,2,19,19,1,0,0.101144,nonzero
ed_050053,2,19,19,2,0,-0.229415,nonzero
ed_050056,2,24,24,0,0,0.000000,nomatch
ed_050059,2,38,38,2,0,-0.180579,nonzero
ed_050062,1,16,16,1,0,-0.655311,nonzero
ed_050065,2,21,21,0,0,0.000000,nomatch
ed_050068,1,13,13,0,0,0.000000,nomatch
ed_050072,2,14,14,0,0,0.000000,nomatch
ed_050076,2,25,25,1,0,0.198974,nonzero
ed_050079,1,11,11,0,0,0.000000,nomatch
ed_050082,3,36,36,0,0,0.000000,nomatch
ed_050085,2,16,16,1,0,-0.327655,nonzero
ed_050088,1,11,11,0,0,0.000000,nomatch
ed_050091,3,37,37,0,0,0.000000,nomatch
ed_050094,1,9,9,0,0,0.000000,nomatch
ed_050097,1,7,7,0,0,0.000000,nomatch
ed_050101,1,6,6,0,0,0.000000,nomatch
ed_050104,1,20,20,0,0,0.000000,nomatch
ed_050107,2,46,46,1,0,-0.229415,nonzero
ed_050110,3,24,24,1,0,0.120386,nonzero
ed_050113,1,12,12,0,0,0.000000,nomatch
ed_050116,1,25,25,0,0,0.000000,nomatch
ed_050119,1,31,31,1,0,-0.421464,nonzero
ed_050122,2,13,13,0,0,0.000000,nomatch
ed_050128,2,20,20,0,0,0.000000,nomatch
ed_050131,2,18,18,0,0,0.000000,nomatch
ed_050134,2,18,18,0,0,0.000000,nomatch
ed_050137,2,19,19,0,0,0.000000,nomatch
ed_050140,2,15,15,0,0,0.000000,nomatch
ed_050143,2,23,23,0,0,0.000000,nomatch
ed_050146,2,20,20,1,0,0.229415,nonzero
ed_050149,1,24,24,0,0,0.000000,nomatch
ed_050152,2,19,19,0,0,0.000000,nomatch
ed_050155,2,21,21,0,0,0.000000,nomatch
ed_050158,2,15,15,0,0,0.000000,nomatch
ed_050161,1,12,12,0,0,0.000000,nomatch
ed_050165,2,14,14,1,0,0.246957,nonzero
ed_050168,2,16,16,0,0,0.000000,nomatch
ed_050171,1,18,18,1,0,0.153093,nonzero
ed_050174,3,27,27,1,0,0.120386,nonzero
ed_050177,1,22,22,0,0,0.000000,nomatch
ed_050180,2,26,26,0,0,0.000000,nomatch
ed_050183,3,63,63,3,0,0.139212,nonzero
ed_050187,2,25,25,1,0,-0.327655,nonzero
ed_050190,3,25,25,1,0,-0.120386,nonzero
ed_050193,1,21,21,0,0,0.000000,nomatch
ed_050196,1,13,13,0,0,0.000000,nomatch
ed_050200,2,19,19,1,0,-0.082757,nonzero
ed_050203,3,21,21,1,0,-0.152944,nonzero
ed_050206,1,25,25,0,0,0.000000,nomatch
ed_050209,1,21,21,0,0,0.000000,nomatch
ed_050212,3,23,23,0,0,0.000000,nomatch
ed_050215,2,21,21,0,0,0.000000,nomatch
ed_050218,4,35,35,4,0,0.000000,cancel
ed_050221,1,13,13,0,0,0.000000,nomatch
ed_050228,2,21,21,1,0,-0.210732,nonzero
ed_050231,4,48,48,3,0,-0.028617,nonzero
ed_050234,2,20,20,0,0,0.000000,nomatch
ed_050237,2,21,21,0,0,0.000000,nomatch
ed_050240,2,24,24,2,0,-0.030153,nonzero
ed_050243,1,8,8,0,0,0.000000,nomatch
ed_050247,2,18,18,2,0,-0.552507,nonzero
ed_050250,2,16,16,0,0,0.000000,nomatch
ed_050254,2,18,18,1,0,0.263371,nonzero
ed_050257,1,14,14,0,0,0.000000,nomatch
ed_050261,2,29,29,0,0,0.000000,nomatch
ed_050264,2,27,27,0,0,0.000000,nomatch
ed_050267,2,22,22,0,0,0.000000,nomatch
ed_050270,2,21,21,1,0,-0.125000,nonzero
ed_050273,2,17,17,0,0,0.000000,nomatch
ed_050276,2,15,15,0,0,0.000000,nomatch
ed_050279,2,16,16,0,0,0.000000,nomatch
ed_050282,2,22,22,0,0,0.000000,nomatch
ed_050285,1,22,22,0,0,0.000000,nomatch
ed_050288,1,8,8,0,0,0.000000,nomatch
ed_050292,2,24,24,1,0,0.238329,nonzero
ed_050295,2,13,13,1,0,-0.229415,nonzero
ed_050298,1,18,18,0,0,0.000000,nomatch
ed_050301,2,22,22,0,0,0.000000,nomatch
ed_050304,1,15,15,0,0,0.000000,nomatch
ed_050308,2,24,24,1,0,0.229415,nonzero
ed_050311,3,19,19,0,0,0.000000,nomatch
ed_050315,1,17,17,1,0,0.458831,nonzero
ed_050318,2,18,18,0,0,0.000000,nomatch
ed_050321,2,17,17,0,0,0.000000,nomatch
ed_050324,2,16,16,0,0,0.000000,nomatch
ed_050327,1,10,10,0,0,0.000000,nomatch
ed_050330,2,34,34,1,0,0.271163,nonzero
ed_050333,5,54,54,1,0,0.052333,nonzero
ed_050336,2,19,19,0,0,0.000000,nomatch
ed_050339,2,13,13,0,0,0.000000,nomatch
ed_050342,1,14,14,0,0,0.000000,nomatch
ed_050345,2,20,20,1,0,-0.071552,nonzero
ed_050348,2,16,16,0,0,0.000000,nomatch
ed_050351,1,14,14,0,0,0.000000,nomatch
ed_050358,1,8,8,0,0,0.000000,nomatch
ed_050361,2,15,15,1,0,-0.064019,nonzero
ed_050364,1,9,9,0,0,0.000000,nomatch
ed_050367,3,65,65,2,0,-0.305887,nonzero
ed_050370,4,50,50,1,0,-0.162139,nonzero
ed_050373,4,66,66,0,0,0.000000,nomatch
ed_050376,1,7,7,0,0,0.000000,nomatch
ed_050379,1,20,20,0,0,0.000000,nomatch
ed_050382,1,13,13,0,0,0.000000,nomatch
ed_050385,1,18,18,0,0,0.000000,nomatch
ed_050388,2,24,24,1,0,-0.184744,nonzero
ed_050394,4,73,73,2,0,-0.258459,nonzero
ed_050398,3,23,23,0,0,0.000000,nomatch
ed_050401,1,13,13,0,0,0.000000,nomatch
ed_050404,2,19,19,1,0,-0.064019,nonzero
ed_050410,1,11,11,1,0,-0.361158,nonzero
ed_050413,2,30,30,2,0,-0.392263,nonzero
ed_050416,2,13,13,1,0,0.180579,nonzero
ed_050419,1,4,4,0,0,0.000000,nomatch
ed_050428,1,23,23,0,0,0.000000,nomatch
ed_050431,2,14,14,0,0,0.000000,nomatch
ed_050434,1,10,10,0,0,0.000000,nomatch
ed_050438,2,16,16,0,0,0.000000,nomatch
ed_050441,1,18,18,0,0,0.000000,nomatch
ed_050444,1,8,8,0,0,0.000000,nomatch
ed_050450,3,29,29,0,0,0.000000,nomatch
ed_050453,1,15,15,1,0,-0.128037,nonzero
ed_050456,1,11,11,0,0,0.000000,nomatch
ed_050459,2,14,14,2,0,-0.682435,nonzero
ed_050462,1,9,9,0,0,0.000000,nomatch
ed_050465,2,28,28,1,0,-0.180579,nonzero
ed_050468,1,6,6,1,0,-0.458831,nonzero
ed_050471,2,12,12,0,0,0.000000,nomatch
ed_050475,2,20,20,0,0,0.000000,nomatch
ed_050478,1,6,6,1,0,0.563239,nonzero
ed_050484,2,31,31,1,0,0.120295,nonzero
ed_050487,1,10,10,0,0,0.000000,nomatch
ed_050490,2,20,20,0,0,0.000000,nomatch
ed_050494,1,12,12,0,0,0.000000,nomatch
ed_050497,1,8,8,0,0,0.000000,nomatch
ed_050500,3,48,48,0,0,0.000000,nomatch
ed_050503,1,12,12,0,0,0.000000,nomatch
ed_050506,1,8,8,0,0,0.000000,nomatch
ed_050509,1,16,16,0,0,0.000000,nomatch
ed_050512,2,23,23,0,0,0.000000,nomatch
ed_050515,1,4,4,1,0,-0.458831,nonzero
ed_050518,1,15,15,0,0,0.000000,nomatch
ed_050521,2,19,19,0,0,0.000000,nomatch
ed_050524,1,15,15,0,0,0.000000,nomatch
ed_050528,1,7,7,0,0,0.000000,nomatch
ed_050532,2,14,14,0,0,0.000000,nomatch
ed_050535,1,10,10,1,0,-0.449704,nonzero
ed_050538,1,8,8,0,0,0.000000,nomatch
ed_050541,3,24,24,0,0,0.000000,nomatch
ed_050544,1,14,14,0,0,0.000000,nomatch
ed_050548,1,9,9,2,0,-0.775026,nonzero
ed_050551,1,6,6,0,0,0.000000,nomatch
ed_050554,1,14,14,1,0,0.458831,nonzero
ed_050557,4,47,47,3,0,-0.117294,nonzero
ed_050560,1,6,6,0,0,0.000000,nomatch
ed_050563,1,11,11,2,0,0.077228,nonzero
ed_050566,1,9,9,0,0,0.000000,nomatch
ed_050569,1,24,24,0,0,0.000000,nomatch
ed_050573,1,8,8,0,0,0.000000,nomatch
ed_050576,2,18,18,0,0,0.000000,nomatch
ed_050579,2,13,13,0,0,0.000000,nomatch
ed_050582,2,18,18,0,0,0.000000,nomatch
ed_050588,2,28,28,0,0,0.000000,nomatch
ed_050591,1,14,14,1,0,-0.612372,nonzero
ed_050597,2,21,21,0,0,0.000000,nomatch
ed_050601,2,14,14,0,0,0.000000,nomatch
ed_050604,2,23,23,0,0,0.000000,nomatch
ed_050607,1,13,13,0,0,0.000000,nomatch
ed_050610,1,23,23,0,0,0.000000,nomatch
ed_050614,2,32,32,0,0,0.000000,nomatch
ed_050617,2,29,29,0,0,0.000000,nomatch
ed_050620,1,5,5,0,0,0.000000,nomatch
ed_050623,2,22,22,1,0,-0.327655,nonzero
ed_050626,2,12,12,0,0,0.000000,nomatch
ed_050629,1,10,10,0,0,0.000000,nomatch
ed_050632,2,21,21,0,0,0.000000,nomatch
ed_050635,2,18,18,1,0,0.210732,nonzero
ed_050639,2,16,16,1,0,-0.113174,nonzero
ed_050642,1,6,6,0,0,0.000000,nomatch
ed_050645,2,16,16,0,0,0.000000,nomatch
ed_050648,2,29,29,0,0,0.000000,nomatch
ed_050651,1,28,28,0,0,0.000000,nomatch
ed_050654,2,16,16,1,0,0.246957,nonzero
ed_050657,3,34,34,0,0,0.000000,nomatch
ed_050660,2,10,10,1,0,-0.306186,nonzero
ed_050663,1,7,7,1,0,-0.361158,nonzero
ed_050666,1,12,12,0,0,0.000000,nomatch
ed_050669,3,24,24,0,0,0.000000,nomatch
ed_050672,1,6,6,0,0,0.000000,nomatch
ed_050675,1,7,7,0,0,0.000000,nomatch
ed_050678,3,22,22,0,0,0.000000,nomatch
ed_050681,2,20,20,2,0,-0.064019,nonzero
ed_050684,1,10,10,0,0,0.000000,nomatch
ed_050690,1,15,15,0,0,0.000000,nomatch
ed_050694,2,21,21,0,0,0.000000,nomatch
ed_050697,1,13,13,1,0,-0.449704,nonzero
ed_050703,2,19,19,1,0,0.272689,nonzero
ed_050706,2,19,19,1,1,0.229415,nonzero
ed_050710,3,26,26,1,0,0.204124,nonzero
ed_050713,1,14,14,0,0,0.000000,nomatch
ed_050716,3,24,24,0,0,0.000000,nomatch
ed_050719,1,22,22,0,0,0.000000,nomatch
ed_050722,1,18,18,1,0,-0.250000,nonzero
ed_050726,3,46,46,0,0,0.000000,nomatch
ed_050729,2,17,17,1,0,-0.180579,nonzero
ed_050733,2,28,28,0,0,0.000000,nomatch
ed_050736,2,13,13,1,0,0.180579,nonzero
ed_050739,3,35,35,1,0,0.042679,nonzero
ed_050742,1,15,15,0,0,0.000000,nomatch
ed_050745,2,19,19,0,0,0.000000,nomatch
ed_050749,2,24,24,0,0,0.000000,nomatch
ed_050752,1,10,10,0,0,0.000000,nomatch
ed_050756,2,22,22,1,0,-0.180579,nonzero
ed_050759,3,30,30,0,0,0.000000,nomatch
ed_050762,2,18,18,1,0,0.101144,nonzero
ed_050765,3,18,18,1,0,-0.228283,nonzero
ed_050768,3,34,34,0,0,0.000000,nomatch
ed_050771,1,12,12,0,0,0.000000,nomatch
ed_050775,2,24,24,0,0,0.000000,nomatch
ed_050778,4,61,61,1,0,0.050572,nonzero
ed_050781,2,23,23,0,0,0.000000,nomatch
ed_050785,2,14,14,0,0,0.000000,nomatch
ed_050788,1,19,19,1,0,-0.361158,nonzero
ed_050792,1,8,8,1,0,0.526742,nonzero
ed_050796,2,31,31,1,0,0.229415,nonzero
ed_050803,2,20,20,0,0,0.000000,nomatch
ed_050806,2,33,33,0,0,0.000000,nomatch
ed_050809,2,21,21,2,0,-0.409994,nonzero
ed_050812,1,25,25,1,0,0.361158,nonzero
ed_050815,2,18,18,1,0,-0.327655,nonzero
ed_050818,3,30,30,1,0,-0.120386,nonzero
ed_050822,2,17,17,1,0,0.289473,nonzero
ed_050825,2,20,20,0,0,0.000000,nomatch
ed_050828,2,43,43,0,0,0.000000,nomatch
ed_050831,3,28,28,0,0,0.000000,nomatch
ed_050834,2,50,50,3,1,-0.446562,nonzero
ed_050838,1,5,5,0,0,0.000000,nomatch
ed_050841,4,29,29,0,0,0.000000,nomatch
ed_050844,3,23,23,1,0,0.175581,nonzero
ed_050847,2,25,25,0,0,0.000000,nomatch
ed_050850,2,23,23,0,0,0.000000,nomatch
ed_050853,1,9,9,0,0,0.000000,nomatch
ed_050856,2,23,23,0,0,0.000000,nomatch
ed_050859,2,30,30,4,0,0.128037,nonzero
ed_050863,1,13,13,0,0,0.000000,nomatch
ed_050866,1,31,31,2,0,0.801996,nonzero
ed_050870,2,26,26,1,0,-0.210732,nonzero
ed_050874,2,26,26,1,0,0.229415,nonzero
ed_050877,2,16,16,0,0,0.000000,nomatch
ed_050880,1,32,32,2,0,0.542326,nonzero
ed_050883,1,10,10,0,0,0.000000,nomatch
ed_050886,3,25,25,0,0,0.000000,nomatch
ed_050889,3,24,24,0,0,0.000000,nomatch
ed_050892,3,29,29,1,0,0.042679,nonzero
ed_050896,1,43,43,3,0,-0.318211,nonzero
ed_050900,3,24,24,1,0,-0.218437,nonzero
ed_050903,2,18,18,0,0,0.000000,nomatch
ed_050906,2,30,30,0,0,0.000000,nomatch
ed_050909,1,11,11,0,0,0.000000,nomatch
ed_050912,1,42,42,0,0,0.000000,nomatch
ed_050915,4,46,46,0,0,0.000000,nomatch
ed_050918,1,17,17,1,0,0.526742,nonzero
ed_050921,2,18,18,2,0,0.165731,nonzero
ed_050924,2,19,19,2,0,-0.076547,nonzero
ed_050928,4,54,54,1,0,-0.114708,nonzero
ed_050931,1,16,16,0,0,0.000000,nomatch
ed_050934,1,23,23,1,0,0.493915,nonzero
ed_050937,2,20,20,0,0,0.000000,nomatch
ed_050940,2,37,37,0,0,0.000000,nomatch
ed_050943,2,21,21,0,0,0.000000,nomatch
ed_050946,3,24,24,1,0,-0.083333,nonzero
ed_050949,2,22,22,0,0,0.000000,nomatch
ed_050952,1,10,10,1,0,-0.128037,nonzero
ed_050955,2,38,38,1,0,0.229415,nonzero
ed_050958,3,65,65,0,0,0.000000,nomatch
ed_050964,1,7,7,0,0,0.000000,nomatch
ed_050967,1,23,23,1,0,-0.458831,nonzero
ed_050971,1,24,24,0,0,0.000000,nomatch
ed_050974,1,22,22,1,0,0.202289,nonzero
ed_050977,3,28,28,0,0,0.000000,nomatch
ed_050982,2,17,17,0,0,0.000000,nomatch
ed_050985,2,30,30,2,0,-0.359210,nonzero
ed_050988,1,10,10,0,0,0.000000,nomatch
ed_050991,3,41,41,0,0,0.000000,nomatch
ed_050995,2,24,24,0,0,0.000000,nomatch
ed_050998,2,10,10,1,0,-0.374116,nonzero
ed_051001,2,22,22,0,0,0.000000,nomatch
ed_051005,1,21,21,1,0,-0.421464,nonzero
ed_051008,2,27,27,0,0,0.000000,nomatch
ed_051011,3,19,19,0,0,0.000000,nomatch
ed_051014,1,15,15,0,0,0.000000,nomatch
ed_051017,2,21,21,0,0,0.000000,nomatch
ed_051020,2,14,14,1,0,-0.340411,nonzero
ed_051023,2,30,30,0,0,0.000000,nomatch
ed_051026,2,14,14,0,0,0.000000,nomatch
ed_051030,2,25,25,0,0,0.000000,nomatch
ed_051034,1,14,14,0,0,0.000000,nomatch
ed_051037,4,39,39,1,0,-0.139343,nonzero
ed_051040,2,15,15,1,0,0.263371,nonzero
ed_051044,2,21,21,0,0,0.000000,nomatch
ed_051047,2,37,37,2,0,-0.451595,nonzero
ed_051050,3,32,32,1,0,0.164638,nonzero
ed_051056,2,14,14,1,0,0.246957,nonzero
ed_051059,4,51,51,2,0,-0.064135,nonzero
ed_051062,3,18,18,0,0,0.000000,nomatch
ed_051065,1,8,8,0,0,0.000000,nomatch
ed_051068,3,22,22,0,0,0.000000,nomatch
ed_051071,2,7,7,0,0,0.000000,nomatch
ed_051074,1,21,21,1,0,-0.339950,nonzero
ed_051077,2,14,14,0,0,0.000000,nomatch
ed_051081,3,57,57,0,0,0.000000,nomatch
ed_051084,2,16,16,0,0,0.000000,nomatch
ed_051087,2,15,15,0,0,0.000000,nomatch
ed_051090,2,23,23,1,0,-0.180579,nonzero
ed_051093,2,20,20,0,0,0.000000,nomatch
ed_051096,1,11,11,0,0,0.000000,nomatch
ed_051100,1,6,6,0,0,0.000000,nomatch
ed_051103,2,18,18,1,0,-0.045001,nonzero
ed_051106,2,25,25,1,0,-0.180579,nonzero
ed_051109,1,6,6,1,0,-0.128037,nonzero
ed_051113,1,12,12,0,0,0.000000,nomatch
ed_051117,2,16,16,1,0,0.210732,nonzero
ed_051120,2,19,19,0,0,0.000000,nomatch
ed_051124,1,10,10,0,0,0.000000,nomatch
ed_051128,2,15,15,0,0,0.000000,nomatch
ed_051131,3,40,40,0,0,0.000000,nomatch
ed_051134,1,7,7,0,0,0.000000,nomatch
ed_051137,2,16,16,0,0,0.000000,nomatch
ed_051140,2,16,16,0,0,0.000000,nomatch
ed_051143,1,6,6,0,0,0.000000,nomatch
ed_051146,2,16,16,0,0,0.000000,nomatch
ed_051149,2,23,23,0,0,0.000000,nomatch
ed_051152,1,12,12,0,0,0.000000,nomatch
ed_051155,1,11,11,0,0,0.000000,nomatch
ed_051158,1,15,15,0,0,0.000000,nomatch
ed_051161,2,19,19,0,0,0.000000,nomatch
ed_051164,1,12,12,0,0,0.000000,nomatch
ed_051168,2,21,21,0,0,0.000000,nomatch
ed_051172,1,8,8,0,0,0.000000,nomatch
ed_051175,2,21,21,0,0,0.000000,nomatch
ed_051178,2,18,18,0,0,0.000000,nomatch
ed_051181,1,11,11,0,0,0.000000,nomatch
ed_051185,2,23,23,0,0,0.000000,nomatch
ed_051188,1,9,9,0,0,0.000000,nomatch
ed_051191,2,17,17,0,0,0.000000,nomatch
ed_051197,2,19,19,1,0,0.281620,nonzero
ed_051201,1,10,10,0,0,0.000000,nomatch
ed_051204,1,22,22,0,0,0.000000,nomatch
ed_051208,1,12,12,0,0,0.000000,nomatch
ed_051212,2,24,24,0,0,0.000000,nomatch
ed_051215,2,22,22,0,0,0.000000,nomatch
ed_051218,2,12,12,0,0,0.000000,nomatch
ed_051221,1,11,11,0,0,0.000000,nomatch
ed_051225,1,26,26,0,0,0.000000,nomatch
ed_051228,2,16,16,0,0,0.000000,nomatch
ed_051232,1,15,15,1,0,-0.526742,nonzero
ed_051235,2,20,20,1,0,0.210732,nonzero
ed_051239,2,21,21,1,0,-0.229415,nonzero
ed_051244,2,12,12,0,0,0.000000,nomatch
ed_051247,3,42,42,2,0,0.110109,nonzero
ed_051250,2,18,18,1,0,0.125000,nonzero
ed_051253,1,5,5,0,0,0.000000,nomatch
ed_051257,2,14,14,0,0,0.000000,nomatch
ed_051260,2,10,10,0,0,0.000000,nomatch
ed_051263,2,11,11,1,0,-0.064019,nonzero
ed_051267,2,13,13,0,0,0.000000,nomatch
ed_051270,2,17,17,0,0,0.000000,nomatch
ed_051273,1,11,11,1,0,0.526742,nonzero
ed_051277,2,27,27,0,0,0.000000,nomatch
ed_051280,1,15,15,1,0,0.361158,nonzero
ed_051283,1,24,24,0,0,0.000000,nomatch
ed_051288,3,14,14,0,0,0.000000,nomatch
ed_051294,2,11,11,0,0,0.000000,nomatch
ed_051297,2,16,16,1,0,0.278685,nonzero
ed_051300,1,8,8,1,0,-0.655311,nonzero
ed_051304,1,12,12,0,0,0.000000,nomatch
ed_051307,2,16,16,0,0,0.000000,nomatch
ed_051310,2,19,19,0,0,0.000000,nomatch
ed_051313,2,10,10,0,0,0.000000,nomatch
ed_051316,1,10,10,0,0,0.000000,nomatch
ed_051319,1,16,16,0,0,0.000000,nomatch
ed_051323,2,14,14,0,0,0.000000,nomatch
ed_051326,1,7,7,0,0,0.000000,nomatch
ed_051329,1,13,13,2,0,0.655311,nonzero
ed_051333,1,13,13,0,0,0.000000,nomatch
ed_051336,1,9,9,0,0,0.000000,nomatch
ed_051339,2,20,20,1,0,-0.229415,nonzero
ed_051342,3,28,28,2,0,0.285024,nonzero
ed_051345,2,13,13,0,0,0.000000,nomatch
ed_051348,2,19,19,0,0,0.000000,nomatch
ed_051351,2,11,11,0,0,0.000000,nomatch
ed_051354,2,21,21,0,0,0.000000,nomatch
ed_051357,2,26,26,1,0,-0.289473,nonzero
ed_051360,1,15,15,0,0,0.000000,nomatch
ed_051363,2,19,19,0,0,0.000000,nomatch
ed_051366,2,15,15,0,0,0.000000,nomatch
ed_051369,1,29,29,0,0,0.000000,nomatch
ed_051372,2,15,15,1,0,-0.064019,nonzero
ed_051375,3,23,23,0,0,0.000000,nomatch
ed_051378,2,14,14,1,0,-0.229415,nonzero
ed_051381,1,8,8,0,0,0.000000,nomatch
ed_051384,2,10,10,0,0,0.000000,nomatch
ed_051387,2,21,21,0,0,0.000000,nomatch
ed_051390,3,22,22,0,0,0.000000,nomatch
ed_051393,3,35,35,1,0,-0.083333,nonzero
ed_051397,1,17,17,0,0,0.000000,nomatch
ed_051400,2,13,13,0,0,0.000000,nomatch
ed_051403,1,9,9,1,0,-0.526742,nonzero
ed_051407,3,21,21,0,0,0.000000,nomatch
ed_051410,2,30,30,0,0,0.000000,nomatch
ed_051416,2,20,20,2,0,-0.165658,nonzero
ed_051419,2,21,21,2,0,0.455386,nonzero
ed_051422,2,15,15,0,0,0.000000,nomatch
ed_051425,2,14,14,1,0,-0.180579,nonzero
ed_051428,1,17,17,1,0,0.361158,nonzero
ed_051434,2,21,21,0,0,0.000000,nomatch
ed_051437,1,8,8,0,0,0.000000,nomatch
ed_051440,2,10,10,0,0,0.000000,nomatch
ed_051443,1,12,12,0,0,0.000000,nomatch
ed_051446,1,27,27,1,0,-0.361158,nonzero
ed_051449,2,21,21,0,0,0.000000,nomatch
ed_051452,2,18,18,0,0,0.000000,nomatch
ed_051455,2,14,14,0,0,0.000000,nomatch
ed_051458,2,37,37,1,0,0.101144,nonzero
ed_051461,3,30,30,1,0,0.180775,nonzero
ed_051464,2,24,24,1,0,-0.180579,nonzero
ed_051468,1,13,13,0,0,0.000000,nomatch
ed_051472,3,31,31,1,0,-0.059286,nonzero
ed_051475,2,40,40,2,0,0.229415,nonzero
ed_051478,1,5,5,1,0,-0.165514,nonzero
ed_051482,1,10,10,0,0,0.000000,nomatch
ed_051485,1,10,10,0,0,0.000000,nomatch
ed_051488,2,24,24,0,0,0.000000,nomatch
ed_051491,2,15,15,2,0,0.405431,nonzero
ed_051494,1,10,10,1,0,0.493915,nonzero
ed_051497,1,13,13,2,0,-0.670478,nonzero
ed_051500,1,11,11,1,0,0.361158,nonzero
ed_051503,2,17,17,0,0,0.000000,nomatch
ed_051506,1,8,8,0,0,0.000000,nomatch
ed_051509,1,12,12,0,0,0.000000,nomatch
ed_051512,1,17,17,0,0,0.000000,nomatch
ed_051515,2,21,21,0,0,0.000000,nomatch
ed_051518,2,42,42,1,0,-0.263371,nonzero
ed_051522,2,28,28,0,0,0.000000,nomatch
ed_051526,2,19,19,0,0,0.000000,nomatch
ed_051529,2,23,23,0,0,0.000000,nomatch
ed_051532,2,14,14,0,0,0.000000,nomatch
ed_051535,1,13,13,1,0,-0.361158,nonzero
ed_051542,3,24,24,0,0,0.000000,nomatch
ed_051545,2,19,19,1,0,0.263371,nonzero
ed_051549,2,25,25,1,0,-0.180579,nonzero
ed_051552,1,12,12,1,0,-0.361158,nonzero
ed_051555,1,7,7,0,0,0.000000,nomatch
ed_051558,1,10,10,0,0,0.000000,nomatch
ed_051561,2,12,12,0,0,0.000000,nomatch
ed_051565,2,13,13,0,0,0.000000,nomatch
ed_051568,1,14,14,1,0,0.493915,nonzero
ed_051572,1,11,11,1,0,0.526742,nonzero
ed_051576,1,20,20,1,0,-0.563239,nonzero
ed_051579,1,6,6,0,0,0.000000,nomatch
ed_051585,1,11,11,0,0,0.000000,nomatch
ed_051588,1,6,6,1,0,-0.578947,nonzero
ed_051591,2,12,12,0,0,0.000000,nomatch
ed_051595,3,20,20,1,0,-0.195294,nonzero
ed_051598,1,14,14,0,0,0.000000,nomatch
ed_051602,1,14,14,0,0,0.000000,nomatch
ed_051605,1,8,8,1,0,-0.709560,nonzero
ed_051608,2,15,15,0,0,0.000000,nomatch
ed_051614,1,32,32,0,0,0.000000,nomatch
ed_051617,1,4,4,0,0,0.000000,nomatch
ed_051621,2,27,27,0,0,0.000000,nomatch
ed_051624,1,8,8,1,0,0.458831,nonzero
ed_051627,1,15,15,1,0,0.493915,nonzero
ed_051630,1,11,11,1,0,-0.421464,nonzero
ed_051634,1,8,8,0,0,0.000000,nomatch
ed_051638,2,23,23,0,0,0.000000,nomatch
ed_051641,1,8,8,0,0,0.000000,nomatch
ed_051644,1,15,15,0,0,0.000000,nomatch
ed_051647,2,19,19,1,0,0.180579,nonzero
ed_051651,1,10,10,0,0,0.000000,nomatch
ed_051654,1,5,5,0,0,0.000000,nomatch
ed_051658,1,7,7,1,0,-0.361158,nonzero
ed_051661,3,41,41,2,0,0.000000,cancel
ed_051664,2,21,21,0,0,0.000000,nomatch
ed_051667,1,12,12,0,0,0.000000,nomatch
ed_051673,1,20,20,0,0,0.000000,nomatch
ed_051676,2,13,13,0,0,0.000000,nomatch
ed_051682,1,7,7,0,0,0.000000,nomatch
ed_051686,1,12,12,0,0,0.000000,nomatch
ed_051693,2,18,18,1,0,0.180579,nonzero
ed_051696,2,23,23,0,0,0.000000,nomatch
ed_051699,1,16,16,1,0,0.261663,nonzero
ed_051702,3,26,26,2,0,0.152944,nonzero
ed_051705,2,19,19,3,0,0.031811,nonzero
ed_051708,1,17,17,0,0,0.000000,nomatch
ed_051711,2,11,11,0,0,0.000000,nomatch
ed_051714,2,20,20,2,0,0.381792,nonzero
ed_051717,2,26,26,0,0,0.000000,nomatch
ed_051720,2,18,18,0,0,0.000000,nomatch
ed_051723,2,22,22,0,1,-0.064019,nonzero
ed_051726,1,8,8,0,0,0.000000,nomatch
ed_051729,2,20,20,0,0,0.000000,nomatch
ed_051732,2,20,20,0,0,0.000000,nomatch
ed_051736,2,16,16,0,0,0.000000,nomatch
ed_051739,2,18,18,4,0,0.630464,nonzero
ed_051746,2,16,16,1,0,0.125000,nonzero
ed_051749,2,17,17,0,0,0.000000,nomatch
ed_051752,2,27,27,1,0,0.101144,nonzero
ed_051755,2,12,12,0,0,0.000000,nomatch
ed_051758,1,11,11,2,0,0.318211,nonzero
ed_051761,2,31,31,3,0,0.458831,nonzero
ed_051764,2,14,14,0,0,0.000000,nomatch
ed_051767,2,32,32,0,0,0.000000,nomatch
ed_051770,1,28,28,2,1,0.585882,nonzero
ed_051773,2,15,15,0,0,0.000000,nomatch
ed_051776,1,16,16,0,0,0.000000,nomatch
ed_051779,2,12,12,0,0,0.000000,nomatch
ed_051782,1,8,8,0,0,0.000000,nomatch
ed_051786,2,16,16,1,0,-0.327655,nonzero
ed_051789,1,27,27,1,0,0.709560,nonzero
ed_051792,2,16,16,1,0,-0.327655,nonzero
ed_051795,2,6,6,0,0,0.000000,nomatch
ed_051799,2,14,14,1,0,-0.278685,nonzero
ed_051804,3,31,31,0,0,0.000000,nomatch
ed_051807,2,13,13,0,0,0.000000,nomatch
ed_051810,2,22,22,0,0,0.000000,nomatch
ed_051813,2,17,17,2,0,0.165163,nonzero
ed_051816,3,18,18,0,0,0.000000,nomatch
ed_051819,2,16,16,0,0,0.000000,nomatch
ed_051822,2,22,22,0,0,0.000000,nomatch
ed_051825,1,14,14,1,0,-0.655311,nonzero
ed_051828,1,17,17,0,0,0.000000,nomatch
ed_051831,1,11,11,1,0,-0.458831,nonzero
ed_051834,1,16,16,0,0,0.000000,nomatch
ed_051838,1,14,14,1,0,-0.655311,nonzero
ed_051841,2,38,38,1,0,0.101144,nonzero
ed_051844,1,14,14,1,0,-0.655311,nonzero
ed_051847,1,18,18,1,0,0.421464,nonzero
ed_051851,1,18,18,0,0,0.000000,nomatch
ed_051854,2,14,14,0,0,0.000000,nomatch
ed_051857,1,17,17,0,0,0.000000,nomatch
ed_051860,1,7,7,0,0,0.000000,nomatch
ed_051864,2,9,9,1,0,-0.180579,nonzero
ed_051867,2,17,17,1,0,0.210732,nonzero
ed_051870,2,16,16,0,0,0.000000,nomatch
ed_051873,2,16,16,0,0,0.000000,nomatch
ed_051877,2,11,11,0,0,0.000000,nomatch
ed_051883,2,16,16,0,0,0.000000,nomatch
ed_051886,2,12,12,2,0,-0.016784,nonzero
ed_051889,2,13,13,0,0,0.000000,nomatch
ed_051892,2,13,13,0,0,0.000000,nomatch
ed_051895,1,5,5,0,0,0.000000,nomatch
ed_051899,2,18,18,1,0,-0.210732,nonzero
ed_051902,1,18,18,0,0,0.000000,nomatch
ed_051905,2,16,16,0,0,0.000000,nomatch
ed_051908,2,16,16,0,0,0.000000,nomatch
ed_051912,2,17,17,1,0,-0.342425,nonzero
ed_051915,2,20,20,2,0,0.052639,nonzero
ed_051919,3,19,19,1,0,-0.120386,nonzero
ed_051922,2,10,10,0,0,0.000000,nomatch
ed_051926,1,25,25,0,0,0.000000,nomatch
ed_051930,2,17,17,1,0,-0.064019,nonzero
ed_051933,2,16,16,1,0,-0.180579,nonzero
ed_051936,2,18,18,1,1,0.242678,nonzero
ed_051939,2,14,14,0,0,0.000000,nomatch
ed_051942,2,24,24,1,0,0.306186,nonzero
ed_051945,2,18,18,0,0,0.000000,nomatch
ed_051948,2,11,11,1,0,0.229415,nonzero
ed_051951,1,15,15,0,0,0.000000,nomatch
ed_051955,2,22,22,0,0,0.000000,nomatch
ed_051958,2,25,25,3,0,0.164583,nonzero
ed_051961,1,18,18,1,0,-0.655311,nonzero
ed_051964,2,22,22,1,0,-0.224852,nonzero
ed_051967,1,7,7,0,0,0.000000,nomatch
ed_051971,2,14,14,0,0,0.000000,nomatch
ed_051974,2,20,20,0,0,0.000000,nomatch
ed_051977,2,28,28,1,0,0.130831,nonzero
ed_051980,2,14,14,0,0,0.000000,nomatch
ed_051984,2,13,13,0,0,0.000000,nomatch
ed_051987,2,15,15,0,0,0.000000,nomatch
ed_051990,2,15,15,0,0,0.000000,nomatch
ed_051996,2,14,14,1,0,-0.180579,nonzero
ed_051999,4,25,25,0,0,0.000000,nomatch
ed_052002,2,14,14,0,0,0.000000,nomatch
ed_052005,2,10,10,0,0,0.000000,nomatch
ed_052008,2,38,38,0,0,0.000000,nomatch
ed_052011,2,15,15,1,0,-0.243540,nonzero
ed_052014,2,20,20,0,0,0.000000,nomatch
ed_052018,2,13,13,1,0,-0.210732,nonzero
ed_052021,2,22,22,2,0,0.427536,nonzero
ed_052025,1,13,13,1,0,-0.361158,nonzero
ed_052028,2,18,18,0,0,0.000000,nomatch
ed_052032,2,14,14,0,0,0.000000,nomatch
ed_052035,1,8,8,1,0,0.493915,nonzero
ed_052038,1,8,8,0,0,0.000000,nomatch
ed_052041,2,14,14,0,0,0.000000,nomatch
ed_052044,2,12,12,0,0,0.000000,nomatch
ed_052047,2,12,12,0,0,0.000000,nomatch
ed_052050,1,5,5,0,0,0.000000,nomatch
ed_052056,3,40,40,0,0,0.000000,nomatch
ed_052059,2,22,22,1,0,-0.292941,nonzero
ed_052062,3,52,52,3,0,-0.089535,nonzero
ed_052066,2,16,16,0,0,0.000000,nomatch
ed_052070,2,8,8,0,0,0.000000,nomatch
ed_052073,2,12,12,1,0,0.210732,nonzero
ed_052076,2,16,16,0,0,0.000000,nomatch
ed_052079,2,16,16,0,0,0.000000,nomatch
ed_052082,2,15,15,0,0,0.000000,nomatch
ed_052085,2,19,19,0,0,0.000000,nomatch
ed_052088,1,12,12,2,0,0.670478,nonzero
ed_052091,1,8,8,1,0,-0.361158,nonzero
ed_052094,1,12,12,0,0,0.000000,nomatch
ed_052097,1,16,16,0,0,0.000000,nomatch
ed_052100,1,16,16,1,0,0.128037,nonzero
ed_052103,1,11,11,1,0,0.128037,nonzero
ed_052106,1,8,8,0,0,0.000000,nomatch
ed_052109,1,5,5,0,0,0.000000,nomatch
ed_052113,3,20,20,1,0,0.192982,nonzero
ed_052116,1,17,17,0,0,0.000000,nomatch
ed_052120,2,16,16,0,0,0.000000,nomatch
ed_052123,2,15,15,0,0,0.000000,nomatch
ed_052126,2,12,12,0,0,0.000000,nomatch
ed_052129,2,11,11,0,0,0.000000,nomatch
ed_052132,1,9,9,0,0,0.000000,nomatch
ed_052135,1,16,16,0,0,0.000000,nomatch
ed_052141,1,5,5,0,0,0.000000,nomatch
ed_052145,1,13,13,0,0,0.000000,nomatch
ed_052148,2,15,15,0,0,0.000000,nomatch
ed_052152,1,15,15,0,0,0.000000,nomatch
ed_052155,1,10,10,0,0,0.000000,nomatch
ed_052158,1,13,13,0,0,0.000000,nomatch
ed_052161,2,18,18,1,0,0.180579,nonzero
ed_052164,1,7,7,0,0,0.000000,nomatch
ed_052167,2,14,14,0,0,0.000000,nomatch
ed_052170,2,30,30,0,0,0.000000,nomatch
ed_052173,1,9,9,1,0,-0.348498,nonzero
ed_052177,1,13,13,1,0,-0.458831,nonzero
ed_052180,3,40,40,2,1,-0.112845,nonzero
ed_052184,2,8,8,1,0,0.263371,nonzero
ed_052187,2,16,16,0,0,0.000000,nomatch
ed_052190,1,11,11,0,0,0.000000,nomatch
ed_052193,2,17,17,0,0,0.000000,nomatch
ed_052197,1,14,14,0,0,0.000000,nomatch
ed_052200,1,10,10,0,0,0.000000,nomatch
ed_052203,2,12,12,0,0,0.000000,nomatch
ed_052206,1,7,7,0,0,0.000000,nomatch
ed_052210,2,29,29,2,0,-0.335239,nonzero
ed_052213,1,9,9,1,0,-0.458831,nonzero
ed_052219,2,12,12,0,0,0.000000,nomatch
ed_052222,1,7,7,0,0,0.000000,nomatch
ed_052225,3,44,44,1,0,0.067430,nonzero
ed_052228,1,10,10,0,0,0.000000,nomatch
ed_052231,1,10,10,0,0,0.000000,nomatch
ed_052237,1,7,7,0,0,0.000000,nomatch
ed_052241,2,16,16,0,0,0.000000,nomatch
ed_052244,2,18,18,0,0,0.000000,nomatch
ed_052247,2,18,18,0,0,0.000000,nomatch
ed_052250,2,12,12,0,0,0.000000,nomatch
ed_052253,2,10,10,0,0,0.000000,nomatch
ed_052256,1,9,9,0,0,0.000000,nomatch
ed_052259,2,15,15,0,0,0.000000,nomatch
ed_052262,3,45,45,0,0,0.000000,nomatch
ed_052265,2,12,12,0,0,0.000000,nomatch
ed_052269,2,28,28,0,0,0.000000,nomatch
ed_052272,1,20,20,0,0,0.000000,nomatch
ed_052275,2,18,18,0,0,0.000000,nomatch
ed_052278,2,14,14,1,0,-0.229415,nonzero
ed_052281,1,12,12,0,0,0.000000,nomatch
ed_052286,2,11,11,1,0,0.180579,nonzero
ed_052290,1,10,10,0,0,0.000000,nomatch
ed_052294,2,12,12,0,0,0.000000,nomatch
ed_052297,2,15,15,1,0,0.064019,nonzero
ed_052300,2,25,25,0,0,0.000000,nomatch
ed_052303,1,11,11,0,0,0.000000,nomatch
ed_052306,2,15,15,0,0,0.000000,nomatch
ed_052309,1,15,15,0,0,0.000000,nomatch
ed_052312,2,14,14,0,0,0.000000,nomatch
ed_052315,1,8,8,0,0,0.000000,nomatch
ed_052318,2,37,37,1,0,0.064019,nonzero
ed_052321,2,12,12,1,0,0.064019,nonzero
ed_052324,1,8,8,0,0,0.000000,nomatch
ed_052328,1,14,14,1,0,-0.476658,nonzero
ed_052331,2,21,21,1,0,0.064019,nonzero
ed_052335,1,10,10,1,0,0.458831,nonzero
ed_052338,3,45,45,0,0,0.000000,nomatch
ed_052342,2,13,13,1,0,-0.289473,nonzero
ed_052345,2,36,36,0,0,0.000000,nomatch
ed_052348,1,15,15,0,0,0.000000,nomatch
ed_052351,1,15,15,0,0,0.000000,nomatch
ed_052354,1,10,10,0,0,0.000000,nomatch
ed_052357,2,16,16,1,0,-0.229415,nonzero
ed_052360,2,20,20,1,0,0.180579,nonzero
ed_052363,1,8,8,0,0,0.000000,nomatch
ed_052366,1,12,12,0,0,0.000000,nomatch
ed_052369,1,5,5,0,0,0.000000,nomatch
ed_052372,2,29,29,0,0,0.000000,nomatch
ed_052375,1,9,9,2,0,-0.648557,nonzero
ed_052378,1,9,9,1,0,0.250000,nonzero
ed_052381,2,16,16,0,0,0.000000,nomatch
ed_052384,1,9,9,1,0,-0.361158,nonzero
ed_052387,1,17,17,0,0,0.000000,nomatch
ed_052390,2,13,13,1,0,-0.210732,nonzero
ed_052393,1,14,14,1,0,0.361158,nonzero
ed_052396,2,17,17,1,0,-0.263371,nonzero
ed_052399,2,13,13,0,0,0.000000,nomatch
ed_052404,1,8,8,0,0,0.000000,nomatch
ed_052407,1,7,7,0,0,0.000000,nomatch
ed_052411,1,9,9,0,0,0.000000,nomatch
ed_052414,2,37,37,1,0,-0.238329,nonzero
ed_052417,2,12,12,0,0,0.000000,nomatch
ed_052420,2,16,16,0,0,0.000000,nomatch
ed_052423,1,9,9,2,0,-0.714034,nonzero
ed_052426,1,11,11,2,0,0.214367,nonzero
ed_052429,3,28,28,2,0,-0.163065,nonzero
ed_052432,1,10,10,0,0,0.000000,nomatch
ed_052435,1,9,9,1,0,0.458831,nonzero
ed_052438,1,9,9,0,0,0.000000,nomatch
ed_052441,1,12,12,1,0,0.493915,nonzero
ed_052444,1,14,14,0,0,0.000000,nomatch
ed_052447,1,14,14,1,0,-0.458831,nonzero
ed_052450,1,8,8,1,0,-0.361158,nonzero
ed_052453,1,13,13,0,0,0.000000,nomatch
ed_052456,2,12,12,0,0,0.000000,nomatch
ed_052459,1,11,11,0,0,0.000000,nomatch
ed_052462,2,8,8,0,0,0.000000,nomatch
ed_052465,3,26,26,0,0,0.000000,nomatch
ed_052468,1,13,13,1,0,0.128037,nonzero
ed_052472,2,19,19,1,0,0.278685,nonzero
ed_052475,4,19,19,1,0,-0.090289,nonzero
ed_052478,1,6,6,0,0,0.000000,nomatch
ed_052480,4,37,37,1,0,0.090289,nonzero
ed_052483,2,24,24,0,0,0.000000,nomatch
ed_052486,1,10,10,0,0,0.000000,nomatch
ed_052489,2,14,14,0,0,0.000000,nomatch
ed_052492,1,10,10,0,0,0.000000,nomatch
ed_052495,1,13,13,0,0,0.000000,nomatch
ed_052499,2,12,12,0,0,0.000000,nomatch
ed_052503,1,12,12,0,0,0.000000,nomatch
ed_052506,2,42,42,1,0,0.125000,nonzero
ed_052509,2,8,8,0,0,0.000000,nomatch
ed_052512,2,19,19,0,0,0.000000,nomatch
ed_052515,1,7,7,0,0,0.000000,nomatch
ed_052518,1,9,9,1,0,0.361158,nonzero
ed_052521,1,7,7,1,0,-0.655311,nonzero
ed_052525,2,28,28,0,0,0.000000,nomatch
ed_052528,2,20,20,1,0,-0.071552,nonzero
ed_052531,2,18,18,1,0,-0.263371,nonzero
ed_052534,2,13,13,1,0,-0.180579,nonzero
ed_052538,1,17,17,0,0,0.000000,nomatch
ed_052541,1,10,10,0,0,0.000000,nomatch
ed_052544,2,11,11,1,0,-0.210732,nonzero
ed_052547,1,15,15,1,0,-0.655311,nonzero
ed_052550,3,27,27,1,0,0.140488,nonzero
ed_052553,1,6,6,0,0,0.000000,nomatch
ed_052557,2,15,15,0,0,0.000000,nomatch
ed_052560,1,11,11,2,0,0.064416,nonzero
ed_052563,2,11,11,0,0,0.000000,nomatch
ed_052567,1,7,7,0,0,0.000000,nomatch
ed_052570,1,12,12,0,0,0.000000,nomatch
ed_052573,1,17,17,1,0,-0.493915,nonzero
ed_052576,1,10,10,0,0,0.000000,nomatch
ed_052579,3,30,30,0,0,0.000000,nomatch
ed_052582,3,26,26,1,0,-0.137255,nonzero
ed_052585,1,10,10,0,0,0.000000,nomatch
ed_052588,1,5,5,1,0,-0.165514,nonzero
ed_052592,2,11,11,0,0,0.000000,nomatch
ed_052595,1,10,10,0,0,0.000000,nomatch
ed_052598,2,31,31,1,0,-0.169975,nonzero
ed_052601,2,14,14,0,0,0.000000,nomatch
ed_052604,1,11,11,1,0,-0.458831,nonzero
ed_052607,2,29,29,0,0,0.000000,nomatch
ed_052610,2,17,17,1,1,0.242678,nonzero
ed_052613,2,11,11,0,0,0.000000,nomatch
ed_052616,1,16,16,0,0,0.000000,nomatch
ed_052619,3,24,24,0,0,0.000000,nomatch
ed_052622,2,27,27,0,0,0.000000,nomatch
ed_052625,2,35,35,0,0,0.000000,nomatch
ed_052632,2,13,13,0,0,0.000000,nomatch
ed_052635,2,49,49,1,1,0.116560,nonzero
ed_052638,2,8,8,1,0,-0.360592,nonzero
ed_052641,1,5,5,0,0,0.000000,nomatch
ed_052644,2,27,27,1,0,-0.229415,nonzero
ed_052647,2,18,18,1,0,0.224852,nonzero
ed_052650,2,12,12,0,0,0.000000,nomatch
ed_052653,3,28,28,0,0,0.000000,nomatch
ed_052656,1,18,18,0,0,0.000000,nomatch
ed_052659,3,22,22,1,0,-0.175581,nonzero
ed_052662,2,15,15,0,0,0.000000,nomatch
ed_052665,2,36,36,0,0,0.000000,nomatch
ed_052668,2,13,13,2,0,-0.335239,nonzero
ed_052674,2,21,21,1,0,-0.263371,nonzero
ed_052680,1,4,4,0,0,0.000000,nomatch
ed_052684,2,16,16,0,0,0.000000,nomatch
ed_052687,2,14,14,1,0,0.229415,nonzero
ed_052690,2,27,27,1,0,0.272689,nonzero
ed_052693,1,12,12,1,0,0.526742,nonzero
ed_052696,2,18,18,0,0,0.000000,nomatch
ed_052699,2,29,29,0,0,0.000000,nomatch
ed_052702,2,20,20,0,0,0.000000,nomatch
ed_052705,2,11,11,1,0,-0.289473,nonzero
ed_052708,2,17,17,2,0,-0.492787,nonzero
ed_052711,1,8,8,0,0,0.000000,nomatch
ed_052717,2,29,29,1,0,0.263371,nonzero
ed_052720,2,7,7,0,0,0.000000,nomatch
ed_052726,1,7,7,0,0,0.000000,nomatch
ed_052730,2,13,13,0,0,0.000000,nomatch
ed_052733,2,21,21,1,0,-0.180579,nonzero
ed_052736,1,16,16,1,0,0.361158,nonzero
ed_052739,2,14,14,0,0,0.000000,nomatch
ed_052742,1,9,9,0,0,0.000000,nomatch
ed_052746,2,12,12,0,0,0.000000,nomatch
ed_052749,2,14,14,0,0,0.000000,nomatch
ed_052752,2,14,14,1,0,-0.324279,nonzero
ed_052755,2,34,34,0,0,0.000000,nomatch
ed_052758,1,5,5,0,0,0.000000,nomatch
ed_052762,2,19,19,0,0,0.000000,nomatch
ed_052765,2,13,13,1,0,0.229415,nonzero
ed_052768,1,10,10,0,0,0.000000,nomatch
ed_052771,2,19,19,1,0,-0.210732,nonzero
ed_052774,2,15,15,0,0,0.000000,nomatch
ed_052777,1,15,15,0,0,0.000000,nomatch
ed_052781,2,25,25,0,0,0.000000,nomatch
ed_052784,3,19,19,1,0,0.175581,nonzero
ed_052787,2,15,15,1,0,0.229415,nonzero
ed_052790,1,8,8,0,0,0.000000,nomatch
ed_052793,2,16,16,0,0,0.000000,nomatch
ed_052796,1,21,21,0,0,0.000000,nomatch
ed_052800,2,13,13,0,0,0.000000,nomatch
ed_052803,1,8,8,0,0,0.000000,nomatch
ed_052807,1,11,11,0,0,0.000000,nomatch
ed_052810,1,7,7,0,0,0.000000,nomatch
ed_052813,1,7,7,0,0,0.000000,nomatch
ed_052817,1,9,9,0,0,0.000000,nomatch
ed_052820,1,6,6,0,0,0.000000,nomatch
ed_052823,2,17,17,0,0,0.000000,nomatch
ed_052826,1,10,10,0,0,0.000000,nomatch
ed_052829,1,11,11,0,0,0.000000,nomatch
ed_052832,1,6,6,0,0,0.000000,nomatch
ed_052836,3,24,24,0,0,0.000000,nomatch
ed_052839,1,7,7,1,0,-0.361158,nonzero
ed_052842,2,24,24,0,0,0.000000,nomatch
ed_052845,2,11,11,1,0,0.246957,nonzero
ed_052848,1,7,7,0,0,0.000000,nomatch
ed_052851,2,17,17,1,0,-0.045001,nonzero
ed_052854,2,12,12,1,0,-0.064019,nonzero
ed_052857,1,16,16,0,0,0.000000,nomatch
ed_052861,2,11,11,0,0,0.000000,nomatch
ed_052864,1,4,4,0,0,0.000000,nomatch
ed_052868,1,8,8,0,0,0.000000,nomatch
ed_052871,3,23,23,0,0,0.000000,nomatch
ed_052875,1,8,8,0,0,0.000000,nomatch
ed_052878,1,8,8,0,0,0.000000,nomatch
ed_052881,2,13,13,2,0,-0.409994,nonzero
ed_052884,1,20,20,0,0,0.000000,nomatch
ed_052888,3,26,26,0,0,0.000000,nomatch
ed_052892,2,15,15,0,0,0.000000,nomatch
ed_052895,1,9,9,0,0,0.000000,nomatch
ed_052898,1,9,9,0,0,0.000000,nomatch
ed_052901,1,5,5,1,0,-0.655311,nonzero
ed_052905,1,14,14,0,0,0.000000,nomatch
ed_052908,2,19,19,1,0,-0.180579,nonzero
ed_052911,2,16,16,0,0,0.000000,nomatch
ed_052914,1,8,8,0,0,0.000000,nomatch
ed_052917,1,8,8,0,0,0.000000,nomatch
ed_052920,1,22,22,1,0,-0.261663,nonzero
ed_052924,1,8,8,0,0,0.000000,nomatch
ed_052927,1,10,10,0,0,0.000000,nomatch
ed_052931,2,11,11,0,0,0.000000,nomatch
ed_052934,1,18,18,2,0,-0.612372,nonzero
ed_052937,2,29,29,1,0,0.064019,nonzero
ed_052940,1,14,14,0,0,0.000000,nomatch
ed_052943,1,10,10,0,0,0.000000,nomatch
ed_052947,2,33,33,1,0,-0.064019,nonzero
ed_052952,1,34,34,0,0,0.000000,nomatch
ed_052956,3,31,31,0,0,0.000000,nomatch
ed_052959,2,19,19,0,0,0.000000,nomatch
ed_052962,4,33,33,0,0,0.000000,nomatch
ed_052967,3,55,55,0,0,0.000000,nomatch
ed_052972,2,26,26,0,0,0.000000,nomatch
ed_052976,1,29,29,0,0,0.000000,nomatch
ed_052981,2,25,25,0,0,0.000000,nomatch
ed_052984,2,23,23,0,0,0.000000,nomatch
ed_052987,3,32,32,1,0,0.120386,nonzero
ed_052990,2,26,26,0,0,0.000000,nomatch
ed_052993,1,12,12,1,0,-0.493915,nonzero
ed_052996,3,22,22,1,0,-0.158886,nonzero
ed_053001,2,25,25,1,0,0.281620,nonzero
ed_053005,3,20,20,0,0,0.000000,nomatch
ed_053008,1,12,12,0,0,0.000000,nomatch
ed_053012,2,22,22,1,0,-0.113174,nonzero
ed_053015,5,52,52,0,0,0.000000,nomatch
ed_053018,1,31,31,1,0,-0.361158,nonzero
ed_053021,2,25,25,0,0,0.000000,nomatch
ed_053025,2,25,25,0,0,0.000000,nomatch
ed_053028,3,27,27,0,0,0.000000,nomatch
ed_053031,3,40,40,0,0,0.000000,nomatch
ed_053034,2,34,34,3,0,0.391311,nonzero
ed_053037,1,15,15,1,0,0.261663,nonzero
ed_053041,1,22,22,1,0,0.542326,nonzero
ed_053044,2,33,33,1,0,-0.180579,nonzero
ed_053048,2,19,19,1,0,0.064019,nonzero
ed_053051,2,16,16,0,0,0.000000,nomatch
ed_053054,2,33,33,0,0,0.000000,nomatch
ed_053058,3,27,27,2,0,-0.393339,nonzero
ed_053061,1,25,25,0,1,-0.128037,nonzero
ed_053064,2,18,18,0,0,0.000000,nomatch
ed_053067,3,32,32,0,0,0.000000,nomatch
ed_053071,2,36,36,0,0,0.000000,nomatch
ed_053075,1,31,31,1,0,0.458831,nonzero
ed_053078,2,17,17,1,0,0.311213,nonzero
ed_053081,1,14,14,0,0,0.000000,nomatch
ed_053085,1,19,19,1,0,0.421464,nonzero
ed_053088,1,11,11,1,0,-0.261663,nonzero
ed_053091,1,25,25,1,0,0.458831,nonzero
ed_053094,3,37,37,0,0,0.000000,nomatch
ed_053098,2,18,18,1,0,-0.064019,nonzero
ed_053101,2,17,17,0,0,0.000000,nomatch
ed_053104,1,26,26,1,0,0.458831,nonzero
ed_053107,2,21,21,0,0,0.000000,nomatch
ed_053111,2,31,31,1,0,-0.180579,nonzero
ed_053115,1,37,37,0,0,0.000000,nomatch
ed_053119,3,40,40,2,0,0.138096,nonzero
ed_053123,1,15,15,0,0,0.000000,nomatch
ed_053126,2,25,25,1,0,0.101144,nonzero
ed_053130,2,20,20,0,0,0.000000,nomatch
ed_053134,3,32,32,0,0,0.000000,nomatch
ed_053138,3,33,33,2,1,0.273330,nonzero
ed_053141,1,26,26,1,1,0.000000,cancel
ed_053144,2,29,29,0,0,0.000000,nomatch
ed_053148,1,21,21,1,0,0.250000,nonzero
ed_053151,2,26,26,0,0,0.000000,nomatch
ed_053155,2,27,27,0,0,0.000000,nomatch
ed_053158,2,23,23,2,0,0.309346,nonzero
ed_053161,1,25,25,1,1,0.458831,nonzero
ed_053164,1,39,39,0,0,0.000000,nomatch
ed_053167,3,21,21,0,0,0.000000,nomatch
ed_053170,2,31,31,2,0,0.244597,nonzero
ed_053173,2,27,27,1,0,-0.180579,nonzero
ed_053176,2,30,30,0,0,0.000000,nomatch
ed_053179,2,19,19,0,0,0.000000,nomatch
ed_053182,2,22,22,1,0,0.292941,nonzero
ed_053185,2,17,17,1,0,0.229415,nonzero
ed_053188,2,22,22,1,0,0.064019,nonzero
ed_053191,3,28,28,3,0,0.103123,nonzero
ed_053194,1,17,17,2,0,0.000000,cancel
ed_053198,2,21,21,0,0,0.000000,nomatch
ed_053203,2,19,19,0,0,0.000000,nomatch
ed_053207,1,30,30,0,0,0.000000,nomatch
ed_053210,3,25,25,0,0,0.000000,nomatch
ed_053213,1,13,13,0,0,0.000000,nomatch
ed_053216,2,19,19,1,0,-0.289473,nonzero
ed_053222,1,13,13,0,0,0.000000,nomatch
ed_053229,2,13,13,2,0,0.207144,nonzero
ed_053233,2,28,28,0,0,0.000000,nomatch
ed_053237,2,19,19,0,0,0.000000,nomatch
ed_053240,1,8,8,1,0,-0.655311,nonzero
ed_053247,2,43,43,3,0,0.348766,nonzero
ed_053254,3,31,31,0,0,0.000000,nomatch
ed_053257,2,15,15,1,0,-0.289473,nonzero
ed_053261,3,37,37,0,0,0.000000,nomatch
ed_053265,2,16,16,1,0,-0.210732,nonzero
ed_053270,2,28,28,0,0,0.000000,nomatch
ed_053273,2,22,22,0,0,0.000000,nomatch
ed_053277,1,19,19,0,0,0.000000,nomatch
ed_053284,2,27,27,0,0,0.000000,nomatch
ed_053291,1,17,17,0,0,0.000000,nomatch
ed_053298,2,17,17,0,0,0.000000,nomatch
ed_053303,2,22,22,1,0,-0.180579,nonzero
ed_053307,2,22,22,1,0,0.224852,nonzero
ed_053311,1,12,12,1,0,-0.578947,nonzero
ed_053314,4,29,29,1,0,0.140810,nonzero
ed_053318,2,24,24,0,0,0.000000,nomatch
ed_053321,2,19,19,0,0,0.000000,nomatch
ed_053324,2,31,31,1,0,0.210732,nonzero
ed_053328,1,11,11,1,0,0.421464,nonzero
ed_053332,1,14,14,0,0,0.000000,nomatch
ed_053336,2,21,21,0,0,0.000000,nomatch
ed_053339,3,55,55,1,0,-0.120386,nonzero
ed_053342,2,16,16,0,0,0.000000,nomatch
ed_053346,2,26,26,1,0,0.000000,cancel
ed_053349,1,27,27,1,0,0.361158,nonzero
ed_053352,3,34,34,1,0,0.140488,nonzero
ed_053356,2,17,17,0,0,0.000000,nomatch
ed_053359,3,40,40,0,0,0.000000,nomatch
ed_053363,2,17,17,0,0,0.000000,nomatch
ed_053367,1,33,33,0,0,0.000000,nomatch
ed_053370,3,27,27,0,0,0.000000,nomatch
ed_053375,1,10,10,0,0,0.000000,nomatch
ed_053380,1,28,28,2,0,0.318211,nonzero
ed_053384,2,21,21,0,0,0.000000,nomatch
ed_053388,1,29,29,0,1,-0.128037,nonzero
ed_053391,1,15,15,0,0,0.000000,nomatch
ed_053395,2,31,31,0,0,0.000000,nomatch
ed_053399,2,27,27,1,0,0.180579,nonzero
ed_053402,2,27,27,1,0,-0.229415,nonzero
ed_053406,2,41,41,1,0,-0.292941,nonzero
ed_053409,3,18,18,0,0,0.000000,nomatch
ed_053413,2,33,33,1,0,0.064019,nonzero
ed_053416,2,36,36,2,0,-0.363473,nonzero
ed_053419,3,30,30,0,0,0.000000,nomatch
ed_053422,2,21,21,1,0,-0.064019,nonzero
ed_053426,2,21,21,0,0,0.000000,nomatch
ed_053430,1,20,20,0,0,0.000000,nomatch
ed_053433,2,21,21,0,0,0.000000,nomatch
ed_053436,2,25,25,1,0,0.271163,nonzero
ed_053443,1,21,21,0,0,0.000000,nomatch
ed_053446,1,21,21,1,0,-0.421464,nonzero
ed_053449,1,10,10,0,0,0.000000,nomatch
ed_053455,1,15,15,1,0,-0.526742,nonzero
ed_053458,2,20,20,1,0,0.064019,nonzero
ed_053462,2,14,14,2,0,0.051367,nonzero
ed_053469,2,27,27,0,0,0.000000,nomatch
ed_053476,1,13,13,0,0,0.000000,nomatch
ed_053479,2,11,11,1,0,0.272689,nonzero
ed_053483,2,43,43,1,0,-0.278685,nonzero
ed_053486,3,26,26,0,0,0.000000,nomatch
ed_053489,3,31,31,0,0,0.000000,nomatch
ed_053492,2,26,26,0,0,0.000000,nomatch
ed_053496,1,11,11,0,0,0.000000,nomatch
ed_053499,1,27,27,0,0,0.000000,nomatch
ed_053502,1,9,9,1,0,0.542326,nonzero
ed_053505,1,28,28,1,0,0.421464,nonzero
ed_053508,2,20,20,0,0,0.000000,nomatch
ed_053511,3,33,33,0,0,0.000000,nomatch
ed_053514,2,40,40,1,0,-0.292941,nonzero
ed_053517,1,6,6,0,0,0.000000,nomatch
ed_053520,2,21,21,2,0,0.088929,nonzero
ed_053523,1,12,12,1,0,-0.458831,nonzero
ed_053526,1,31,31,3,0,-0.867365,nonzero
ed_053530,1,12,12,0,0,0.000000,nomatch
ed_053535,3,26,26,0,0,0.000000,nomatch
ed_053538,2,20,20,1,1,-0.229415,nonzero
ed_053541,3,31,31,0,0,0.000000,nomatch
ed_053545,1,11,11,0,0,0.000000,nomatch
ed_053548,2,31,31,3,0,0.661936,nonzero
ed_053552,1,17,17,0,0,0.000000,nomatch
ed_053556,1,15,15,1,0,-0.655311,nonzero
ed_053559,3,37,37,0,0,0.000000,nomatch
ed_053563,2,30,30,1,0,0.180579,nonzero
ed_053566,3,22,22,0,0,0.000000,nomatch
ed_053570,1,19,19,0,0,0.000000,nomatch
ed_053573,1,27,27,1,0,0.458831,nonzero
ed_053577,1,8,8,0,0,0.000000,nomatch
ed_053580,2,14,14,0,0,0.000000,nomatch
ed_053583,3,44,44,1,0,-0.175581,nonzero
ed_053587,3,34,34,0,0,0.000000,nomatch
ed_053590,2,40,40,1,0,-0.180579,nonzero
ed_053594,1,10,10,0,0,0.000000,nomatch
ed_053597,5,71,71,0,0,0.000000,nomatch
ed_053603,1,13,13,0,0,0.000000,nomatch
ed_053606,4,23,23,2,0,0.255164,nonzero
ed_053609,2,15,15,2,0,-0.391311,nonzero
ed_053612,1,9,9,1,0,-0.449704,nonzero
ed_053616,1,12,12,0,0,0.000000,nomatch
ed_053619,2,17,17,1,0,-0.229415,nonzero
ed_053623,2,23,23,0,0,0.000000,nomatch
ed_053626,1,23,23,0,0,0.000000,nomatch
ed_053630,3,24,24,0,0,0.000000,nomatch
ed_053633,2,39,39,1,0,-0.169975,nonzero
ed_053638,1,9,9,0,0,0.000000,nomatch
ed_053641,2,35,35,2,0,-0.165397,nonzero
ed_053645,2,18,18,0,0,0.000000,nomatch
ed_053649,2,26,26,0,0,0.000000,nomatch
ed_053652,1,5,5,1,0,0.261663,nonzero
ed_053655,1,8,8,0,0,0.000000,nomatch
ed_053660,3,24,24,0,0,0.000000,nomatch
ed_053663,1,53,53,0,0,0.000000,nomatch
ed_053666,1,19,19,1,0,-0.684850,nonzero
ed_053669,2,23,23,1,0,-0.238329,nonzero
ed_053674,3,25,25,0,0,0.000000,nomatch
ed_053680,2,41,41,0,0,0.000000,nomatch
ed_053683,2,27,27,0,0,0.000000,nomatch
ed_053686,2,20,20,0,0,0.000000,nomatch
ed_053689,2,8,8,1,0,0.281620,nonzero
ed_053692,2,64,64,0,0,0.000000,nomatch
ed_053695,3,23,23,0,0,0.000000,nomatch
ed_053698,4,44,44,0,0,0.000000,nomatch
ed_053701,3,24,24,0,0,0.000000,nomatch
ed_053705,2,31,31,1,0,0.259533,nonzero
ed_053708,2,27,27,1,0,0.180579,nonzero
ed_053711,2,23,23,1,0,0.125000,nonzero
ed_053714,2,24,24,0,0,0.000000,nomatch
ed_053718,2,18,18,3,0,-0.553634,nonzero
ed_053721,2,24,24,0,0,0.000000,nomatch
ed_053724,2,11,11,0,0,0.000000,nomatch
ed_053727,2,13,13,0,0,0.000000,nomatch
ed_053731,2,11,11,1,0,0.210732,nonzero
ed_053734,2,16,16,0,0,0.000000,nomatch
ed_053737,2,17,17,1,0,0.210732,nonzero
ed_053740,2,24,24,0,0,0.000000,nomatch
ed_053743,2,17,17,0,0,0.000000,nomatch
ed_053746,3,18,18,1,0,-0.042679,nonzero
ed_053750,2,11,11,2,0,0.025785,nonzero
ed_053753,3,23,23,0,0,0.000000,nomatch
ed_053757,2,40,40,1,0,-0.243540,nonzero
ed_053760,2,43,43,0,0,0.000000,nomatch
ed_053763,4,29,29,0,0,0.000000,nomatch
ed_053768,2,24,24,3,0,0.355889,nonzero
ed_053771,4,56,56,1,0,0.032009,nonzero
ed_053774,3,24,24,0,0,0.000000,nomatch
ed_053782,1,11,11,1,0,0.445087,nonzero
ed_053785,2,52,52,1,0,-0.246957,nonzero
ed_053788,2,21,21,0,0,0.000000,nomatch
ed_053791,1,14,14,0,0,0.000000,nomatch
ed_053794,2,25,25,0,0,0.000000,nomatch
ed_053797,2,48,48,1,0,0.180579,nonzero
ed_053800,4,60,60,1,0,0.032009,nonzero
ed_053804,3,53,53,0,0,0.000000,nomatch
ed_053808,2,33,33,1,0,0.180579,nonzero
ed_053811,2,31,31,0,0,0.000000,nomatch
ed_053814,3,28,28,2,0,-0.020102,nonzero
ed_053817,2,24,24,0,0,0.000000,nomatch
ed_053820,2,43,43,0,0,0.000000,nomatch
ed_053823,1,7,7,0,0,0.000000,nomatch
ed_053826,2,20,20,0,0,0.000000,nomatch
ed_053829,2,20,20,0,0,0.000000,nomatch
ed_053832,2,17,17,0,0,0.000000,nomatch
ed_053835,1,15,15,1,0,-0.578947,nonzero
ed_053839,1,13,13,0,0,0.000000,nomatch
ed_053842,1,16,16,0,0,0.000000,nomatch
ed_053846,1,14,14,2,0,-0.718421,nonzero
ed_053849,4,60,60,2,0,0.127652,nonzero
ed_053852,1,13,13,1,0,0.493915,nonzero
ed_053857,1,10,10,1,0,-0.361158,nonzero
ed_053861,3,31,31,2,0,-0.150387,nonzero
ed_053865,1,21,21,0,0,0.000000,nomatch
ed_053869,1,17,17,0,0,0.000000,nomatch
ed_053872,2,19,19,1,0,-0.064019,nonzero
ed_053875,1,15,15,1,0,-0.458831,nonzero
ed_053880,2,21,21,0,0,0.000000,nomatch
ed_053884,1,12,12,2,0,-0.834603,nonzero
ed_053887,1,12,12,0,0,0.000000,nomatch
ed_053891,1,23,23,1,0,-0.421464,nonzero
ed_053894,1,16,16,0,0,0.000000,nomatch
ed_053897,1,7,7,0,0,0.000000,nomatch
ed_053901,1,59,59,0,0,0.000000,nomatch
ed_053904,2,25,25,0,0,0.000000,nomatch
ed_053907,1,12,12,1,0,0.526742,nonzero
ed_053910,2,29,29,0,0,0.000000,nomatch
ed_053914,1,8,8,1,1,0.458831,nonzero
ed_053917,2,21,21,1,0,-0.210732,nonzero
ed_053920,1,12,12,1,0,0.458831,nonzero
ed_053924,1,19,19,0,0,0.000000,nomatch
ed_053927,1,19,19,0,0,0.000000,nomatch
ed_053930,1,9,9,0,0,0.000000,nomatch
ed_053933,1,13,13,0,0,0.000000,nomatch
ed_053938,1,4,4,0,0,0.000000,nomatch
ed_053942,2,21,21,1,0,0.281620,nonzero
ed_053945,1,14,14,0,0,0.000000,nomatch
ed_053949,1,23,23,0,0,0.000000,nomatch
ed_053952,1,17,17,1,0,0.542326,nonzero
ed_053955,4,47,47,0,0,0.000000,nomatch
ed_053959,2,28,28,0,0,0.000000,nomatch
ed_053962,1,11,11,1,0,-0.476658,nonzero
ed_053965,1,12,12,1,0,0.361158,nonzero
ed_053968,2,30,30,0,0,0.000000,nomatch
ed_053971,1,8,8,1,0,-0.612372,nonzero
ed_053974,1,24,24,0,0,0.000000,nomatch
ed_053977,1,28,28,0,0,0.000000,nomatch
ed_053980,1,8,8,1,0,-0.421464,nonzero
ed_053983,1,5,5,1,0,-0.684850,nonzero
ed_053986,2,43,43,0,0,0.000000,nomatch
ed_053989,2,23,23,3,0,0.104415,nonzero
ed_053992,1,23,23,0,0,0.000000,nomatch
ed_053995,1,19,19,1,0,-0.487080,nonzero
ed_053998,1,10,10,1,0,0.526742,nonzero
ed_054001,2,29,29,0,0,0.000000,nomatch
ed_054004,1,16,16,0,0,0.000000,nomatch
ed_054007,5,64,64,0,0,0.000000,nomatch
ed_054011,1,11,11,1,0,-0.493915,nonzero
ed_054014,2,26,26,0,0,0.000000,nomatch
ed_054017,1,5,5,1,0,-0.684850,nonzero
ed_054020,1,15,15,0,0,0.000000,nomatch
ed_054023,1,14,14,0,0,0.000000,nomatch
ed_054026,1,13,13,0,0,0.000000,nomatch
ed_054029,2,26,26,0,0,0.000000,nomatch
ed_054032,1,24,24,0,0,0.000000,nomatch
ed_054035,1,14,14,1,0,0.250000,nonzero
ed_054038,1,16,16,0,0,0.000000,nomatch
ed_054041,1,11,11,0,0,0.000000,nomatch
ed_054044,1,15,15,1,0,0.458831,nonzero
ed_054047,2,40,40,0,0,0.000000,nomatch
ed_054050,2,17,17,3,0,0.606168,nonzero
ed_054053,2,22,22,0,0,0.000000,nomatch
ed_054057,2,41,41,1,0,0.229415,nonzero
ed_054061,1,14,14,0,0,0.000000,nomatch
ed_054064,1,22,22,0,0,0.000000,nomatch
ed_054066,1,12,12,1,0,0.361158,nonzero
ed_054069,4,50,50,0,0,0.000000,nomatch
ed_054072,3,45,45,1,0,-0.181793,nonzero
ed_054075,2,23,23,1,0,-0.342425,nonzero
ed_054079,3,18,18,1,0,0.152944,nonzero
ed_054083,1,18,18,0,0,0.000000,nomatch
ed_054086,2,22,22,0,0,0.000000,nomatch
ed_054089,4,50,50,2,0,0.122299,nonzero
ed_054093,2,21,21,0,0,0.000000,nomatch
ed_054098,3,45,45,1,0,0.042679,nonzero
ed_054101,1,17,17,0,0,0.000000,nomatch
ed_054104,4,60,60,2,0,0.083093,nonzero
ed_054107,3,30,30,1,0,-0.167444,nonzero
ed_054111,1,10,10,1,0,0.493915,nonzero
ed_054114,3,15,15,2,1,0.339661,nonzero
ed_054117,4,63,63,1,0,0.090289,nonzero
ed_054120,1,44,44,1,0,-0.578947,nonzero
ed_054123,3,17,17,0,0,0.000000,nomatch
ed_054126,1,11,11,0,0,0.000000,nomatch
ed_054129,3,47,47,1,0,-0.192982,nonzero
ed_054132,4,51,51,1,0,0.032009,nonzero
ed_054135,1,14,14,1,0,-0.458831,nonzero
ed_054138,1,25,25,0,0,0.000000,nomatch
ed_054141,1,7,7,1,0,0.128037,nonzero
ed_054146,3,20,20,1,0,-0.113317,nonzero
ed_054149,1,13,13,1,0,-0.563239,nonzero
ed_054152,2,21,21,0,0,0.000000,nomatch
ed_054155,2,14,14,0,0,0.000000,nomatch
ed_054158,1,6,6,1,0,0.458831,nonzero
ed_054161,1,18,18,2,0,-0.339950,nonzero
ed_054164,3,44,44,2,0,-0.046778,nonzero
ed_054167,1,22,22,0,0,0.000000,nomatch
ed_054171,3,27,27,0,0,0.000000,nomatch
ed_054175,1,7,7,2,0,0.557370,nonzero
ed_054178,3,45,45,0,0,0.000000,nomatch
ed_054181,1,13,13,0,0,0.000000,nomatch
ed_054184,1,17,17,1,0,0.458831,nonzero
ed_054187,1,33,33,1,0,0.458831,nonzero
ed_054190,2,34,34,0,0,0.000000,nomatch
ed_054193,1,25,25,1,0,0.361158,nonzero
ed_054197,2,30,30,0,0,0.000000,nomatch
ed_054200,1,33,33,1,0,0.361158,nonzero
ed_054204,1,11,11,0,0,0.000000,nomatch
ed_054207,3,38,38,0,0,0.000000,nomatch
ed_054210,2,23,23,0,0,0.000000,nomatch
ed_054216,1,19,19,0,0,0.000000,nomatch
ed_054220,2,36,36,0,0,0.000000,nomatch
ed_054223,1,15,15,0,0,0.000000,nomatch
ed_054226,1,17,17,0,0,0.000000,nomatch
ed_054232,1,4,4,1,0,-0.361158,nonzero
ed_054235,1,13,13,0,0,0.000000,nomatch
ed_054238,2,32,32,0,0,0.000000,nomatch
ed_054241,2,16,16,0,0,0.000000,nomatch
ed_054245,3,33,33,1,0,-0.120386,nonzero
ed_054248,1,8,8,0,0,0.000000,nomatch
ed_054251,3,25,25,0,0,0.000000,nomatch
ed_054254,2,15,15,0,0,0.000000,nomatch
ed_054260,2,35,35,0,0,0.000000,nomatch
ed_054267,2,23,23,1,0,-0.180579,nonzero
ed_054274,2,27,27,1,0,0.180579,nonzero
ed_054279,6,77,77,0,0,0.000000,nomatch
ed_054282,1,9,9,1,0,0.526742,nonzero
ed_054285,2,22,22,1,0,0.195971,nonzero
ed_054288,2,32,32,0,0,0.000000,nomatch
ed_054291,1,17,17,0,0,0.000000,nomatch
ed_054294,1,19,19,0,0,0.000000,nomatch
ed_054297,3,25,25,0,0,0.000000,nomatch
ed_054301,1,10,10,0,0,0.000000,nomatch
ed_054304,1,10,10,1,0,0.458831,nonzero
ed_054307,2,22,22,0,0,0.000000,nomatch
ed_054310,1,14,14,0,0,0.000000,nomatch
ed_054313,3,27,27,0,0,0.000000,nomatch
ed_054316,1,24,24,0,0,0.000000,nomatch
ed_054319,1,8,8,1,0,-0.684850,nonzero
ed_054322,2,23,23,0,0,0.000000,nomatch
ed_054325,3,25,25,0,0,0.000000,nomatch
ed_054328,2,20,20,0,0,0.000000,nomatch
ed_054332,2,28,28,2,0,-0.125000,nonzero
ed_054336,3,36,36,1,0,0.120386,nonzero
ed_054339,4,49,49,0,0,0.000000,nomatch
ed_054342,1,8,8,0,0,0.000000,nomatch
ed_054345,1,10,10,1,0,-0.421464,nonzero
ed_054348,2,35,35,1,0,0.271163,nonzero
ed_054354,4,59,59,3,0,0.194149,nonzero
ed_054358,2,17,17,0,0,0.000000,nomatch
ed_054361,1,23,23,1,0,0.493915,nonzero
ed_054364,3,30,30,0,0,0.000000,nomatch
ed_054368,1,4,4,1,0,-0.655311,nonzero
ed_054371,3,21,21,1,0,0.164638,nonzero
ed_054374,1,8,8,0,0,0.000000,nomatch
ed_054377,1,5,5,0,0,0.000000,nomatch
ed_054380,1,32,32,0,0,0.000000,nomatch
ed_054383,3,21,21,0,0,0.000000,nomatch
ed_054386,2,29,29,0,0,0.000000,nomatch
ed_054389,2,16,16,0,0,0.000000,nomatch
ed_054393,1,17,17,0,0,0.000000,nomatch
ed_054396,2,17,17,0,0,0.000000,nomatch
ed_054400,1,16,16,0,0,0.000000,nomatch
ed_054403,3,39,39,0,0,0.000000,nomatch
ed_054407,3,24,24,2,0,0.077417,nonzero
ed_054410,2,19,19,0,0,0.000000,nomatch
ed_054413,1,23,23,0,0,0.000000,nomatch
ed_054417,3,51,51,1,0,0.042679,nonzero
ed_054420,1,4,4,0,0,0.000000,nomatch
ed_054423,1,11,11,0,0,0.000000,nomatch
ed_054426,1,4,4,1,0,-0.578947,nonzero
ed_054429,2,20,20,1,0,-0.180579,nonzero
ed_054432,2,21,21,0,0,0.000000,nomatch
ed_054435,2,19,19,1,0,-0.263371,nonzero
ed_054438,2,24,24,1,0,-0.180579,nonzero
ed_054442,1,12,12,0,0,0.000000,nomatch
ed_054445,1,11,11,1,0,0.202289,nonzero
ed_054448,3,25,25,1,0,-0.120386,nonzero
ed_054451,1,11,11,1,0,-0.458831,nonzero
ed_054454,2,15,15,1,0,0.076547,nonzero
ed_054457,2,28,28,0,0,0.000000,nomatch
ed_054460,2,17,17,1,0,-0.306186,nonzero
ed_054463,1,17,17,0,0,0.000000,nomatch
ed_054467,2,23,23,0,0,0.000000,nomatch
ed_054470,2,28,28,1,0,0.064019,nonzero
ed_054473,1,21,21,1,0,-0.526742,nonzero
ed_054476,2,27,27,0,0,0.000000,nomatch
ed_054479,2,15,15,0,0,0.000000,nomatch
ed_054482,4,62,62,1,0,0.114708,nonzero
ed_054485,1,14,14,0,0,0.000000,nomatch
ed_054488,2,10,10,1,0,-0.180579,nonzero
ed_054491,2,19,19,0,0,0.000000,nomatch
ed_054494,2,40,40,0,0,0.000000,nomatch
ed_054498,1,9,9,1,0,-0.458831,nonzero
ed_054501,2,15,15,0,0,0.000000,nomatch
ed_054504,1,14,14,0,0,0.000000,nomatch
ed_054507,2,16,16,1,0,0.271163,nonzero
ed_054510,2,22,22,0,0,0.000000,nomatch
ed_054513,3,41,41,0,0,0.000000,nomatch
ed_054517,1,16,16,1,0,0.526742,nonzero
ed_054520,2,26,26,0,0,0.000000,nomatch
ed_054523,1,18,18,0,0,0.000000,nomatch
ed_054526,2,27,27,1,0,0.271163,nonzero
ed_054529,1,11,11,0,0,0.000000,nomatch
ed_054532,2,22,22,2,0,-0.025785,nonzero
ed_054535,2,32,32,1,0,-0.229415,nonzero
ed_054539,2,28,28,0,0,0.000000,nomatch
ed_054542,2,21,21,1,0,0.180579,nonzero
ed_054545,2,33,33,3,0,0.332986,nonzero
ed_054549,1,12,12,0,0,0.000000,nomatch
ed_054552,2,14,14,1,0,-0.064019,nonzero
ed_054556,1,14,14,1,0,0.458831,nonzero
ed_054559,2,13,13,1,0,-0.306186,nonzero
ed_054562,2,21,21,1,0,-0.243540,nonzero
ed_054565,1,2,2,0,0,0.000000,nomatch
ed_054569,1,12,12,0,0,0.000000,nomatch
ed_054572,2,20,20,0,0,0.000000,nomatch
ed_054576,1,16,16,1,0,0.557370,nonzero
ed_054579,2,12,12,0,0,0.000000,nomatch
ed_054582,2,18,18,0,0,0.000000,nomatch
ed_054585,2,32,32,0,0,0.000000,nomatch
ed_054594,2,34,34,0,0,0.000000,nomatch
ed_054601,1,13,13,0,0,0.000000,nomatch
ed_054604,2,20,20,1,0,-0.064019,nonzero
ed_054607,3,30,30,3,0,-0.304393,nonzero
ed_054614,2,14,14,1,0,0.271163,nonzero
ed_054621,2,20,20,1,0,0.180579,nonzero
ed_054624,2,14,14,0,0,0.000000,nomatch
ed_054627,1,13,13,1,0,0.445087,nonzero
ed_054630,2,18,18,0,0,0.000000,nomatch
ed_054633,1,17,17,1,0,0.458831,nonzero
ed_054637,2,22,22,1,1,-0.330560,nonzero
ed_054640,2,24,24,1,0,0.289473,nonzero
ed_054643,4,33,33,0,0,0.000000,nomatch
ed_054646,1,24,24,0,0,0.000000,nomatch
ed_054649,2,26,26,0,0,0.000000,nomatch
ed_054653,2,20,20,0,0,0.000000,nomatch
ed_054656,1,16,16,0,0,0.000000,nomatch
ed_054659,1,24,24,1,0,0.542326,nonzero
ed_054662,1,8,8,0,0,0.000000,nomatch
ed_054665,1,17,17,0,0,0.000000,nomatch
ed_054669,2,17,17,1,0,0.246957,nonzero
ed_054672,2,24,24,1,1,-0.244597,nonzero
ed_054675,3,39,39,0,0,0.000000,nomatch
ed_054679,2,21,21,0,0,0.000000,nomatch
ed_054683,2,25,25,0,0,0.000000,nomatch
ed_054686,3,18,18,0,0,0.000000,nomatch
ed_054689,1,14,14,0,0,0.000000,nomatch
ed_054692,2,31,31,0,0,0.000000,nomatch
ed_054698,1,15,15,1,0,0.458831,nonzero
ed_054701,2,39,39,1,0,-0.278685,nonzero
ed_054704,3,31,31,0,0,0.000000,nomatch
ed_054707,2,25,25,2,0,-0.523004,nonzero
ed_054714,1,15,15,0,0,0.000000,nomatch
ed_054717,2,26,26,1,0,0.311213,nonzero
ed_054720,2,18,18,1,0,0.263371,nonzero
ed_054723,2,21,21,0,0,0.000000,nomatch
ed_054726,2,21,21,1,0,-0.180579,nonzero
ed_054729,3,33,33,1,0,0.152944,nonzero
ed_054732,2,33,33,1,0,0.263371,nonzero
ed_054735,2,39,39,1,0,-0.113174,nonzero
ed_054738,1,31,31,1,0,0.458831,nonzero
ed_054744,3,19,19,0,0,0.000000,nomatch
ed_054747,3,37,37,0,0,0.000000,nomatch
ed_054751,2,30,30,0,0,0.000000,nomatch
ed_054754,1,8,8,1,0,-0.295958,nonzero
ed_054757,2,28,28,0,0,0.000000,nomatch
ed_054761,2,30,30,1,0,0.064019,nonzero
ed_054764,1,13,13,2,0,-0.718421,nonzero
ed_054767,2,18,18,0,0,0.000000,nomatch
ed_054770,2,14,14,0,0,0.000000,nomatch
ed_054775,1,14,14,0,0,0.000000,nomatch
ed_054778,1,26,26,0,0,0.000000,nomatch
ed_054781,1,14,14,1,0,-0.361158,nonzero
ed_054787,2,16,16,1,0,-0.064019,nonzero
ed_054790,3,25,25,0,0,0.000000,nomatch
ed_054793,2,12,12,0,0,0.000000,nomatch
ed_054797,2,22,22,1,0,0.064019,nonzero
ed_054801,1,21,21,0,0,0.000000,nomatch
ed_054804,2,41,41,0,0,0.000000,nomatch
ed_054808,4,49,49,1,0,0.114708,nonzero
ed_054811,2,14,14,0,0,0.000000,nomatch
ed_054815,3,32,32,1,0,0.120386,nonzero
ed_054819,2,22,22,0,0,0.000000,nomatch
ed_054822,2,33,33,0,0,0.000000,nomatch
ed_054825,1,17,17,1,0,-0.421464,nonzero
ed_054828,2,17,17,0,0,0.000000,nomatch
ed_054831,2,32,32,0,0,0.000000,nomatch
ed_054835,4,59,59,1,0,0.032009,nonzero
ed_054838,2,14,14,1,1,0.242678,nonzero
ed_054841,1,12,12,1,0,0.128037,nonzero
ed_054845,3,31,31,0,0,0.000000,nomatch
ed_054849,2,17,17,0,0,0.000000,nomatch
ed_054852,1,21,21,0,0,0.000000,nomatch
ed_054855,1,15,15,0,0,0.000000,nomatch
ed_054858,3,42,42,3,0,0.483713,nonzero
ed_054861,3,36,36,0,0,0.000000,nomatch
ed_054864,2,23,23,0,0,0.000000,nomatch
ed_054867,3,36,36,1,0,0.120386,nonzero
ed_054871,2,23,23,0,0,0.000000,nomatch
ed_054874,2,33,33,0,0,0.000000,nomatch
ed_054878,5,65,65,2,0,-0.064738,nonzero
ed_054881,2,23,23,1,0,0.180579,nonzero
ed_054884,3,39,39,1,0,0.198012,nonzero
ed_054887,1,15,15,0,0,0.000000,nomatch
ed_054890,1,18,18,0,0,0.000000,nomatch
ed_054893,2,14,14,0,0,0.000000,nomatch
ed_054896,3,24,24,0,0,0.000000,nomatch
ed_054900,1,16,16,0,0,0.000000,nomatch
ed_054903,2,29,29,0,0,0.000000,nomatch
ed_054906,4,69,69,0,0,0.000000,nomatch
ed_054909,1,12,12,0,0,0.000000,nomatch
ed_054912,1,17,17,0,0,0.000000,nomatch
ed_054915,1,17,17,0,0,0.000000,nomatch
ed_054918,2,25,25,0,0,0.000000,nomatch
ed_054922,3,38,38,3,0,-0.052956,nonzero
ed_054925,2,29,29,0,0,0.000000,nomatch
ed_054928,2,25,25,0,0,0.000000,nomatch
ed_054931,1,22,22,0,0,0.000000,nomatch
ed_054935,3,56,56,1,0,-0.120386,nonzero
ed_054938,2,22,22,1,0,0.281620,nonzero
ed_054941,2,33,33,1,0,-0.224852,nonzero
ed_054944,1,11,11,0,0,0.000000,nomatch
ed_054947,1,18,18,2,1,0.803637,nonzero
ed_054950,2,40,40,3,0,-0.060981,nonzero
ed_054954,1,19,19,0,0,0.000000,nomatch
ed_054957,3,31,31,0,0,0.000000,nomatch
ed_054960,2,27,27,1,0,-0.327655,nonzero
ed_054963,3,33,33,0,0,0.000000,nomatch
ed_054967,1,15,15,0,0,0.000000,nomatch
ed_054970,1,18,18,1,0,-0.391942,nonzero
ed_054973,3,56,56,1,0,-0.120386,nonzero
ed_054976,3,39,39,1,0,-0.120386,nonzero
ed_054979,2,19,19,1,0,0.229415,nonzero
ed_054983,2,16,16,0,0,0.000000,nomatch
ed_054986,4,46,46,0,0,0.000000,nomatch
ed_054989,3,30,30,0,0,0.000000,nomatch
ed_054994,3,27,27,1,0,-0.228283,nonzero
ed_054999,3,45,45,0,0,0.000000,nomatch
ed_055002,2,34,34,1,0,0.125000,nonzero
ed_055005,3,33,33,0,0,0.000000,nomatch
ed_055008,1,12,12,0,0,0.000000,nomatch
ed_055011,3,30,30,1,0,0.256801,nonzero
ed_055014,2,38,38,1,0,-0.229415,nonzero
ed_055018,4,52,52,0,0,0.000000,nomatch
ed_055021,1,18,18,0,0,0.000000,nomatch
ed_055024,2,16,16,0,0,0.000000,nomatch
ed_055027,2,37,37,0,0,0.000000,nomatch
ed_055030,1,11,11,0,0,0.000000,nomatch
ed_055033,2,32,32,0,0,0.000000,nomatch
ed_055036,1,8,8,0,0,0.000000,nomatch
ed_055039,3,37,37,0,0,0.000000,nomatch
ed_055043,1,15,15,1,0,-0.361158,nonzero
ed_055046,2,20,20,0,0,0.000000,nomatch
ed_055049,2,36,36,0,0,0.000000,nomatch
ed_055053,1,13,13,0,0,0.000000,nomatch
ed_055057,3,17,17,0,0,0.000000,nomatch
ed_055060,2,24,24,0,0,0.000000,nomatch
ed_055063,2,33,33,0,0,0.000000,nomatch
ed_055066,1,12,12,0,0,0.000000,nomatch
ed_055069,1,7,7,0,0,0.000000,nomatch
ed_055072,1,10,10,1,0,-0.361158,nonzero
ed_055076,1,11,11,0,0,0.000000,nomatch
ed_055079,2,24,24,1,0,0.271163,nonzero
ed_055083,2,36,36,1,0,0.130831,nonzero
ed_055089,1,12,12,0,0,0.000000,nomatch
ed_055093,2,31,31,1,0,0.064019,nonzero
ed_055096,2,27,27,1,0,-0.147979,nonzero
ed_055099,3,79,79,0,0,0.000000,nomatch
ed_055103,2,25,25,1,0,0.180579,nonzero
ed_055108,2,18,18,0,0,0.000000,nomatch
ed_055111,2,29,29,0,0,0.000000,nomatch
ed_055114,3,25,25,0,0,0.000000,nomatch
ed_055117,2,35,35,1,0,-0.125000,nonzero
ed_055122,1,24,24,2,0,0.571885,nonzero
ed_055125,2,30,30,0,0,0.000000,nomatch
ed_055128,1,8,8,0,0,0.000000,nomatch
ed_055133,3,39,39,0,0,0.000000,nomatch
ed_055137,2,18,18,0,0,0.000000,nomatch
ed_055140,2,28,28,0,0,0.000000,nomatch
ed_055143,2,16,16,0,0,0.000000,nomatch
ed_055146,2,28,28,1,0,0.064019,nonzero
ed_055151,1,8,8,1,0,0.128037,nonzero
ed_055155,1,19,19,0,0,0.000000,nomatch
ed_055162,2,31,31,0,0,0.000000,nomatch
ed_055165,2,32,32,0,0,0.000000,nomatch
ed_055169,3,39,39,0,0,0.000000,nomatch
ed_055173,2,18,18,2,0,0.101144,nonzero
ed_055177,2,20,20,1,0,-0.180579,nonzero
ed_055180,1,6,6,0,0,0.000000,nomatch
ed_055184,3,36,36,1,0,0.087221,nonzero
ed_055187,1,15,15,0,0,0.000000,nomatch
ed_055191,3,45,45,1,0,0.067430,nonzero
ed_055194,2,26,26,1,0,-0.064019,nonzero
ed_055197,3,32,32,1,0,0.180775,nonzero
ed_055201,1,10,10,0,0,0.000000,nomatch
ed_055204,2,26,26,1,0,0.064019,nonzero
ed_055207,2,26,26,0,0,0.000000,nomatch
ed_055210,2,31,31,0,0,0.000000,nomatch
ed_055214,1,13,13,0,0,0.000000,nomatch
ed_055218,2,24,24,0,0,0.000000,nomatch
ed_055222,2,21,21,1,0,0.180579,nonzero
ed_055225,1,6,6,0,0,0.000000,nomatch
ed_055228,3,63,63,0,0,0.000000,nomatch
ed_055231,2,13,13,0,0,0.000000,nomatch
ed_055234,1,12,12,0,0,0.000000,nomatch
ed_055237,1,12,12,0,0,0.000000,nomatch
ed_055241,1,15,15,1,0,0.458831,nonzero
ed_055245,1,18,18,0,0,0.000000,nomatch
ed_055248,2,32,32,0,0,0.000000,nomatch
ed_055251,1,7,7,0,0,0.000000,nomatch
ed_055254,3,40,40,0,0,0.000000,nomatch
ed_055258,2,22,22,0,0,0.000000,nomatch
ed_055261,1,19,19,0,0,0.000000,nomatch
ed_055267,1,14,14,0,0,0.000000,nomatch
ed_055270,1,4,4,0,0,0.000000,nomatch
ed_055273,1,11,11,0,0,0.000000,nomatch
ed_055276,1,9,9,0,0,0.000000,nomatch
ed_055279,2,27,27,1,0,0.246957,nonzero
ed_055282,1,15,15,0,0,0.000000,nomatch
ed_055285,2,11,11,0,0,0.000000,nomatch
ed_055288,2,11,11,0,0,0.000000,nomatch
ed_055292,3,27,27,0,0,0.000000,nomatch
ed_055298,2,20,20,0,0,0.000000,nomatch
ed_055301,1,11,11,0,0,0.000000,nomatch
ed_055304,1,10,10,0,0,0.000000,nomatch
ed_055307,1,12,12,0,0,0.000000,nomatch
ed_055310,1,10,10,0,0,0.000000,nomatch
ed_055313,1,6,6,0,0,0.000000,nomatch
ed_055316,2,20,20,0,0,0.000000,nomatch
ed_055320,1,5,5,1,0,-0.361158,nonzero
ed_055323,1,13,13,0,0,0.000000,nomatch
ed_055326,1,12,12,0,0,0.000000,nomatch
ed_055329,1,16,16,0,0,0.000000,nomatch
ed_055332,2,18,18,1,0,-0.180579,nonzero
ed_055335,1,17,17,0,0,0.000000,nomatch
ed_055339,1,15,15,0,0,0.000000,nomatch
ed_055343,3,21,21,1,0,-0.083333,nonzero
ed_055346,1,13,13,1,0,0.458831,nonzero
ed_055350,1,13,13,0,0,0.000000,nomatch
ed_055353,2,34,34,1,0,0.130831,nonzero
ed_055356,1,17,17,0,0,0.000000,nomatch
ed_055359,2,21,21,0,0,0.000000,nomatch
ed_055363,2,33,33,0,0,0.000000,nomatch
ed_055367,1,7,7,0,0,0.000000,nomatch
ed_055370,3,38,38,0,0,0.000000,nomatch
ed_055374,2,14,14,0,0,0.000000,nomatch
ed_055378,2,22,22,0,0,0.000000,nomatch
ed_055381,1,7,7,0,0,0.000000,nomatch
ed_055384,2,19,19,2,0,-0.119113,nonzero
ed_055388,1,9,9,0,0,0.000000,nomatch
ed_055393,2,43,43,2,0,0.125000,nonzero
ed_055397,1,14,14,0,0,0.000000,nomatch
ed_055400,2,33,33,1,0,0.101144,nonzero
ed_055403,1,7,7,0,0,0.000000,nomatch
ed_055406,2,21,21,0,0,0.000000,nomatch
ed_055410,1,9,9,0,0,0.000000,nomatch
ed_055413,2,23,23,0,0,0.000000,nomatch
ed_055417,2,26,26,1,0,-0.180579,nonzero
ed_055420,2,55,55,0,0,0.000000,nomatch
ed_055423,1,13,13,0,0,0.000000,nomatch
ed_055426,2,17,17,1,0,0.064019,nonzero
ed_055429,2,23,23,0,0,0.000000,nomatch
ed_055432,1,16,16,1,0,0.542326,nonzero
ed_055435,2,19,19,0,0,0.000000,nomatch
ed_055438,1,20,20,1,0,-0.361158,nonzero
ed_055445,3,32,32,2,0,0.204124,nonzero
ed_055448,3,19,19,0,0,0.000000,nomatch
ed_055451,2,15,15,1,0,-0.210732,nonzero
ed_055454,2,31,31,0,0,0.000000,nomatch
ed_055457,2,14,14,0,0,0.000000,nomatch
ed_055460,3,56,56,0,0,0.000000,nomatch
ed_055464,3,32,32,0,0,0.000000,nomatch
ed_055467,2,25,25,1,0,0.224852,nonzero
ed_055470,2,19,19,0,0,0.000000,nomatch
ed_055473,2,32,32,1,0,-0.278685,nonzero
ed_055477,1,24,24,2,0,-0.493915,nonzero
ed_055480,2,24,24,1,0,0.309821,nonzero
ed_055483,3,32,32,1,0,0.113317,nonzero
ed_055486,1,9,9,0,0,0.000000,nomatch
ed_055492,2,25,25,0,0,0.000000,nomatch
ed_055495,2,17,17,0,0,0.000000,nomatch
ed_055498,2,37,37,0,0,0.000000,nomatch
ed_055501,1,19,19,1,0,-0.361158,nonzero
ed_055504,2,15,15,1,0,0.229415,nonzero
ed_055507,1,17,17,2,0,-0.502331,nonzero
ed_055511,1,17,17,1,0,-0.361158,nonzero
ed_055514,1,41,41,0,0,0.000000,nomatch
ed_055517,2,24,24,0,0,0.000000,nomatch
ed_055520,1,14,14,0,0,0.000000,nomatch
ed_055524,2,24,24,0,0,0.000000,nomatch
ed_055527,2,15,15,1,0,0.064019,nonzero
ed_055531,2,17,17,0,0,0.000000,nomatch
ed_055534,1,22,22,1,0,0.612372,nonzero
ed_055538,1,7,7,1,0,0.563239,nonzero
ed_055541,1,13,13,0,0,0.000000,nomatch
ed_055544,1,12,12,0,0,0.000000,nomatch
ed_055547,2,37,37,0,0,0.000000,nomatch
ed_055550,1,16,16,0,0,0.000000,nomatch
ed_055554,1,25,25,0,0,0.000000,nomatch
ed_055557,1,13,13,1,0,0.458831,nonzero
ed_055560,2,24,24,0,0,0.000000,nomatch
ed_055563,1,8,8,0,0,0.000000,nomatch
ed_055567,2,40,40,0,0,0.000000,nomatch
ed_055570,2,29,29,2,0,-0.142323,nonzero
ed_055573,1,17,17,0,0,0.000000,nomatch
ed_055578,2,25,25,0,0,0.000000,nomatch
ed_055581,1,18,18,1,0,-0.563239,nonzero
ed_055585,2,19,19,0,0,0.000000,nomatch
ed_055588,1,20,20,0,0,0.000000,nomatch
ed_055591,2,28,28,1,0,0.229415,nonzero
ed_055594,2,18,18,2,0,-0.361158,nonzero
ed_055598,2,37,37,0,0,0.000000,nomatch
ed_055602,2,22,22,0,0,0.000000,nomatch
ed_055605,2,33,33,1,0,-0.229415,nonzero
ed_055608,2,31,31,0,0,0.000000,nomatch
ed_055612,1,20,20,1,0,-0.361158,nonzero
ed_055616,1,20,20,0,0,0.000000,nomatch
ed_055619,1,9,9,1,0,0.526742,nonzero
ed_055623,1,19,19,0,0,0.000000,nomatch
ed_055626,2,54,54,0,0,0.000000,nomatch
ed_055629,1,10,10,0,0,0.000000,nomatch
ed_055633,1,28,28,1,0,-0.421464,nonzero
ed_055637,2,50,50,0,0,0.000000,nomatch
ed_055640,1,18,18,1,0,0.128037,nonzero
ed_055644,1,27,27,1,0,-0.487080,nonzero
ed_055647,2,56,56,0,0,0.000000,nomatch
ed_055650,1,12,12,0,0,0.000000,nomatch
ed_055654,1,25,25,0,0,0.000000,nomatch
ed_055657,1,18,18,0,0,0.000000,nomatch
ed_055660,1,33,33,0,0,0.000000,nomatch
ed_055663,2,34,34,2,0,-0.443950,nonzero
ed_055666,2,21,21,2,0,0.229415,nonzero
ed_055669,1,18,18,1,0,-0.684850,nonzero
ed_055672,2,55,55,1,0,0.263371,nonzero
ed_055675,2,40,40,0,0,0.000000,nomatch
ed_055678,3,38,38,0,0,0.000000,nomatch
ed_055681,2,31,31,2,0,-0.391311,nonzero
ed_055684,2,23,23,0,0,0.000000,nomatch
ed_055687,1,18,18,0,0,0.000000,nomatch
ed_055690,2,35,35,0,0,0.000000,nomatch
ed_055693,1,25,25,3,0,-0.487080,nonzero
ed_055696,1,16,16,1,0,-0.458831,nonzero
ed_055700,2,9,9,2,0,-0.670080,nonzero
ed_055703,1,21,21,1,0,0.585882,nonzero
ed_055706,2,30,30,0,0,0.000000,nomatch
ed_055709,3,44,44,1,0,0.042679,nonzero
ed_055712,1,6,6,1,0,-0.458831,nonzero
ed_055715,2,37,37,0,0,0.000000,nomatch
ed_055719,1,17,17,0,0,0.000000,nomatch
ed_055723,2,12,12,0,0,0.000000,nomatch
ed_055726,1,18,18,1,0,0.526742,nonzero
ed_055729,2,33,33,0,0,0.000000,nomatch
ed_055732,2,22,22,1,0,0.180579,nonzero
ed_055735,1,6,6,1,0,0.445087,nonzero
ed_055739,1,22,22,2,0,-0.177858,nonzero
ed_055743,1,9,9,0,0,0.000000,nomatch
ed_055746,1,23,23,1,0,-0.458831,nonzero
ed_055753,2,21,21,0,0,0.000000,nomatch
ed_055756,1,21,21,1,0,-0.421464,nonzero
ed_055759,2,21,21,0,0,0.000000,nomatch
ed_055763,1,8,8,0,0,0.000000,nomatch
ed_055767,1,21,21,0,0,0.000000,nomatch
ed_055771,1,10,10,0,0,0.000000,nomatch
ed_055776,1,10,10,1,0,-0.458831,nonzero
ed_055781,2,10,10,0,0,0.000000,nomatch
ed_055784,1,16,16,0,0,0.000000,nomatch
ed_055791,1,19,19,1,0,0.421464,nonzero
ed_055795,1,7,7,0,0,0.000000,nomatch
ed_055798,1,7,7,0,0,0.000000,nomatch
ed_055801,1,11,11,1,0,0.542326,nonzero
ed_055805,2,24,24,2,0,-0.297018,nonzero
ed_055809,1,7,7,0,0,0.000000,nomatch
ed_055812,1,21,21,1,0,0.493915,nonzero
ed_055816,2,21,21,0,0,0.000000,nomatch
ed_055820,2,13,13,0,0,0.000000,nomatch
ed_055824,1,5,5,0,0,0.000000,nomatch
ed_055827,1,9,9,0,0,0.000000,nomatch
ed_055830,1,14,14,1,0,0.557370,nonzero
ed_055833,2,27,27,0,0,0.000000,nomatch
ed_055836,1,6,6,0,0,0.000000,nomatch
ed_055839,2,37,37,1,0,-0.278685,nonzero
ed_055846,1,28,28,2,0,0.624893,nonzero
ed_055853,1,17,17,0,0,0.000000,nomatch
ed_055857,2,27,27,0,0,0.000000,nomatch
ed_055860,1,9,9,0,0,0.000000,nomatch
ed_055863,1,21,21,0,0,0.000000,nomatch
ed_055867,1,12,12,1,0,0.177858,nonzero
ed_055870,3,78,78,3,0,-0.164638,nonzero
ed_055874,1,24,24,0,0,0.000000,nomatch
ed_055877,1,14,14,1,0,-0.458831,nonzero
ed_055880,2,25,25,0,0,0.000000,nomatch
ed_055884,1,18,18,0,0,0.000000,nomatch
ed_055888,2,19,19,0,0,0.000000,nomatch
ed_055891,1,19,19,0,0,0.000000,nomatch
ed_055895,1,10,10,0,0,0.000000,nomatch
ed_055898,1,17,17,0,0,0.000000,nomatch
ed_055902,1,18,18,1,0,0.578947,nonzero
ed_055905,2,42,42,1,0,0.101144,nonzero
ed_055908,2,34,34,0,0,0.000000,nomatch
ed_055911,2,43,43,1,0,0.210732,nonzero
ed_055915,2,32,32,0,0,0.000000,nomatch
ed_055918,1,7,7,0,0,0.000000,nomatch
ed_055921,2,33,33,1,0,-0.064019,nonzero
ed_055925,2,22,22,1,0,-0.064019,nonzero
ed_055928,2,21,21,1,0,-0.229415,nonzero
ed_055932,1,25,25,0,0,0.000000,nomatch
ed_055936,1,14,14,1,1,-0.449704,nonzero
ed_055940,1,15,15,0,0,0.000000,nomatch
ed_055944,2,42,42,0,0,0.000000,nomatch
ed_055951,1,7,7,0,0,0.000000,nomatch
ed_055956,1,6,6,0,0,0.000000,nomatch
ed_055960,1,9,9,0,0,0.000000,nomatch
ed_055963,1,10,10,0,0,0.000000,nomatch
ed_055970,1,5,5,0,0,0.000000,nomatch
ed_055973,1,19,19,0,1,-0.128037,nonzero
ed_055977,1,18,18,0,0,0.000000,nomatch
ed_055980,2,26,26,2,0,-0.359210,nonzero
ed_055990,1,6,6,0,0,0.000000,nomatch
ed_055997,1,7,7,0,0,0.000000,nomatch
ed_056000,2,37,37,0,0,0.000000,nomatch
ed_056005,1,12,12,1,0,0.458831,nonzero
ed_056009,1,10,10,2,0,-0.743038,nonzero
ed_056012,1,17,17,2,0,-0.767707,nonzero
ed_056016,1,6,6,0,0,0.000000,nomatch
ed_056019,1,8,8,0,0,0.000000,nomatch
ed_056026,3,43,43,1,0,-0.120386,nonzero
ed_056030,1,5,5,1,0,-0.458831,nonzero
ed_056033,2,29,29,0,0,0.000000,nomatch
ed_056037,1,5,5,1,0,-0.458831,nonzero
ed_056040,2,24,24,0,0,0.000000,nomatch
ed_056043,1,12,12,0,0,0.000000,nomatch
ed_056047,1,13,13,0,0,0.000000,nomatch
ed_056050,1,12,12,0,0,0.000000,nomatch
ed_056053,3,26,26,0,0,0.000000,nomatch
ed_056056,1,5,5,0,0,0.000000,nomatch
ed_056059,2,20,20,1,0,0.229415,nonzero
ed_056062,1,9,9,1,0,0.458831,nonzero
ed_056065,3,44,44,0,0,0.000000,nomatch
ed_056068,1,11,11,0,0,0.000000,nomatch
ed_056071,1,24,24,0,0,0.000000,nomatch
ed_056075,1,13,13,1,0,0.542326,nonzero
ed_056079,1,20,20,0,0,0.000000,nomatch
ed_056082,1,7,7,0,0,0.000000,nomatch
ed_056085,1,19,19,0,0,0.000000,nomatch
ed_056089,2,22,22,1,0,-0.180579,nonzero
ed_056093,1,17,17,0,0,0.000000,nomatch
ed_056097,1,18,18,0,1,-0.128037,nonzero
ed_056100,3,43,43,0,0,0.000000,nomatch
ed_056103,1,17,17,0,0,0.000000,nomatch
ed_056107,1,10,10,0,0,0.000000,nomatch
ed_056111,1,6,6,0,0,0.000000,nomatch
ed_056115,1,17,17,0,0,0.000000,nomatch
ed_056118,1,12,12,1,0,-0.458831,nonzero
ed_056121,1,17,17,0,0,0.000000,nomatch
ed_056124,1,7,7,1,0,0.585882,nonzero
ed_056128,1,14,14,1,0,0.361158,nonzero
ed_056131,1,16,16,0,0,0.000000,nomatch
ed_056135,1,5,5,0,0,0.000000,nomatch
ed_056139,2,39,39,0,0,0.000000,nomatch
ed_056142,1,12,12,0,0,0.000000,nomatch
ed_056146,3,26,26,0,0,0.000000,nomatch
ed_056149,3,103,103,2,0,0.054291,nonzero
ed_056152,2,14,14,0,0,0.000000,nomatch
ed_056156,1,10,10,0,0,0.000000,nomatch
ed_056160,1,15,15,0,0,0.000000,nomatch
ed_056165,1,17,17,0,0,0.000000,nomatch
ed_056169,1,18,18,0,0,0.000000,nomatch
ed_056173,1,12,12,0,0,0.000000,nomatch
ed_056177,2,35,35,0,0,0.000000,nomatch
ed_056180,2,20,20,1,0,-0.064019,nonzero
ed_056183,3,32,32,2,0,-0.020102,nonzero
ed_056187,1,9,9,0,0,0.000000,nomatch
ed_056190,1,7,7,0,0,0.000000,nomatch
ed_056194,1,12,12,0,0,0.000000,nomatch
ed_056197,2,22,22,1,0,0.180579,nonzero
ed_056200,2,30,30,0,0,0.000000,nomatch
ed_056203,2,22,22,2,0,-0.603531,nonzero
ed_056206,1,22,22,0,0,0.000000,nomatch
ed_056210,1,17,17,1,0,-0.361158,nonzero
ed_056214,2,27,27,1,0,-0.263371,nonzero
ed_056217,2,15,15,0,0,0.000000,nomatch
ed_056220,3,31,31,2,0,-0.253805,nonzero
ed_056223,1,16,16,0,0,0.000000,nomatch
ed_056229,1,20,20,0,0,0.000000,nomatch
ed_056232,3,48,48,1,0,0.152944,nonzero
ed_056235,1,8,8,1,0,-0.458831,nonzero
ed_056238,2,15,15,1,0,-0.324279,nonzero
ed_056242,4,25,25,0,0,0.000000,nomatch
ed_056245,2,25,25,3,0,0.460239,nonzero
ed_056248,1,24,24,1,0,0.128037,nonzero
ed_056251,1,9,9,1,0,-0.361158,nonzero
ed_056254,2,18,18,0,0,0.000000,nomatch
ed_056257,1,11,11,1,0,0.585882,nonzero
ed_056260,1,19,19,0,0,0.000000,nomatch
ed_056264,2,21,21,1,0,0.082757,nonzero
ed_056268,3,32,32,2,0,-0.020102,nonzero
ed_056272,1,9,9,1,0,-0.655311,nonzero
ed_056275,2,23,23,0,0,0.000000,nomatch
ed_056278,2,17,17,1,0,0.169975,nonzero
ed_056281,1,14,14,0,0,0.000000,nomatch
ed_056284,1,10,10,1,0,0.458831,nonzero
ed_056287,1,7,7,1,0,-0.748232,nonzero
ed_056290,2,21,21,0,0,0.000000,nomatch
ed_056294,1,12,12,1,0,-0.421464,nonzero
ed_056297,1,14,14,1,0,0.250000,nonzero
ed_056300,1,12,12,0,0,0.000000,nomatch
ed_056303,2,22,22,0,0,0.000000,nomatch
ed_056306,1,14,14,1,0,0.526742,nonzero
ed_056309,1,18,18,0,0,0.000000,nomatch
ed_056312,2,21,21,0,0,0.000000,nomatch
ed_056316,2,23,23,0,0,0.000000,nomatch
ed_056321,1,10,10,0,0,0.000000,nomatch
ed_056324,4,52,52,0,0,0.000000,nomatch
ed_056327,2,17,17,1,0,0.180579,nonzero
ed_056331,1,6,6,1,0,-0.612372,nonzero
ed_056334,2,24,24,1,0,-0.210732,nonzero
ed_056337,2,26,26,1,0,0.229415,nonzero
ed_056344,2,15,15,0,0,0.000000,nomatch
ed_056350,1,7,7,0,0,0.000000,nomatch
ed_056353,2,23,23,0,0,0.000000,nomatch
ed_056357,1,11,11,2,0,-0.757937,nonzero
ed_056360,2,25,25,1,0,-0.374116,nonzero
ed_056363,1,8,8,0,0,0.000000,nomatch
ed_056367,4,44,44,1,0,-0.125583,nonzero
ed_056370,2,23,23,0,0,0.000000,nomatch
ed_056374,1,17,17,0,0,0.000000,nomatch
ed_056377,2,20,20,0,0,0.000000,nomatch
ed_056380,1,12,12,0,0,0.000000,nomatch
ed_056383,1,8,8,1,1,-0.440434,nonzero
ed_056386,3,50,50,1,0,0.195294,nonzero
ed_056389,1,16,16,0,0,0.000000,nomatch
ed_056392,2,31,31,0,0,0.000000,nomatch
ed_056396,1,12,12,1,0,-0.361158,nonzero
ed_056399,3,53,53,3,0,0.229007,nonzero
ed_056402,2,17,17,1,0,-0.340411,nonzero
ed_056405,2,24,24,0,0,0.000000,nomatch
ed_056408,3,42,42,0,0,0.000000,nomatch
ed_056412,3,38,38,1,0,0.187746,nonzero
ed_056415,1,7,7,1,0,-0.612372,nonzero
ed_056418,1,15,15,0,0,0.000000,nomatch
ed_056422,2,11,11,0,0,0.000000,nomatch
ed_056427,3,22,22,1,0,-0.218437,nonzero
ed_056430,2,19,19,1,0,0.064019,nonzero
ed_056433,2,29,29,1,0,0.101144,nonzero
ed_056437,1,17,17,0,0,0.000000,nomatch
ed_056440,2,13,13,0,0,0.000000,nomatch
ed_056444,2,30,30,1,0,0.130831,nonzero
ed_056447,2,22,22,0,0,0.000000,nomatch
ed_056450,1,16,16,1,0,0.421464,nonzero
ed_056454,4,59,59,0,0,0.000000,nomatch
ed_056457,2,35,35,1,0,-0.210732,nonzero
ed_056461,1,13,13,0,0,0.000000,nomatch
ed_056464,1,29,29,0,0,0.000000,nomatch
ed_056468,1,17,17,0,0,0.000000,nomatch
ed_056471,1,13,13,0,0,0.000000,nomatch
ed_056474,2,25,25,0,0,0.000000,nomatch
ed_056477,2,19,19,0,0,0.000000,nomatch
ed_056480,4,42,42,2,0,-0.114461,nonzero
ed_056483,2,23,23,1,0,0.292941,nonzero
ed_056486,2,32,32,2,0,0.305579,nonzero
ed_056490,2,21,21,1,0,0.246957,nonzero
ed_056495,2,13,13,0,0,0.000000,nomatch
ed_056500,2,20,20,1,0,0.222544,nonzero
ed_056503,1,15,15,2,0,0.177858,nonzero
ed_056506,1,22,22,0,0,0.000000,nomatch
ed_056509,2,25,25,0,0,0.000000,nomatch
ed_056513,2,32,32,1,0,0.064019,nonzero
ed_056517,3,41,41,0,0,0.000000,nomatch
ed_056520,2,19,19,0,0,0.000000,nomatch
ed_056524,2,24,24,1,0,-0.210732,nonzero
ed_056527,2,43,43,0,0,0.000000,nomatch
ed_056532,2,20,20,0,0,0.000000,nomatch
ed_056535,4,35,35,0,0,0.000000,nomatch
ed_056538,1,10,10,1,0,0.542326,nonzero
ed_056541,2,14,14,1,0,-0.180579,nonzero
ed_056544,1,11,11,0,0,0.000000,nomatch
ed_056547,1,11,11,0,0,0.000000,nomatch
ed_056550,3,40,40,2,0,-0.338823,nonzero
ed_056553,2,20,20,0,0,0.000000,nomatch
ed_056556,1,19,19,0,0,0.000000,nomatch
ed_056559,2,26,26,1,0,0.271163,nonzero
ed_056562,3,42,42,2,0,-0.204124,nonzero
ed_056565,2,26,26,2,0,0.476373,nonzero
ed_056568,2,32,32,0,0,0.000000,nomatch
ed_056572,1,5,5,0,0,0.000000,nomatch
ed_056575,1,10,10,1,0,0.487080,nonzero
ed_056578,1,5,5,0,0,0.000000,nomatch
ed_056582,1,9,9,1,0,-0.449704,nonzero
ed_056585,2,18,18,1,0,0.064019,nonzero
ed_056588,2,25,25,3,0,0.429532,nonzero
ed_056592,1,23,23,1,0,0.309370,nonzero
ed_056597,1,6,6,0,0,0.000000,nomatch
ed_056600,2,18,18,0,0,0.000000,nomatch
ed_056603,1,18,18,1,0,0.445087,nonzero
ed_056606,2,27,27,0,0,0.000000,nomatch
ed_056610,1,7,7,0,0,0.000000,nomatch
ed_056613,1,15,15,0,0,0.000000,nomatch
ed_056620,1,10,10,0,0,0.000000,nomatch
ed_056623,1,15,15,0,0,0.000000,nomatch
ed_056626,1,15,15,1,0,-0.578947,nonzero
ed_056629,2,24,24,0,0,0.000000,nomatch
ed_056636,1,6,6,0,0,0.000000,nomatch
ed_056640,2,23,23,0,0,0.000000,nomatch
ed_056643,2,22,22,0,0,0.000000,nomatch
ed_056647,1,15,15,0,0,0.000000,nomatch
ed_056650,2,21,21,2,0,0.127975,nonzero
ed_056653,3,36,36,1,0,0.164638,nonzero
ed_056657,2,16,16,3,0,-0.650884,nonzero
ed_056660,2,24,24,1,0,-0.229415,nonzero
ed_056663,2,10,10,1,0,0.271163,nonzero
ed_056668,2,36,36,0,0,0.000000,nomatch
ed_056673,2,29,29,1,0,-0.180579,nonzero
ed_056679,2,22,22,2,0,-0.229415,nonzero
ed_056682,2,26,26,0,0,0.000000,nomatch
ed_056686,1,19,19,1,0,0.361158,nonzero
ed_056689,2,31,31,2,0,-0.030153,nonzero
ed_056693,1,11,11,0,0,0.000000,nomatch
ed_056699,1,16,16,0,0,0.000000,nomatch
ed_056702,1,5,5,0,0,0.000000,nomatch
ed_056705,2,17,17,0,0,0.000000,nomatch
ed_056708,2,28,28,0,0,0.000000,nomatch
ed_056715,2,43,43,0,0,0.000000,nomatch
ed_056718,2,19,19,0,0,0.000000,nomatch
ed_056721,1,11,11,0,0,0.000000,nomatch
ed_056724,2,22,22,1,0,0.281620,nonzero
ed_056728,1,16,16,0,0,0.000000,nomatch
ed_056731,2,20,20,0,0,0.000000,nomatch
ed_056735,3,42,42,1,0,-0.228283,nonzero
ed_056738,2,15,15,0,0,0.000000,nomatch
ed_056741,2,69,69,1,0,-0.180579,nonzero
ed_056746,2,23,23,1,0,-0.229415,nonzero
ed_056752,2,21,21,0,0,0.000000,nomatch
ed_056757,3,38,38,0,0,0.000000,nomatch
ed_056760,1,9,9,0,0,0.000000,nomatch
ed_056763,3,26,26,0,0,0.000000,nomatch
ed_056766,1,24,24,0,0,0.000000,nomatch
ed_056769,2,25,25,0,0,0.000000,nomatch
ed_056773,1,9,9,1,0,0.202289,nonzero
ed_056776,1,8,8,1,0,-0.655311,nonzero
ed_056779,2,22,22,0,0,0.000000,nomatch
ed_056782,2,26,26,1,0,0.101144,nonzero
ed_056785,2,18,18,0,0,0.000000,nomatch
ed_056788,1,19,19,0,0,0.000000,nomatch
ed_056791,3,24,24,3,0,0.038886,nonzero
ed_056795,4,42,42,1,0,-0.114708,nonzero
ed_056798,2,28,28,0,0,0.000000,nomatch
ed_056802,3,42,42,0,0,0.000000,nomatch
ed_056805,2,30,30,0,0,0.000000,nomatch
ed_056808,3,31,31,0,0,0.000000,nomatch
ed_056814,2,30,30,1,0,-0.180579,nonzero
ed_056817,1,20,20,0,0,0.000000,nomatch
ed_056820,1,23,23,2,0,0.361158,nonzero
ed_056823,1,22,22,1,0,0.563239,nonzero
ed_056826,2,26,26,0,0,0.000000,nomatch
ed_056829,3,26,26,0,0,0.000000,nomatch
ed_056834,1,4,4,0,0,0.000000,nomatch
ed_056839,2,18,18,1,0,-0.130831,nonzero
ed_056842,4,44,44,4,0,-0.214894,nonzero
ed_056846,1,9,9,0,0,0.000000,nomatch
ed_056849,3,36,36,0,0,0.000000,nomatch
ed_056853,2,23,23,0,0,0.000000,nomatch
ed_056856,2,33,33,0,0,0.000000,nomatch
ed_056859,1,13,13,0,0,0.000000,nomatch
ed_056862,2,30,30,0,0,0.000000,nomatch
ed_056868,2,17,17,0,0,0.000000,nomatch
ed_056871,1,14,14,0,0,0.000000,nomatch
ed_056876,1,10,10,0,0,0.000000,nomatch
ed_056879,1,10,10,0,0,0.000000,nomatch
ed_056882,1,13,13,0,0,0.000000,nomatch
ed_056885,2,15,15,1,0,0.263371,nonzero
ed_056888,1,10,10,0,0,0.000000,nomatch
ed_056891,2,19,19,1,0,0.321404,nonzero
ed_056895,2,26,26,1,0,-0.180579,nonzero
ed_056898,2,22,22,1,0,-0.229415,nonzero
ed_056901,2,17,17,0,0,0.000000,nomatch
ed_056904,2,26,26,0,0,0.000000,nomatch
ed_056908,1,11,11,0,0,0.000000,nomatch
ed_056912,2,18,18,1,0,0.180579,nonzero
ed_056916,1,15,15,1,0,-0.458831,nonzero
ed_056919,2,13,13,1,0,-0.180579,nonzero
ed_056922,2,24,24,0,0,0.000000,nomatch
ed_056926,1,12,12,0,0,0.000000,nomatch
ed_056930,2,31,31,0,0,0.000000,nomatch
ed_056933,1,12,12,0,0,0.000000,nomatch
ed_056936,2,19,19,0,0,0.000000,nomatch
ed_056939,3,36,36,0,0,0.000000,nomatch
ed_056943,2,16,16,0,0,0.000000,nomatch
ed_056946,2,26,26,0,0,0.000000,nomatch
ed_056949,1,17,17,1,0,0.458831,nonzero
ed_056952,2,21,21,0,0,0.000000,nomatch
ed_056955,1,15,15,1,0,0.128037,nonzero
ed_056958,2,24,24,1,0,0.224852,nonzero
ed_056961,3,32,32,0,0,0.000000,nomatch
ed_056965,1,13,13,0,0,0.000000,nomatch
ed_056969,2,56,56,0,0,0.000000,nomatch
ed_056972,1,14,14,0,0,0.000000,nomatch
ed_056977,3,21,21,0,0,0.000000,nomatch
ed_056980,1,14,14,0,0,0.000000,nomatch
ed_056983,1,17,17,2,0,0.012909,nonzero
ed_056986,2,21,21,0,0,0.000000,nomatch
ed_056989,2,21,21,1,0,-0.169975,nonzero
ed_056993,1,11,11,0,0,0.000000,nomatch
ed_056996,1,13,13,0,0,0.000000,nomatch
ed_056999,2,21,21,1,0,0.224852,nonzero
ed_057002,1,13,13,0,0,0.000000,nomatch
ed_057006,3,36,36,1,0,-0.120386,nonzero
ed_057010,3,38,38,1,0,0.103123,nonzero
ed_057013,1,11,11,0,0,0.000000,nomatch
ed_057016,2,28,28,0,0,0.000000,nomatch
ed_057019,1,18,18,0,0,0.000000,nomatch
ed_057023,1,13,13,0,0,0.000000,nomatch
ed_057027,1,13,13,0,0,0.000000,nomatch
ed_057031,2,18,18,1,0,-0.263371,nonzero
ed_057034,3,32,32,2,0,-0.394018,nonzero
ed_057038,3,37,37,0,0,0.000000,nomatch
ed_057041,2,20,20,0,0,0.000000,nomatch
ed_057044,1,18,18,0,0,0.000000,nomatch
ed_057047,1,13,13,0,0,0.000000,nomatch
ed_057050,2,35,35,0,0,0.000000,nomatch
ed_057053,1,16,16,1,0,-0.458831,nonzero
ed_057056,3,21,21,1,0,-0.226941,nonzero
ed_057061,1,17,17,0,0,0.000000,nomatch
ed_057065,1,11,11,0,0,0.000000,nomatch
ed_057068,3,36,36,1,0,-0.120386,nonzero
ed_057071,2,17,17,1,0,-0.082757,nonzero
ed_057075,1,18,18,0,0,0.000000,nomatch
ed_057078,2,8,8,1,0,-0.238329,nonzero
ed_057081,2,30,30,0,0,0.000000,nomatch
ed_057085,1,25,25,0,0,0.000000,nomatch
ed_057090,1,12,12,0,0,0.000000,nomatch
ed_057096,2,34,34,2,0,-0.017542,nonzero
ed_057099,1,27,27,0,0,0.000000,nomatch
ed_057102,1,17,17,0,0,0.000000,nomatch
ed_057105,2,20,20,0,0,0.000000,nomatch
ed_057112,2,25,25,0,0,0.000000,nomatch
ed_057116,2,18,18,0,0,0.000000,nomatch
ed_057123,1,16,16,0,0,0.000000,nomatch
ed_057127,2,14,14,1,0,-0.180579,nonzero
ed_057130,2,37,37,1,0,0.169975,nonzero
ed_057134,2,27,27,1,0,0.180579,nonzero
ed_057138,2,24,24,0,0,0.000000,nomatch
ed_057142,2,13,13,0,0,0.000000,nomatch
ed_057145,2,23,23,2,0,0.288871,nonzero
ed_057148,2,16,16,1,0,-0.263371,nonzero
ed_057152,2,16,16,0,0,0.000000,nomatch
ed_057156,4,69,69,0,0,0.000000,nomatch
ed_057159,2,17,17,1,0,0.263371,nonzero
ed_057163,1,26,26,2,0,-0.757937,nonzero
ed_057166,1,18,18,1,1,-0.361158,nonzero
ed_057170,1,14,14,0,0,0.000000,nomatch
ed_057173,2,17,17,1,0,-0.180579,nonzero
ed_057177,1,7,7,0,0,0.000000,nomatch
ed_057180,2,27,27,1,0,0.224852,nonzero
ed_057183,1,21,21,0,0,0.000000,nomatch
ed_057190,2,16,16,0,0,0.000000,nomatch
ed_057196,1,19,19,0,0,0.000000,nomatch
ed_057201,3,26,26,0,0,0.000000,nomatch
ed_057204,1,14,14,0,0,0.000000,nomatch
ed_057210,2,23,23,0,0,0.000000,nomatch
ed_057213,2,18,18,0,0,0.000000,nomatch
ed_057217,3,16,16,0,0,0.000000,nomatch
ed_057220,4,74,74,2,0,0.082582,nonzero
ed_057224,1,40,40,0,0,0.000000,nomatch
ed_057227,1,16,16,0,0,0.000000,nomatch
ed_057230,2,10,10,1,0,0.180579,nonzero
ed_057235,2,14,14,0,0,0.000000,nomatch
ed_057242,2,14,14,1,0,0.271163,nonzero
ed_057245,1,16,16,0,0,0.000000,nomatch
ed_057248,2,17,17,0,0,0.000000,nomatch
ed_057251,2,21,21,2,0,-0.648611,nonzero
ed_057255,1,15,15,0,0,0.000000,nomatch
ed_057262,1,33,33,0,0,0.000000,nomatch
ed_057266,1,21,21,0,0,0.000000,nomatch
ed_057269,2,16,16,1,0,0.271163,nonzero
ed_057272,1,7,7,0,0,0.000000,nomatch
ed_057275,2,23,23,0,1,-0.064019,nonzero
ed_057279,1,2,2,0,0,0.000000,nomatch
ed_057282,1,21,21,0,0,0.000000,nomatch
ed_057286,1,2,2,0,0,0.000000,nomatch
ed_057289,1,15,15,1,0,0.542326,nonzero
ed_057292,2,15,15,0,0,0.000000,nomatch
ed_057296,1,14,14,0,0,0.000000,nomatch
ed_057300,1,8,8,0,0,0.000000,nomatch
ed_057305,1,11,11,1,0,0.493915,nonzero
ed_057308,2,14,14,0,0,0.000000,nomatch
ed_057312,1,2,2,0,0,0.000000,nomatch
ed_057315,3,48,48,1,0,-0.164638,nonzero
ed_057318,2,18,18,1,0,-0.125000,nonzero
ed_057323,1,10,10,0,0,0.000000,nomatch
ed_057330,2,33,33,1,0,0.210732,nonzero
ed_057333,1,15,15,0,0,0.000000,nomatch
ed_057337,2,29,29,1,0,-0.180579,nonzero
ed_057340,3,36,36,0,0,0.000000,nomatch
ed_057346,3,71,71,1,0,-0.152944,nonzero
ed_057352,1,10,10,0,0,0.000000,nomatch
ed_057360,2,17,17,0,0,0.000000,nomatch
ed_057363,2,23,23,0,0,0.000000,nomatch
ed_057369,3,26,26,1,0,-0.120386,nonzero
ed_057373,2,21,21,0,0,0.000000,nomatch
ed_057376,1,17,17,1,0,-0.421464,nonzero
ed_057379,1,18,18,0,0,0.000000,nomatch
ed_057382,2,27,27,1,0,0.064019,nonzero
ed_057391,1,13,13,1,0,-0.421464,nonzero
ed_057394,2,17,17,0,0,0.000000,nomatch
ed_057397,1,18,18,0,0,0.000000,nomatch
ed_057400,1,8,8,0,0,0.000000,nomatch
ed_057407,1,11,11,0,0,0.000000,nomatch
ed_057410,2,21,21,1,0,-0.281620,nonzero
ed_057414,2,18,18,1,0,-0.180579,nonzero
ed_057417,1,5,5,0,0,0.000000,nomatch
ed_057420,1,4,4,0,0,0.000000,nomatch
ed_057423,1,16,16,0,0,0.000000,nomatch
ed_057428,1,11,11,1,0,0.128037,nonzero
ed_057432,1,14,14,0,0,0.000000,nomatch
ed_057435,1,12,12,0,0,0.000000,nomatch
ed_057439,2,21,21,1,0,-0.210732,nonzero
ed_057442,1,10,10,0,0,0.000000,nomatch
ed_057445,2,39,39,2,0,-0.361158,nonzero
ed_057449,1,7,7,0,0,0.000000,nomatch
ed_057452,1,15,15,0,0,0.000000,nomatch
ed_057455,1,9,9,0,0,0.000000,nomatch
ed_057458,1,14,14,0,0,0.000000,nomatch
ed_057461,1,6,6,0,0,0.000000,nomatch
ed_057464,1,9,9,0,0,0.000000,nomatch
ed_057467,1,7,7,1,0,-0.361158,nonzero
ed_057470,1,7,7,0,0,0.000000,nomatch
ed_057473,1,6,6,0,0,0.000000,nomatch
ed_057476,2,50,50,2,0,0.091650,nonzero
ed_057480,1,5,5,0,0,0.000000,nomatch
ed_057483,1,10,10,0,0,0.000000,nomatch
ed_057487,1,9,9,0,0,0.000000,nomatch
ed_057491,1,6,6,0,0,0.000000,nomatch
ed_057494,1,9,9,0,0,0.000000,nomatch
ed_057497,2,21,21,1,0,0.238329,nonzero
ed_057500,1,9,9,1,0,0.563239,nonzero
ed_057503,1,14,14,0,0,0.000000,nomatch
ed_057506,1,8,8,0,0,0.000000,nomatch
ed_057509,1,14,14,0,0,0.000000,nomatch
ed_057512,1,10,10,0,0,0.000000,nomatch
ed_057515,2,13,13,1,0,-0.210732,nonzero
ed_057518,1,10,10,0,0,0.000000,nomatch
ed_057521,1,12,12,0,0,0.000000,nomatch
ed_057524,2,14,14,1,0,-0.306186,nonzero
ed_057527,1,17,17,1,0,-0.361158,nonzero
ed_057530,1,15,15,0,0,0.000000,nomatch
ed_057533,1,17,17,0,0,0.000000,nomatch
ed_057536,2,10,10,0,0,0.000000,nomatch
ed_057539,3,52,52,1,0,-0.164638,nonzero
ed_057542,1,11,11,0,0,0.000000,nomatch
ed_057545,1,19,19,0,0,0.000000,nomatch
ed_057550,1,8,8,1,0,0.361158,nonzero
ed_057553,1,24,24,0,0,0.000000,nomatch
ed_057556,1,15,15,0,0,0.000000,nomatch
ed_057559,1,8,8,0,0,0.000000,nomatch
ed_057562,2,14,14,0,0,0.000000,nomatch
ed_057565,1,8,8,0,0,0.000000,nomatch
ed_057568,2,25,25,0,0,0.000000,nomatch
ed_057571,1,10,10,1,0,0.202289,nonzero
ed_057574,2,24,24,1,0,0.125000,nonzero
ed_057577,3,30,30,0,0,0.000000,nomatch
ed_057580,1,12,12,1,0,-0.361158,nonzero
ed_057583,3,20,20,0,0,0.000000,nomatch
ed_057586,1,7,7,0,0,0.000000,nomatch
ed_057589,1,14,14,0,0,0.000000,nomatch
ed_057593,3,27,27,1,0,-0.120386,nonzero
ed_057596,1,10,10,1,0,0.526742,nonzero
ed_057599,1,15,15,1,0,-0.458831,nonzero
ed_057602,3,22,22,1,0,-0.158886,nonzero
ed_057606,2,23,23,0,0,0.000000,nomatch
ed_057609,1,10,10,0,0,0.000000,nomatch
ed_057612,1,22,22,1,0,0.493915,nonzero
ed_057616,1,6,6,0,0,0.000000,nomatch
ed_057619,1,17,17,2,0,-0.798657,nonzero
ed_057623,2,14,14,1,0,0.180579,nonzero
ed_057626,3,29,29,1,0,-0.164638,nonzero
ed_057629,1,12,12,0,0,0.000000,nomatch
ed_057632,2,19,19,0,0,0.000000,nomatch
ed_057635,2,19,19,0,0,0.000000,nomatch
ed_057639,1,6,6,0,0,0.000000,nomatch
ed_057642,2,29,29,0,0,0.000000,nomatch
ed_057645,1,19,19,1,0,-0.421464,nonzero
ed_057648,1,16,16,0,0,0.000000,nomatch
ed_057651,1,4,4,0,0,0.000000,nomatch
ed_057654,3,28,28,0,0,0.000000,nomatch
ed_057657,1,14,14,0,0,0.000000,nomatch
ed_057660,1,8,8,1,0,-0.421464,nonzero
ed_057663,1,5,5,0,0,0.000000,nomatch
ed_057667,3,23,23,1,0,-0.120386,nonzero
ed_057670,3,57,57,1,0,-0.113317,nonzero
ed_057674,1,14,14,2,0,-0.834603,nonzero
ed_057677,1,11,11,0,0,0.000000,nomatch
ed_057680,3,37,37,1,0,-0.120386,nonzero
ed_057683,2,20,20,1,0,0.238329,nonzero
ed_057688,1,15,15,1,0,-0.421464,nonzero
ed_057692,2,20,20,1,0,0.271163,nonzero
ed_057695,2,30,30,1,0,0.271163,nonzero
ed_057699,2,31,31,0,0,0.000000,nomatch
ed_057702,1,23,23,0,0,0.000000,nomatch
ed_057706,1,27,27,0,0,0.000000,nomatch
ed_057709,2,20,20,1,1,0.242678,nonzero
ed_057712,1,15,15,1,0,0.476658,nonzero
ed_057715,2,31,31,0,0,0.000000,nomatch
ed_057718,1,10,10,1,0,-0.704999,nonzero
ed_057721,1,5,5,1,0,-0.684850,nonzero
ed_057725,1,19,19,1,0,-0.421464,nonzero
ed_057731,1,15,15,0,0,0.000000,nomatch
ed_057734,1,27,27,3,0,-0.458831,nonzero
ed_057737,1,16,16,1,0,-0.476658,nonzero
ed_057741,2,100,100,0,0,0.000000,nomatch
ed_057744,1,15,15,0,0,0.000000,nomatch
ed_057748,2,19,19,1,0,0.180579,nonzero
ed_057751,1,20,20,2,0,-0.128037,nonzero
ed_057757,1,20,20,1,0,0.361158,nonzero
ed_057760,1,36,36,0,0,0.000000,nomatch
ed_057764,1,20,20,1,0,-0.128037,nonzero
ed_057768,2,22,22,1,0,0.222544,nonzero
ed_057771,2,14,14,0,0,0.000000,nomatch
ed_057775,2,17,17,0,0,0.000000,nomatch
ed_057778,1,7,7,0,0,0.000000,nomatch
ed_057782,2,15,15,2,0,0.433346,nonzero
ed_057785,1,9,9,2,0,0.678786,nonzero
ed_057789,2,19,19,0,0,0.000000,nomatch
ed_057794,2,18,18,1,0,-0.238329,nonzero
ed_057797,1,20,20,0,0,0.000000,nomatch
ed_057800,2,22,22,1,0,0.324279,nonzero
ed_057803,1,8,8,0,0,0.000000,nomatch
ed_057806,2,19,19,1,0,-0.064019,nonzero
ed_057810,2,14,14,0,0,0.000000,nomatch
ed_057814,2,15,15,0,0,0.000000,nomatch
ed_057817,2,11,11,1,0,-0.180579,nonzero
ed_057820,2,26,26,0,0,0.000000,nomatch
ed_057823,2,48,48,0,0,0.000000,nomatch
ed_057825,2,19,19,0,0,0.000000,nomatch
ed_057830,1,20,20,0,0,0.000000,nomatch
ed_057833,2,23,23,0,0,0.000000,nomatch
ed_057836,3,42,42,1,0,-0.140488,nonzero
ed_057839,5,60,60,1,0,-0.149646,nonzero
ed_057842,3,44,44,0,0,0.000000,nomatch
ed_057845,1,11,11,1,0,-0.458831,nonzero
ed_057848,3,27,27,0,0,0.000000,nomatch
ed_057852,2,14,14,1,1,0.242678,nonzero
ed_057855,3,33,33,1,0,0.083333,nonzero
ed_057858,1,12,12,0,0,0.000000,nomatch
ed_057862,2,21,21,2,0,0.500579,nonzero
ed_057865,1,16,16,0,0,0.000000,nomatch
ed_057869,2,30,30,0,0,0.000000,nomatch
ed_057872,2,28,28,0,0,0.000000,nomatch
ed_057875,2,30,30,0,0,0.000000,nomatch
ed_057878,2,24,24,0,0,0.000000,nomatch
ed_057881,1,22,22,1,0,0.361158,nonzero
ed_057884,2,28,28,0,0,0.000000,nomatch
ed_057887,1,6,6,1,0,-0.361158,nonzero
ed_057890,1,12,12,1,0,-0.361158,nonzero
ed_057893,2,21,21,0,1,-0.064019,nonzero
ed_057896,1,14,14,2,0,0.757937,nonzero
ed_057899,1,14,14,0,0,0.000000,nomatch
ed_057902,2,30,30,1,0,0.210732,nonzero
ed_057905,3,19,19,0,0,0.000000,nomatch
ed_057908,1,16,16,0,0,0.000000,nomatch
ed_057911,1,14,14,0,0,0.000000,nomatch
ed_057915,2,18,18,1,0,-0.180579,nonzero
ed_057918,1,10,10,0,0,0.000000,nomatch
ed_057921,2,27,27,1,0,0.229415,nonzero
ed_057928,1,9,9,0,0,0.000000,nomatch
ed_057935,1,14,14,1,0,-0.361158,nonzero
ed_057938,1,20,20,0,0,0.000000,nomatch
ed_057941,1,10,10,0,0,0.000000,nomatch
ed_057944,1,20,20,0,0,0.000000,nomatch
ed_057950,1,16,16,0,0,0.000000,nomatch
ed_057953,5,61,61,1,0,-0.072232,nonzero
ed_057956,1,41,41,0,0,0.000000,nomatch
ed_057959,3,24,24,1,0,-0.087221,nonzero
ed_057964,4,60,60,1,0,0.090289,nonzero
ed_057967,2,18,18,2,0,0.522357,nonzero
ed_057970,1,17,17,0,0,0.000000,nomatch
ed_057974,1,8,8,2,0,0.709560,nonzero
ed_057977,2,16,16,0,0,0.000000,nomatch
ed_057980,1,14,14,1,0,-0.458831,nonzero
ed_057983,3,40,40,2,0,0.027832,nonzero
ed_057986,2,38,38,2,0,0.147979,nonzero
ed_057992,2,21,21,0,0,0.000000,nomatch
ed_057995,1,14,14,0,0,0.000000,nomatch
ed_057998,2,32,32,2,0,0.359210,nonzero
ed_058002,1,11,11,0,0,0.000000,nomatch
ed_058005,2,29,29,0,0,0.000000,nomatch
ed_058009,1,14,14,1,0,-0.361158,nonzero
ed_058012,1,21,21,0,0,0.000000,nomatch
ed_058016,3,29,29,1,0,-0.228283,nonzero
ed_058020,2,35,35,0,0,0.000000,nomatch
ed_058025,1,12,12,0,0,0.000000,nomatch
ed_058028,2,9,9,0,0,0.000000,nomatch
ed_058031,4,46,46,1,0,-0.114708,nonzero
ed_058035,2,35,35,0,0,0.000000,nomatch
ed_058038,2,26,26,1,0,-0.130831,nonzero
ed_058041,2,15,15,0,0,0.000000,nomatch
ed_058044,2,38,38,0,0,0.000000,nomatch
ed_058049,3,18,18,1,0,-0.120386,nonzero
ed_058052,1,28,28,0,0,0.000000,nomatch
ed_058056,3,40,40,0,0,0.000000,nomatch
ed_058059,3,25,25,1,0,0.120386,nonzero
ed_058063,2,57,57,0,0,0.000000,nomatch
ed_058068,2,12,12,0,0,0.000000,nomatch
ed_058071,1,14,14,1,0,-0.361158,nonzero
ed_058074,2,25,25,0,0,0.000000,nomatch
ed_058078,2,12,12,0,0,0.000000,nomatch
ed_058081,2,36,36,0,0,0.000000,nomatch
ed_058084,2,20,20,0,0,0.000000,nomatch
ed_058087,1,14,14,0,0,0.000000,nomatch
ed_058090,2,32,32,1,0,0.064019,nonzero
ed_058093,2,22,22,0,0,0.000000,nomatch
ed_058097,2,15,15,1,0,0.180579,nonzero
ed_058100,2,38,38,1,0,-0.229415,nonzero
ed_058104,2,26,26,0,0,0.000000,nomatch
ed_058108,1,14,14,0,0,0.000000,nomatch
ed_058112,2,17,17,0,0,0.000000,nomatch
ed_058115,4,47,47,1,0,-0.163828,nonzero
ed_058118,2,17,17,1,0,-0.180579,nonzero
ed_058121,1,14,14,0,0,0.000000,nomatch
ed_058124,2,25,25,0,0,0.000000,nomatch
ed_058128,1,12,12,0,0,0.000000,nomatch
ed_058132,2,19,19,0,0,0.000000,nomatch
ed_058135,2,22,22,1,0,0.224852,nonzero
ed_058140,2,27,27,0,0,0.000000,nomatch
ed_058147,3,19,19,1,0,0.067430,nonzero
ed_058150,2,13,13,0,0,0.000000,nomatch
ed_058153,2,20,20,1,0,-0.180579,nonzero
ed_058156,1,13,13,0,0,0.000000,nomatch
ed_058160,3,38,38,0,0,0.000000,nomatch
ed_058163,1,13,13,0,0,0.000000,nomatch
ed_058167,2,20,20,0,0,0.000000,nomatch
ed_058171,1,9,9,1,0,-0.361158,nonzero
ed_058174,2,17,17,0,0,0.000000,nomatch
ed_058177,2,11,11,1,0,0.281620,nonzero
ed_058180,2,23,23,1,0,0.297018,nonzero
ed_058183,3,44,44,0,0,0.000000,nomatch
ed_058188,1,19,19,0,0,0.000000,nomatch
ed_058195,2,30,30,0,0,0.000000,nomatch
ed_058198,2,19,19,0,0,0.000000,nomatch
ed_058201,1,5,5,0,0,0.000000,nomatch
ed_058205,2,18,18,0,0,0.000000,nomatch
ed_058208,1,16,16,0,0,0.000000,nomatch
ed_058211,2,24,24,0,0,0.000000,nomatch
ed_058214,1,13,13,0,0,0.000000,nomatch
ed_058217,1,9,9,0,0,0.000000,nomatch
ed_058221,2,21,21,0,0,0.000000,nomatch
ed_058224,1,17,17,0,0,0.000000,nomatch
ed_058228,2,22,22,0,0,0.000000,nomatch
ed_058231,2,17,17,1,0,0.064019,nonzero
ed_058234,1,36,36,0,0,0.000000,nomatch
ed_058237,2,33,33,1,0,0.064019,nonzero
ed_058241,2,21,21,1,0,-0.180579,nonzero
ed_058244,3,34,34,0,0,0.000000,nomatch
ed_058247,2,22,22,0,0,0.000000,nomatch
ed_058250,2,26,26,0,0,0.000000,nomatch
ed_058254,1,15,15,0,0,0.000000,nomatch
ed_058257,2,23,23,0,0,0.000000,nomatch
ed_058260,2,16,16,0,0,0.000000,nomatch
ed_058263,2,13,13,0,0,0.000000,nomatch
ed_058266,1,10,10,1,0,-0.361158,nonzero
ed_058270,1,19,19,0,0,0.000000,nomatch
ed_058275,2,41,41,0,0,0.000000,nomatch
ed_058282,4,51,51,2,0,0.122299,nonzero
ed_058287,1,22,22,1,0,-0.361158,nonzero
ed_058290,2,17,17,1,0,0.289473,nonzero
ed_058293,2,64,64,1,0,-0.210732,nonzero
ed_058296,2,22,22,0,0,0.000000,nomatch
ed_058300,2,19,19,0,0,0.000000,nomatch
ed_058303,2,12,12,0,0,0.000000,nomatch
ed_058306,3,18,18,0,0,0.000000,nomatch
ed_058309,2,20,20,1,0,0.271163,nonzero
ed_058313,2,18,18,1,0,0.180579,nonzero
ed_058316,1,8,8,0,0,0.000000,nomatch
ed_058320,2,16,16,0,0,0.000000,nomatch
ed_058324,2,21,21,0,0,0.000000,nomatch
ed_058327,1,7,7,0,0,0.000000,nomatch
ed_058330,2,27,27,0,0,0.000000,nomatch
ed_058333,1,10,10,0,0,0.000000,nomatch
ed_058336,1,16,16,0,0,0.000000,nomatch
ed_058340,4,43,43,1,0,-0.041378,nonzero
ed_058343,2,17,17,0,0,0.000000,nomatch
ed_058346,2,23,23,0,0,0.000000,nomatch
ed_058351,2,29,29,2,0,-0.409994,nonzero
ed_058354,2,13,13,1,0,-0.210732,nonzero
ed_058358,1,19,19,1,0,0.458831,nonzero
ed_058365,1,19,19,0,0,0.000000,nomatch
ed_058372,1,17,17,1,0,0.153093,nonzero
ed_058375,4,49,49,0,0,0.000000,nomatch
ed_058378,2,16,16,0,0,0.000000,nomatch
ed_058381,3,46,46,1,0,0.042679,nonzero
ed_058384,2,18,18,0,0,0.000000,nomatch
ed_058387,1,2,2,0,0,0.000000,nomatch
ed_058390,3,46,46,0,0,0.000000,nomatch
ed_058393,2,25,25,0,0,0.000000,nomatch
ed_058396,2,29,29,2,0,0.378968,nonzero
ed_058400,2,22,22,1,0,0.271163,nonzero
ed_058404,2,16,16,1,0,0.210732,nonzero
ed_058407,1,21,21,0,0,0.000000,nomatch
ed_058410,2,28,28,1,0,0.271163,nonzero
ed_058414,1,15,15,0,0,0.000000,nomatch
ed_058417,2,15,15,1,0,0.271163,nonzero
ed_058420,3,28,28,3,0,-0.136694,nonzero
ed_058423,1,4,4,0,0,0.000000,nomatch
ed_058428,3,25,25,0,0,0.000000,nomatch
ed_058432,1,14,14,0,0,0.000000,nomatch
ed_058435,1,17,17,1,0,0.622427,nonzero
ed_058438,3,31,31,0,0,0.000000,nomatch
ed_058442,5,67,67,0,0,0.000000,nomatch
ed_058447,3,41,41,1,0,-0.175581,nonzero
ed_058451,1,23,23,0,0,0.000000,nomatch
ed_058454,3,38,38,1,0,0.042679,nonzero
ed_058457,2,34,34,0,0,0.000000,nomatch
ed_058461,1,19,19,0,0,0.000000,nomatch
ed_058464,4,74,74,2,0,-0.024874,nonzero
ed_058470,3,40,40,1,0,-0.185790,nonzero
ed_058477,2,20,20,0,0,0.000000,nomatch
ed_058482,3,26,26,1,0,-0.140488,nonzero
ed_058485,2,16,16,0,0,0.000000,nomatch
ed_058488,2,46,46,0,0,0.000000,nomatch
ed_058491,1,11,11,0,0,0.000000,nomatch
ed_058495,2,24,24,0,0,0.000000,nomatch
ed_058500,1,8,8,1,0,0.458831,nonzero
ed_058503,3,13,13,1,0,0.180775,nonzero
ed_058506,1,5,5,0,0,0.000000,nomatch
ed_058513,1,4,4,0,0,0.000000,nomatch
ed_058517,1,9,9,1,0,0.261663,nonzero
ed_058520,3,42,42,2,0,-0.151007,nonzero
ed_058523,3,29,29,0,0,0.000000,nomatch
ed_058527,1,5,5,0,0,0.000000,nomatch
ed_058533,2,27,27,0,0,0.000000,nomatch
ed_058538,3,34,34,1,0,0.164638,nonzero
ed_058541,1,17,17,0,0,0.000000,nomatch
ed_058544,1,8,8,0,0,0.000000,nomatch
ed_058548,3,30,30,1,0,0.120386,nonzero
ed_058552,2,19,19,0,0,0.000000,nomatch
ed_058556,2,20,20,2,0,0.486765,nonzero
ed_058561,1,6,6,0,0,0.000000,nomatch
ed_058565,1,7,7,0,0,0.000000,nomatch
ed_058568,2,14,14,1,0,-0.113174,nonzero
ed_058571,2,21,21,0,0,0.000000,nomatch
ed_058574,1,28,28,0,0,0.000000,nomatch
ed_058577,2,35,35,0,0,0.000000,nomatch
ed_058581,1,12,12,1,0,-0.361158,nonzero
ed_058584,5,61,61,2,0,0.022707,nonzero
ed_058587,1,10,10,0,0,0.000000,nomatch
ed_058591,1,8,8,1,0,0.128037,nonzero
ed_058594,2,22,22,0,0,0.000000,nomatch
ed_058597,4,44,44,2,0,0.220074,nonzero
ed_058602,3,65,65,1,0,0.173022,nonzero
ed_058605,3,36,36,0,0,0.000000,nomatch
ed_058609,2,28,28,1,1,0.130251,nonzero
ed_058612,2,22,22,0,0,0.000000,nomatch
ed_058615,4,45,45,1,0,0.131686,nonzero
ed_058618,1,1,1,0,0,0.000000,nomatch
ed_058625,3,27,27,0,0,0.000000,nomatch
ed_058630,3,49,49,0,0,0.000000,nomatch
ed_058633,1,13,13,1,1,0.485357,nonzero
ed_058636,1,8,8,1,1,0.458831,nonzero
ed_058639,1,6,6,0,0,0.000000,nomatch
ed_058643,2,30,30,0,0,0.000000,nomatch
ed_058647,3,27,27,2,0,0.007069,nonzero
ed_058653,1,13,13,0,0,0.000000,nomatch
ed_058657,1,5,5,1,0,-0.361158,nonzero
ed_058661,3,29,29,0,0,0.000000,nomatch
ed_058664,3,36,36,1,1,-0.152944,nonzero
ed_058668,1,5,5,0,0,0.000000,nomatch
ed_058671,2,26,26,0,0,0.000000,nomatch
ed_058674,2,19,19,0,0,0.000000,nomatch
ed_058679,3,25,25,0,0,0.000000,nomatch
ed_058683,1,6,6,0,0,0.000000,nomatch
ed_058686,1,1,1,0,0,0.000000,nomatch
ed_058693,3,29,29,0,0,0.000000,nomatch
ed_058698,2,18,18,0,0,0.000000,nomatch
ed_058701,1,8,8,0,0,0.000000,nomatch
ed_058705,3,43,43,2,0,-0.059286,nonzero
ed_058711,1,11,11,0,0,0.000000,nomatch
ed_058715,2,19,19,1,0,-0.180579,nonzero
ed_058718,3,48,48,0,0,0.000000,nomatch
ed_058722,2,26,26,1,0,-0.229415,nonzero
ed_058726,1,10,10,1,0,-0.361158,nonzero
ed_058729,1,13,13,0,0,0.000000,nomatch
ed_058733,1,7,7,0,0,0.000000,nomatch
ed_058737,2,23,23,2,0,-0.048837,nonzero
ed_058740,2,29,29,0,0,0.000000,nomatch
ed_058743,1,18,18,0,0,0.000000,nomatch
ed_058747,1,18,18,0,0,0.000000,nomatch
ed_058750,1,12,12,1,0,-0.361158,nonzero
ed_058754,1,22,22,0,0,0.000000,nomatch
ed_058757,1,13,13,0,0,0.000000,nomatch
ed_058761,1,23,23,0,0,0.000000,nomatch
ed_058764,1,7,7,0,0,0.000000,nomatch
ed_058767,3,40,40,0,0,0.000000,nomatch
ed_058771,1,6,6,0,0,0.000000,nomatch
ed_058774,2,17,17,0,0,0.000000,nomatch
ed_058780,2,19,19,0,0,0.000000,nomatch
ed_058783,1,14,14,1,1,0.458831,nonzero
ed_058787,1,6,6,0,0,0.000000,nomatch
ed_058791,3,27,27,1,0,0.149901,nonzero
ed_058794,1,9,9,1,0,0.421464,nonzero
ed_058798,2,21,21,1,0,-0.229415,nonzero
ed_058801,1,7,7,0,0,0.000000,nomatch
ed_058805,1,22,22,0,0,0.000000,nomatch
ed_058811,1,18,18,0,0,0.000000,nomatch
ed_058814,1,10,10,0,0,0.000000,nomatch
ed_058818,2,22,22,0,0,0.000000,nomatch
ed_058821,2,25,25,0,0,0.000000,nomatch
ed_058824,1,16,16,0,0,0.000000,nomatch
ed_058828,1,15,15,0,0,0.000000,nomatch
ed_058832,2,19,19,1,0,0.246957,nonzero
ed_058837,2,13,13,0,0,0.000000,nomatch
ed_058841,1,4,4,1,0,-0.361158,nonzero
ed_058845,1,5,5,0,0,0.000000,nomatch
ed_058848,2,22,22,1,0,-0.306186,nonzero
ed_058855,1,10,10,1,0,0.128037,nonzero
ed_058859,1,6,6,0,0,0.000000,nomatch
ed_058862,2,20,20,0,0,0.000000,nomatch
ed_058865,2,24,24,1,0,0.281620,nonzero
ed_058869,1,13,13,0,0,0.000000,nomatch
ed_058876,2,35,35,0,0,0.000000,nomatch
ed_058883,1,9,9,1,0,0.493915,nonzero
ed_058889,2,32,32,0,0,0.000000,nomatch
ed_058894,1,23,23,0,0,0.000000,nomatch
ed_058897,1,6,6,1,0,-0.250000,nonzero
ed_058904,1,22,22,0,0,0.000000,nomatch
ed_058909,2,13,13,0,0,0.000000,nomatch
ed_058913,2,17,17,1,0,0.246957,nonzero
ed_058916,1,18,18,1,0,0.542326,nonzero
ed_058920,1,8,8,1,0,0.458831,nonzero
ed_058924,2,33,33,1,0,0.147979,nonzero
ed_058931,2,25,25,0,0,0.000000,nomatch
ed_058938,1,6,6,0,0,0.000000,nomatch
ed_058942,2,12,12,1,0,0.281620,nonzero
ed_058946,1,18,18,0,0,0.000000,nomatch
ed_058949,2,20,20,1,0,0.246957,nonzero
ed_058953,1,23,23,0,0,0.000000,nomatch
ed_058957,1,14,14,1,0,-0.250000,nonzero
ed_058963,1,10,10,0,0,0.000000,nomatch
ed_058967,4,46,46,3,0,-0.093834,nonzero
ed_058970,2,36,36,1,0,0.064019,nonzero
ed_058974,1,8,8,0,0,0.000000,nomatch
ed_058978,1,12,12,0,0,0.000000,nomatch
ed_058983,2,20,20,0,0,0.000000,nomatch
ed_058987,1,15,15,1,0,-0.361158,nonzero
ed_058991,1,22,22,0,0,0.000000,nomatch
ed_058995,1,9,9,0,0,0.000000,nomatch
ed_058999,1,21,21,3,0,0.361158,nonzero
ed_059002,2,30,30,2,0,0.185779,nonzero
ed_059005,2,44,44,0,0,0.000000,nomatch
ed_059008,2,34,34,0,0,0.000000,nomatch
ed_059012,2,25,25,0,0,0.000000,nomatch
ed_059016,1,11,11,0,0,0.000000,nomatch
ed_059020,2,23,23,0,0,0.000000,nomatch
ed_059023,1,8,8,0,0,0.000000,nomatch
ed_059029,2,26,26,1,0,-0.180579,nonzero
ed_059032,2,27,27,0,0,0.000000,nomatch
ed_059035,3,33,33,0,0,0.000000,nomatch
ed_059039,2,36,36,0,0,0.000000,nomatch
ed_059042,1,34,34,0,0,0.000000,nomatch
ed_059045,1,14,14,0,0,0.000000,nomatch
ed_059049,2,18,18,0,0,0.000000,nomatch
ed_059052,1,15,15,0,0,0.000000,nomatch
ed_059056,2,21,21,2,0,0.367573,nonzero
ed_059063,2,24,24,0,0,0.000000,nomatch
ed_059066,1,21,21,1,0,-0.268607,nonzero
ed_059071,1,14,14,0,0,0.000000,nomatch
ed_059077,3,24,24,0,0,0.000000,nomatch
ed_059080,1,11,11,0,0,0.000000,nomatch
ed_059084,1,6,6,0,0,0.000000,nomatch
ed_059088,2,20,20,2,0,0.000000,cancel
ed_059092,2,11,11,1,0,0.064019,nonzero
ed_059095,3,45,45,1,0,-0.149901,nonzero
ed_059098,1,22,22,0,0,0.000000,nomatch
ed_059102,1,22,22,0,0,0.000000,nomatch
ed_059109,1,14,14,1,0,0.309370,nonzero
ed_059116,1,17,17,0,0,0.000000,nomatch
ed_059121,1,12,12,1,0,0.361158,nonzero
ed_059125,2,33,33,0,0,0.000000,nomatch
ed_059129,1,17,17,0,0,0.000000,nomatch
ed_059136,1,11,11,0,0,0.000000,nomatch
ed_059143,3,27,27,0,0,0.000000,nomatch
ed_059147,1,13,13,1,0,0.493915,nonzero
ed_059151,2,20,20,0,0,0.000000,nomatch
ed_059155,1,13,13,0,0,0.000000,nomatch
ed_059158,1,14,14,1,0,0.458831,nonzero
ed_059161,1,13,13,0,0,0.000000,nomatch
ed_059164,2,12,12,0,0,0.000000,nomatch
ed_059167,2,22,22,0,0,0.000000,nomatch
ed_059171,2,13,13,1,0,0.271163,nonzero
ed_059175,2,17,17,1,0,-0.210732,nonzero
ed_059178,2,25,25,1,0,0.311213,nonzero
ed_059183,2,23,23,0,0,0.000000,nomatch
ed_059187,2,25,25,0,0,0.000000,nomatch
ed_059190,2,14,14,0,0,0.000000,nomatch
ed_059194,1,15,15,0,0,0.000000,nomatch
ed_059197,1,16,16,1,0,0.361158,nonzero
ed_059200,2,25,25,0,0,0.000000,nomatch
ed_059204,1,16,16,1,0,0.361158,nonzero
ed_059208,2,23,23,3,0,-0.327389,nonzero
ed_059211,1,7,7,0,0,0.000000,nomatch
ed_059215,1,16,16,0,0,0.000000,nomatch
ed_059221,2,19,19,0,0,0.000000,nomatch
ed_059228,1,7,7,0,0,0.000000,nomatch
ed_059231,2,24,24,2,0,-0.330832,nonzero
ed_059238,1,5,5,0,0,0.000000,nomatch
ed_059244,1,13,13,0,0,0.000000,nomatch
ed_059251,1,36,36,0,0,0.000000,nomatch
ed_059256,2,14,14,0,0,0.000000,nomatch
ed_059259,1,16,16,0,0,0.000000,nomatch
ed_059263,2,15,15,1,0,-0.198974,nonzero
ed_059266,1,12,12,0,0,0.000000,nomatch
ed_059269,3,23,23,1,0,0.207476,nonzero
ed_059273,2,19,19,0,0,0.000000,nomatch
ed_059276,1,34,34,0,0,0.000000,nomatch
ed_059279,2,18,18,0,0,0.000000,nomatch
ed_059282,2,19,19,1,0,0.238329,nonzero
ed_059286,2,29,29,0,0,0.000000,nomatch
ed_059289,1,11,11,1,0,0.458831,nonzero
ed_059292,2,17,17,0,0,0.000000,nomatch
ed_059295,3,38,38,0,0,0.000000,nomatch
ed_059298,1,17,17,0,0,0.000000,nomatch
ed_059302,2,17,17,0,0,0.000000,nomatch
ed_059305,3,28,28,0,0,0.000000,nomatch
ed_059308,2,11,11,0,0,0.000000,nomatch
ed_059311,3,25,25,1,0,0.195294,nonzero
ed_059315,2,31,31,1,0,0.246957,nonzero
ed_059318,2,18,18,1,0,-0.180579,nonzero
ed_059321,1,23,23,2,0,-0.790569,nonzero
ed_059325,2,20,20,0,0,0.000000,nomatch
ed_059328,2,13,13,1,0,0.180579,nonzero
ed_059332,1,30,30,1,0,0.250000,nonzero
ed_059335,1,9,9,0,0,0.000000,nomatch
ed_059338,2,20,20,0,0,0.000000,nomatch
ed_059341,1,8,8,0,0,0.000000,nomatch
ed_059344,2,22,22,0,0,0.000000,nomatch
ed_059348,2,17,17,0,0,0.000000,nomatch
ed_059351,3,20,20,1,0,-0.158886,nonzero
ed_059356,1,6,6,0,0,0.000000,nomatch
ed_059359,1,15,15,1,0,-0.361158,nonzero
ed_059362,2,23,23,2,0,0.128037,nonzero
ed_059365,2,23,23,0,0,0.000000,nomatch
ed_059368,2,24,24,0,0,0.000000,nomatch
ed_059371,3,25,25,0,0,0.000000,nomatch
ed_059376,2,72,72,2,0,0.255304,nonzero
ed_059379,1,3,3,0,0,0.000000,nomatch
ed_059383,2,31,31,0,0,0.000000,nomatch
ed_059386,2,20,20,0,0,0.000000,nomatch
ed_059390,2,21,21,0,0,0.000000,nomatch
ed_059393,1,7,7,1,0,-0.361158,nonzero
ed_059396,2,19,19,0,0,0.000000,nomatch
ed_059400,2,21,21,0,0,0.000000,nomatch
ed_059403,1,12,12,0,0,0.000000,nomatch
ed_059406,3,52,52,0,0,0.000000,nomatch
ed_059409,3,28,28,0,0,0.000000,nomatch
ed_059413,2,61,61,1,0,0.246957,nonzero
ed_059417,2,10,10,0,0,0.000000,nomatch
ed_059420,4,31,31,2,0,0.024418,nonzero
ed_059424,1,17,17,1,0,-0.526742,nonzero
ed_059431,2,16,16,0,0,0.000000,nomatch
ed_059434,2,16,16,1,0,0.281620,nonzero
ed_059437,1,9,9,0,0,0.000000,nomatch
ed_059440,2,20,20,0,0,0.000000,nomatch
ed_059443,2,12,12,0,0,0.000000,nomatch
ed_059446,1,11,11,0,0,0.000000,nomatch
ed_059450,1,17,17,0,0,0.000000,nomatch
ed_059453,2,16,16,0,0,0.000000,nomatch
ed_059456,2,13,13,1,0,0.064019,nonzero
ed_059459,2,15,15,0,0,0.000000,nomatch
ed_059462,4,46,46,0,0,0.000000,nomatch
ed_059466,1,5,5,0,0,0.000000,nomatch
ed_059469,2,13,13,1,0,0.292941,nonzero
ed_059472,1,6,6,0,0,0.000000,nomatch
ed_059475,2,24,24,0,0,0.000000,nomatch
ed_059478,1,18,18,1,0,0.421464,nonzero
ed_059481,1,14,14,0,0,0.000000,nomatch
ed_059485,1,19,19,0,0,0.000000,nomatch
ed_059488,1,12,12,0,0,0.000000,nomatch
ed_059491,1,16,16,0,0,0.000000,nomatch
ed_059494,2,23,23,0,0,0.000000,nomatch
ed_059497,2,15,15,0,0,0.000000,nomatch
ed_059500,2,22,22,1,0,-0.210732,nonzero
ed_059503,2,22,22,0,0,0.000000,nomatch
ed_059507,2,22,22,2,0,0.000000,cancel
ed_059510,2,11,11,0,0,0.000000,nomatch
ed_059513,1,11,11,0,0,0.000000,nomatch
ed_059516,1,15,15,0,0,0.000000,nomatch
ed_059519,2,15,15,0,0,0.000000,nomatch
ed_059522,2,24,24,1,0,-0.113174,nonzero
ed_059525,1,15,15,0,0,0.000000,nomatch
ed_059528,2,31,31,1,0,-0.169975,nonzero
ed_059531,1,15,15,0,0,0.000000,nomatch
ed_059535,1,5,5,0,0,0.000000,nomatch
ed_059538,3,23,23,0,0,0.000000,nomatch
ed_059542,1,11,11,0,0,0.000000,nomatch
ed_059545,2,19,19,1,0,0.210732,nonzero
ed_059548,2,23,23,1,0,-0.180579,nonzero
ed_059551,2,33,33,1,0,-0.064019,nonzero
ed_059554,1,20,20,0,0,0.000000,nomatch
ed_059557,1,5,5,0,0,0.000000,nomatch
ed_059560,1,18,18,1,0,0.128037,nonzero
ed_059564,2,19,19,0,0,0.000000,nomatch
ed_059567,3,22,22,0,0,0.000000,nomatch
ed_059570,1,5,5,2,0,-0.612372,nonzero
ed_059573,2,20,20,1,0,-0.180579,nonzero
ed_059576,3,25,25,1,0,-0.083333,nonzero
ed_059579,3,35,35,1,0,-0.140488,nonzero
ed_059583,2,12,12,0,0,0.000000,nomatch
ed_059586,2,20,20,1,0,0.354780,nonzero
ed_059589,1,4,4,0,0,0.000000,nomatch
ed_059592,2,16,16,0,0,0.000000,nomatch
ed_059595,1,27,27,1,0,-0.578947,nonzero
ed_059598,1,5,5,0,0,0.000000,nomatch
ed_059603,2,48,48,0,0,0.000000,nomatch
ed_059606,2,18,18,0,0,0.000000,nomatch
ed_059609,1,14,14,0,0,0.000000,nomatch
ed_059612,2,27,27,0,0,0.000000,nomatch
ed_059615,1,4,4,0,0,0.000000,nomatch
ed_059618,2,22,22,1,0,-0.210732,nonzero
ed_059621,2,34,34,0,0,0.000000,nomatch
ed_059625,3,21,21,1,0,-0.042679,nonzero
ed_059629,2,20,20,2,0,-0.271163,nonzero
ed_059634,3,25,25,0,0,0.000000,nomatch
ed_059638,2,18,18,0,0,0.000000,nomatch
ed_059641,1,11,11,0,0,0.000000,nomatch
ed_059644,2,12,12,0,0,0.000000,nomatch
ed_059647,3,21,21,0,0,0.000000,nomatch
ed_059651,1,5,5,0,0,0.000000,nomatch
ed_059655,1,16,16,1,0,0.295958,nonzero
ed_059658,1,18,18,0,0,0.000000,nomatch
ed_059662,1,19,19,0,0,0.000000,nomatch
ed_059666,2,21,21,1,0,0.246957,nonzero
ed_059670,2,34,34,1,0,-0.229415,nonzero
ed_059673,2,26,26,2,0,-0.074052,nonzero
ed_059676,1,7,7,0,0,0.000000,nomatch
ed_059683,1,15,15,0,0,0.000000,nomatch
ed_059688,1,20,20,0,0,0.000000,nomatch
ed_059695,4,74,74,2,0,0.229415,nonzero
ed_059701,7,57,57,2,0,-0.117843,nonzero
ed_059708,1,7,7,1,0,0.493915,nonzero
ed_059715,2,20,20,0,0,0.000000,nomatch
ed_059720,1,27,27,0,0,0.000000,nomatch
ed_059723,2,27,27,0,0,0.000000,nomatch
ed_059730,2,17,17,0,0,0.000000,nomatch
ed_059737,2,38,38,1,0,0.263371,nonzero
ed_059740,1,8,8,0,0,0.000000,nomatch
ed_059743,3,22,22,0,0,0.000000,nomatch
ed_059746,2,17,17,0,0,0.000000,nomatch
ed_059749,2,31,31,0,0,0.000000,nomatch
ed_059752,1,9,9,0,0,0.000000,nomatch
ed_059757,1,58,58,0,0,0.000000,nomatch
ed_059761,2,20,20,1,0,-0.180579,nonzero
ed_059764,2,28,28,0,0,0.000000,nomatch
ed_059767,1,11,11,0,0,0.000000,nomatch
ed_059770,1,8,8,0,0,0.000000,nomatch
ed_059773,4,53,53,2,0,0.140862,nonzero
ed_059776,2,20,20,0,0,0.000000,nomatch
ed_059781,2,21,21,1,0,-0.125000,nonzero
ed_059784,2,19,19,0,0,0.000000,nomatch
ed_059788,1,7,7,0,0,0.000000,nomatch
ed_059792,2,13,13,0,0,0.000000,nomatch
ed_059796,2,24,24,0,0,0.000000,nomatch
ed_059799,2,19,19,1,0,-0.071552,nonzero
ed_059803,1,9,9,0,0,0.000000,nomatch
ed_059806,1,18,18,0,0,0.000000,nomatch
ed_059809,1,16,16,0,0,0.000000,nomatch
ed_059812,1,15,15,0,0,0.000000,nomatch
ed_059815,2,28,28,0,0,0.000000,nomatch
ed_059818,1,14,14,1,0,-0.361158,nonzero
ed_059822,1,12,12,0,0,0.000000,nomatch
ed_059825,2,16,16,1,0,-0.258564,nonzero
ed_059828,2,36,36,0,0,0.000000,nomatch
ed_059831,1,18,18,0,0,0.000000,nomatch
ed_059834,2,18,18,0,0,0.000000,nomatch
ed_059837,1,15,15,0,0,0.000000,nomatch
ed_059842,1,15,15,0,0,0.000000,nomatch
ed_059846,2,37,37,1,0,0.064019,nonzero
ed_059851,1,17,17,0,0,0.000000,nomatch
ed_059854,1,26,26,0,0,0.000000,nomatch
ed_059857,1,19,19,0,0,0.000000,nomatch
ed_059860,3,24,24,0,0,0.000000,nomatch
ed_059863,2,18,18,0,0,0.000000,nomatch
ed_059866,1,9,9,0,0,0.000000,nomatch
ed_059873,2,11,11,1,0,0.246957,nonzero
ed_059880,1,16,16,1,0,0.128037,nonzero
ed_059883,1,14,14,1,0,-0.458831,nonzero
ed_059886,1,22,22,0,0,0.000000,nomatch
ed_059890,2,25,25,0,0,0.000000,nomatch
ed_059895,2,17,17,1,0,-0.306186,nonzero
ed_059898,2,16,16,0,0,0.000000,nomatch
ed_059901,1,13,13,0,1,-0.128037,nonzero
ed_059905,2,30,30,0,0,0.000000,nomatch
ed_059908,1,12,12,2,0,-0.775026,nonzero
ed_059911,2,31,31,0,0,0.000000,nomatch
ed_059915,2,15,15,0,0,0.000000,nomatch
ed_059918,1,5,5,0,0,0.000000,nomatch
ed_059921,3,22,22,1,0,-0.075449,nonzero
ed_059924,1,8,8,0,0,0.000000,nomatch
ed_059927,2,17,17,0,0,0.000000,nomatch
ed_059930,2,41,41,2,0,0.048837,nonzero
ed_059934,1,19,19,0,0,0.000000,nomatch
ed_059937,2,37,37,2,0,0.318475,nonzero
ed_059941,3,29,29,0,0,0.000000,nomatch
ed_059946,2,19,19,0,0,0.000000,nomatch
ed_059949,2,29,29,0,0,0.000000,nomatch
ed_059952,1,10,10,1,0,-0.421464,nonzero
ed_059959,1,8,8,0,0,0.000000,nomatch
ed_059966,2,18,18,0,0,0.000000,nomatch
ed_059969,1,11,11,0,0,0.000000,nomatch
ed_059972,1,14,14,0,0,0.000000,nomatch
ed_059976,3,21,21,0,0,0.000000,nomatch
ed_059979,1,8,8,0,0,0.000000,nomatch
ed_059982,1,4,4,0,0,0.000000,nomatch
ed_059986,3,17,17,1,0,0.180775,nonzero
ed_059993,1,17,17,0,0,0.000000,nomatch
ed_060000,2,21,21,0,0,0.000000,nomatch
ed_060003,2,14,14,0,0,0.000000,nomatch
ed_060006,2,18,18,1,0,-0.243540,nonzero
ed_060009,1,11,11,1,0,0.458831,nonzero
ed_060012,1,11,11,0,0,0.000000,nomatch
ed_060015,2,19,19,1,0,-0.180579,nonzero
ed_060018,1,6,6,0,0,0.000000,nomatch
ed_060021,3,24,24,0,0,0.000000,nomatch
ed_060027,2,15,15,0,0,0.000000,nomatch
ed_060032,1,16,16,0,0,0.000000,nomatch
ed_060035,1,13,13,0,0,0.000000,nomatch
ed_060038,2,23,23,1,0,-0.180579,nonzero
ed_060041,2,26,26,1,2,0.180579,nonzero
ed_060044,1,21,21,0,0,0.000000,nomatch
ed_060047,1,11,11,1,0,0.361158,nonzero
ed_060050,1,15,15,0,0,0.000000,nomatch
ed_060053,1,7,7,0,0,0.000000,nomatch
ed_060056,1,20,20,0,0,0.000000,nomatch
ed_060060,1,8,8,0,0,0.000000,nomatch
ed_060064,3,34,34,0,0,0.000000,nomatch
ed_060067,2,20,20,1,0,-0.186810,nonzero
ed_060070,1,19,19,1,0,0.458831,nonzero
ed_060074,2,10,10,1,0,-0.180579,nonzero
ed_060080,2,19,19,0,0,0.000000,nomatch
ed_060085,3,29,29,1,0,0.120386,nonzero
ed_060089,2,15,15,1,0,-0.180579,nonzero
ed_060092,2,26,26,0,0,0.000000,nomatch
ed_060096,2,20,20,0,0,0.000000,nomatch
ed_060099,1,11,11,0,0,0.000000,nomatch
ed_060103,1,9,9,0,0,0.000000,nomatch
ed_060106,2,17,17,0,0,0.000000,nomatch
ed_060110,3,20,20,0,0,0.000000,nomatch
ed_060113,1,26,26,1,1,0.000000,cancel
ed_060116,2,25,25,2,0,0.518889,nonzero
ed_060119,2,21,21,0,0,0.000000,nomatch
ed_060122,1,22,22,1,0,0.458831,nonzero
ed_060125,2,23,23,2,0,0.306186,nonzero
ed_060128,2,38,38,0,0,0.000000,nomatch
ed_060131,1,26,26,1,0,-0.369488,nonzero
ed_060135,3,30,30,1,0,-0.042679,nonzero
ed_060138,2,30,30,0,0,0.000000,nomatch
ed_060141,2,12,12,0,0,0.000000,nomatch
ed_060144,1,15,15,0,0,0.000000,nomatch
ed_060148,2,32,32,0,0,0.000000,nomatch
ed_060151,1,14,14,1,0,-0.476658,nonzero
ed_060154,1,11,11,0,0,0.000000,nomatch
ed_060158,1,20,20,0,0,0.000000,nomatch
ed_060165,1,15,15,1,0,-0.361158,nonzero
ed_060172,2,39,39,0,0,0.000000,nomatch
ed_060178,2,17,17,0,0,0.000000,nomatch
ed_060183,2,19,19,0,0,0.000000,nomatch
ed_060186,2,25,25,0,0,0.000000,nomatch
ed_060189,3,26,26,0,0,0.000000,nomatch
ed_060192,1,15,15,1,0,-0.309370,nonzero
ed_060196,1,10,10,0,0,0.000000,nomatch
ed_060203,2,15,15,0,0,0.000000,nomatch
ed_060207,2,24,24,1,0,0.229415,nonzero
ed_060210,2,19,19,0,0,0.000000,nomatch
ed_060214,2,19,19,0,0,0.000000,nomatch
ed_060217,1,16,16,0,0,0.000000,nomatch
ed_060220,2,15,15,0,0,0.000000,nomatch
ed_060223,3,27,27,0,0,0.000000,nomatch
ed_060226,1,10,10,0,0,0.000000,nomatch
ed_060230,2,13,13,2,0,-0.165397,nonzero
ed_060233,1,10,10,1,0,0.542326,nonzero
ed_060236,2,17,17,1,0,0.246957,nonzero
ed_060239,1,13,13,0,0,0.000000,nomatch
ed_060243,2,14,14,0,0,0.000000,nomatch
ed_060246,2,16,16,0,0,0.000000,nomatch
ed_060250,1,27,27,0,0,0.000000,nomatch
ed_060253,1,11,11,0,0,0.000000,nomatch
ed_060256,2,18,18,0,0,0.000000,nomatch
ed_060260,2,31,31,1,0,0.180579,nonzero
ed_060264,1,15,15,1,0,0.361158,nonzero
ed_060267,2,17,17,0,0,0.000000,nomatch
ed_060270,2,14,14,0,0,0.000000,nomatch
ed_060274,3,20,20,0,0,0.000000,nomatch
ed_060277,4,41,41,0,0,0.000000,nomatch
ed_060280,2,15,15,0,0,0.000000,nomatch
ed_060283,2,20,20,1,0,-0.180579,nonzero
ed_060286,1,18,18,0,0,0.000000,nomatch
ed_060290,2,16,16,0,0,0.000000,nomatch
ed_060293,2,23,23,1,0,0.064019,nonzero
ed_060296,2,16,16,1,0,0.271163,nonzero
ed_060299,2,17,17,0,0,0.000000,nomatch
ed_060302,1,28,28,1,0,0.128037,nonzero
ed_060305,1,11,11,1,0,0.458831,nonzero
ed_060308,2,17,17,0,0,0.000000,nomatch
ed_060311,1,11,11,0,0,0.000000,nomatch
ed_060315,1,14,14,0,0,0.000000,nomatch
ed_060318,2,22,22,1,0,-0.342425,nonzero
ed_060321,1,6,6,0,0,0.000000,nomatch
ed_060324,2,18,18,0,0,0.000000,nomatch
ed_060330,2,16,16,0,0,0.000000,nomatch
ed_060333,2,32,32,2,0,-0.012906,nonzero
ed_060336,1,20,20,0,0,0.000000,nomatch
ed_060340,3,37,37,0,0,0.000000,nomatch
ed_060344,2,18,18,1,0,0.263371,nonzero
ed_060347,2,9,9,1,0,-0.180579,nonzero
ed_060350,3,33,33,0,0,0.000000,nomatch
ed_060353,1,14,14,1,0,0.542326,nonzero
ed_060356,1,10,10,0,0,0.000000,nomatch
ed_060360,1,14,14,0,0,0.000000,nomatch
ed_060367,2,19,19,0,0,0.000000,nomatch
ed_060370,1,24,24,0,0,0.000000,nomatch
ed_060373,2,28,28,0,0,0.000000,nomatch
ed_060376,1,14,14,0,0,0.000000,nomatch
ed_060379,2,23,23,0,0,0.000000,nomatch
ed_060382,3,34,34,0,0,0.000000,nomatch
ed_060385,1,15,15,1,0,-0.226348,nonzero
ed_060390,2,15,15,0,0,0.000000,nomatch
ed_060394,2,19,19,0,0,0.000000,nomatch
ed_060397,2,27,27,1,0,0.180579,nonzero
ed_060400,1,17,17,2,0,-0.318211,nonzero
ed_060404,2,23,23,1,0,0.180579,nonzero
ed_060407,2,18,18,0,0,0.000000,nomatch
ed_060410,1,7,7,0,0,0.000000,nomatch
ed_060414,3,27,27,1,0,-0.120386,nonzero
ed_060417,1,17,17,0,0,0.000000,nomatch
ed_060420,6,41,41,2,0,-0.038853,nonzero
ed_060423,3,45,45,1,0,-0.042679,nonzero
ed_060426,2,14,14,0,0,0.000000,nomatch
ed_060430,1,11,11,1,0,-0.361158,nonzero
ed_060435,1,13,13,1,0,0.493915,nonzero
ed_060438,3,41,41,2,0,-0.249209,nonzero
ed_060441,2,12,12,0,0,0.000000,nomatch
ed_060446,1,12,12,1,0,0.526742,nonzero
ed_060450,1,12,12,0,0,0.000000,nomatch
ed_060453,1,14,14,2,0,-0.449704,nonzero
ed_060456,3,31,31,0,0,0.000000,nomatch
ed_060459,2,27,27,0,0,0.000000,nomatch
ed_060462,1,8,8,0,0,0.000000,nomatch
ed_060465,1,14,14,0,0,0.000000,nomatch
ed_060468,1,9,9,0,0,0.000000,nomatch
ed_060471,2,12,12,0,0,0.000000,nomatch
ed_060474,2,50,50,2,0,-0.029687,nonzero
ed_060477,2,14,14,0,0,0.000000,nomatch
ed_060480,1,15,15,1,0,-0.128037,nonzero
ed_060485,2,30,30,1,0,0.271163,nonzero
ed_060490,1,6,6,0,0,0.000000,nomatch
ed_060493,1,14,14,1,0,-0.361158,nonzero
ed_060496,2,14,14,0,0,0.000000,nomatch
ed_060499,1,6,6,0,0,0.000000,nomatch
ed_060503,2,14,14,0,0,0.000000,nomatch
ed_060506,2,37,37,0,0,0.000000,nomatch
ed_060509,1,12,12,1,0,0.458831,nonzero
ed_060512,1,10,10,0,0,0.000000,nomatch
ed_060515,1,9,9,0,0,0.000000,nomatch
ed_060519,5,43,43,0,0,0.000000,nomatch
ed_060522,2,14,14,0,0,0.000000,nomatch
ed_060525,1,11,11,0,0,0.000000,nomatch
ed_060528,2,28,28,0,0,0.000000,nomatch
ed_060531,5,50,50,1,1,0.000000,cancel
ed_060534,1,17,17,1,0,-0.361158,nonzero
ed_060537,1,24,24,3,0,0.801996,nonzero
ed_060541,3,54,54,1,0,-0.120386,nonzero
ed_060544,2,18,18,0,0,0.000000,nomatch
ed_060547,2,35,35,0,0,0.000000,nomatch
ed_060551,2,18,18,0,0,0.000000,nomatch
ed_060554,2,14,14,1,0,0.263371,nonzero
ed_060557,3,50,50,1,0,0.059286,nonzero
ed_060560,1,7,7,0,0,0.000000,nomatch
ed_060563,1,14,14,0,0,0.000000,nomatch
ed_060566,3,32,32,0,0,0.000000,nomatch
ed_060569,2,27,27,1,0,0.229415,nonzero
ed_060572,1,14,14,0,0,0.000000,nomatch
ed_060575,2,13,13,0,0,0.000000,nomatch
ed_060578,1,15,15,0,0,0.000000,nomatch
ed_060581,3,33,33,0,0,0.000000,nomatch
ed_060584,2,16,16,0,0,0.000000,nomatch
ed_060587,2,23,23,0,0,0.000000,nomatch
ed_060590,2,17,17,1,0,-0.210732,nonzero
ed_060593,2,19,19,0,0,0.000000,nomatch
ed_060596,1,11,11,0,0,0.000000,nomatch
ed_060600,3,24,24,1,0,0.120386,nonzero
ed_060603,2,19,19,1,0,0.180579,nonzero
ed_060606,1,15,15,1,0,-0.268607,nonzero
ed_060609,1,11,11,1,0,-0.709560,nonzero
ed_060613,2,28,28,1,0,0.180579,nonzero
ed_060616,2,21,21,1,0,-0.180579,nonzero
ed_060619,2,22,22,2,0,0.272979,nonzero
ed_060622,1,13,13,1,0,-0.476658,nonzero
ed_060625,1,11,11,0,0,0.000000,nomatch
ed_060628,2,16,16,0,0,0.000000,nomatch
ed_060631,2,11,11,1,0,0.246957,nonzero
ed_060635,2,20,20,0,0,0.000000,nomatch
ed_060638,1,10,10,0,0,0.000000,nomatch
ed_060642,2,19,19,0,0,0.000000,nomatch
ed_060645,2,24,24,1,0,0.064019,nonzero
ed_060648,2,12,12,2,0,0.542326,nonzero
ed_060651,3,34,34,2,0,0.126012,nonzero
ed_060654,1,16,16,0,0,0.000000,nomatch
ed_060657,3,24,24,0,0,0.000000,nomatch
ed_060660,2,14,14,2,0,0.135577,nonzero
ed_060663,2,18,18,1,0,0.306186,nonzero
ed_060666,2,14,14,0,0,0.000000,nomatch
ed_060669,2,15,15,0,0,0.000000,nomatch
ed_060672,1,11,11,0,0,0.000000,nomatch
ed_060675,2,16,16,1,0,0.180579,nonzero
ed_060678,1,8,8,1,0,-0.526742,nonzero
ed_060682,1,8,8,0,0,0.000000,nomatch
ed_060685,2,17,17,0,0,0.000000,nomatch
ed_060688,1,15,15,0,0,0.000000,nomatch
ed_060692,2,20,20,0,0,0.000000,nomatch
ed_060695,1,15,15,0,0,0.000000,nomatch
ed_060702,1,13,13,0,0,0.000000,nomatch
ed_060709,1,8,8,0,0,0.000000,nomatch
ed_060712,2,20,20,1,0,0.180579,nonzero
ed_060715,1,11,11,0,0,0.000000,nomatch
ed_060718,3,29,29,1,0,-0.120386,nonzero
ed_060721,1,13,13,0,0,0.000000,nomatch
ed_060725,1,16,16,2,0,0.000000,cancel
ed_060728,3,20,20,0,0,0.000000,nomatch
ed_060731,1,5,5,1,0,-0.361158,nonzero
ed_060735,1,12,12,0,0,0.000000,nomatch
ed_060739,2,23,23,2,0,0.210732,nonzero
ed_060742,1,14,14,1,0,-0.487080,nonzero
ed_060745,2,11,11,0,0,0.000000,nomatch
ed_060749,2,12,12,2,0,-0.591027,nonzero
ed_060756,2,15,15,0,0,0.000000,nomatch
ed_060759,2,27,27,0,0,0.000000,nomatch
ed_060762,1,14,14,0,0,0.000000,nomatch
ed_060765,1,15,15,0,0,0.000000,nomatch
ed_060768,1,12,12,0,0,0.000000,nomatch
ed_060772,2,12,12,1,0,0.180579,nonzero
ed_060775,2,23,23,1,0,0.180579,nonzero
ed_060778,2,15,15,1,0,-0.210732,nonzero
ed_060781,4,42,42,1,0,0.065416,nonzero
ed_060784,1,7,7,0,0,0.000000,nomatch
ed_060787,2,21,21,2,0,-0.057750,nonzero
ed_060790,2,31,31,0,0,0.000000,nomatch
ed_060793,1,7,7,1,0,-0.655311,nonzero
ed_060796,1,9,9,0,0,0.000000,nomatch
ed_060799,2,13,13,0,0,0.000000,nomatch
ed_060802,1,13,13,0,0,0.000000,nomatch
ed_060805,2,16,16,0,0,0.000000,nomatch
ed_060808,1,10,10,0,0,0.000000,nomatch
ed_060812,3,83,83,1,0,-0.120386,nonzero
ed_060815,1,9,9,0,0,0.000000,nomatch
ed_060818,2,21,21,1,0,0.064019,nonzero
ed_060821,2,16,16,1,0,0.229415,nonzero
ed_060825,2,26,26,2,0,-0.125000,nonzero
ed_060828,1,10,10,1,0,0.526742,nonzero
ed_060831,2,18,18,0,0,0.000000,nomatch
ed_060834,2,12,12,0,0,0.000000,nomatch
ed_060837,2,14,14,0,0,0.000000,nomatch
ed_060840,1,11,11,0,0,0.000000,nomatch
ed_060843,2,11,11,0,0,0.000000,nomatch
ed_060846,1,12,12,1,0,-0.493915,nonzero
ed_060849,1,13,13,0,0,0.000000,nomatch
ed_060852,1,7,7,0,0,0.000000,nomatch
ed_060855,2,16,16,0,0,0.000000,nomatch
ed_060858,1,14,14,0,0,0.000000,nomatch
ed_060862,1,16,16,0,0,0.000000,nomatch
ed_060865,2,17,17,1,0,0.180579,nonzero
ed_060868,1,15,15,2,0,-0.361158,nonzero
ed_060872,1,8,8,0,0,0.000000,nomatch
ed_060876,1,9,9,0,0,0.000000,nomatch
ed_060883,1,13,13,0,0,0.000000,nomatch
ed_060886,2,8,8,1,0,0.271163,nonzero
ed_060893,1,7,7,0,0,0.000000,nomatch
ed_060896,1,14,14,0,0,0.000000,nomatch
ed_060899,1,11,11,0,0,0.000000,nomatch
ed_060903,2,18,18,0,0,0.000000,nomatch
ed_060906,2,27,27,0,0,0.000000,nomatch
ed_060909,1,12,12,0,0,0.000000,nomatch
ed_060913,1,11,11,0,0,0.000000,nomatch
ed_060916,2,19,19,0,0,0.000000,nomatch
ed_060919,2,21,21,0,0,0.000000,nomatch
ed_060922,1,17,17,0,0,0.000000,nomatch
ed_060925,1,5,5,0,0,0.000000,nomatch
ed_060928,1,13,13,0,0,0.000000,nomatch
ed_060935,2,16,16,1,0,0.229415,nonzero
ed_060939,1,15,15,0,0,0.000000,nomatch
ed_060942,2,20,20,1,0,0.180579,nonzero
ed_060945,1,16,16,0,0,0.000000,nomatch
ed_060949,1,6,6,1,0,0.250000,nonzero
ed_060953,1,13,13,0,0,0.000000,nomatch
ed_060956,1,5,5,0,0,0.000000,nomatch
ed_060960,1,11,11,0,0,0.000000,nomatch
ed_060963,2,14,14,1,0,0.224852,nonzero
ed_060967,2,14,14,0,0,0.000000,nomatch
ed_060970,3,23,23,1,0,-0.120386,nonzero
ed_060973,2,19,19,0,0,0.000000,nomatch
ed_060976,2,19,19,1,0,-0.210732,nonzero
ed_060979,2,20,20,0,0,0.000000,nomatch
ed_060982,3,38,38,0,0,0.000000,nomatch
ed_060985,1,11,11,0,0,0.000000,nomatch
ed_060989,6,108,108,2,0,0.152944,nonzero
ed_060993,1,20,20,0,0,0.000000,nomatch
ed_060996,2,20,20,0,0,0.000000,nomatch
ed_060999,2,20,20,0,0,0.000000,nomatch
ed_061002,1,6,6,2,0,0.000000,cancel
ed_061005,2,17,17,0,0,0.000000,nomatch
ed_061008,2,12,12,0,0,0.000000,nomatch
ed_061012,1,14,14,0,0,0.000000,nomatch
ed_061015,1,21,21,1,0,0.563239,nonzero
ed_061019,1,8,8,0,0,0.000000,nomatch
ed_061022,1,14,14,0,0,0.000000,nomatch
ed_061025,1,11,11,0,0,0.000000,nomatch
ed_061029,2,22,22,0,0,0.000000,nomatch
ed_061032,1,10,10,0,0,0.000000,nomatch
ed_061035,3,40,40,1,0,-0.152944,nonzero
ed_061038,2,16,16,0,0,0.000000,nomatch
ed_061041,1,10,10,0,0,0.000000,nomatch
ed_061045,2,10,10,0,0,0.000000,nomatch
ed_061048,2,17,17,2,0,0.369565,nonzero
ed_061051,1,13,13,0,0,0.000000,nomatch
ed_061054,2,25,25,0,0,0.000000,nomatch
ed_061057,2,16,16,0,0,0.000000,nomatch
ed_061061,1,13,13,0,0,0.000000,nomatch
ed_061064,1,13,13,0,0,0.000000,nomatch
ed_061068,2,32,32,2,0,-0.117930,nonzero
ed_061071,1,15,15,0,0,0.000000,nomatch
ed_061074,2,15,15,1,0,0.271163,nonzero
ed_061078,2,21,21,0,0,0.000000,nomatch
ed_061081,2,19,19,1,0,0.246957,nonzero
ed_061084,1,10,10,0,0,0.000000,nomatch
ed_061087,1,10,10,0,0,0.000000,nomatch
ed_061090,1,9,9,2,0,0.458831,nonzero
ed_061093,1,8,8,0,0,0.000000,nomatch
ed_061096,1,8,8,0,0,0.000000,nomatch
ed_061099,1,15,15,0,0,0.000000,nomatch
ed_061103,2,18,18,0,0,0.000000,nomatch
ed_061106,1,10,10,0,0,0.000000,nomatch
ed_061109,1,11,11,0,0,0.000000,nomatch
ed_061112,1,8,8,0,0,0.000000,nomatch
ed_061115,1,12,12,1,0,0.458831,nonzero
ed_061119,2,16,16,1,0,0.180579,nonzero
ed_061122,2,12,12,0,0,0.000000,nomatch
ed_061125,2,17,17,1,0,-0.342425,nonzero
ed_061128,4,40,40,0,0,0.000000,nomatch
ed_061131,1,13,13,0,0,0.000000,nomatch
ed_061134,2,17,17,0,0,0.000000,nomatch
ed_061137,4,46,46,1,0,-0.090289,nonzero
ed_061140,2,38,38,1,0,-0.180579,nonzero
ed_061143,1,10,10,0,0,0.000000,nomatch
ed_061146,1,7,7,1,0,-0.655311,nonzero
ed_061149,1,11,11,0,0,0.000000,nomatch
ed_061155,1,17,17,1,0,-0.361158,nonzero
ed_061158,2,21,21,1,0,-0.064019,nonzero
ed_061161,2,25,25,0,0,0.000000,nomatch
ed_061164,1,12,12,1,0,0.563239,nonzero
ed_061167,1,15,15,0,0,0.000000,nomatch
ed_061171,1,28,28,0,0,0.000000,nomatch
ed_061175,1,8,8,0,0,0.000000,nomatch
ed_061178,1,15,15,0,0,0.000000,nomatch
ed_061181,1,6,6,0,0,0.000000,nomatch
ed_061184,2,17,17,0,0,0.000000,nomatch
ed_061188,2,8,8,0,0,0.000000,nomatch
ed_061192,3,48,48,0,0,0.000000,nomatch
ed_061195,1,12,12,0,0,0.000000,nomatch
ed_061198,1,19,19,1,0,-0.361158,nonzero
ed_061201,1,15,15,1,0,0.128037,nonzero
ed_061204,1,15,15,1,0,0.594036,nonzero
ed_061207,1,12,12,0,0,0.000000,nomatch
ed_061210,2,23,23,1,0,0.271163,nonzero
ed_061213,1,11,11,0,0,0.000000,nomatch
ed_061217,1,6,6,0,0,0.000000,nomatch
ed_061220,1,4,4,0,0,0.000000,nomatch
ed_061223,2,16,16,1,0,0.210732,nonzero
ed_061226,2,18,18,0,0,0.000000,nomatch
ed_061229,1,12,12,0,0,0.000000,nomatch
ed_061232,4,60,60,0,0,0.000000,nomatch
ed_061238,1,2,2,0,0,0.000000,nomatch
ed_061241,2,16,16,0,0,0.000000,nomatch
ed_061245,1,10,10,0,0,0.000000,nomatch
ed_061248,2,15,15,0,0,0.000000,nomatch
ed_061251,1,16,16,0,0,0.000000,nomatch
ed_061254,1,14,14,1,0,-0.735147,nonzero
ed_061257,2,16,16,2,0,-0.508234,nonzero
ed_061260,1,6,6,0,0,0.000000,nomatch
ed_061263,1,7,7,0,0,0.000000,nomatch
ed_061266,3,34,34,3,0,-0.303553,nonzero
ed_061269,2,17,17,1,0,-0.342425,nonzero
ed_061272,2,15,15,0,0,0.000000,nomatch
ed_061275,2,14,14,0,0,0.000000,nomatch
ed_061278,1,7,7,0,0,0.000000,nomatch
ed_061281,1,7,7,0,0,0.000000,nomatch
ed_061284,2,17,17,2,0,-0.443950,nonzero
ed_061287,2,12,12,0,0,0.000000,nomatch
ed_061290,2,20,20,0,0,0.000000,nomatch
ed_061293,3,35,35,2,0,0.348603,nonzero
ed_061296,1,7,7,0,0,0.000000,nomatch
ed_061299,1,4,4,0,0,0.000000,nomatch
ed_061303,2,16,16,0,0,0.000000,nomatch
ed_061306,1,9,9,0,0,0.000000,nomatch
ed_061309,2,15,15,0,0,0.000000,nomatch
ed_061312,1,8,8,1,0,-0.361158,nonzero
ed_061315,2,13,13,0,0,0.000000,nomatch
ed_061318,1,18,18,0,0,0.000000,nomatch
ed_061324,1,9,9,0,0,0.000000,nomatch
ed_061328,1,12,12,0,0,0.000000,nomatch
ed_061332,3,25,25,2,0,0.240772,nonzero
ed_061335,1,12,12,0,0,0.000000,nomatch
ed_061338,3,46,46,0,0,0.000000,nomatch
ed_061341,2,13,13,0,0,0.000000,nomatch
ed_061344,4,57,57,1,0,-0.090289,nonzero
ed_061347,3,42,42,1,0,0.042679,nonzero
ed_061350,1,19,19,0,0,0.000000,nomatch
ed_061353,1,9,9,0,0,0.000000,nomatch
ed_061357,4,54,54,1,0,0.000000,cancel
ed_061361,2,17,17,0,0,0.000000,nomatch
ed_061365,1,10,10,0,0,0.000000,nomatch
ed_061368,1,15,15,0,0,0.000000,nomatch
ed_061371,3,34,34,0,0,0.000000,nomatch
ed_061375,1,19,19,2,0,-0.612372,nonzero
ed_061378,1,15,15,0,0,0.000000,nomatch
ed_061381,1,20,20,2,0,-0.612372,nonzero
ed_061384,6,47,47,2,0,0.027597,nonzero
ed_061387,1,17,17,1,0,0.542326,nonzero
ed_061390,2,21,21,0,0,0.000000,nomatch
ed_061393,2,15,15,1,0,-0.210732,nonzero
ed_061396,3,31,31,1,0,0.067430,nonzero
ed_061399,2,31,31,0,0,0.000000,nomatch
ed_061402,1,18,18,2,0,0.750630,nonzero
ed_061406,1,15,15,1,0,0.493915,nonzero
ed_061409,3,38,38,2,0,0.000000,cancel
ed_061412,1,16,16,1,0,0.361158,nonzero
ed_061415,2,23,23,2,0,0.443950,nonzero
ed_061421,1,18,18,2,0,-0.599373,nonzero
ed_061424,3,43,43,0,0,0.000000,nomatch
ed_061427,1,14,14,1,0,-0.339950,nonzero
ed_061430,1,13,13,0,0,0.000000,nomatch
ed_061434,1,4,4,0,0,0.000000,nomatch
ed_061438,3,45,45,0,0,0.000000,nomatch
ed_061441,1,21,21,1,0,-0.458831,nonzero
ed_061444,1,12,12,0,1,-0.128037,nonzero
ed_061451,2,13,13,0,0,0.000000,nomatch
ed_061455,2,15,15,1,0,-0.281620,nonzero
ed_061458,1,17,17,2,0,-0.700349,nonzero
ed_061464,3,48,48,0,0,0.000000,nomatch
ed_061467,5,55,55,0,0,0.000000,nomatch
ed_061470,1,9,9,1,0,-0.361158,nonzero
ed_061473,2,12,12,0,0,0.000000,nomatch
ed_061478,1,12,12,0,0,0.000000,nomatch
ed_061482,2,11,11,0,0,0.000000,nomatch
ed_061485,3,24,24,1,0,0.120386,nonzero
ed_061488,2,13,13,1,0,0.263371,nonzero
ed_061492,2,16,16,1,0,0.263371,nonzero
ed_061495,1,11,11,1,0,-0.655311,nonzero
ed_061499,2,21,21,0,0,0.000000,nomatch
ed_061502,2,21,21,1,0,-0.229415,nonzero
ed_061505,1,13,13,0,0,0.000000,nomatch
ed_061509,2,13,13,0,0,0.000000,nomatch
ed_061512,1,10,10,0,0,0.000000,nomatch
ed_061516,2,22,22,1,0,-0.064019,nonzero
ed_061519,2,15,15,0,0,0.000000,nomatch
ed_061522,1,20,20,1,0,-0.361158,nonzero
ed_061526,2,20,20,1,0,-0.180579,nonzero
ed_061529,1,13,13,0,0,0.000000,nomatch
ed_061532,2,10,10,1,0,0.180579,nonzero
ed_061538,2,24,24,2,0,-0.246957,nonzero
ed_061541,2,16,16,2,0,-0.391023,nonzero
ed_061544,1,12,12,1,0,-0.578947,nonzero
ed_061548,1,7,7,1,0,-0.361158,nonzero
ed_061551,2,12,12,1,0,-0.180579,nonzero
ed_061554,1,14,14,0,0,0.000000,nomatch
ed_061558,2,21,21,0,0,0.000000,nomatch
ed_061561,1,9,9,0,0,0.000000,nomatch
ed_061564,1,27,27,0,0,0.000000,nomatch
ed_061569,2,15,15,1,0,0.271163,nonzero
ed_061572,2,17,17,1,0,-0.210732,nonzero
ed_061575,2,6,6,0,0,0.000000,nomatch
ed_061579,2,16,16,0,0,0.000000,nomatch
ed_061583,1,4,4,0,0,0.000000,nomatch
ed_061587,1,12,12,1,0,-0.430641,nonzero
ed_061592,1,8,8,0,0,0.000000,nomatch
ed_061595,2,15,15,0,0,0.000000,nomatch
ed_061598,1,7,7,0,0,0.000000,nomatch
ed_061601,2,17,17,1,0,0.210732,nonzero
ed_061604,1,23,23,0,0,0.000000,nomatch
ed_061607,1,4,4,0,0,0.000000,nomatch
ed_061611,2,15,15,0,0,0.000000,nomatch
ed_061614,2,11,11,0,0,0.000000,nomatch
ed_061617,1,12,12,1,0,0.250000,nonzero
ed_061621,1,3,3,0,0,0.000000,nomatch
ed_061624,2,15,15,0,0,0.000000,nomatch
ed_061628,2,17,17,0,0,0.000000,nomatch
ed_061631,1,8,8,1,0,0.250000,nonzero
ed_061634,2,16,16,1,0,0.229415,nonzero
ed_061637,1,7,7,0,0,0.000000,nomatch
ed_061640,2,14,14,0,0,0.000000,nomatch
ed_061643,1,11,11,0,0,0.000000,nomatch
ed_061646,1,22,22,2,0,0.718421,nonzero
ed_061650,2,11,11,0,0,0.000000,nomatch
ed_061653,1,8,8,0,0,0.000000,nomatch
ed_061656,2,16,16,2,0,-0.165397,nonzero
ed_061659,1,15,15,0,0,0.000000,nomatch
ed_061662,1,7,7,0,0,0.000000,nomatch
ed_061666,2,14,14,0,0,0.000000,nomatch
ed_061669,2,19,19,0,0,0.000000,nomatch
ed_061672,2,16,16,0,0,0.000000,nomatch
ed_061675,2,28,28,0,0,0.000000,nomatch
ed_061679,2,17,17,0,0,0.000000,nomatch
ed_061682,2,12,12,0,0,0.000000,nomatch
ed_061685,1,15,15,1,0,0.594036,nonzero
ed_061689,1,8,8,0,0,0.000000,nomatch
ed_061693,1,10,10,0,0,0.000000,nomatch
ed_061696,2,13,13,0,0,0.000000,nomatch
ed_061699,2,23,23,1,0,-0.243540,nonzero
ed_061702,1,18,18,0,0,0.000000,nomatch
ed_061709,1,13,13,0,0,0.000000,nomatch
ed_061713,2,15,15,1,0,0.180579,nonzero
ed_061716,1,10,10,0,0,0.000000,nomatch
ed_061720,2,16,16,1,0,-0.281620,nonzero
ed_061723,2,13,13,0,0,0.000000,nomatch
ed_061726,1,10,10,0,0,0.000000,nomatch
ed_061729,1,8,8,0,0,0.000000,nomatch
ed_061733,1,11,11,1,0,0.261663,nonzero
ed_061737,2,17,17,1,0,-0.210732,nonzero
ed_061740,2,17,17,0,0,0.000000,nomatch
ed_061743,2,22,22,0,0,0.000000,nomatch
ed_061746,2,18,18,0,0,0.000000,nomatch
ed_061749,1,6,6,0,0,0.000000,nomatch
ed_061755,1,15,15,0,0,0.000000,nomatch
ed_061758,2,23,23,1,0,-0.327655,nonzero
ed_061761,2,18,18,1,0,-0.263371,nonzero
ed_061764,2,16,16,0,0,0.000000,nomatch
ed_061767,1,18,18,0,0,0.000000,nomatch
ed_061770,2,37,37,1,0,0.306186,nonzero
ed_061773,2,17,17,0,0,0.000000,nomatch
ed_061776,1,4,4,0,0,0.000000,nomatch
ed_061779,2,23,23,0,0,0.000000,nomatch
ed_061782,1,16,16,0,0,0.000000,nomatch
ed_061785,1,11,11,0,0,0.000000,nomatch
ed_061789,2,21,21,0,0,0.000000,nomatch
ed_061792,1,11,11,0,0,0.000000,nomatch
ed_061795,2,20,20,2,0,-0.030153,nonzero
ed_061798,1,16,16,0,0,0.000000,nomatch
ed_061801,1,8,8,0,0,0.000000,nomatch
ed_061805,1,13,13,1,0,-0.361158,nonzero
ed_061808,2,19,19,0,0,0.000000,nomatch
ed_061811,1,3,3,0,0,0.000000,nomatch
ed_061814,2,12,12,1,0,-0.210732,nonzero
ed_061817,2,11,11,1,0,-0.229415,nonzero
ed_061820,1,6,6,0,0,0.000000,nomatch
ed_061824,2,19,19,0,0,0.000000,nomatch
ed_061827,1,11,11,0,0,0.000000,nomatch
ed_061830,2,13,13,1,0,-0.263371,nonzero
ed_061833,1,7,7,0,0,0.000000,nomatch
ed_061836,2,15,15,0,0,0.000000,nomatch
ed_061839,2,21,21,1,0,0.229415,nonzero
ed_061843,1,6,6,0,0,0.000000,nomatch
ed_061846,1,6,6,0,0,0.000000,nomatch
ed_061849,1,9,9,0,0,0.000000,nomatch
ed_061853,2,15,15,0,0,0.000000,nomatch
ed_061856,2,14,14,2,0,0.443950,nonzero
ed_061859,1,9,9,0,0,0.000000,nomatch
ed_061862,1,11,11,0,0,0.000000,nomatch
ed_061865,2,20,20,1,0,0.229415,nonzero
ed_061868,1,4,4,0,0,0.000000,nomatch
ed_061871,1,5,5,0,0,0.000000,nomatch
ed_061874,1,14,14,0,0,0.000000,nomatch
ed_061877,2,12,12,0,0,0.000000,nomatch
ed_061881,2,8,8,0,0,0.000000,nomatch
ed_061884,2,30,30,1,0,0.195971,nonzero
ed_061887,2,22,22,1,0,0.125000,nonzero
ed_061890,1,6,6,0,0,0.000000,nomatch
ed_061893,1,7,7,0,0,0.000000,nomatch
ed_061897,1,8,8,0,0,0.000000,nomatch
ed_061900,2,13,13,0,0,0.000000,nomatch
ed_061903,1,1,1,0,0,0.000000,nomatch
ed_061906,3,30,30,1,0,0.152944,nonzero
ed_061910,1,8,8,0,0,0.000000,nomatch
ed_061913,2,24,24,0,0,0.000000,nomatch
ed_061916,1,13,13,1,0,0.458831,nonzero
ed_061919,1,5,5,1,0,0.458831,nonzero
ed_061922,1,15,15,0,0,0.000000,nomatch
ed_061925,1,10,10,0,0,0.000000,nomatch
ed_061928,1,5,5,0,0,0.000000,nomatch
ed_061931,2,19,19,0,0,0.000000,nomatch
ed_061934,1,6,6,0,0,0.000000,nomatch
ed_061937,1,11,11,1,0,-0.458831,nonzero
ed_061940,2,16,16,2,0,0.409994,nonzero
ed_061943,1,6,6,0,0,0.000000,nomatch
ed_061946,2,21,21,1,1,0.229415,nonzero
ed_061949,2,15,15,0,0,0.000000,nomatch
ed_061953,2,17,17,1,0,0.180579,nonzero
ed_061956,1,9,9,0,0,0.000000,nomatch
ed_061959,1,4,4,1,0,0.542326,nonzero
ed_061962,1,5,5,1,0,0.128037,nonzero
ed_061965,1,3,3,1,0,-0.261663,nonzero
ed_061968,1,7,7,0,0,0.000000,nomatch
ed_061971,1,15,15,0,0,0.000000,nomatch
ed_061974,2,21,21,1,0,0.180579,nonzero
ed_061977,2,23,23,0,0,0.000000,nomatch
ed_061981,1,2,2,0,0,0.000000,nomatch
ed_061984,1,11,11,1,0,-0.458831,nonzero
ed_061988,1,6,6,0,0,0.000000,nomatch
ed_061991,1,3,3,0,0,0.000000,nomatch
ed_061994,1,11,11,0,0,0.000000,nomatch
ed_061997,1,9,9,0,0,0.000000,nomatch
ed_062000,1,8,8,0,0,0.000000,nomatch
ed_062003,2,13,13,0,0,0.000000,nomatch
ed_062006,1,16,16,0,0,0.000000,nomatch
ed_062009,2,18,18,0,0,0.000000,nomatch
ed_062012,1,8,8,0,0,0.000000,nomatch
ed_062016,2,14,14,0,0,0.000000,nomatch
ed_062019,1,7,7,0,0,0.000000,nomatch
ed_062022,1,6,6,0,0,0.000000,nomatch
ed_062025,1,6,6,0,0,0.000000,nomatch
ed_062028,2,12,12,0,0,0.000000,nomatch
ed_062031,1,7,7,0,0,0.000000,nomatch
ed_062034,2,17,17,1,1,-0.244597,nonzero
ed_062037,2,11,11,0,0,0.000000,nomatch
ed_062040,1,25,25,0,0,0.000000,nomatch
ed_062043,1,6,6,0,0,0.000000,nomatch
ed_062046,1,11,11,0,1,-0.128037,nonzero
ed_062052,2,17,17,1,0,-0.180579,nonzero
ed_062055,2,18,18,0,0,0.000000,nomatch
ed_062058,2,18,18,0,0,0.000000,nomatch
ed_062061,2,11,11,0,0,0.000000,nomatch
ed_062064,2,29,29,0,0,0.000000,nomatch
ed_062068,1,3,3,1,0,0.458831,nonzero
ed_062071,2,15,15,0,0,0.000000,nomatch
ed_062077,2,17,17,1,0,0.281620,nonzero
ed_062080,2,17,17,1,0,0.125000,nonzero
ed_062083,2,13,13,0,0,0.000000,nomatch
ed_062086,1,5,5,0,0,0.000000,nomatch
ed_062089,2,25,25,0,0,0.000000,nomatch
ed_062098,1,6,6,0,0,0.000000,nomatch
ed_062101,1,17,17,0,0,0.000000,nomatch
ed_062104,3,47,47,1,0,0.113317,nonzero
ed_062108,1,2,2,0,0,0.000000,nomatch
ed_062111,1,40,40,1,0,-0.361158,nonzero
ed_062114,1,18,18,1,1,-0.709560,nonzero
ed_062117,1,3,3,0,0,0.000000,nomatch
ed_062120,1,8,8,0,0,0.000000,nomatch
ed_062127,2,17,17,1,0,-0.064019,nonzero
ed_062134,2,24,24,0,0,0.000000,nomatch
ed_062138,1,7,7,0,0,0.000000,nomatch
ed_062141,2,28,28,0,0,0.000000,nomatch
ed_062144,1,4,4,0,0,0.000000,nomatch
ed_062147,1,5,5,0,0,0.000000,nomatch
ed_062150,3,22,22,1,0,-0.120386,nonzero
ed_062157,2,11,11,1,0,0.180579,nonzero
ed_062161,1,4,4,0,0,0.000000,nomatch
ed_062165,1,4,4,0,0,0.000000,nomatch
ed_062168,1,6,6,0,0,0.000000,nomatch
ed_062175,2,20,20,1,0,0.125000,nonzero
ed_062182,1,8,8,0,0,0.000000,nomatch
ed_062185,2,28,28,0,0,0.000000,nomatch
ed_062189,2,18,18,1,0,-0.229415,nonzero
ed_062192,1,11,11,0,0,0.000000,nomatch
ed_062195,2,18,18,1,0,-0.264951,nonzero
ed_062198,2,17,17,0,0,0.000000,nomatch
ed_062201,2,26,26,2,0,-0.064019,nonzero
ed_062205,3,23,23,0,0,0.000000,nomatch
ed_062208,1,8,8,0,0,0.000000,nomatch
ed_062211,2,28,28,0,0,0.000000,nomatch
ed_062214,2,12,12,0,0,0.000000,nomatch
ed_062217,3,32,32,0,0,0.000000,nomatch
ed_062220,3,24,24,0,0,0.000000,nomatch
ed_062224,2,15,15,0,0,0.000000,nomatch
ed_062227,1,16,16,0,0,0.000000,nomatch
ed_062230,2,10,10,2,0,-0.391311,nonzero
ed_062233,2,10,10,1,0,-0.263371,nonzero
ed_062236,1,8,8,0,0,0.000000,nomatch
ed_062239,2,19,19,0,0,0.000000,nomatch
ed_062242,2,14,14,1,0,-0.113174,nonzero
ed_062245,2,27,27,0,0,0.000000,nomatch
ed_062248,2,16,16,1,0,-0.064019,nonzero
ed_062252,3,25,25,0,0,0.000000,nomatch
ed_062255,1,8,8,0,0,0.000000,nomatch
ed_062258,1,9,9,0,0,0.000000,nomatch
ed_062261,2,22,22,0,0,0.000000,nomatch
ed_062264,1,18,18,1,0,-0.421464,nonzero
ed_062267,2,20,20,2,0,-0.293489,nonzero
ed_062270,1,8,8,0,0,0.000000,nomatch
ed_062273,3,25,25,1,0,-0.042679,nonzero
ed_062277,2,16,16,0,0,0.000000,nomatch
ed_062280,2,14,14,0,0,0.000000,nomatch
ed_062283,2,19,19,1,0,0.180579,nonzero
ed_062286,1,10,10,0,0,0.000000,nomatch
ed_062289,2,16,16,0,0,0.000000,nomatch
ed_062292,2,29,29,0,0,0.000000,nomatch
ed_062295,1,7,7,0,0,0.000000,nomatch
ed_062298,2,24,24,1,0,-0.180579,nonzero
ed_062301,3,23,23,0,0,0.000000,nomatch
ed_062304,2,21,21,2,0,-0.116560,nonzero
ed_062307,2,16,16,1,0,0.101144,nonzero
ed_062310,2,20,20,0,0,0.000000,nomatch
ed_062313,1,17,17,0,0,0.000000,nomatch
ed_062316,2,20,20,0,0,0.000000,nomatch
ed_062319,1,21,21,0,0,0.000000,nomatch
ed_062322,2,13,13,1,0,0.229415,nonzero
ed_062325,2,23,23,1,0,0.064019,nonzero
ed_062328,2,22,22,0,0,0.000000,nomatch
ed_062332,2,14,14,0,0,0.000000,nomatch
ed_062335,2,23,23,1,0,0.246957,nonzero
ed_062338,3,28,28,0,0,0.000000,nomatch
ed_062341,2,18,18,2,0,0.159106,nonzero
ed_062345,1,11,11,1,0,0.542326,nonzero
ed_062348,2,26,26,0,0,0.000000,nomatch
ed_062351,2,10,10,1,0,0.292941,nonzero
ed_062354,2,24,24,1,0,-0.292941,nonzero
ed_062357,3,21,21,0,0,0.000000,nomatch
ed_062360,3,47,47,0,0,0.000000,nomatch
ed_062363,2,13,13,1,0,-0.180579,nonzero
ed_062367,2,15,15,0,0,0.000000,nomatch
ed_062370,2,31,31,1,0,0.154685,nonzero
ed_062373,1,16,16,1,0,0.585882,nonzero
ed_062376,1,13,13,1,1,0.458831,nonzero
ed_062379,2,25,25,1,0,-0.229415,nonzero
ed_062383,1,9,9,0,0,0.000000,nomatch
ed_062386,2,22,22,2,1,0.391023,nonzero
ed_062389,1,16,16,1,0,-0.361158,nonzero
ed_062392,2,18,18,0,0,0.000000,nomatch
ed_062395,2,24,24,0,0,0.000000,nomatch
ed_062398,1,18,18,0,0,0.000000,nomatch
ed_062401,2,18,18,1,0,0.147979,nonzero
ed_062404,2,22,22,1,0,-0.263371,nonzero
ed_062407,2,13,13,0,0,0.000000,nomatch
ed_062410,1,18,18,0,0,0.000000,nomatch
ed_062413,2,21,21,1,0,-0.180579,nonzero
ed_062416,2,32,32,0,0,0.000000,nomatch
ed_062419,2,13,13,0,0,0.000000,nomatch
ed_062422,1,17,17,0,0,0.000000,nomatch
ed_062425,2,31,31,0,0,0.000000,nomatch
ed_062428,2,39,39,0,0,0.000000,nomatch
ed_062432,2,15,15,1,0,0.311213,nonzero
ed_062436,1,12,12,1,0,-0.361158,nonzero
ed_062439,1,20,20,0,0,0.000000,nomatch
ed_062442,2,18,18,0,0,0.000000,nomatch
ed_062445,2,22,22,1,0,0.180579,nonzero
ed_062448,1,15,15,0,0,0.000000,nomatch
ed_062451,1,18,18,0,0,0.000000,nomatch
ed_062454,3,34,34,0,0,0.000000,nomatch
ed_062457,4,64,64,0,0,0.000000,nomatch
ed_062460,1,14,14,2,0,0.764969,nonzero
ed_062463,2,17,17,0,0,0.000000,nomatch
ed_062467,1,8,8,0,0,0.000000,nomatch
ed_062470,1,15,15,0,0,0.000000,nomatch
ed_062473,1,16,16,0,0,0.000000,nomatch
ed_062477,2,35,35,0,0,0.000000,nomatch
ed_062480,1,7,7,0,0,0.000000,nomatch
ed_062483,1,26,26,1,0,-0.250000,nonzero
ed_062487,2,23,23,0,0,0.000000,nomatch
ed_062490,2,17,17,0,0,0.000000,nomatch
ed_062494,2,20,20,0,0,0.000000,nomatch
ed_062497,1,15,15,1,1,0.458831,nonzero
ed_062501,1,17,17,0,0,0.000000,nomatch
ed_062508,2,15,15,0,0,0.000000,nomatch
ed_062515,2,23,23,0,0,0.000000,nomatch
ed_062518,1,20,20,2,0,-0.612372,nonzero
ed_062522,2,24,24,0,0,0.000000,nomatch
ed_062525,1,23,23,0,0,0.000000,nomatch
ed_062529,2,32,32,1,0,0.180579,nonzero
ed_062532,2,10,10,1,0,-0.064019,nonzero
ed_062536,2,19,19,0,0,0.000000,nomatch
ed_062543,2,11,11,0,0,0.000000,nomatch
ed_062546,2,23,23,1,0,0.101144,nonzero
ed_062549,1,20,20,0,0,0.000000,nomatch
ed_062553,2,18,18,0,0,0.000000,nomatch
ed_062557,2,17,17,1,0,-0.180579,nonzero
ed_062560,3,22,22,0,0,0.000000,nomatch
ed_062567,3,23,23,0,0,0.000000,nomatch
ed_062572,1,29,29,0,0,0.000000,nomatch
ed_062575,2,18,18,0,0,0.000000,nomatch
ed_062578,1,13,13,0,0,0.000000,nomatch
ed_062581,2,14,14,1,0,0.246957,nonzero
ed_062584,2,10,10,1,0,0.271163,nonzero
ed_062588,1,17,17,0,0,0.000000,nomatch
ed_062592,2,15,15,0,0,0.000000,nomatch
ed_062596,2,14,14,0,0,0.000000,nomatch
ed_062601,3,37,37,0,0,0.000000,nomatch
ed_062604,2,19,19,0,0,0.000000,nomatch
ed_062607,2,32,32,0,0,0.000000,nomatch
ed_062610,2,17,17,0,0,0.000000,nomatch
ed_062614,1,16,16,0,0,0.000000,nomatch
ed_062617,2,16,16,2,0,0.396163,nonzero
ed_062621,2,21,21,1,0,0.180579,nonzero
ed_062624,2,17,17,1,0,0.180579,nonzero
ed_062627,1,22,22,2,0,-0.659728,nonzero
ed_062630,2,17,17,1,0,-0.180579,nonzero
ed_062634,1,16,16,0,0,0.000000,nomatch
ed_062638,1,14,14,0,0,0.000000,nomatch
ed_062641,2,24,24,1,0,0.271163,nonzero
ed_062645,2,14,14,0,0,0.000000,nomatch
ed_062648,2,22,22,1,0,-0.180579,nonzero
ed_062651,1,15,15,0,0,0.000000,nomatch
ed_062654,1,23,23,1,0,0.361158,nonzero
ed_062658,2,16,16,0,0,0.000000,nomatch
ed_062661,2,20,20,0,0,0.000000,nomatch
ed_062664,2,13,13,0,0,0.000000,nomatch
ed_062667,2,17,17,2,0,0.378968,nonzero
ed_062671,2,23,23,0,0,0.000000,nomatch
ed_062674,2,17,17,1,0,0.180579,nonzero
ed_062677,2,13,13,0,0,0.000000,nomatch
ed_062680,1,12,12,0,0,0.000000,nomatch
ed_062683,1,22,22,0,0,0.000000,nomatch
ed_062686,1,8,8,0,0,0.000000,nomatch
ed_062689,2,30,30,0,0,0.000000,nomatch
ed_062692,1,13,13,0,0,0.000000,nomatch
ed_062696,2,12,12,0,0,0.000000,nomatch
ed_062699,2,24,24,0,0,0.000000,nomatch
ed_062702,2,21,21,1,0,0.229415,nonzero
ed_062706,2,18,18,1,0,0.101144,nonzero
ed_062709,2,19,19,1,0,-0.180579,nonzero
ed_062712,1,9,9,0,0,0.000000,nomatch
ed_062715,2,12,12,0,0,0.000000,nomatch
ed_062719,2,19,19,0,0,0.000000,nomatch
ed_062722,2,16,16,0,0,0.000000,nomatch
ed_062725,2,18,18,0,0,0.000000,nomatch
ed_062728,2,28,28,1,0,-0.210732,nonzero
ed_062732,1,17,17,1,0,0.493915,nonzero
ed_062735,2,23,23,3,0,0.181186,nonzero
ed_062738,2,16,16,0,0,0.000000,nomatch
ed_062741,2,44,44,1,0,-0.180579,nonzero
ed_062744,2,18,18,0,0,0.000000,nomatch
ed_062747,2,17,17,2,0,0.207144,nonzero
ed_062750,2,15,15,0,0,0.000000,nomatch
ed_062754,2,16,16,1,0,0.246957,nonzero
ed_062757,2,18,18,0,0,0.000000,nomatch
ed_062761,2,20,20,0,0,0.000000,nomatch
ed_062764,2,18,18,0,0,0.000000,nomatch
ed_062767,1,11,11,0,0,0.000000,nomatch
ed_062770,2,29,29,2,0,0.090584,nonzero
ed_062773,2,25,25,1,0,-0.238329,nonzero
ed_062776,2,15,15,1,0,-0.180579,nonzero
ed_062780,3,24,24,1,0,-0.120386,nonzero
ed_062783,2,21,21,0,0,0.000000,nomatch
ed_062786,2,12,12,0,0,0.000000,nomatch
ed_062789,1,14,14,0,0,0.000000,nomatch
ed_062792,2,42,42,0,0,0.000000,nomatch
ed_062796,1,23,23,0,0,0.000000,nomatch
ed_062799,2,26,26,1,0,0.271163,nonzero
ed_062803,2,17,17,1,0,-0.210732,nonzero
ed_062806,1,12,12,1,0,-0.585882,nonzero
ed_062809,2,22,22,0,0,0.000000,nomatch
ed_062812,2,11,11,0,0,0.000000,nomatch
ed_062816,2,28,28,0,0,0.000000,nomatch
ed_062819,1,14,14,0,0,0.000000,nomatch
ed_062823,2,15,15,0,0,0.000000,nomatch
ed_062826,1,18,18,0,0,0.000000,nomatch
ed_062833,3,18,18,1,0,-0.218437,nonzero
ed_062837,1,7,7,0,0,0.000000,nomatch
ed_062840,2,23,23,0,0,0.000000,nomatch
ed_062843,2,19,19,1,0,0.130831,nonzero
ed_062846,2,22,22,0,0,0.000000,nomatch
ed_062849,1,5,5,0,0,0.000000,nomatch
ed_062853,2,22,22,0,0,0.000000,nomatch
ed_062856,2,21,21,1,0,0.180579,nonzero
ed_062859,2,15,15,0,0,0.000000,nomatch
ed_062863,2,18,18,0,0,0.000000,nomatch
ed_062867,1,17,17,1,0,-0.421464,nonzero
ed_062870,1,14,14,0,0,0.000000,nomatch
ed_062873,1,26,26,0,0,0.000000,nomatch
ed_062876,1,18,18,0,0,0.000000,nomatch
ed_062879,2,17,17,0,0,0.000000,nomatch
ed_062883,2,29,29,0,0,0.000000,nomatch
ed_062886,1,17,17,0,0,0.000000,nomatch
ed_062890,3,24,24,0,0,0.000000,nomatch
ed_062893,1,12,12,2,0,-0.799778,nonzero
ed_062896,1,12,12,0,0,0.000000,nomatch
ed_062899,2,22,22,1,0,0.271163,nonzero
ed_062906,2,22,22,0,0,0.000000,nomatch
ed_062909,1,2,2,0,0,0.000000,nomatch
ed_062913,2,25,25,1,0,0.210732,nonzero
ed_062916,2,17,17,0,0,0.000000,nomatch
ed_062922,1,15,15,0,0,0.000000,nomatch
ed_062925,1,13,13,1,0,-0.361158,nonzero
ed_062928,2,18,18,1,0,-0.229415,nonzero
ed_062931,1,20,20,0,0,0.000000,nomatch
ed_062935,1,13,13,1,0,-0.361158,nonzero
ed_062938,1,8,8,0,0,0.000000,nomatch
ed_062941,2,21,21,2,0,-0.145813,nonzero
ed_062944,1,16,16,0,0,0.000000,nomatch
ed_062951,1,20,20,0,0,0.000000,nomatch
ed_062954,1,14,14,0,0,0.000000,nomatch
ed_062957,1,16,16,1,0,-0.361158,nonzero
ed_062960,3,31,31,0,0,0.000000,nomatch
ed_062963,1,4,4,0,0,0.000000,nomatch
ed_062966,1,19,19,2,0,0.612372,nonzero
ed_062969,2,14,14,0,0,0.000000,nomatch
ed_062976,1,13,13,0,0,0.000000,nomatch
ed_062982,2,33,33,1,0,0.238329,nonzero
ed_062985,1,14,14,0,0,0.000000,nomatch
ed_062988,1,11,11,1,0,0.458831,nonzero
ed_062991,2,17,17,0,0,0.000000,nomatch
ed_062995,3,26,26,0,0,0.000000,nomatch
ed_062998,1,26,26,2,0,-0.361158,nonzero
ed_063001,2,16,16,0,0,0.000000,nomatch
ed_063007,1,18,18,0,0,0.000000,nomatch
ed_063010,2,18,18,0,0,0.000000,nomatch
ed_063014,2,28,28,0,0,0.000000,nomatch
ed_063017,1,27,27,0,0,0.000000,nomatch
ed_063021,1,12,12,1,0,-0.458831,nonzero
ed_063025,1,10,10,1,0,0.458831,nonzero
ed_063028,1,8,8,0,0,0.000000,nomatch
ed_063031,2,37,37,0,0,0.000000,nomatch
ed_063034,1,19,19,1,0,0.128037,nonzero
ed_063037,2,15,15,1,0,-0.180579,nonzero
ed_063041,3,22,22,0,0,0.000000,nomatch
ed_063044,2,23,23,0,0,0.000000,nomatch
ed_063051,2,19,19,0,0,0.000000,nomatch
ed_063054,1,16,16,0,0,0.000000,nomatch
ed_063058,2,13,13,0,0,0.000000,nomatch
ed_063061,1,15,15,0,0,0.000000,nomatch
ed_063064,1,24,24,1,0,-0.361158,nonzero
ed_063067,2,17,17,0,0,0.000000,nomatch
ed_063071,3,23,23,0,0,0.000000,nomatch
ed_063074,1,14,14,0,0,0.000000,nomatch
ed_063078,3,23,23,0,0,0.000000,nomatch
ed_063081,3,18,18,1,0,-0.120386,nonzero
ed_063084,2,30,30,0,0,0.000000,nomatch
ed_063088,2,13,13,0,0,0.000000,nomatch
ed_063091,2,18,18,0,0,0.000000,nomatch
ed_063095,2,22,22,3,0,-0.180579,nonzero
ed_063098,2,14,14,0,0,0.000000,nomatch
ed_063101,1,26,26,0,0,0.000000,nomatch
ed_063104,2,15,15,1,0,-0.342425,nonzero
ed_063107,3,20,20,0,0,0.000000,nomatch
ed_063110,2,19,19,0,0,0.000000,nomatch
ed_063114,1,12,12,0,0,0.000000,nomatch
ed_063117,2,24,24,0,0,0.000000,nomatch
ed_063120,2,22,22,0,0,0.000000,nomatch
ed_063124,2,20,20,0,0,0.000000,nomatch
ed_063127,1,21,21,0,0,0.000000,nomatch
ed_063130,1,17,17,0,0,0.000000,nomatch
ed_063133,1,14,14,0,0,0.000000,nomatch
ed_063137,1,4,4,1,0,0.458831,nonzero
ed_063140,2,15,15,0,0,0.000000,nomatch
ed_063147,1,18,18,0,0,0.000000,nomatch
ed_063153,2,13,13,1,0,0.101144,nonzero
ed_063160,2,14,14,1,0,-0.224852,nonzero
ed_063163,2,20,20,1,0,-0.082757,nonzero
ed_063167,2,20,20,1,0,-0.229415,nonzero
ed_063171,2,19,19,0,0,0.000000,nomatch
ed_063174,1,23,23,1,0,0.128037,nonzero
ed_063178,1,19,19,0,0,0.000000,nomatch
ed_063181,2,10,10,1,0,0.271163,nonzero
ed_063185,2,20,20,0,0,0.000000,nomatch
ed_063188,1,4,4,0,0,0.000000,nomatch
ed_063191,2,14,14,0,0,0.000000,nomatch
ed_063194,2,25,25,0,0,0.000000,nomatch
ed_063198,1,21,21,1,0,-0.458831,nonzero
ed_063201,1,17,17,0,0,0.000000,nomatch
ed_063204,2,14,14,1,0,-0.180579,nonzero
ed_063207,2,18,18,1,0,0.238329,nonzero
ed_063210,2,21,21,0,0,0.000000,nomatch
ed_063214,2,18,18,1,0,0.224852,nonzero
ed_063218,2,18,18,0,0,0.000000,nomatch
ed_063221,1,21,21,0,0,0.000000,nomatch
ed_063224,2,25,25,0,0,0.000000,nomatch
ed_063227,1,25,25,1,0,-0.361158,nonzero
ed_063230,2,20,20,0,0,0.000000,nomatch
ed_063233,1,29,29,2,0,0.082343,nonzero
ed_063236,1,6,6,1,0,-0.458831,nonzero
ed_063239,2,22,22,0,0,0.000000,nomatch
ed_063243,1,38,38,0,0,0.000000,nomatch
ed_063246,1,48,48,2,0,0.000000,cancel
ed_063249,1,2,2,0,0,0.000000,nomatch
ed_063252,1,16,16,1,0,0.458831,nonzero
ed_063255,2,22,22,0,0,0.000000,nomatch
ed_063259,2,31,31,0,0,0.000000,nomatch
ed_063262,1,25,25,0,0,0.000000,nomatch
ed_063265,1,21,21,1,0,-0.458831,nonzero
ed_063268,2,21,21,0,0,0.000000,nomatch
ed_063271,3,26,26,2,0,-0.087451,nonzero
ed_063274,2,29,29,0,0,0.000000,nomatch
ed_063277,1,21,21,0,0,0.000000,nomatch
ed_063280,2,22,22,0,0,0.000000,nomatch
ed_063283,2,20,20,1,0,-0.125000,nonzero
ed_063286,1,19,19,0,0,0.000000,nomatch
ed_063289,1,14,14,0,0,0.000000,nomatch
ed_063292,3,42,42,0,0,0.000000,nomatch
ed_063296,2,22,22,0,0,0.000000,nomatch
ed_063299,2,38,38,1,1,0.038614,nonzero
ed_063302,2,27,27,0,0,0.000000,nomatch
ed_063305,3,23,23,1,0,0.198012,nonzero
ed_063308,1,39,39,2,0,-0.012909,nonzero
ed_063311,2,24,24,1,0,0.281620,nonzero
ed_063314,1,8,8,0,0,0.000000,nomatch
ed_063317,1,25,25,0,0,0.000000,nomatch
ed_063320,2,22,22,0,0,0.000000,nomatch
ed_063323,1,19,19,0,0,0.000000,nomatch
ed_063326,3,31,31,1,0,-0.228283,nonzero
ed_063329,3,32,32,0,0,0.000000,nomatch
ed_063332,2,27,27,0,0,0.000000,nomatch
ed_063335,2,23,23,1,0,-0.125000,nonzero
ed_063338,1,36,36,1,0,-0.612372,nonzero
ed_063341,4,38,38,0,0,0.000000,nomatch
ed_063345,1,29,29,1,0,-0.655311,nonzero
ed_063348,3,25,25,1,0,0.204124,nonzero
ed_063352,1,28,28,0,0,0.000000,nomatch
ed_063355,2,26,26,0,0,0.000000,nomatch
ed_063358,3,36,36,1,0,-0.042679,nonzero
ed_063361,2,28,28,2,0,0.000000,cancel
ed_063366,1,12,12,0,0,0.000000,nomatch
ed_063370,1,10,10,0,0,0.000000,nomatch
ed_063373,3,23,23,1,0,0.120386,nonzero
ed_063377,1,36,36,0,0,0.000000,nomatch
ed_063380,2,24,24,1,0,0.292941,nonzero
ed_063383,2,26,26,1,0,0.180579,nonzero
ed_063386,2,28,28,0,0,0.000000,nomatch
ed_063389,1,34,34,0,0,0.000000,nomatch
ed_063392,2,33,33,0,0,0.000000,nomatch
ed_063395,2,10,10,1,0,0.229415,nonzero
ed_063398,1,13,13,0,0,0.000000,nomatch
ed_063401,3,33,33,2,0,0.240772,nonzero
ed_063404,2,15,15,0,0,0.000000,nomatch
ed_063407,1,20,20,0,0,0.000000,nomatch
ed_063410,1,18,18,0,0,0.000000,nomatch
ed_063413,1,21,21,0,0,0.000000,nomatch
ed_063416,3,27,27,1,0,-0.140488,nonzero
ed_063419,2,24,24,1,0,-0.180579,nonzero
ed_063422,2,18,18,0,0,0.000000,nomatch
ed_063426,2,22,22,1,0,0.292941,nonzero
ed_063429,3,28,28,0,0,0.000000,nomatch
ed_063432,3,25,25,2,0,-0.020102,nonzero
ed_063435,3,25,25,1,0,0.120386,nonzero
ed_063438,2,20,20,0,0,0.000000,nomatch
ed_063441,2,31,31,0,0,0.000000,nomatch
ed_063444,1,11,11,0,0,0.000000,nomatch
ed_063447,2,30,30,1,0,-0.224852,nonzero
ed_063450,2,17,17,0,0,0.000000,nomatch
ed_063453,1,10,10,0,0,0.000000,nomatch
ed_063456,2,17,17,0,0,0.000000,nomatch
ed_063459,2,25,25,0,0,0.000000,nomatch
ed_063462,2,19,19,0,0,0.000000,nomatch
ed_063465,1,10,10,0,0,0.000000,nomatch
ed_063468,3,25,25,1,0,-0.120386,nonzero
ed_063471,2,13,13,0,0,0.000000,nomatch
ed_063474,1,20,20,0,0,0.000000,nomatch
ed_063477,2,16,16,0,0,0.000000,nomatch
ed_063480,2,21,21,1,0,-0.064019,nonzero
ed_063483,2,24,24,0,0,0.000000,nomatch
ed_063486,1,16,16,1,0,-0.128037,nonzero
ed_063489,2,20,20,0,0,0.000000,nomatch
ed_063492,2,26,26,0,0,0.000000,nomatch
ed_063496,2,11,11,1,0,0.229415,nonzero
ed_063499,3,19,19,1,0,0.195294,nonzero
ed_063502,2,26,26,0,0,0.000000,nomatch
ed_063505,3,20,20,0,0,0.000000,nomatch
ed_063508,1,10,10,0,0,0.000000,nomatch
ed_063511,1,9,9,0,0,0.000000,nomatch
ed_063514,1,16,16,0,0,0.000000,nomatch
ed_063517,1,16,16,0,0,0.000000,nomatch
ed_063520,1,11,11,0,0,0.000000,nomatch
ed_063523,2,23,23,0,0,0.000000,nomatch
ed_063526,2,30,30,1,0,0.271163,nonzero
ed_063529,4,40,40,0,0,0.000000,nomatch
ed_063532,1,14,14,0,0,0.000000,nomatch
ed_063535,1,15,15,0,0,0.000000,nomatch
ed_063539,1,12,12,0,0,0.000000,nomatch
ed_063542,2,16,16,0,0,0.000000,nomatch
ed_063545,3,20,20,0,0,0.000000,nomatch
ed_063548,1,16,16,0,0,0.000000,nomatch
ed_063551,2,14,14,0,0,0.000000,nomatch
ed_063554,1,13,13,0,0,0.000000,nomatch
ed_063557,1,10,10,0,0,0.000000,nomatch
ed_063560,1,17,17,0,0,0.000000,nomatch
ed_063564,1,14,14,0,0,0.000000,nomatch
ed_063567,1,4,4,0,0,0.000000,nomatch
ed_063570,1,12,12,1,0,0.421464,nonzero
ed_063573,2,18,18,0,1,-0.064019,nonzero
ed_063576,2,12,12,2,0,0.462199,nonzero
ed_063579,2,17,17,0,1,-0.064019,nonzero
ed_063582,1,13,13,0,0,0.000000,nomatch
ed_063585,2,15,15,1,0,0.289473,nonzero
ed_063588,1,7,7,0,0,0.000000,nomatch
ed_063591,2,16,16,1,0,-0.180579,nonzero
ed_063594,1,13,13,0,0,0.000000,nomatch
ed_063597,1,5,5,0,0,0.000000,nomatch
ed_063600,1,12,12,0,0,0.000000,nomatch
ed_063603,1,13,13,1,0,-0.361158,nonzero
ed_063606,1,20,20,1,0,-0.295958,nonzero
ed_063609,2,26,26,0,0,0.000000,nomatch
ed_063612,1,12,12,0,0,0.000000,nomatch
ed_063615,2,10,10,1,0,0.246957,nonzero
ed_063618,2,13,13,0,0,0.000000,nomatch
ed_063621,2,26,26,2,0,-0.220217,nonzero
ed_063624,2,29,29,2,0,0.000000,cancel
ed_063628,1,12,12,0,0,0.000000,nomatch
ed_063631,1,18,18,0,0,0.000000,nomatch
ed_063634,1,16,16,0,0,0.000000,nomatch
ed_063637,1,15,15,0,0,0.000000,nomatch
ed_063640,1,12,12,0,0,0.000000,nomatch
ed_063643,3,30,30,1,0,-0.218437,nonzero
ed_063646,1,16,16,0,0,0.000000,nomatch
ed_063649,2,24,24,0,0,0.000000,nomatch
ed_063652,1,14,14,1,0,0.458831,nonzero
ed_063655,1,18,18,1,0,-0.361158,nonzero
ed_063658,1,8,8,0,0,0.000000,nomatch
ed_063661,2,12,12,0,0,0.000000,nomatch
ed_063664,2,19,19,1,0,0.263371,nonzero
ed_063667,2,23,23,0,0,0.000000,nomatch
ed_063670,1,20,20,0,0,0.000000,nomatch
ed_063673,1,11,11,0,0,0.000000,nomatch
ed_063676,1,14,14,1,0,0.128037,nonzero
ed_063680,2,20,20,0,0,0.000000,nomatch
ed_063683,2,16,16,0,0,0.000000,nomatch
ed_063686,2,10,10,1,0,0.271163,nonzero
ed_063689,1,14,14,0,0,0.000000,nomatch
ed_063692,1,16,16,2,0,-0.177858,nonzero
ed_063699,2,16,16,2,0,0.391311,nonzero
ed_063702,1,12,12,0,0,0.000000,nomatch
ed_063705,1,17,17,0,0,0.000000,nomatch
ed_063708,2,13,13,0,0,0.000000,nomatch
ed_063711,1,21,21,0,0,0.000000,nomatch
ed_063714,1,18,18,1,0,-0.226348,nonzero
ed_063717,1,14,14,1,0,-0.295958,nonzero
ed_063721,2,15,15,2,0,0.451742,nonzero
ed_063724,2,27,27,0,0,0.000000,nomatch
ed_063727,2,21,21,0,0,0.000000,nomatch
ed_063730,1,18,18,1,0,-0.458831,nonzero
ed_063733,2,20,20,1,0,-0.229415,nonzero
ed_063736,1,11,11,0,0,0.000000,nomatch
ed_063739,1,9,9,0,0,0.000000,nomatch
ed_063743,1,11,11,0,0,0.000000,nomatch
ed_063746,2,18,18,0,0,0.000000,nomatch
ed_063749,2,14,14,0,0,0.000000,nomatch
ed_063752,2,16,16,1,0,0.246957,nonzero
ed_063755,2,35,35,0,0,0.000000,nomatch
ed_063758,2,27,27,0,0,0.000000,nomatch
ed_063761,1,11,11,0,0,0.000000,nomatch
ed_063764,2,29,29,1,0,-0.180579,nonzero
ed_063768,1,5,5,0,0,0.000000,nomatch
ed_063771,2,15,15,0,0,0.000000,nomatch
ed_063774,2,13,13,0,0,0.000000,nomatch
ed_063777,2,19,19,0,0,0.000000,nomatch
ed_063780,1,22,22,0,0,0.000000,nomatch
ed_063783,2,16,16,0,0,0.000000,nomatch
ed_063786,1,10,10,0,0,0.000000,nomatch
ed_063790,2,17,17,0,0,0.000000,nomatch
ed_063793,2,16,16,0,0,0.000000,nomatch
ed_063796,2,19,19,1,0,-0.398080,nonzero
ed_063799,1,11,11,1,0,-0.458831,nonzero
ed_063802,2,20,20,1,0,0.246957,nonzero
ed_063805,2,11,11,0,0,0.000000,nomatch
ed_063808,1,11,11,0,0,0.000000,nomatch
ed_063812,2,12,12,1,0,0.125000,nonzero
ed_063815,1,17,17,0,0,0.000000,nomatch
ed_063818,1,21,21,0,0,0.000000,nomatch
ed_063823,1,18,18,0,0,0.000000,nomatch
ed_063826,1,9,9,0,0,0.000000,nomatch
ed_063829,2,13,13,0,0,0.000000,nomatch
ed_063832,3,27,27,1,0,-0.120386,nonzero
ed_063835,1,15,15,0,0,0.000000,nomatch
ed_063839,1,7,7,0,0,0.000000,nomatch
ed_063842,1,15,15,1,0,-0.526742,nonzero
ed_063846,2,17,17,1,0,-0.180579,nonzero
ed_063849,1,10,10,0,0,0.000000,nomatch
ed_063853,2,19,19,1,0,-0.229415,nonzero
ed_063856,2,21,21,0,0,0.000000,nomatch
ed_063859,2,12,12,1,0,0.180579,nonzero
ed_063862,2,16,16,1,0,-0.263371,nonzero
ed_063865,2,19,19,1,0,-0.327655,nonzero
ed_063868,2,30,30,1,0,0.064019,nonzero
ed_063873,2,13,13,0,0,0.000000,nomatch
ed_063880,2,18,18,0,0,0.000000,nomatch
ed_063883,3,25,25,1,0,-0.152944,nonzero
ed_063886,1,8,8,0,0,0.000000,nomatch
ed_063890,2,8,8,0,0,0.000000,nomatch
ed_063893,2,24,24,0,0,0.000000,nomatch
ed_063896,1,13,13,0,0,0.000000,nomatch
ed_063899,1,12,12,0,0,0.000000,nomatch
ed_063902,2,11,11,0,0,0.000000,nomatch
ed_063905,2,36,36,2,0,-0.071552,nonzero
ed_063908,2,21,21,0,0,0.000000,nomatch
ed_063911,2,14,14,0,0,0.000000,nomatch
ed_063914,2,15,15,1,0,0.180579,nonzero
ed_063917,2,23,23,0,0,0.000000,nomatch
ed_063921,2,26,26,1,0,0.130831,nonzero
ed_063925,3,43,43,0,0,0.000000,nomatch
ed_063929,2,13,13,0,0,0.000000,nomatch
ed_063932,2,22,22,1,0,0.088929,nonzero
ed_063935,1,6,6,0,0,0.000000,nomatch
ed_063938,1,21,21,1,0,-0.361158,nonzero
ed_063941,2,20,20,1,0,-0.147979,nonzero
ed_063944,2,16,16,0,0,0.000000,nomatch
ed_063947,1,16,16,0,0,0.000000,nomatch
ed_063950,2,21,21,1,0,-0.064019,nonzero
ed_063954,2,17,17,2,2,0.485357,nonzero
ed_063958,2,19,19,1,0,-0.180579,nonzero
ed_063961,2,24,24,1,0,-0.064019,nonzero
ed_063964,2,25,25,0,0,0.000000,nomatch
ed_063967,1,13,13,0,0,0.000000,nomatch
ed_063970,2,21,21,0,0,0.000000,nomatch
ed_063973,2,17,17,0,0,0.000000,nomatch
ed_063976,2,8,8,0,0,0.000000,nomatch
ed_063979,1,12,12,1,0,-0.421464,nonzero
ed_063984,4,31,31,0,0,0.000000,nomatch
ed_063988,1,8,8,0,0,0.000000,nomatch
ed_063991,1,17,17,1,0,-0.458831,nonzero
ed_063994,2,16,16,0,0,0.000000,nomatch
ed_063997,2,17,17,2,0,0.552844,nonzero
ed_064000,4,28,28,0,0,0.000000,nomatch
ed_064005,2,17,17,1,0,0.278685,nonzero
ed_064008,2,14,14,1,0,0.263371,nonzero
ed_064012,1,13,13,0,0,0.000000,nomatch
ed_064016,1,17,17,1,0,0.202289,nonzero
ed_064019,1,13,13,0,0,0.000000,nomatch
ed_064022,2,26,26,0,0,0.000000,nomatch
ed_064025,2,21,21,0,0,0.000000,nomatch
ed_064029,2,21,21,0,0,0.000000,nomatch
ed_064032,2,36,36,0,0,0.000000,nomatch
ed_064035,2,29,29,0,0,0.000000,nomatch
ed_064039,2,15,15,0,0,0.000000,nomatch
ed_064042,1,11,11,0,0,0.000000,nomatch
ed_064045,1,11,11,0,0,0.000000,nomatch
ed_064049,1,6,6,0,0,0.000000,nomatch
ed_064052,3,51,51,1,0,0.164638,nonzero
ed_064055,1,12,12,2,0,-0.250000,nonzero
ed_064058,3,68,68,2,0,-0.135104,nonzero
ed_064061,1,12,12,1,0,0.526742,nonzero
ed_064064,2,14,14,0,0,0.000000,nomatch
ed_064068,1,9,9,0,0,0.000000,nomatch
ed_064071,2,13,13,1,0,-0.180579,nonzero
ed_064074,1,22,22,1,0,-0.487080,nonzero
ed_064077,3,37,37,1,0,-0.120386,nonzero
ed_064080,2,18,18,2,0,0.409994,nonzero
ed_064083,4,56,56,2,0,0.000000,cancel
ed_064086,1,14,14,0,0,0.000000,nomatch
ed_064089,1,8,8,0,0,0.000000,nomatch
ed_064092,3,47,47,0,0,0.000000,nomatch
ed_064095,2,16,16,1,0,-0.263371,nonzero
ed_064098,1,15,15,1,0,0.458831,nonzero
ed_064101,1,17,17,0,0,0.000000,nomatch
ed_064104,2,23,23,0,0,0.000000,nomatch
ed_064107,6,50,50,0,0,0.000000,nomatch
ed_064110,1,20,20,0,0,0.000000,nomatch
ed_064113,1,32,32,1,0,0.542326,nonzero
ed_064116,1,10,10,0,0,0.000000,nomatch
ed_064119,3,38,38,0,0,0.000000,nomatch
ed_064122,2,18,18,1,0,0.246957,nonzero
ed_064125,1,7,7,0,0,0.000000,nomatch
ed_064128,1,16,16,0,0,0.000000,nomatch
ed_064131,1,20,20,0,0,0.000000,nomatch
ed_064134,1,19,19,1,0,-0.128037,nonzero
ed_064137,1,9,9,0,0,0.000000,nomatch
ed_064140,1,10,10,0,0,0.000000,nomatch
ed_064143,2,19,19,0,0,0.000000,nomatch
ed_064146,1,6,6,0,0,0.000000,nomatch
ed_064149,1,10,10,0,0,0.000000,nomatch
ed_064152,2,17,17,1,0,-0.229415,nonzero
ed_064155,1,16,16,0,0,0.000000,nomatch
ed_064158,1,8,8,0,0,0.000000,nomatch
ed_064161,1,16,16,0,0,0.000000,nomatch
ed_064164,2,29,29,0,0,0.000000,nomatch
ed_064167,2,16,16,1,0,-0.147979,nonzero
ed_064170,2,16,16,2,0,0.305579,nonzero
ed_064173,1,7,7,1,0,-0.655311,nonzero
ed_064177,1,6,6,0,0,0.000000,nomatch
ed_064180,1,14,14,1,0,0.458831,nonzero
ed_064183,5,50,50,1,0,0.091766,nonzero
ed_064187,1,8,8,0,0,0.000000,nomatch
ed_064190,2,15,15,1,0,-0.180579,nonzero
ed_064193,1,14,14,0,0,0.000000,nomatch
ed_064196,1,14,14,1,0,-0.361158,nonzero
ed_064199,5,49,49,0,0,0.000000,nomatch
ed_064202,1,12,12,0,0,0.000000,nomatch
ed_064205,2,12,12,0,0,0.000000,nomatch
ed_064211,1,15,15,2,0,-0.686840,nonzero
ed_064214,1,12,12,0,0,0.000000,nomatch
ed_064220,1,6,6,0,0,0.000000,nomatch
ed_064223,2,48,48,0,0,0.000000,nomatch
ed_064226,2,21,21,0,0,0.000000,nomatch
ed_064229,1,8,8,0,0,0.000000,nomatch
ed_064232,1,10,10,0,0,0.000000,nomatch
ed_064235,2,14,14,0,0,0.000000,nomatch
ed_064238,3,18,18,0,0,0.000000,nomatch
ed_064242,2,13,13,1,0,0.292941,nonzero
ed_064245,2,15,15,0,0,0.000000,nomatch
ed_064248,1,31,31,0,0,0.000000,nomatch
ed_064251,1,11,11,1,1,0.458831,nonzero
ed_064254,2,20,20,0,0,0.000000,nomatch
ed_064258,1,20,20,0,0,0.000000,nomatch
ed_064261,6,72,72,0,0,0.000000,nomatch
ed_064264,1,10,10,0,0,0.000000,nomatch
ed_064268,2,19,19,0,0,0.000000,nomatch
ed_064272,1,10,10,0,0,0.000000,nomatch
ed_064275,2,14,14,0,0,0.000000,nomatch
ed_064278,1,13,13,0,0,0.000000,nomatch
ed_064281,1,10,10,0,0,0.000000,nomatch
ed_064284,2,35,35,1,0,0.125000,nonzero
ed_064287,2,14,14,0,0,0.000000,nomatch
ed_064290,2,19,19,0,0,0.000000,nomatch
ed_064293,1,36,36,0,0,0.000000,nomatch
ed_064296,1,10,10,0,0,0.000000,nomatch
ed_064299,2,11,11,0,0,0.000000,nomatch
ed_064302,2,16,16,0,0,0.000000,nomatch
ed_064305,3,23,23,0,0,0.000000,nomatch
ed_064308,1,17,17,1,0,-0.361158,nonzero
ed_064311,1,8,8,1,0,-0.226348,nonzero
ed_064314,1,14,14,1,0,0.493915,nonzero
ed_064320,2,18,18,0,0,0.000000,nomatch
ed_064323,1,5,5,0,0,0.000000,nomatch
ed_064326,1,7,7,0,0,0.000000,nomatch
ed_064329,1,10,10,0,0,0.000000,nomatch
ed_064332,2,12,12,0,0,0.000000,nomatch
ed_064335,1,18,18,0,0,0.000000,nomatch
ed_064338,1,10,10,0,0,0.000000,nomatch
ed_064341,1,14,14,1,0,-0.361158,nonzero
ed_064344,1,10,10,2,0,0.612372,nonzero
ed_064347,1,29,29,0,0,0.000000,nomatch
ed_064350,1,11,11,0,0,0.000000,nomatch
ed_064353,1,15,15,0,0,0.000000,nomatch
ed_064359,2,10,10,0,0,0.000000,nomatch
ed_064362,2,36,36,0,0,0.000000,nomatch
ed_064365,3,33,33,0,0,0.000000,nomatch
ed_064368,2,18,18,0,0,0.000000,nomatch
ed_064372,2,14,14,1,0,0.229415,nonzero
ed_064375,2,18,18,1,0,-0.180579,nonzero
ed_064379,1,11,11,0,0,0.000000,nomatch
ed_064382,1,10,10,1,0,-0.226348,nonzero
ed_064386,2,12,12,1,0,0.180579,nonzero
ed_064389,4,65,65,0,0,0.000000,nomatch
ed_064392,3,26,26,1,0,0.180775,nonzero
ed_064395,2,13,13,1,0,0.263371,nonzero
ed_064398,1,16,16,0,0,0.000000,nomatch
ed_064401,2,12,12,0,0,0.000000,nomatch
ed_064404,2,16,16,0,0,0.000000,nomatch
ed_064407,1,19,19,0,0,0.000000,nomatch
ed_064410,2,15,15,0,0,0.000000,nomatch
ed_064413,2,29,29,1,1,0.229415,nonzero
ed_064416,2,10,10,2,0,0.493706,nonzero
ed_064420,1,14,14,0,0,0.000000,nomatch
ed_064423,4,41,41,4,0,-0.341420,nonzero
ed_064426,1,12,12,0,0,0.000000,nomatch
ed_064429,1,33,33,2,0,0.421464,nonzero
ed_064432,1,13,13,0,0,0.000000,nomatch
ed_064435,2,15,15,0,0,0.000000,nomatch
ed_064438,1,30,30,0,0,0.000000,nomatch
ed_064441,1,17,17,0,0,0.000000,nomatch
ed_064444,2,19,19,2,0,-0.391311,nonzero
ed_064447,2,16,16,0,0,0.000000,nomatch
ed_064450,2,27,27,1,0,0.229415,nonzero
ed_064453,1,20,20,1,0,-0.361158,nonzero
ed_064456,2,22,22,0,0,0.000000,nomatch
ed_064459,1,22,22,2,0,0.250000,nonzero
ed_064462,2,21,21,0,0,0.000000,nomatch
ed_064465,1,11,11,2,0,0.771737,nonzero
ed_064468,3,31,31,0,0,0.000000,nomatch
ed_064472,1,11,11,0,0,0.000000,nomatch
ed_064475,1,15,15,1,0,-0.421464,nonzero
ed_064478,1,16,16,0,0,0.000000,nomatch
ed_064481,1,15,15,0,0,0.000000,nomatch
ed_064484,1,17,17,1,0,-0.226348,nonzero
ed_064487,1,7,7,0,0,0.000000,nomatch
ed_064491,1,40,40,0,0,0.000000,nomatch
ed_064494,4,43,43,1,0,-0.032009,nonzero
ed_064497,1,25,25,1,0,0.458831,nonzero
ed_064500,2,14,14,0,0,0.000000,nomatch
ed_064503,1,15,15,0,0,0.000000,nomatch
ed_064506,1,9,9,0,0,0.000000,nomatch
ed_064509,1,14,14,0,0,0.000000,nomatch
ed_064512,2,13,13,1,0,-0.101144,nonzero
ed_064519,1,8,8,1,0,-0.361158,nonzero
ed_064522,5,49,49,0,0,0.000000,nomatch
ed_064525,2,18,18,1,0,-0.229415,nonzero
ed_064528,3,30,30,0,0,0.000000,nomatch
ed_064531,1,21,21,0,0,0.000000,nomatch
ed_064534,1,12,12,1,0,0.421464,nonzero
ed_064537,1,7,7,1,0,0.493915,nonzero
ed_064540,3,25,25,1,0,0.140488,nonzero
ed_064545,1,18,18,1,0,-0.421464,nonzero
ed_064548,3,28,28,1,0,-0.175581,nonzero
ed_064552,2,19,19,0,0,0.000000,nomatch
ed_064555,1,15,15,1,0,0.361158,nonzero
ed_064559,2,12,12,0,0,0.000000,nomatch
ed_064562,2,13,13,0,0,0.000000,nomatch
ed_064565,2,16,16,1,0,0.229415,nonzero
ed_064568,3,29,29,0,0,0.000000,nomatch
ed_064571,1,15,15,0,0,0.000000,nomatch
ed_064574,2,19,19,0,0,0.000000,nomatch
ed_064577,2,15,15,2,0,0.514703,nonzero
ed_064580,1,28,28,0,0,0.000000,nomatch
ed_064583,1,10,10,0,0,0.000000,nomatch
ed_064586,1,10,10,1,0,0.361158,nonzero
ed_064589,2,17,17,0,0,0.000000,nomatch
ed_064592,1,16,16,0,0,0.000000,nomatch
ed_064595,1,5,5,0,0,0.000000,nomatch
ed_064599,2,11,11,0,0,0.000000,nomatch
ed_064602,1,9,9,1,0,-0.361158,nonzero
ed_064605,3,61,61,2,0,0.033165,nonzero
ed_064608,1,14,14,0,0,0.000000,nomatch
ed_064611,2,27,27,2,0,0.064019,nonzero
ed_064614,2,18,18,1,0,-0.180579,nonzero
ed_064617,2,22,22,1,0,-0.147979,nonzero
ed_064620,3,27,27,1,0,0.164638,nonzero
ed_064623,1,17,17,0,0,0.000000,nomatch
ed_064626,1,16,16,0,0,0.000000,nomatch
ed_064629,1,12,12,0,0,0.000000,nomatch
ed_064633,1,13,13,0,0,0.000000,nomatch
