draw,within-document permutation,synthetic i.i.d. normal,synthetic random walk
1,0.645642,0.570466,0.855628
2,0.610723,0.627043,0.833675
3,0.611937,0.601113,0.848462
4,0.599545,0.573602,0.855451
5,0.634188,0.640632,0.858304
6,0.619535,0.599599,0.840401
7,0.618377,0.568223,0.846092
8,0.570680,0.602887,0.839369
9,0.621115,0.615458,0.847073
10,0.595988,0.593900,0.833068
11,0.673704,0.634258,0.850405
12,0.626749,0.607570,0.857462
13,0.605047,0.625274,0.864162
14,0.610637,0.578169,0.853037
15,0.599990,0.578756,0.852316
16,0.581001,0.558696,0.852273
17,0.630598,0.593824,0.859092
18,0.610195,0.608964,0.853649
19,0.626598,0.567033,0.856474
20,0.635923,0.598491,0.833591
21,0.580292,0.572097,0.838149
22,0.626579,0.598879,0.839168
23,0.577842,0.608690,0.846770
24,0.610217,0.598809,0.850743
25,0.608991,0.572218,0.863487
26,0.561546,0.563650,0.845962
27,0.590642,0.583179,0.850371
28,0.624270,0.592246,0.865180
29,0.553012,0.626824,0.854246
30,0.557728,0.583289,0.862498
31,0.587318,0.604210,0.839777
32,0.596334,0.585376,0.846557
33,0.664811,0.626879,0.833186
34,0.591832,0.585547,0.846242
35,0.603609,0.594161,0.824780
36,0.616461,0.613128,0.830872
37,0.614781,0.565847,0.837488
38,0.577061,0.583454,0.839134
39,0.578988,0.629464,0.841310
40,0.607445,0.612080,0.839989
41,0.609120,0.596961,0.863261
42,0.585881,0.625599,0.852029
43,0.592887,0.610018,0.858231
44,0.623014,0.615772,0.833342
45,0.638250,0.577193,0.845639
46,0.601841,0.586471,0.850005
47,0.589440,0.558175,0.842814
48,0.652122,0.551935,0.852293
49,0.534586,0.576328,0.852679
50,0.554240,0.572527,0.853054
51,0.608283,0.596374,0.851028
52,0.633241,0.604631,0.846886
53,0.631748,0.618382,0.859171
54,0.588335,0.584764,0.866046
55,0.630448,0.617631,0.839963
56,0.569427,0.563011,0.838507
57,0.584983,0.610400,0.848380
58,0.634905,0.570125,0.859806
59,0.605690,0.580152,0.852916
60,0.599261,0.569980,0.856704
61,0.623360,0.631812,0.839111
62,0.616278,0.589312,0.848327
63,0.604624,0.604429,0.848726
64,0.565318,0.604745,0.845752
65,0.603680,0.590131,0.841520
66,0.566086,0.568691,0.862652
67,0.643069,0.608866,0.855004
68,0.595852,0.607044,0.849425
69,0.632909,0.619932,0.851750
70,0.575657,0.599839,0.867977
71,0.616300,0.645936,0.880624
72,0.621811,0.599223,0.831358
73,0.608341,0.620849,0.857068
74,0.623467,0.592146,0.849479
75,0.597782,0.609974,0.835413
76,0.629288,0.606358,0.846941
77,0.590630,0.630278,0.858093
78,0.612425,0.592740,0.848376
79,0.623146,0.586403,0.856088
80,0.589004,0.594269,0.845974
81,0.628543,0.617729,0.865979
82,0.585297,0.600338,0.848719
83,0.600283,0.541242,0.851464
84,0.603128,0.627823,0.865696
85,0.608990,0.595871,0.841747
86,0.572147,0.582226,0.842415
87,0.599077,0.627050,0.860578
88,0.668744,0.582250,0.862673
89,0.589799,0.626621,0.853424
90,0.616499,0.576089,0.848372
91,0.640227,0.600728,0.850917
92,0.590933,0.619157,0.850177
93,0.590918,0.584015,0.847124
94,0.590577,0.581501,0.855822
95,0.615295,0.591374,0.859477
96,0.647682,0.622666,0.853646
97,0.592852,0.608662,0.849559
98,0.607544,0.571801,0.836613
99,0.620204,0.549427,0.843806
100,0.597570,0.597404,0.859725
101,0.579834,0.631761,0.845348
102,0.584370,0.572948,0.856178
103,0.616920,0.583397,0.840708
104,0.618114,0.581902,0.836689
105,0.590382,0.572250,0.847909
106,0.587844,0.574330,0.834355
107,0.572782,0.597457,0.844597
108,0.626828,0.568966,0.846795
109,0.635159,0.615759,0.846432
110,0.580560,0.598387,0.853797
111,0.581355,0.578376,0.855132
112,0.625461,0.602115,0.857419
113,0.591439,0.599429,0.851218
114,0.624056,0.592461,0.849787
115,0.588785,0.607419,0.861766
116,0.580485,0.580772,0.847485
117,0.607305,0.594277,0.841835
118,0.623166,0.597534,0.851769
119,0.638797,0.591497,0.858372
120,0.637020,0.594994,0.854510
121,0.570502,0.558506,0.841993
122,0.599449,0.559836,0.848398
123,0.579802,0.593375,0.856525
124,0.627190,0.605374,0.858494
125,0.627292,0.637766,0.843386
126,0.569800,0.611384,0.836268
127,0.617284,0.609263,0.858883
128,0.632243,0.609896,0.853719
129,0.653539,0.614077,0.833580
130,0.615807,0.572466,0.854179
131,0.614303,0.602047,0.852688
132,0.634640,0.590217,0.853935
133,0.632029,0.572448,0.860761
134,0.610401,0.570307,0.852510
135,0.589654,0.614046,0.822326
136,0.636399,0.603945,0.842349
137,0.569494,0.572617,0.847073
138,0.571103,0.566853,0.842812
139,0.603609,0.569098,0.860958
140,0.592293,0.612400,0.872245
141,0.611958,0.594346,0.847358
142,0.568190,0.618713,0.847046
143,0.606114,0.582641,0.861285
144,0.627559,0.597963,0.855549
145,0.599314,0.616849,0.862653
146,0.623169,0.616193,0.867748
147,0.582962,0.616209,0.847546
148,0.621339,0.582460,0.852802
149,0.581380,0.560964,0.847959
150,0.610017,0.577848,0.860017
151,0.571938,0.587248,0.854724
152,0.601270,0.578213,0.849662
153,0.552573,0.614187,0.834137
154,0.580606,0.575154,0.826664
155,0.599537,0.581931,0.852156
156,0.614191,0.615302,0.862982
157,0.641544,0.542448,0.842373
158,0.643375,0.595688,0.839392
159,0.616979,0.590246,0.831748
160,0.635291,0.605392,0.852247
161,0.590157,0.590149,0.835048
162,0.622219,0.613169,0.839497
163,0.608443,0.587861,0.827907
164,0.601239,0.597089,0.850659
165,0.581817,0.603316,0.850541
166,0.571425,0.631249,0.855010
167,0.638702,0.590704,0.861416
168,0.595994,0.591745,0.855067
169,0.616720,0.609391,0.843283
170,0.567936,0.565180,0.854795
171,0.557445,0.585459,0.853585
172,0.586534,0.586699,0.862973
173,0.591140,0.620359,0.839026
174,0.588979,0.578400,0.850978
175,0.629775,0.570462,0.852659
176,0.576249,0.577740,0.841400
177,0.599331,0.557207,0.830115
178,0.634730,0.611438,0.866881
179,0.627434,0.603027,0.845079
180,0.581590,0.591589,0.842406
181,0.609812,0.610919,0.862463
182,0.596952,0.638848,0.849544
183,0.609369,0.579770,0.852324
184,0.584796,0.583649,0.839026
185,0.619906,0.577022,0.844343
186,0.593632,0.598805,0.849657
187,0.647476,0.601639,0.840659
188,0.625219,0.603668,0.852129
189,0.589379,0.570925,0.857040
190,0.571461,0.586287,0.852062
191,0.612333,0.598961,0.848478
192,0.608568,0.607779,0.853569
193,0.602181,0.625762,0.850691
194,0.633980,0.593088,0.851215
195,0.607454,0.636930,0.848550
196,0.608476,0.606991,0.871180
197,0.635557,0.587598,0.847245
198,0.590859,0.584094,0.848960
199,0.608849,0.612408,0.842005
200,0.605906,0.630347,0.858570
201,0.675348,0.591769,0.847875
202,0.575153,0.616622,0.845449
203,0.634455,0.585455,0.859328
204,0.605150,0.592783,0.836685
205,0.619780,0.598955,0.848392
206,0.591716,0.580519,0.852624
207,0.583347,0.615078,0.848092
208,0.631141,0.562722,0.848237
209,0.589962,0.606748,0.859396
210,0.600181,0.632152,0.867509
211,0.605042,0.609567,0.849365
212,0.613154,0.594367,0.843082
213,0.602987,0.591188,0.860382
214,0.607821,0.585921,0.823441
215,0.643861,0.583623,0.844690
216,0.583261,0.624275,0.846054
217,0.656040,0.601538,0.854993
218,0.631245,0.593993,0.852371
219,0.578900,0.595152,0.845257
220,0.592756,0.627225,0.851263
221,0.644400,0.556146,0.843885
222,0.621597,0.632713,0.847944
223,0.629012,0.589349,0.843104
224,0.593400,0.603975,0.830088
225,0.632492,0.570029,0.846360
226,0.604326,0.617364,0.844832
227,0.581477,0.577767,0.848820
228,0.616257,0.572279,0.843379
229,0.643618,0.575023,0.846481
230,0.545142,0.560548,0.849117
231,0.577500,0.585113,0.852502
232,0.559615,0.646292,0.853761
233,0.614052,0.575254,0.853201
234,0.595081,0.626210,0.848644
235,0.611095,0.612436,0.857926
236,0.607917,0.607150,0.840277
237,0.630167,0.627711,0.860615
238,0.564240,0.611303,0.835063
239,0.602750,0.618175,0.848050
240,0.580014,0.580509,0.844999
241,0.578566,0.603690,0.856382
242,0.616882,0.599467,0.862303
243,0.552321,0.569553,0.857656
244,0.573924,0.616376,0.858426
245,0.627053,0.601540,0.848277
246,0.628859,0.581040,0.855641
247,0.573005,0.603617,0.860338
248,0.585815,0.600072,0.863658
249,0.619002,0.578885,0.850065
250,0.549069,0.605084,0.845959
251,0.624568,0.545316,0.838699
252,0.642314,0.605551,0.850763
253,0.588811,0.594364,0.841902
254,0.600448,0.564269,0.834365
255,0.597016,0.612878,0.855069
256,0.586941,0.581438,0.877733
257,0.611714,0.613210,0.840588
258,0.569710,0.595051,0.843572
259,0.649817,0.572545,0.854152
260,0.581724,0.580230,0.853566
261,0.658026,0.584691,0.836547
262,0.592423,0.599950,0.860389
263,0.584057,0.604756,0.842024
264,0.608208,0.595401,0.852997
265,0.616295,0.595117,0.859104
266,0.578242,0.577940,0.843665
267,0.598653,0.600999,0.842009
268,0.576541,0.588802,0.853439
269,0.601102,0.616755,0.838309
270,0.606635,0.595340,0.852221
271,0.614466,0.585391,0.858423
272,0.651199,0.590406,0.834727
273,0.610745,0.558260,0.853633
274,0.583152,0.621291,0.852624
275,0.614071,0.602043,0.831221
276,0.625632,0.568895,0.854573
277,0.613469,0.591724,0.839592
278,0.632119,0.592625,0.845234
279,0.597410,0.608435,0.836425
280,0.568528,0.620986,0.850116
281,0.598298,0.578234,0.847074
282,0.582838,0.625233,0.855644
283,0.578159,0.595233,0.853489
284,0.579087,0.619995,0.849798
285,0.600781,0.546386,0.848332
286,0.625341,0.646581,0.843357
287,0.632734,0.580089,0.843180
288,0.610110,0.603976,0.856380
289,0.598243,0.594306,0.832870
290,0.599708,0.612058,0.867154
291,0.570828,0.589792,0.867701
292,0.600592,0.585654,0.839751
293,0.636613,0.625851,0.837236
294,0.568554,0.599082,0.844067
295,0.629865,0.590412,0.847619
296,0.609365,0.644744,0.848458
297,0.627201,0.602273,0.859108
298,0.619214,0.547979,0.862069
299,0.625047,0.568927,0.855102
300,0.621595,0.566275,0.851320
301,0.607655,0.592457,0.840571
302,0.598158,0.606517,0.834039
303,0.627047,0.587227,0.851871
304,0.582361,0.595943,0.852649
305,0.596086,0.577642,0.864932
306,0.645774,0.581937,0.842059
307,0.589196,0.616068,0.849932
308,0.663548,0.640318,0.845270
309,0.535481,0.590360,0.844585
310,0.648233,0.592221,0.843744
311,0.618296,0.611313,0.861010
312,0.647972,0.550974,0.852048
313,0.609171,0.577484,0.839737
314,0.561805,0.571368,0.843206
315,0.643918,0.648141,0.851171
316,0.605940,0.633633,0.854946
317,0.642486,0.607758,0.833619
318,0.632492,0.625017,0.859208
319,0.600068,0.568645,0.849605
320,0.636679,0.608547,0.845641
321,0.588599,0.605042,0.850715
322,0.631574,0.595862,0.852878
323,0.632533,0.563695,0.865251
324,0.583018,0.606949,0.847641
325,0.578276,0.594510,0.838727
326,0.578515,0.592580,0.857228
327,0.616106,0.586207,0.845612
328,0.623319,0.624953,0.862616
329,0.595026,0.582114,0.848238
330,0.538599,0.570662,0.848408
331,0.659147,0.543329,0.840232
332,0.604997,0.607414,0.860626
333,0.575168,0.630769,0.858101
334,0.615323,0.562236,0.847432
335,0.593417,0.613801,0.846974
336,0.641203,0.575129,0.854092
337,0.644212,0.579992,0.843320
338,0.575895,0.631316,0.852553
339,0.593472,0.579620,0.852130
340,0.595476,0.599980,0.863520
341,0.638466,0.572672,0.848963
342,0.596879,0.583906,0.848990
343,0.613030,0.601504,0.833657
344,0.622892,0.597890,0.851186
345,0.638751,0.538039,0.859949
346,0.593780,0.617517,0.857889
347,0.577997,0.624317,0.843776
348,0.571142,0.578671,0.868304
349,0.600718,0.560030,0.853741
350,0.642013,0.589516,0.846044
351,0.602109,0.587060,0.852198
352,0.636620,0.595809,0.862117
353,0.602984,0.584889,0.857190
354,0.619133,0.577206,0.836329
355,0.609422,0.572631,0.859106
356,0.635170,0.605362,0.852031
357,0.604168,0.640728,0.852370
358,0.616646,0.617215,0.853682
359,0.574214,0.566974,0.868507
360,0.593505,0.606012,0.864972
361,0.573511,0.595333,0.839903
362,0.624522,0.569220,0.859417
363,0.571552,0.555788,0.856152
364,0.540748,0.549314,0.842436
365,0.631648,0.611286,0.847960
366,0.568414,0.652927,0.857134
367,0.595916,0.593251,0.848366
368,0.566571,0.574386,0.854104
369,0.619955,0.642767,0.863321
370,0.583748,0.602753,0.848724
371,0.633411,0.625333,0.833423
372,0.609971,0.619811,0.853346
373,0.626256,0.570653,0.831097
374,0.649063,0.595787,0.860733
375,0.602476,0.612455,0.848241
376,0.617844,0.609403,0.842009
377,0.640016,0.587526,0.835509
378,0.569239,0.593829,0.866359
379,0.629537,0.564381,0.839420
380,0.593345,0.627123,0.867534
381,0.635647,0.608467,0.847244
382,0.645929,0.663215,0.839335
383,0.548420,0.550147,0.844224
384,0.613615,0.562898,0.858690
385,0.630293,0.567007,0.839695
386,0.611840,0.587791,0.846615
387,0.661726,0.633501,0.846019
388,0.614514,0.620610,0.838962
389,0.591262,0.593574,0.845815
390,0.582367,0.596877,0.839040
391,0.620298,0.591820,0.849813
392,0.590369,0.591312,0.838526
393,0.571999,0.573522,0.848581
394,0.611611,0.546045,0.841319
395,0.579306,0.579054,0.828907
396,0.624631,0.590065,0.844803
397,0.628757,0.605319,0.861296
398,0.609569,0.605931,0.848999
399,0.594662,0.583010,0.840276
400,0.613413,0.575508,0.841323
401,0.596466,0.588105,0.834329
402,0.611364,0.621959,0.860654
403,0.603806,0.624333,0.859147
404,0.622063,0.582975,0.840044
405,0.575879,0.563197,0.846566
406,0.611529,0.590730,0.855773
407,0.629665,0.552434,0.854159
408,0.563166,0.605766,0.861026
409,0.606155,0.606831,0.845429
410,0.599999,0.563095,0.852169
411,0.629956,0.601477,0.837523
412,0.631176,0.573212,0.843037
413,0.595949,0.590757,0.853315
414,0.579175,0.565450,0.846059
415,0.632175,0.584530,0.844689
416,0.606404,0.596119,0.854370
417,0.571746,0.579045,0.858505
418,0.581493,0.575985,0.850879
419,0.651707,0.573976,0.846532
420,0.605680,0.573789,0.855324
421,0.600661,0.597409,0.847669
422,0.618203,0.616924,0.866221
423,0.606940,0.546846,0.843231
424,0.620722,0.589737,0.860768
425,0.603869,0.576005,0.848437
426,0.597498,0.565221,0.859426
427,0.618466,0.558529,0.849951
428,0.615837,0.556921,0.866837
429,0.599707,0.566390,0.847719
430,0.594529,0.602466,0.854170
431,0.590625,0.603215,0.860954
432,0.614072,0.586463,0.855351
433,0.614945,0.538291,0.856674
434,0.604932,0.601100,0.840870
435,0.611448,0.610778,0.848952
436,0.633825,0.597823,0.864665
437,0.536623,0.569913,0.843196
438,0.610058,0.618791,0.845298
439,0.641242,0.585572,0.838784
440,0.521288,0.601873,0.846661
441,0.585980,0.538016,0.857912
442,0.659642,0.556683,0.835310
443,0.638590,0.624792,0.861494
444,0.565331,0.572668,0.847109
445,0.631588,0.583013,0.856124
446,0.612325,0.579435,0.841269
447,0.581337,0.562827,0.857850
448,0.621166,0.634278,0.850541
449,0.632074,0.656774,0.849938
450,0.621644,0.577106,0.837527
451,0.616938,0.591419,0.859138
452,0.617981,0.630504,0.841775
453,0.660721,0.581028,0.858767
454,0.633255,0.596903,0.834514
455,0.662885,0.579258,0.838157
456,0.549832,0.583811,0.836911
457,0.580994,0.601957,0.854233
458,0.614782,0.551805,0.853700
459,0.585378,0.591564,0.840027
460,0.644285,0.593523,0.869715
461,0.573368,0.627618,0.860337
462,0.604438,0.619240,0.859165
463,0.614818,0.599869,0.847153
464,0.629473,0.590995,0.828226
465,0.589361,0.630196,0.867405
466,0.610344,0.604042,0.861762
467,0.621605,0.619270,0.829211
468,0.619553,0.551996,0.842548
469,0.645818,0.627475,0.835770
470,0.611081,0.575902,0.852930
471,0.624261,0.596207,0.864285
472,0.646405,0.594047,0.838642
473,0.576188,0.583433,0.840223
474,0.598948,0.591500,0.856313
475,0.645602,0.621621,0.847589
476,0.577502,0.627517,0.837203
477,0.597446,0.584899,0.841020
478,0.592476,0.602785,0.864164
479,0.659714,0.637964,0.853672
480,0.631366,0.564836,0.859551
481,0.616145,0.561666,0.840960
482,0.654287,0.568685,0.849743
483,0.631493,0.621550,0.841135
484,0.613833,0.570238,0.854826
485,0.614186,0.567341,0.853707
486,0.621621,0.593673,0.853972
487,0.614655,0.620367,0.846671
488,0.606162,0.584964,0.867523
489,0.593522,0.591078,0.860386
490,0.595299,0.638539,0.827759
491,0.636827,0.580709,0.866175
492,0.571201,0.584788,0.852564
493,0.649962,0.597892,0.856770
494,0.621811,0.563028,0.842708
495,0.611583,0.603561,0.851199
496,0.621825,0.591882,0.857995
497,0.606963,0.636657,0.849474
498,0.605982,0.560513,0.838695
499,0.586251,0.579411,0.860583
500,0.583676,0.579741,0.843919
501,0.601283,0.598249,0.847374
502,0.625094,0.616894,0.846431
503,0.650452,0.584508,0.843143
504,0.588971,0.576589,0.833748
505,0.627269,0.595158,0.856545
506,0.602346,0.605524,0.836590
507,0.583648,0.617518,0.854953
508,0.619395,0.606601,0.868496
509,0.627492,0.601469,0.847169
510,0.606725,0.572845,0.843456
511,0.645465,0.597900,0.864713
512,0.584909,0.636455,0.849457
513,0.621673,0.616966,0.864032
514,0.606130,0.588694,0.843409
515,0.645118,0.580911,0.852655
516,0.560225,0.610484,0.853784
517,0.637779,0.599628,0.841517
518,0.631058,0.584299,0.853746
519,0.631269,0.618481,0.845512
520,0.609968,0.563330,0.848138
521,0.579482,0.570266,0.840633
522,0.603121,0.615336,0.833296
523,0.652598,0.597196,0.854404
524,0.625480,0.601673,0.852683
525,0.609955,0.604977,0.854928
526,0.636433,0.621953,0.865475
527,0.595434,0.581321,0.856601
528,0.594296,0.593218,0.841178
529,0.643995,0.588928,0.831609
530,0.596646,0.601079,0.833093
531,0.598351,0.600864,0.861158
532,0.606036,0.595092,0.865463
533,0.577865,0.558010,0.848397
534,0.594419,0.596783,0.866710
535,0.620165,0.580557,0.849114
536,0.593351,0.546986,0.870982
537,0.628357,0.575089,0.850728
538,0.594805,0.604539,0.853186
539,0.531166,0.551209,0.833116
540,0.568500,0.551841,0.862785
541,0.582709,0.625492,0.865208
542,0.603041,0.608873,0.844529
543,0.660787,0.629013,0.846400
544,0.639044,0.606282,0.857260
545,0.573426,0.596432,0.856022
546,0.561228,0.585733,0.857896
547,0.632647,0.598299,0.844507
548,0.589975,0.615337,0.838855
549,0.597265,0.553612,0.851776
550,0.617900,0.581327,0.828710
551,0.627802,0.593541,0.861922
552,0.610743,0.592195,0.862000
553,0.590528,0.620544,0.846293
554,0.618579,0.571660,0.841126
555,0.625497,0.611762,0.845005
556,0.580384,0.583089,0.860673
557,0.598514,0.565922,0.857519
558,0.634954,0.608774,0.871499
559,0.634808,0.557253,0.835944
560,0.636981,0.577837,0.864283
561,0.591897,0.610746,0.852814
562,0.629101,0.586410,0.828371
563,0.621972,0.615660,0.851594
564,0.625756,0.525830,0.851081
565,0.623283,0.584671,0.856359
566,0.621398,0.578117,0.841295
567,0.596428,0.588802,0.855341
568,0.627111,0.560666,0.851436
569,0.628734,0.589204,0.843253
570,0.625142,0.581566,0.855024
571,0.627715,0.592241,0.851387
572,0.554314,0.604017,0.826736
573,0.627703,0.584969,0.830764
574,0.586198,0.607438,0.845038
575,0.605661,0.579820,0.851997
576,0.605456,0.616104,0.837252
577,0.608911,0.625953,0.854740
578,0.577022,0.578366,0.844411
579,0.594163,0.582146,0.863610
580,0.572601,0.601728,0.855413
581,0.630010,0.556767,0.841439
582,0.579434,0.574951,0.837882
583,0.598123,0.575633,0.845862
584,0.582136,0.557813,0.844487
585,0.607027,0.566618,0.843228
586,0.591520,0.581405,0.861381
587,0.609248,0.616920,0.846156
588,0.613662,0.600087,0.863278
589,0.605175,0.583150,0.851639
590,0.626515,0.581218,0.841871
591,0.586732,0.610614,0.850307
592,0.634087,0.600963,0.836595
593,0.627493,0.574448,0.850323
594,0.633768,0.594470,0.846069
595,0.626750,0.604155,0.857863
596,0.573831,0.609640,0.845649
597,0.652532,0.595115,0.843075
598,0.598466,0.579168,0.861873
599,0.587438,0.620401,0.842473
600,0.601033,0.606244,0.846695
601,0.556224,0.612466,0.863393
602,0.615882,0.571573,0.852274
603,0.613026,0.590950,0.858146
604,0.608037,0.596822,0.852666
605,0.636432,0.628740,0.857217
606,0.637740,0.577885,0.836798
607,0.623297,0.594293,0.846423
608,0.541279,0.632516,0.858962
609,0.579579,0.605383,0.846942
610,0.658290,0.621997,0.855158
611,0.601586,0.608030,0.847947
612,0.622681,0.590638,0.843438
613,0.584177,0.594646,0.856247
614,0.650727,0.597746,0.850224
615,0.617585,0.562066,0.829703
616,0.636975,0.572260,0.852971
617,0.623771,0.560278,0.851638
618,0.667553,0.626212,0.847531
619,0.610697,0.569847,0.854484
620,0.598741,0.542427,0.836925
621,0.612332,0.577952,0.850677
622,0.644300,0.603803,0.840750
623,0.556380,0.592789,0.841057
624,0.570816,0.656064,0.846982
625,0.623645,0.560099,0.849428
626,0.630885,0.599672,0.851565
627,0.642537,0.599568,0.835679
628,0.592944,0.560250,0.855813
629,0.652156,0.565829,0.844813
630,0.612373,0.647340,0.842663
631,0.562060,0.569569,0.837939
632,0.585849,0.563787,0.846701
633,0.661927,0.591321,0.846811
634,0.594483,0.606873,0.844684
635,0.597531,0.582524,0.848117
636,0.593445,0.575940,0.847247
637,0.595365,0.573566,0.849973
638,0.638049,0.606302,0.850696
639,0.575985,0.600064,0.836979
640,0.603431,0.595648,0.839180
641,0.563929,0.607837,0.852696
642,0.579091,0.633241,0.836958
643,0.630120,0.601841,0.847902
644,0.588220,0.606085,0.844062
645,0.606485,0.617762,0.845566
646,0.641130,0.634847,0.855183
647,0.613756,0.609458,0.856158
648,0.610660,0.580442,0.863097
649,0.637382,0.566570,0.846455
650,0.611481,0.584289,0.835017
651,0.613204,0.548938,0.858279
652,0.590602,0.589353,0.852412
653,0.635349,0.571190,0.845506
654,0.591060,0.589912,0.851772
655,0.596381,0.632793,0.849700
656,0.614346,0.626428,0.844518
657,0.570103,0.593107,0.858683
658,0.587475,0.594793,0.842525
659,0.578437,0.596426,0.872028
660,0.585494,0.630212,0.843484
661,0.598001,0.573033,0.858656
662,0.625965,0.630094,0.867064
663,0.622469,0.618807,0.846773
664,0.576652,0.607178,0.853184
665,0.619507,0.580253,0.838218
666,0.566495,0.590572,0.860808
667,0.619059,0.638610,0.852198
668,0.579525,0.606384,0.838800
669,0.647954,0.586652,0.852028
670,0.641443,0.589615,0.854156
671,0.582396,0.614706,0.827196
672,0.586445,0.579593,0.853462
673,0.589951,0.587537,0.839519
674,0.608926,0.583984,0.849598
675,0.610609,0.598404,0.860247
676,0.621177,0.549202,0.845269
677,0.622914,0.560692,0.839386
678,0.568190,0.559918,0.853793
679,0.625752,0.592512,0.846174
680,0.630270,0.581233,0.837929
681,0.576423,0.609551,0.862070
682,0.570218,0.611777,0.845172
683,0.547486,0.582793,0.852488
684,0.586422,0.599287,0.842479
685,0.602265,0.592664,0.857726
686,0.644912,0.586258,0.852383
687,0.609695,0.573470,0.840887
688,0.580238,0.578264,0.848443
689,0.614688,0.605192,0.864954
690,0.608887,0.615515,0.840232
691,0.589270,0.605362,0.847122
692,0.669920,0.602109,0.854763
693,0.583190,0.592816,0.846942
694,0.610579,0.608353,0.841544
695,0.570129,0.614111,0.838957
696,0.566153,0.566257,0.858618
697,0.568253,0.577817,0.854867
698,0.549850,0.620978,0.836440
699,0.587500,0.558567,0.834688
700,0.624319,0.560847,0.854809
701,0.590647,0.585340,0.859581
702,0.592296,0.594522,0.843762
703,0.595965,0.585841,0.848434
704,0.594327,0.584764,0.862896
705,0.618640,0.609664,0.840527
706,0.578328,0.584619,0.848449
707,0.613037,0.576315,0.824613
708,0.590537,0.592649,0.861323
709,0.634127,0.595389,0.832558
710,0.641532,0.613170,0.856480
711,0.662933,0.584911,0.846238
712,0.649927,0.560700,0.842057
713,0.614152,0.578590,0.855573
714,0.607613,0.632478,0.848002
715,0.589089,0.582476,0.851155
716,0.639037,0.576867,0.863943
717,0.642660,0.580578,0.855788
718,0.592224,0.589575,0.848483
719,0.666579,0.622573,0.846341
720,0.602245,0.625826,0.863028
721,0.597255,0.567766,0.857080
722,0.593190,0.552273,0.847227
723,0.629545,0.569647,0.856312
724,0.621717,0.614567,0.838148
725,0.559168,0.596350,0.842465
726,0.622716,0.602724,0.827069
727,0.645613,0.587360,0.847699
728,0.612139,0.584971,0.841796
729,0.612521,0.607130,0.844096
730,0.625812,0.619099,0.865783
731,0.620714,0.590666,0.831338
732,0.610805,0.567374,0.838492
733,0.636184,0.623893,0.852018
734,0.563650,0.563117,0.858197
735,0.570491,0.612106,0.856826
736,0.579731,0.641270,0.860210
737,0.616983,0.624237,0.859157
738,0.627287,0.628345,0.845108
739,0.573947,0.579267,0.853052
740,0.572216,0.584373,0.833656
741,0.624518,0.565150,0.847466
742,0.648243,0.630598,0.842061
743,0.595155,0.588767,0.853356
744,0.616656,0.536633,0.860644
745,0.548067,0.588224,0.852172
746,0.593196,0.606451,0.847581
747,0.611578,0.576545,0.856055
748,0.662043,0.560610,0.840545
749,0.629477,0.593434,0.834561
750,0.609777,0.597855,0.869038
751,0.597579,0.594867,0.850144
752,0.580432,0.584009,0.844768
753,0.647809,0.585422,0.827841
754,0.574473,0.556060,0.846469
755,0.606329,0.574999,0.851371
756,0.599448,0.641506,0.866567
757,0.592887,0.595271,0.854801
758,0.644658,0.569872,0.857795
759,0.585234,0.571293,0.846407
760,0.593144,0.577419,0.852688
761,0.593032,0.595999,0.848473
762,0.591938,0.629355,0.849006
763,0.569953,0.568950,0.839001
764,0.612757,0.638922,0.848188
765,0.574423,0.576213,0.848185
766,0.638531,0.597896,0.855200
767,0.597732,0.560486,0.834852
768,0.614031,0.557661,0.845532
769,0.620889,0.576262,0.848749
770,0.607793,0.584364,0.836867
771,0.600165,0.540286,0.851883
772,0.554459,0.602073,0.853885
773,0.599859,0.566999,0.854437
774,0.614339,0.566725,0.851646
775,0.628184,0.575939,0.862220
776,0.627513,0.632785,0.846956
777,0.570982,0.615004,0.844613
778,0.630202,0.613770,0.853991
779,0.592848,0.590549,0.844337
780,0.645926,0.607602,0.850274
781,0.601318,0.617181,0.855861
782,0.627456,0.618750,0.844206
783,0.611031,0.577861,0.844140
784,0.623706,0.637356,0.845854
785,0.653610,0.585784,0.854638
786,0.571287,0.569156,0.849834
787,0.626066,0.581480,0.846183
788,0.611327,0.575601,0.853950
789,0.634309,0.593176,0.855225
790,0.632986,0.557413,0.861157
791,0.591303,0.596104,0.852034
792,0.564350,0.568935,0.841718
793,0.632205,0.582523,0.856861
794,0.630253,0.603217,0.860508
795,0.606879,0.616260,0.843955
796,0.638965,0.608024,0.834430
797,0.615944,0.619573,0.857486
798,0.634258,0.603448,0.846423
799,0.615732,0.591900,0.846750
800,0.612926,0.581982,0.857313
801,0.627858,0.556886,0.848940
802,0.650418,0.618246,0.857626
803,0.623790,0.613415,0.860103
804,0.601473,0.534358,0.849253
805,0.630646,0.584950,0.859581
806,0.631859,0.630009,0.855756
807,0.576179,0.617622,0.837859
808,0.589699,0.579441,0.857558
809,0.604928,0.613249,0.847841
810,0.624867,0.592991,0.857253
811,0.673956,0.618408,0.847241
812,0.656844,0.579447,0.861216
813,0.618700,0.614194,0.850403
814,0.638623,0.571061,0.863417
815,0.611814,0.590339,0.845588
816,0.594817,0.595086,0.847158
817,0.591017,0.626975,0.842789
818,0.632291,0.551870,0.851749
819,0.642261,0.602377,0.846710
820,0.621948,0.589796,0.852626
821,0.577994,0.587406,0.850294
822,0.632640,0.620734,0.860721
823,0.654806,0.616395,0.849793
824,0.611305,0.577416,0.858605
825,0.652809,0.605469,0.856952
826,0.610576,0.607998,0.857239
827,0.590907,0.598906,0.855237
828,0.591457,0.593027,0.854275
829,0.561142,0.599876,0.845212
830,0.627444,0.590541,0.844535
831,0.618911,0.554012,0.850994
832,0.605167,0.613840,0.831181
833,0.618383,0.552420,0.850288
834,0.608664,0.615231,0.851512
835,0.618486,0.596192,0.847701
836,0.625020,0.594303,0.851777
837,0.593477,0.625622,0.858958
838,0.619354,0.654300,0.851456
839,0.598434,0.571717,0.850255
840,0.659795,0.581785,0.868250
841,0.614777,0.612425,0.834271
842,0.667784,0.560071,0.860238
843,0.598470,0.580818,0.855448
844,0.622684,0.587998,0.851478
845,0.612012,0.571840,0.864115
846,0.675151,0.568045,0.851226
847,0.620744,0.601834,0.842679
848,0.647683,0.619346,0.859042
849,0.611193,0.599075,0.847459
850,0.602394,0.595527,0.847556
851,0.644046,0.562221,0.841287
852,0.636725,0.611491,0.850434
853,0.600512,0.595337,0.851646
854,0.654363,0.546698,0.846965
855,0.637497,0.625808,0.856596
856,0.590158,0.641263,0.847438
857,0.605718,0.598646,0.854263
858,0.656023,0.566446,0.835032
859,0.577171,0.596084,0.848004
860,0.639654,0.600239,0.866633
861,0.626098,0.595267,0.861519
862,0.569634,0.606796,0.852598
863,0.637646,0.600761,0.848728
864,0.582559,0.632318,0.854522
865,0.588288,0.607069,0.858674
866,0.602908,0.572912,0.843225
867,0.602826,0.612764,0.848942
868,0.613044,0.644094,0.843544
869,0.572075,0.633397,0.865080
870,0.662762,0.564787,0.840877
871,0.644551,0.608667,0.842224
872,0.642279,0.575166,0.856977
873,0.631673,0.628997,0.862154
874,0.612597,0.588642,0.845241
875,0.621474,0.591603,0.846520
876,0.607785,0.604203,0.853750
877,0.603282,0.582510,0.844285
878,0.581454,0.604043,0.844538
879,0.567198,0.587363,0.840325
880,0.642679,0.580746,0.858057
881,0.586037,0.589417,0.837089
882,0.570226,0.607467,0.863584
883,0.616259,0.606472,0.845736
884,0.574699,0.621454,0.849420
885,0.632665,0.569716,0.853026
886,0.604128,0.631457,0.859288
887,0.599820,0.617456,0.845674
888,0.620032,0.622713,0.846219
889,0.650580,0.565850,0.864454
890,0.644513,0.559526,0.865777
891,0.614351,0.642476,0.843342
892,0.600336,0.577424,0.837410
893,0.592991,0.624039,0.856717
894,0.664178,0.633099,0.853475
895,0.589240,0.621634,0.849504
896,0.635732,0.598600,0.857488
897,0.688160,0.632459,0.831678
898,0.604542,0.553059,0.856743
899,0.588154,0.622381,0.847068
900,0.634826,0.580378,0.839291
901,0.625169,0.584734,0.830489
902,0.634354,0.577020,0.848849
903,0.641206,0.607506,0.850654
904,0.604731,0.603668,0.828636
905,0.610213,0.532724,0.844302
906,0.606065,0.574538,0.861793
907,0.607039,0.570375,0.845803
908,0.593552,0.602778,0.845730
909,0.611248,0.595332,0.841542
910,0.628899,0.591159,0.845303
911,0.586786,0.624821,0.838026
912,0.624753,0.560446,0.849527
913,0.601494,0.592840,0.846622
914,0.613501,0.583694,0.853340
915,0.569524,0.604779,0.864841
916,0.618749,0.582924,0.854987
917,0.666286,0.637910,0.842507
918,0.601156,0.603011,0.855687
919,0.619556,0.596391,0.840700
920,0.596747,0.589136,0.849076
921,0.610708,0.592752,0.838238
922,0.643278,0.567445,0.853990
923,0.581870,0.577844,0.849285
924,0.618858,0.605761,0.845228
925,0.635190,0.588703,0.854501
926,0.609758,0.608390,0.834732
927,0.640021,0.654141,0.838018
928,0.617946,0.622705,0.867259
929,0.608081,0.597775,0.842235
930,0.560078,0.622249,0.844645
931,0.630808,0.579059,0.841631
932,0.606588,0.594729,0.840283
933,0.609821,0.594038,0.843432
934,0.579526,0.623933,0.836759
935,0.600115,0.624769,0.855789
936,0.639720,0.587325,0.850161
937,0.594123,0.564436,0.849486
938,0.629753,0.570826,0.852389
939,0.587966,0.579576,0.826589
940,0.601559,0.581618,0.835475
941,0.604345,0.576584,0.846995
942,0.587492,0.601535,0.847074
943,0.613712,0.568329,0.859046
944,0.619565,0.600755,0.852719
945,0.571266,0.547459,0.866321
946,0.590692,0.615553,0.846446
947,0.622584,0.560247,0.867780
948,0.567294,0.582645,0.856378
949,0.617092,0.601070,0.855701
950,0.615581,0.563753,0.841087
951,0.601220,0.610628,0.838937
952,0.615004,0.584880,0.832664
953,0.622437,0.516242,0.859391
954,0.635394,0.603079,0.851829
955,0.610046,0.620793,0.850783
956,0.538679,0.609791,0.850801
957,0.567165,0.607854,0.860020
958,0.617914,0.576213,0.843053
959,0.567526,0.607455,0.855862
960,0.617352,0.593578,0.848047
961,0.533411,0.578775,0.850418
962,0.604054,0.613421,0.854896
963,0.616188,0.587374,0.846421
964,0.586181,0.554136,0.847166
965,0.601807,0.589170,0.862654
966,0.590997,0.564122,0.848974
967,0.620399,0.595731,0.857612
968,0.611285,0.573924,0.847735
969,0.597517,0.582468,0.848564
970,0.616172,0.625221,0.859119
971,0.631333,0.610664,0.843499
972,0.598019,0.576106,0.830486
973,0.603982,0.609414,0.855963
974,0.579987,0.580860,0.831911
975,0.624733,0.542797,0.852794
976,0.585916,0.573733,0.866875
977,0.630630,0.596491,0.830654
978,0.613759,0.597116,0.854628
979,0.585335,0.595629,0.861370
980,0.632193,0.575351,0.853251
981,0.612278,0.581411,0.848892
982,0.631910,0.563614,0.849882
983,0.638901,0.601825,0.860172
984,0.618023,0.592850,0.846982
985,0.577005,0.575285,0.858981
986,0.628262,0.601405,0.860131
987,0.638208,0.635797,0.841126
988,0.572249,0.611168,0.858494
989,0.635977,0.590257,0.851015
990,0.645642,0.606273,0.836038
991,0.549211,0.574970,0.861135
992,0.620624,0.632742,0.851570
993,0.637043,0.577432,0.830496
994,0.597642,0.610352,0.848720
995,0.589877,0.568628,0.856762
996,0.610007,0.580200,0.863597
997,0.602007,0.587813,0.852813
998,0.619446,0.612070,0.851347
999,0.625618,0.605111,0.849010
1000,0.610409,0.595615,0.861679
1001,0.581060,0.572095,0.848624
1002,0.648204,0.537184,0.844731
1003,0.593223,0.559309,0.854826
1004,0.595981,0.573186,0.858770
1005,0.623951,0.628927,0.859895
1006,0.601217,0.562551,0.842719
1007,0.556263,0.572114,0.824607
1008,0.631253,0.609338,0.838746
1009,0.624784,0.607521,0.850897
1010,0.601616,0.598892,0.855777
1011,0.562459,0.620867,0.851825
1012,0.609190,0.607541,0.838561
1013,0.619145,0.597819,0.842244
1014,0.582073,0.572804,0.855500
1015,0.659184,0.569782,0.849242
1016,0.613784,0.623646,0.849965
1017,0.622654,0.557578,0.859121
1018,0.557985,0.608424,0.847801
1019,0.679047,0.567734,0.838756
1020,0.641792,0.577239,0.849594
1021,0.674624,0.592647,0.848487
1022,0.589866,0.584548,0.855373
1023,0.644570,0.622809,0.850877
1024,0.604591,0.603276,0.839162
1025,0.594011,0.556671,0.838510
1026,0.590437,0.617822,0.858718
1027,0.587589,0.629569,0.859470
1028,0.570744,0.579893,0.851817
1029,0.601056,0.613728,0.839400
1030,0.632724,0.571056,0.858745
1031,0.623817,0.642757,0.846578
1032,0.608092,0.534931,0.852255
1033,0.632564,0.611185,0.850012
1034,0.596643,0.560388,0.862780
1035,0.646568,0.631612,0.845574
1036,0.605861,0.587999,0.859292
1037,0.619125,0.630329,0.852701
1038,0.580046,0.626891,0.867241
1039,0.598980,0.589018,0.830710
1040,0.623993,0.593224,0.863236
1041,0.621314,0.549536,0.851607
1042,0.582393,0.589736,0.849000
1043,0.537426,0.599327,0.850705
1044,0.580098,0.602014,0.843586
1045,0.599590,0.586569,0.843473
1046,0.608185,0.645754,0.839920
1047,0.578318,0.618319,0.850118
1048,0.578021,0.582892,0.858552
1049,0.588225,0.544924,0.851573
1050,0.655775,0.581185,0.863987
1051,0.598280,0.580512,0.848048
1052,0.604553,0.588784,0.858245
1053,0.542895,0.584682,0.833987
1054,0.599627,0.586078,0.853524
1055,0.589396,0.587214,0.859602
1056,0.589272,0.547886,0.844242
1057,0.634526,0.573530,0.858349
1058,0.632156,0.627111,0.859817
1059,0.601001,0.625097,0.850903
1060,0.610816,0.560058,0.838815
1061,0.630019,0.621457,0.844839
1062,0.573467,0.606401,0.851813
1063,0.628910,0.595560,0.856563
1064,0.614553,0.562609,0.863790
1065,0.622688,0.575371,0.843483
1066,0.623318,0.585713,0.842522
1067,0.616982,0.634418,0.853153
1068,0.581720,0.608612,0.842055
1069,0.565800,0.587798,0.863151
1070,0.583680,0.572756,0.854852
1071,0.653078,0.555767,0.843705
1072,0.556618,0.616026,0.846951
1073,0.626062,0.587994,0.867680
1074,0.615530,0.580107,0.835037
1075,0.610050,0.603336,0.850327
1076,0.636984,0.569667,0.837181
1077,0.662623,0.592554,0.846471
1078,0.590614,0.596890,0.851740
1079,0.575971,0.607004,0.835443
1080,0.610376,0.608107,0.860365
1081,0.613910,0.605225,0.859983
1082,0.574698,0.579201,0.859070
1083,0.581068,0.566014,0.842018
1084,0.628971,0.577793,0.853356
1085,0.602176,0.616302,0.858161
1086,0.584048,0.588210,0.847722
1087,0.615394,0.593989,0.846882
1088,0.608275,0.604972,0.850527
1089,0.578306,0.641169,0.843256
1090,0.568765,0.622389,0.851351
1091,0.619842,0.613098,0.864284
1092,0.568629,0.591936,0.856489
1093,0.601281,0.577222,0.850146
1094,0.669914,0.595716,0.848733
1095,0.630484,0.624221,0.854650
1096,0.603838,0.613185,0.858336
1097,0.614277,0.638523,0.846954
1098,0.602431,0.596087,0.844830
1099,0.626683,0.598491,0.857522
1100,0.607109,0.588021,0.830615
1101,0.601919,0.595392,0.852261
1102,0.597408,0.630021,0.841850
1103,0.623457,0.615256,0.861381
1104,0.581083,0.597133,0.850403
1105,0.625915,0.566790,0.848490
1106,0.615226,0.598460,0.861917
1107,0.624144,0.613752,0.835278
1108,0.600586,0.592901,0.867478
1109,0.525978,0.605025,0.844766
1110,0.540086,0.574388,0.856747
1111,0.627954,0.624464,0.851962
1112,0.637151,0.610916,0.856533
1113,0.588706,0.600147,0.852804
1114,0.594542,0.633832,0.851118
1115,0.637169,0.611824,0.845670
1116,0.586125,0.594585,0.836515
1117,0.610833,0.618793,0.834311
1118,0.579611,0.604878,0.852575
1119,0.626317,0.622460,0.836799
1120,0.601464,0.570075,0.848410
1121,0.583935,0.580981,0.834233
1122,0.638614,0.606675,0.835488
1123,0.595898,0.618950,0.863517
1124,0.616747,0.629556,0.845279
1125,0.589223,0.613884,0.836787
1126,0.626806,0.577475,0.856402
1127,0.594738,0.553835,0.855226
1128,0.612851,0.621342,0.851939
1129,0.612656,0.607490,0.831216
1130,0.609525,0.571486,0.849813
1131,0.632687,0.588759,0.837478
1132,0.638040,0.562002,0.848686
1133,0.613997,0.616960,0.845273
1134,0.597375,0.580668,0.846759
1135,0.597699,0.609932,0.848043
1136,0.597824,0.585048,0.845413
1137,0.630095,0.602137,0.857886
1138,0.601396,0.616503,0.853795
1139,0.637854,0.638874,0.855379
1140,0.623140,0.589707,0.841906
1141,0.599677,0.600089,0.854108
1142,0.622564,0.618893,0.848225
1143,0.581569,0.567630,0.850074
1144,0.610337,0.628401,0.867749
1145,0.642130,0.585553,0.861826
1146,0.559078,0.564668,0.853640
1147,0.609105,0.598924,0.857192
1148,0.585859,0.572309,0.840738
1149,0.575645,0.605839,0.853837
1150,0.654457,0.598628,0.853532
1151,0.613002,0.583544,0.832066
1152,0.618813,0.593037,0.836573
1153,0.625851,0.592680,0.851042
1154,0.622790,0.634138,0.849684
1155,0.575013,0.567369,0.850057
1156,0.581034,0.622719,0.857773
1157,0.631465,0.540972,0.830801
1158,0.595865,0.614043,0.857072
1159,0.648794,0.591626,0.856676
1160,0.625501,0.592090,0.855857
1161,0.614078,0.626431,0.846261
1162,0.654352,0.622050,0.854126
1163,0.618845,0.597517,0.845204
1164,0.588286,0.617379,0.849197
1165,0.596298,0.630640,0.859055
1166,0.600764,0.586778,0.853745
1167,0.604603,0.575824,0.850740
1168,0.627107,0.607133,0.843210
1169,0.610794,0.584891,0.856306
1170,0.618036,0.586913,0.855397
1171,0.621069,0.577224,0.845623
1172,0.621714,0.584078,0.840277
1173,0.583858,0.616446,0.843653
1174,0.614378,0.583693,0.851751
1175,0.621554,0.606874,0.865161
1176,0.637160,0.543689,0.853876
1177,0.599726,0.560886,0.836892
1178,0.623508,0.579896,0.860133
1179,0.670642,0.602561,0.853759
1180,0.592416,0.613451,0.849163
1181,0.603335,0.596322,0.859526
1182,0.571184,0.614416,0.843027
1183,0.576690,0.595563,0.855371
1184,0.658089,0.602539,0.846867
1185,0.622680,0.601523,0.853734
1186,0.608782,0.595222,0.852286
1187,0.602649,0.604317,0.843208
1188,0.633581,0.607767,0.836698
1189,0.609348,0.629381,0.852245
1190,0.589349,0.615596,0.854307
1191,0.581313,0.590775,0.857188
1192,0.639212,0.575018,0.859098
1193,0.636324,0.580531,0.862684
1194,0.644635,0.613748,0.859603
1195,0.614998,0.571250,0.850335
1196,0.594979,0.600716,0.847426
1197,0.603885,0.609373,0.833475
1198,0.590621,0.585591,0.854596
1199,0.628391,0.610189,0.851179
1200,0.555072,0.569280,0.857685
1201,0.566946,0.573413,0.846052
1202,0.592322,0.585151,0.842609
1203,0.591076,0.600175,0.853921
1204,0.610474,0.567382,0.858249
1205,0.583923,0.579937,0.851523
1206,0.621474,0.583702,0.849743
1207,0.590275,0.623013,0.852096
1208,0.570264,0.590612,0.834614
1209,0.622259,0.574966,0.853173
1210,0.560581,0.566424,0.844783
1211,0.616685,0.599182,0.856489
1212,0.591606,0.603593,0.836912
1213,0.623025,0.619526,0.873690
1214,0.656828,0.577534,0.856797
1215,0.587692,0.569584,0.852096
1216,0.583986,0.607983,0.849703
1217,0.626348,0.605424,0.834825
1218,0.611612,0.597419,0.844918
1219,0.570392,0.619845,0.851480
1220,0.601054,0.562320,0.848908
1221,0.610378,0.596253,0.849498
1222,0.592130,0.579886,0.852180
1223,0.612526,0.632875,0.851358
1224,0.628298,0.601664,0.831766
1225,0.592478,0.590971,0.847387
1226,0.602890,0.566889,0.842109
1227,0.616935,0.583258,0.842170
1228,0.612976,0.564638,0.851134
1229,0.659370,0.594593,0.841415
1230,0.601611,0.572723,0.845954
1231,0.615056,0.564678,0.826480
1232,0.571890,0.605361,0.852451
1233,0.628310,0.529705,0.856414
1234,0.613423,0.591823,0.852322
1235,0.603218,0.589663,0.846095
1236,0.578138,0.581405,0.843269
1237,0.559296,0.588722,0.866077
1238,0.599912,0.614620,0.840803
1239,0.594593,0.578918,0.847807
1240,0.612251,0.641046,0.846214
1241,0.619155,0.583597,0.851727
1242,0.568618,0.548034,0.853965
1243,0.560370,0.606449,0.852375
1244,0.613653,0.609170,0.871529
1245,0.581419,0.587639,0.838841
1246,0.660573,0.552153,0.850199
1247,0.626650,0.595937,0.852209
1248,0.602975,0.586308,0.855526
1249,0.583631,0.605913,0.843936
1250,0.607343,0.553543,0.841498
1251,0.622206,0.574172,0.855605
1252,0.578947,0.556141,0.869184
1253,0.592799,0.566365,0.844685
1254,0.650791,0.592855,0.853688
1255,0.610245,0.568976,0.858926
1256,0.653308,0.612510,0.860915
1257,0.594988,0.565704,0.850805
1258,0.563687,0.611497,0.853482
1259,0.603996,0.564011,0.838737
1260,0.641373,0.591630,0.830004
1261,0.649580,0.605510,0.850598
1262,0.611951,0.612335,0.846806
1263,0.635246,0.593567,0.854252
1264,0.611283,0.578365,0.861903
1265,0.604867,0.628841,0.860373
1266,0.637934,0.629340,0.842084
1267,0.576410,0.595995,0.838530
1268,0.579166,0.576015,0.853211
1269,0.628323,0.592225,0.850176
1270,0.627980,0.580325,0.849012
1271,0.601772,0.616424,0.848004
1272,0.597595,0.609660,0.842853
1273,0.641668,0.568986,0.857586
1274,0.637300,0.608379,0.851276
1275,0.626843,0.575671,0.863797
1276,0.640945,0.584943,0.855258
1277,0.624780,0.618809,0.863166
1278,0.554502,0.631197,0.846960
1279,0.623975,0.593117,0.852570
1280,0.603187,0.597709,0.862626
1281,0.591404,0.581235,0.856716
1282,0.641531,0.575091,0.852555
1283,0.590507,0.556910,0.848679
1284,0.628513,0.583037,0.843625
1285,0.664686,0.609110,0.835029
1286,0.610799,0.590660,0.854881
1287,0.553433,0.591894,0.850904
1288,0.586314,0.580070,0.857912
1289,0.598298,0.588566,0.849830
1290,0.614821,0.607915,0.860293
1291,0.618332,0.611182,0.834852
1292,0.589957,0.596444,0.853015
1293,0.570555,0.600624,0.861270
1294,0.586022,0.594987,0.823836
1295,0.615828,0.560579,0.857291
1296,0.607701,0.581949,0.841999
1297,0.593040,0.656576,0.832164
1298,0.551580,0.595931,0.842987
1299,0.625203,0.620908,0.853808
1300,0.619760,0.553233,0.843752
1301,0.609584,0.612422,0.859632
1302,0.585299,0.572917,0.849668
1303,0.591703,0.608588,0.859508
1304,0.638431,0.634343,0.868792
1305,0.610589,0.613447,0.847933
1306,0.630225,0.621479,0.861677
1307,0.588069,0.614902,0.837512
1308,0.655051,0.585114,0.857353
1309,0.577029,0.583970,0.848654
1310,0.591764,0.598860,0.846141
1311,0.608924,0.611797,0.841253
1312,0.617844,0.599167,0.857554
1313,0.638165,0.611636,0.835966
1314,0.597626,0.607563,0.843368
1315,0.610534,0.606711,0.844970
1316,0.596123,0.610122,0.867083
1317,0.598381,0.622026,0.843483
1318,0.596391,0.606876,0.842432
1319,0.610863,0.617730,0.850754
1320,0.615519,0.593009,0.853745
1321,0.597252,0.607752,0.852296
1322,0.592299,0.564217,0.845296
1323,0.610059,0.602503,0.844416
1324,0.568733,0.547468,0.863018
1325,0.593516,0.589090,0.847001
1326,0.625618,0.619950,0.837755
1327,0.560817,0.626150,0.843800
1328,0.594640,0.620342,0.833940
1329,0.603590,0.565944,0.862368
1330,0.616103,0.588882,0.850009
1331,0.664686,0.610360,0.855276
1332,0.684819,0.605554,0.849716
1333,0.614873,0.592081,0.850176
1334,0.615170,0.605228,0.860841
1335,0.636551,0.623991,0.836708
1336,0.625123,0.554102,0.853129
1337,0.614167,0.602325,0.851721
1338,0.579006,0.626456,0.858535
1339,0.591178,0.577567,0.845346
1340,0.600546,0.629869,0.839346
1341,0.570930,0.631662,0.850687
1342,0.554916,0.593367,0.861711
1343,0.634647,0.607171,0.840903
1344,0.595718,0.613487,0.844376
1345,0.652892,0.554626,0.864207
1346,0.610034,0.596803,0.865814
1347,0.616309,0.593134,0.846591
1348,0.609525,0.603980,0.844286
1349,0.610241,0.611417,0.839485
1350,0.577486,0.562178,0.861365
1351,0.588702,0.586158,0.837664
1352,0.607526,0.629935,0.840642
1353,0.560731,0.576762,0.846765
1354,0.652770,0.591315,0.847199
1355,0.618501,0.605814,0.858309
1356,0.607914,0.606525,0.855423
1357,0.586250,0.585143,0.855534
1358,0.572791,0.590118,0.850221
1359,0.609666,0.598101,0.844511
1360,0.620420,0.607629,0.863629
1361,0.599151,0.553723,0.863248
1362,0.622419,0.612079,0.836535
1363,0.597782,0.601370,0.865538
1364,0.653845,0.608511,0.828526
1365,0.610870,0.625893,0.836204
1366,0.621427,0.611694,0.857581
1367,0.623728,0.591037,0.842493
1368,0.593868,0.563312,0.861674
1369,0.610619,0.604281,0.860777
1370,0.604374,0.590926,0.858404
1371,0.596590,0.592395,0.842171
1372,0.611318,0.605060,0.842456
1373,0.598842,0.577451,0.856427
1374,0.607062,0.599876,0.850122
1375,0.628568,0.590222,0.862277
1376,0.582154,0.607728,0.846646
1377,0.586910,0.556233,0.869512
1378,0.581672,0.590432,0.856228
1379,0.619209,0.600413,0.858223
1380,0.629169,0.602684,0.843421
1381,0.598960,0.547934,0.854513
1382,0.614731,0.649006,0.855835
1383,0.586539,0.626794,0.850466
1384,0.621304,0.623806,0.845822
1385,0.600177,0.605153,0.842281
1386,0.615969,0.609243,0.852145
1387,0.602325,0.583749,0.860366
1388,0.591795,0.621070,0.845726
1389,0.622533,0.567114,0.844011
1390,0.605647,0.597726,0.856315
1391,0.639575,0.590479,0.859943
1392,0.609357,0.577510,0.854737
1393,0.651237,0.583744,0.850250
1394,0.617152,0.571761,0.854408
1395,0.605951,0.636225,0.833962
1396,0.626476,0.565146,0.837913
1397,0.615765,0.595071,0.860589
1398,0.662052,0.594484,0.843700
1399,0.626899,0.620626,0.847907
1400,0.615926,0.591964,0.832250
1401,0.593461,0.560782,0.847673
1402,0.622862,0.633171,0.865095
1403,0.590324,0.620609,0.859208
1404,0.616075,0.593020,0.845936
1405,0.640048,0.592587,0.859257
1406,0.589348,0.632451,0.833987
1407,0.618330,0.573640,0.852152
1408,0.609117,0.601205,0.847019
1409,0.626047,0.602493,0.854050
1410,0.629740,0.564563,0.840701
1411,0.596799,0.585239,0.843569
1412,0.532580,0.581612,0.850957
1413,0.615001,0.605774,0.830564
1414,0.578633,0.598857,0.857682
1415,0.613491,0.603677,0.868433
1416,0.613334,0.567666,0.862050
1417,0.592669,0.617571,0.846193
1418,0.579128,0.581232,0.845763
1419,0.599833,0.596125,0.847390
1420,0.633909,0.628132,0.858154
1421,0.629093,0.612711,0.859534
1422,0.605095,0.514767,0.851712
1423,0.588585,0.597435,0.840004
1424,0.628255,0.638196,0.850357
1425,0.617323,0.585036,0.861051
1426,0.561442,0.611255,0.843138
1427,0.640248,0.589193,0.856061
1428,0.600680,0.572247,0.859320
1429,0.581561,0.604959,0.856605
1430,0.607808,0.578250,0.857647
1431,0.592892,0.570413,0.848850
1432,0.628529,0.584584,0.842176
1433,0.601875,0.596138,0.847208
1434,0.614396,0.626356,0.835169
1435,0.614610,0.594662,0.840556
1436,0.609012,0.590691,0.854121
1437,0.604767,0.572617,0.848521
1438,0.603151,0.618703,0.844522
1439,0.631714,0.588351,0.845817
1440,0.587514,0.613406,0.849059
1441,0.631635,0.595802,0.866863
1442,0.604201,0.596917,0.849541
1443,0.618139,0.631298,0.848734
1444,0.631050,0.586955,0.841803
1445,0.598737,0.607488,0.842347
1446,0.617379,0.574673,0.863990
1447,0.602062,0.597474,0.839440
1448,0.542697,0.576031,0.841715
1449,0.588597,0.609604,0.849902
1450,0.585423,0.611480,0.840530
1451,0.644690,0.550796,0.853059
1452,0.569855,0.595806,0.858596
1453,0.558588,0.619450,0.834476
1454,0.587746,0.598288,0.852281
1455,0.590040,0.605614,0.847191
1456,0.605294,0.655340,0.844537
1457,0.600695,0.587030,0.867521
1458,0.648364,0.592939,0.849295
1459,0.590285,0.586384,0.855468
1460,0.650677,0.600771,0.853743
1461,0.644234,0.609249,0.862545
1462,0.641950,0.567338,0.854858
1463,0.606577,0.600428,0.835867
1464,0.610900,0.622611,0.856444
1465,0.606112,0.564464,0.857806
1466,0.623932,0.581998,0.857693
1467,0.622703,0.555173,0.852571
1468,0.584803,0.603049,0.850042
1469,0.615637,0.559696,0.870663
1470,0.550152,0.624736,0.850036
1471,0.588249,0.615204,0.859689
1472,0.604612,0.598160,0.850428
1473,0.600414,0.548704,0.842545
1474,0.609039,0.621015,0.846044
1475,0.606665,0.553037,0.858957
1476,0.637518,0.609142,0.857260
1477,0.593638,0.631817,0.852831
1478,0.662544,0.554903,0.839119
1479,0.600145,0.621588,0.844726
1480,0.607580,0.609067,0.853177
1481,0.602135,0.578427,0.853239
1482,0.559009,0.596340,0.854475
1483,0.592436,0.549116,0.855974
1484,0.609926,0.578855,0.851547
1485,0.595910,0.584791,0.837689
1486,0.619443,0.593733,0.842946
1487,0.612462,0.588579,0.857083
1488,0.619834,0.588651,0.853917
1489,0.598226,0.632455,0.841888
1490,0.595718,0.599303,0.838764
1491,0.597274,0.611905,0.840416
1492,0.640874,0.637624,0.856824
1493,0.595919,0.578646,0.863175
1494,0.591477,0.631029,0.873104
1495,0.636717,0.592110,0.855608
1496,0.662635,0.583154,0.844821
1497,0.583666,0.627141,0.851541
1498,0.622178,0.569969,0.848918
1499,0.673858,0.588719,0.841178
1500,0.614582,0.596333,0.871193
1501,0.586892,0.610223,0.852134
1502,0.624517,0.594871,0.840870
1503,0.599822,0.548450,0.853883
1504,0.616753,0.574474,0.864304
1505,0.622534,0.596251,0.834728
1506,0.585243,0.593013,0.849373
1507,0.588360,0.605691,0.838487
1508,0.576535,0.564037,0.849670
1509,0.524672,0.554885,0.843500
1510,0.595826,0.597809,0.852797
1511,0.534850,0.594861,0.846835
1512,0.626067,0.603530,0.840728
1513,0.616084,0.601750,0.857358
1514,0.606082,0.619265,0.854121
1515,0.575850,0.627934,0.855413
1516,0.631186,0.575416,0.840179
1517,0.632941,0.568979,0.839030
1518,0.546831,0.585327,0.827783
1519,0.637696,0.559934,0.853132
1520,0.635124,0.575236,0.844353
1521,0.609472,0.601011,0.844637
1522,0.614901,0.596334,0.856354
1523,0.597493,0.585250,0.841444
1524,0.599305,0.600517,0.849220
1525,0.624555,0.594166,0.848262
1526,0.566748,0.609059,0.842299
1527,0.604783,0.596024,0.857590
1528,0.598068,0.588072,0.852675
1529,0.631743,0.608059,0.856483
1530,0.607099,0.565439,0.812956
1531,0.631249,0.556785,0.846139
1532,0.593242,0.559661,0.847552
1533,0.631316,0.624606,0.851095
1534,0.633390,0.611391,0.862380
1535,0.577374,0.614012,0.849490
1536,0.610456,0.549770,0.847791
1537,0.631315,0.594019,0.860126
1538,0.672629,0.570058,0.840311
1539,0.590075,0.596353,0.848720
1540,0.613293,0.570739,0.862014
1541,0.573172,0.552659,0.851934
1542,0.620239,0.600685,0.855760
1543,0.595585,0.605705,0.835446
1544,0.653458,0.590684,0.843194
1545,0.634254,0.604808,0.857065
1546,0.601731,0.601001,0.854210
1547,0.616577,0.580594,0.833578
1548,0.656013,0.567225,0.854083
1549,0.627746,0.557222,0.858277
1550,0.618066,0.584576,0.872928
1551,0.613918,0.584325,0.847331
1552,0.655692,0.573036,0.848045
1553,0.616773,0.578819,0.856795
1554,0.632404,0.596117,0.836247
1555,0.608464,0.600466,0.836460
1556,0.640902,0.577798,0.835315
1557,0.637268,0.600614,0.866187
1558,0.604023,0.612510,0.848835
1559,0.634591,0.588913,0.861845
1560,0.585672,0.619694,0.840074
1561,0.636776,0.616591,0.861841
1562,0.622920,0.592942,0.852738
1563,0.598255,0.612380,0.849748
1564,0.622117,0.589773,0.832055
1565,0.568066,0.594196,0.871153
1566,0.614238,0.630060,0.842466
1567,0.588939,0.590171,0.846801
1568,0.584080,0.584839,0.834603
1569,0.650751,0.576031,0.820241
1570,0.608984,0.576325,0.859058
1571,0.636701,0.592995,0.848755
1572,0.552680,0.628241,0.824410
1573,0.659043,0.617439,0.848311
1574,0.630864,0.611347,0.834659
1575,0.658002,0.571716,0.852085
1576,0.610609,0.571024,0.851837
1577,0.626520,0.618410,0.852171
1578,0.582463,0.584694,0.833850
1579,0.598979,0.584915,0.851189
1580,0.628230,0.554680,0.858673
1581,0.614251,0.590308,0.852699
1582,0.628259,0.580709,0.843988
1583,0.655086,0.605876,0.857836
1584,0.628727,0.565369,0.865875
1585,0.610062,0.572316,0.858959
1586,0.563352,0.583228,0.863510
1587,0.608826,0.628149,0.848731
1588,0.559324,0.582258,0.840529
1589,0.574180,0.608393,0.849954
1590,0.596421,0.599623,0.844396
1591,0.580926,0.590180,0.858150
1592,0.585360,0.610162,0.851206
1593,0.653186,0.602256,0.852374
1594,0.602165,0.581986,0.873569
1595,0.616999,0.614988,0.858339
1596,0.605394,0.612118,0.857258
1597,0.561884,0.594430,0.872286
1598,0.621094,0.617708,0.862945
1599,0.623603,0.610444,0.833538
1600,0.608565,0.629990,0.848414
1601,0.578229,0.604336,0.843974
1602,0.601893,0.567582,0.854693
1603,0.646580,0.594869,0.843542
1604,0.597114,0.628039,0.834734
1605,0.602794,0.554151,0.853770
1606,0.547710,0.585249,0.838813
1607,0.607179,0.589539,0.844578
1608,0.578228,0.588228,0.850275
1609,0.597208,0.616830,0.834992
1610,0.584600,0.580309,0.853704
1611,0.618061,0.610258,0.861104
1612,0.631981,0.587176,0.870178
1613,0.658014,0.558677,0.845659
1614,0.624647,0.591667,0.861609
1615,0.563841,0.567894,0.851034
1616,0.647814,0.620520,0.850190
1617,0.649725,0.562894,0.846500
1618,0.613782,0.590399,0.826844
1619,0.636834,0.585303,0.845397
1620,0.635824,0.618630,0.856563
1621,0.627377,0.618486,0.856525
1622,0.602414,0.599463,0.856927
1623,0.525059,0.571486,0.856391
1624,0.634379,0.618379,0.841168
1625,0.619272,0.559302,0.855789
1626,0.595126,0.594575,0.846428
1627,0.596293,0.590175,0.849349
1628,0.593179,0.590551,0.853186
1629,0.578737,0.589378,0.846405
1630,0.564417,0.611453,0.849504
1631,0.551472,0.543265,0.855364
1632,0.649503,0.603571,0.855235
1633,0.594027,0.526478,0.863151
1634,0.590314,0.585005,0.856012
1635,0.592329,0.599728,0.855249
1636,0.591125,0.637825,0.844490
1637,0.544694,0.577819,0.848442
1638,0.602872,0.599866,0.855074
1639,0.615810,0.597787,0.847464
1640,0.616999,0.596440,0.854401
1641,0.608267,0.593541,0.833140
1642,0.603092,0.564137,0.844172
1643,0.591231,0.552669,0.844548
1644,0.559769,0.550470,0.852423
1645,0.636486,0.607078,0.860616
1646,0.625594,0.588424,0.840045
1647,0.636760,0.557469,0.850136
1648,0.592698,0.612898,0.846061
1649,0.644870,0.621194,0.863318
1650,0.626619,0.618821,0.848930
1651,0.601412,0.580802,0.839543
1652,0.560915,0.584205,0.860427
1653,0.617053,0.588997,0.849993
1654,0.610445,0.580492,0.858841
1655,0.568011,0.612904,0.837194
1656,0.589836,0.595118,0.840386
1657,0.628831,0.617756,0.836063
1658,0.586778,0.554292,0.837035
1659,0.591485,0.605637,0.850901
1660,0.630399,0.550561,0.834106
1661,0.524546,0.603836,0.852374
1662,0.601197,0.623405,0.861529
1663,0.587979,0.609361,0.855736
1664,0.634724,0.592761,0.851233
1665,0.626222,0.627726,0.843802
1666,0.630740,0.592457,0.852386
1667,0.584188,0.607461,0.859266
1668,0.576546,0.596580,0.846225
1669,0.603299,0.622113,0.850093
1670,0.623739,0.560414,0.851989
1671,0.647743,0.618273,0.853033
1672,0.603102,0.606240,0.849627
1673,0.594886,0.613325,0.844950
1674,0.614389,0.596227,0.856685
1675,0.601569,0.624960,0.848864
1676,0.614053,0.629558,0.844958
1677,0.616796,0.601168,0.853909
1678,0.585417,0.614050,0.836131
1679,0.590833,0.583606,0.853099
1680,0.659622,0.643831,0.842740
1681,0.559246,0.589831,0.846229
1682,0.561994,0.601469,0.842512
1683,0.574963,0.577406,0.866090
1684,0.608630,0.592086,0.855095
1685,0.592107,0.627889,0.865140
1686,0.597207,0.603636,0.849029
1687,0.615939,0.576819,0.869023
1688,0.603623,0.653216,0.850670
1689,0.608141,0.588039,0.852012
1690,0.622619,0.585309,0.867319
1691,0.623958,0.589516,0.850642
1692,0.597977,0.579242,0.850355
1693,0.594664,0.569297,0.855453
1694,0.585684,0.604813,0.857712
1695,0.563338,0.622495,0.840873
1696,0.633595,0.614192,0.855693
1697,0.598766,0.552749,0.850902
1698,0.607951,0.583685,0.851155
1699,0.596054,0.575207,0.837119
1700,0.598369,0.637061,0.838107
1701,0.602025,0.593407,0.854082
1702,0.596643,0.624594,0.842537
1703,0.566870,0.576094,0.841183
1704,0.636159,0.608997,0.847637
1705,0.638577,0.634085,0.855149
1706,0.574638,0.585211,0.853842
1707,0.590433,0.591249,0.845185
1708,0.586353,0.600943,0.846010
1709,0.612539,0.617860,0.866296
1710,0.575901,0.554772,0.853221
1711,0.620021,0.597612,0.842906
1712,0.636051,0.577656,0.843547
1713,0.615126,0.573721,0.853125
1714,0.625844,0.621407,0.852110
1715,0.636652,0.604874,0.847766
1716,0.624075,0.607965,0.842725
1717,0.597670,0.600801,0.840340
1718,0.579553,0.570975,0.841098
1719,0.606293,0.572338,0.848717
1720,0.599065,0.627297,0.866224
1721,0.614131,0.622924,0.858519
1722,0.634173,0.590096,0.838770
1723,0.573866,0.567725,0.838182
1724,0.607584,0.538204,0.848391
1725,0.567443,0.589678,0.845324
1726,0.617903,0.560270,0.837920
1727,0.615429,0.586626,0.842626
1728,0.602347,0.611073,0.844215
1729,0.636725,0.581311,0.852214
1730,0.596170,0.609867,0.852045
1731,0.603422,0.616207,0.846193
1732,0.590884,0.601873,0.854295
1733,0.575444,0.628510,0.850116
1734,0.631220,0.600402,0.863414
1735,0.573525,0.605831,0.849818
1736,0.609663,0.553164,0.851049
1737,0.624016,0.570400,0.852828
1738,0.588205,0.615659,0.847671
1739,0.589143,0.586660,0.833033
1740,0.591860,0.595387,0.841273
1741,0.650501,0.546852,0.841847
1742,0.639278,0.591802,0.855340
1743,0.589104,0.620178,0.848122
1744,0.621626,0.601527,0.869903
1745,0.629943,0.588491,0.846477
1746,0.588120,0.565381,0.856398
1747,0.566253,0.611375,0.864007
1748,0.621465,0.576402,0.840388
1749,0.595712,0.596535,0.850284
1750,0.566135,0.594708,0.835916
1751,0.626495,0.598354,0.832094
1752,0.618653,0.556707,0.856520
1753,0.623338,0.597694,0.867496
1754,0.587600,0.591099,0.838025
1755,0.570933,0.603552,0.839767
1756,0.624715,0.578557,0.848022
1757,0.612727,0.609127,0.860963
1758,0.630528,0.626899,0.842499
1759,0.578165,0.585132,0.854293
1760,0.609732,0.624534,0.858667
1761,0.574995,0.610887,0.856830
1762,0.651454,0.646498,0.854261
1763,0.623122,0.584869,0.856904
1764,0.573392,0.565391,0.839633
1765,0.593767,0.595496,0.845946
1766,0.559795,0.675697,0.848794
1767,0.596802,0.597580,0.844178
1768,0.617324,0.572221,0.864149
1769,0.601491,0.605337,0.858308
1770,0.618733,0.569067,0.835945
1771,0.581110,0.618838,0.838078
1772,0.633897,0.594343,0.862724
1773,0.605915,0.581172,0.843056
1774,0.541725,0.588044,0.845439
1775,0.598671,0.627819,0.845203
1776,0.604939,0.618061,0.846049
1777,0.623592,0.629452,0.862921
1778,0.614950,0.615593,0.862293
1779,0.591644,0.582403,0.839980
1780,0.600531,0.564498,0.835213
1781,0.638854,0.581430,0.864565
1782,0.612344,0.645555,0.845934
1783,0.674323,0.604293,0.851175
1784,0.605997,0.585650,0.854033
1785,0.582055,0.556549,0.851719
1786,0.602617,0.536577,0.865879
1787,0.598301,0.611690,0.849068
1788,0.647610,0.611148,0.858621
1789,0.640519,0.596905,0.849028
1790,0.591668,0.584199,0.847582
1791,0.603108,0.582665,0.849621
1792,0.628094,0.551938,0.856107
1793,0.584492,0.584016,0.850467
1794,0.565718,0.589901,0.857476
1795,0.564191,0.596252,0.843812
1796,0.554564,0.615562,0.839085
1797,0.619593,0.577612,0.850759
1798,0.600211,0.600186,0.846127
1799,0.624901,0.614146,0.857818
1800,0.618931,0.606194,0.863339
1801,0.593335,0.597602,0.852393
1802,0.592815,0.559872,0.831763
1803,0.597440,0.530679,0.840159
1804,0.616407,0.583271,0.830770
1805,0.584262,0.571173,0.847024
1806,0.622525,0.568021,0.853279
1807,0.652085,0.580563,0.848225
1808,0.611241,0.630215,0.848733
1809,0.633189,0.624717,0.845849
1810,0.632494,0.575960,0.848840
1811,0.605031,0.596797,0.837655
1812,0.569483,0.604087,0.832567
1813,0.561112,0.574757,0.856694
1814,0.553476,0.630148,0.842001
1815,0.612176,0.589944,0.856591
1816,0.653638,0.618647,0.858976
1817,0.623385,0.591396,0.857419
1818,0.622977,0.637481,0.847121
1819,0.581683,0.588009,0.859642
1820,0.608116,0.555883,0.871915
1821,0.587291,0.610395,0.835172
1822,0.623531,0.617379,0.842065
1823,0.611934,0.599593,0.838392
1824,0.636108,0.621695,0.836366
1825,0.612595,0.602316,0.851772
1826,0.593869,0.600388,0.862035
1827,0.633116,0.602905,0.834224
1828,0.617048,0.604489,0.836516
1829,0.618686,0.632831,0.866713
1830,0.600947,0.570911,0.845302
1831,0.643207,0.587131,0.860987
1832,0.585830,0.579865,0.828629
1833,0.571966,0.609252,0.866312
1834,0.587788,0.617046,0.845607
1835,0.660618,0.598145,0.845651
1836,0.597501,0.633940,0.860283
1837,0.621215,0.604265,0.846284
1838,0.611687,0.613162,0.857459
1839,0.644478,0.644276,0.845067
1840,0.599753,0.616376,0.853782
1841,0.610377,0.594894,0.857271
1842,0.603423,0.586889,0.853492
1843,0.553066,0.612971,0.849351
1844,0.670654,0.632905,0.841624
1845,0.610523,0.597412,0.862609
1846,0.588547,0.589247,0.850384
1847,0.600531,0.572582,0.850030
1848,0.624448,0.612997,0.839905
1849,0.578390,0.600191,0.846407
1850,0.585675,0.591447,0.859610
1851,0.660890,0.633407,0.849700
1852,0.635832,0.612273,0.857055
1853,0.627878,0.603339,0.837168
1854,0.582626,0.584333,0.863201
1855,0.631592,0.612718,0.841822
1856,0.608826,0.623793,0.830293
1857,0.609137,0.577383,0.832056
1858,0.591915,0.574781,0.854853
1859,0.625168,0.609866,0.858201
1860,0.604702,0.601648,0.851055
1861,0.596496,0.597464,0.851240
1862,0.632801,0.549903,0.855668
1863,0.604086,0.598765,0.846569
1864,0.614411,0.631103,0.848003
1865,0.607586,0.592224,0.837725
1866,0.579770,0.620003,0.838905
1867,0.638577,0.568065,0.854007
1868,0.584614,0.578994,0.837593
1869,0.594190,0.602628,0.853758
1870,0.599506,0.586903,0.854227
1871,0.588956,0.605825,0.846808
1872,0.605925,0.561953,0.862868
1873,0.577913,0.623287,0.834196
1874,0.660894,0.618947,0.842303
1875,0.626283,0.615176,0.851418
1876,0.580113,0.585469,0.833778
1877,0.576571,0.567375,0.845435
1878,0.619064,0.597966,0.855631
1879,0.622810,0.585830,0.840933
1880,0.595482,0.596846,0.864015
1881,0.612703,0.618618,0.850098
1882,0.593062,0.629451,0.849690
1883,0.665708,0.574583,0.848386
1884,0.570267,0.600039,0.839849
1885,0.590744,0.609019,0.861650
1886,0.574610,0.582272,0.844713
1887,0.620223,0.572341,0.855301
1888,0.578049,0.592952,0.851824
1889,0.625909,0.602604,0.848128
1890,0.550633,0.629164,0.828845
1891,0.658146,0.579616,0.848853
1892,0.606715,0.580643,0.862467
1893,0.664634,0.588133,0.863447
1894,0.611901,0.590407,0.851691
1895,0.650973,0.611296,0.857903
1896,0.622846,0.591310,0.854899
1897,0.648618,0.621021,0.848411
1898,0.590329,0.604973,0.849214
1899,0.608191,0.611320,0.849749
1900,0.623061,0.567886,0.838846
1901,0.609608,0.566356,0.854653
1902,0.609136,0.592490,0.842881
1903,0.606323,0.587779,0.854200
1904,0.574076,0.575610,0.852016
1905,0.578871,0.616535,0.841106
1906,0.579212,0.545981,0.847368
1907,0.531475,0.598588,0.850555
1908,0.629017,0.599428,0.843909
1909,0.608419,0.604777,0.857309
1910,0.597959,0.615130,0.842412
1911,0.594156,0.628571,0.845437
1912,0.641295,0.558366,0.850046
1913,0.594201,0.573037,0.841306
1914,0.644837,0.569700,0.851524
1915,0.594702,0.610305,0.862212
1916,0.574673,0.589483,0.851824
1917,0.675790,0.613530,0.863088
1918,0.634725,0.614017,0.847861
1919,0.594193,0.595634,0.859684
1920,0.645045,0.590831,0.856050
1921,0.613265,0.566442,0.854594
1922,0.628483,0.559759,0.843732
1923,0.639405,0.558407,0.852584
1924,0.603761,0.588110,0.845041
1925,0.647885,0.599898,0.847238
1926,0.601083,0.595981,0.855477
1927,0.613507,0.605449,0.858705
1928,0.605791,0.611655,0.840960
1929,0.601137,0.607710,0.856850
1930,0.639722,0.588009,0.848127
1931,0.601047,0.585402,0.859437
1932,0.632374,0.597680,0.848526
1933,0.652010,0.599150,0.850813
1934,0.608274,0.621300,0.858537
1935,0.644329,0.562756,0.849850
1936,0.614517,0.603166,0.851161
1937,0.563002,0.574541,0.841941
1938,0.655358,0.569969,0.845001
1939,0.582185,0.547385,0.845179
1940,0.602262,0.559227,0.848938
1941,0.602112,0.575564,0.854823
1942,0.610158,0.573270,0.858069
1943,0.616308,0.616417,0.834221
1944,0.652443,0.569380,0.864130
1945,0.637077,0.594739,0.851645
1946,0.598369,0.614227,0.862042
1947,0.611356,0.617605,0.842565
1948,0.625927,0.596268,0.856268
1949,0.607862,0.640431,0.874394
1950,0.610852,0.610076,0.848215
1951,0.602715,0.604411,0.841460
1952,0.697673,0.591382,0.863353
1953,0.615048,0.621000,0.858414
1954,0.618802,0.623880,0.855122
1955,0.648371,0.579710,0.832225
1956,0.609187,0.547702,0.850724
1957,0.613494,0.609392,0.847531
1958,0.651746,0.618637,0.841917
1959,0.604013,0.606136,0.871774
1960,0.594158,0.569647,0.857034
1961,0.623480,0.597041,0.862311
1962,0.622915,0.587563,0.840786
1963,0.597036,0.549659,0.866630
1964,0.604033,0.570841,0.852144
1965,0.593518,0.598454,0.862906
1966,0.566703,0.610223,0.843187
1967,0.628166,0.576314,0.846665
1968,0.629334,0.588338,0.844601
1969,0.668984,0.588243,0.853104
1970,0.571811,0.569969,0.836502
1971,0.603146,0.597692,0.844537
1972,0.589595,0.606169,0.853989
1973,0.603683,0.594673,0.845549
1974,0.645393,0.616333,0.846717
1975,0.631506,0.593184,0.864840
1976,0.606756,0.600527,0.866343
1977,0.570701,0.605123,0.852200
1978,0.607733,0.604070,0.843658
1979,0.626023,0.577677,0.850049
1980,0.598666,0.625473,0.845357
1981,0.601941,0.633015,0.856615
1982,0.662239,0.559931,0.856686
1983,0.640226,0.590221,0.832517
1984,0.603112,0.601272,0.847449
1985,0.602026,0.628002,0.845499
1986,0.555512,0.575374,0.836855
1987,0.600163,0.603446,0.854341
1988,0.606855,0.560364,0.828409
1989,0.536829,0.590417,0.854738
1990,0.582131,0.595413,0.838874
1991,0.612951,0.632213,0.853490
1992,0.572665,0.656976,0.860597
1993,0.620166,0.518795,0.852912
1994,0.627312,0.615208,0.844888
1995,0.620595,0.595937,0.863088
1996,0.595000,0.573766,0.861172
1997,0.668895,0.610677,0.842851
1998,0.592821,0.624051,0.862810
1999,0.600301,0.580117,0.852439
2000,0.561169,0.542880,0.864572
2001,0.605777,0.585155,0.861853
2002,0.596387,0.572032,0.845864
2003,0.592436,0.565392,0.847483
2004,0.634039,0.570436,0.835761
2005,0.579627,0.609222,0.853531
2006,0.586268,0.593403,0.835865
2007,0.594452,0.601158,0.843739
2008,0.615030,0.589103,0.854509
2009,0.639627,0.576811,0.848088
2010,0.619177,0.606086,0.843279
2011,0.559363,0.582282,0.863333
2012,0.635118,0.607404,0.853216
2013,0.641699,0.580284,0.844703
2014,0.631494,0.566505,0.830865
2015,0.626701,0.568074,0.851033
2016,0.613591,0.569183,0.858616
2017,0.604479,0.614707,0.860700
2018,0.602123,0.573795,0.860664
2019,0.599182,0.598621,0.844356
2020,0.638746,0.636701,0.862982
2021,0.601020,0.589457,0.850528
2022,0.600885,0.586992,0.867055
2023,0.597181,0.600668,0.845469
2024,0.670032,0.616566,0.845639
2025,0.601633,0.553516,0.858273
2026,0.598799,0.631690,0.850885
2027,0.613943,0.577821,0.857740
2028,0.617878,0.617456,0.859779
2029,0.577529,0.596222,0.848720
2030,0.601955,0.584190,0.871940
2031,0.615892,0.634551,0.857350
2032,0.584381,0.607068,0.843754
2033,0.632645,0.592097,0.848801
2034,0.644403,0.580154,0.846754
2035,0.581492,0.580363,0.840492
2036,0.602955,0.577968,0.843720
2037,0.610437,0.591716,0.852397
2038,0.594426,0.620220,0.851122
2039,0.597074,0.562964,0.846028
2040,0.599836,0.570340,0.852102
2041,0.630859,0.627101,0.858946
2042,0.590836,0.591564,0.854340
2043,0.609647,0.569722,0.848140
2044,0.580928,0.627780,0.840565
2045,0.589010,0.588511,0.855418
2046,0.632483,0.601042,0.858359
2047,0.584711,0.578921,0.864050
2048,0.588142,0.614031,0.843166
2049,0.599450,0.635539,0.856961
2050,0.593667,0.595795,0.850055
2051,0.630452,0.577195,0.849521
2052,0.617207,0.611569,0.841869
2053,0.616212,0.535158,0.852944
2054,0.655191,0.648892,0.851027
2055,0.685502,0.596254,0.854886
2056,0.584485,0.609664,0.842152
2057,0.574351,0.572301,0.842006
2058,0.632599,0.585968,0.843018
2059,0.643026,0.582818,0.848479
2060,0.598736,0.603416,0.853707
2061,0.568625,0.607152,0.845875
2062,0.605284,0.598064,0.850791
2063,0.587926,0.558637,0.857741
2064,0.578692,0.593492,0.857413
2065,0.613523,0.597989,0.844033
2066,0.567274,0.581894,0.848632
2067,0.626625,0.564594,0.855020
2068,0.632425,0.589341,0.855575
2069,0.608929,0.595850,0.865436
2070,0.589836,0.618277,0.852659
2071,0.626732,0.555091,0.854431
2072,0.594645,0.607342,0.840266
2073,0.558970,0.573111,0.844813
2074,0.566609,0.627683,0.858628
2075,0.576728,0.596170,0.847320
2076,0.621814,0.660328,0.852246
2077,0.651697,0.615088,0.849153
2078,0.588779,0.563899,0.854730
2079,0.607468,0.591012,0.860316
2080,0.651950,0.613429,0.865082
2081,0.645658,0.585655,0.862991
2082,0.587811,0.580454,0.854283
2083,0.631018,0.575425,0.846277
2084,0.630486,0.596261,0.845037
2085,0.602403,0.589530,0.850170
2086,0.622623,0.601371,0.855110
2087,0.651387,0.627098,0.830914
2088,0.646933,0.573988,0.844800
2089,0.590707,0.616949,0.854287
2090,0.586684,0.594258,0.847071
2091,0.587524,0.576958,0.854357
2092,0.592177,0.566089,0.847381
2093,0.636122,0.561037,0.847102
2094,0.589993,0.598261,0.840418
2095,0.612253,0.602727,0.860855
2096,0.592732,0.603510,0.852243
2097,0.590570,0.562190,0.854755
2098,0.638429,0.586344,0.837810
2099,0.630829,0.649811,0.843569
2100,0.585617,0.586962,0.850943
2101,0.592724,0.562099,0.830099
2102,0.628965,0.632301,0.835719
2103,0.593804,0.595715,0.849666
2104,0.625482,0.596307,0.864660
2105,0.645746,0.597308,0.857213
2106,0.677768,0.592483,0.857497
2107,0.572613,0.599572,0.858352
2108,0.603440,0.569937,0.858065
2109,0.595023,0.585776,0.864394
2110,0.612471,0.607441,0.860630
2111,0.700215,0.562350,0.853455
2112,0.607743,0.580824,0.863797
2113,0.592363,0.623959,0.850302
2114,0.642831,0.591280,0.839275
2115,0.590522,0.578364,0.867721
2116,0.636818,0.590886,0.830117
2117,0.612634,0.585744,0.844322
2118,0.618606,0.594107,0.827487
2119,0.568569,0.557564,0.857917
2120,0.538249,0.560785,0.854231
2121,0.553154,0.564766,0.839439
2122,0.589918,0.556192,0.844767
2123,0.642141,0.582134,0.838980
2124,0.586239,0.572685,0.852962
2125,0.596437,0.612229,0.866085
2126,0.632274,0.577367,0.853623
2127,0.664626,0.595522,0.831476
2128,0.577414,0.599025,0.839839
2129,0.597059,0.563899,0.850163
2130,0.608684,0.596907,0.852270
2131,0.617129,0.630022,0.844850
2132,0.606818,0.589815,0.857327
2133,0.635781,0.611538,0.854196
2134,0.661589,0.593454,0.858508
2135,0.668192,0.589369,0.850389
2136,0.587317,0.621240,0.849499
2137,0.604619,0.592469,0.843008
2138,0.598304,0.603528,0.856576
2139,0.599105,0.589638,0.840491
2140,0.636753,0.609711,0.843965
2141,0.608279,0.628054,0.847862
2142,0.642097,0.587190,0.853672
2143,0.577455,0.637212,0.852316
2144,0.566506,0.597590,0.853766
2145,0.606123,0.616304,0.854929
2146,0.609753,0.624686,0.848920
2147,0.589503,0.541365,0.849104
2148,0.640958,0.620062,0.845639
2149,0.586759,0.600600,0.842926
2150,0.628253,0.601751,0.852515
2151,0.541112,0.610338,0.853606
2152,0.591104,0.566683,0.852982
2153,0.618190,0.648752,0.840536
2154,0.609812,0.593039,0.836565
2155,0.634082,0.595909,0.849064
2156,0.627854,0.614347,0.856170
2157,0.601476,0.610574,0.868008
2158,0.618868,0.602417,0.867478
2159,0.592764,0.596104,0.843110
2160,0.642525,0.618405,0.852294
2161,0.573638,0.578144,0.861626
2162,0.622434,0.598873,0.860957
2163,0.646818,0.615040,0.833842
2164,0.619121,0.601685,0.852791
2165,0.602411,0.600416,0.839581
2166,0.606068,0.589325,0.859903
2167,0.570534,0.579795,0.839816
2168,0.593610,0.586740,0.867015
2169,0.610495,0.634844,0.837484
2170,0.617555,0.579195,0.836898
2171,0.604175,0.586412,0.849993
2172,0.624523,0.630975,0.865164
2173,0.659538,0.636161,0.834434
2174,0.617755,0.602111,0.864274
2175,0.612718,0.587210,0.854283
2176,0.636202,0.599579,0.838023
2177,0.553562,0.600403,0.842596
2178,0.614252,0.583476,0.868740
2179,0.617871,0.602814,0.853869
2180,0.573446,0.583082,0.845123
2181,0.617770,0.589224,0.865144
2182,0.629148,0.626374,0.847361
2183,0.617682,0.602713,0.852911
2184,0.656895,0.579179,0.838591
2185,0.620775,0.573383,0.851504
2186,0.582545,0.647188,0.843879
2187,0.625824,0.607505,0.840501
2188,0.582766,0.612859,0.842863
2189,0.621522,0.614922,0.853247
2190,0.675422,0.551273,0.844648
2191,0.647883,0.585115,0.862191
2192,0.587634,0.593839,0.842835
2193,0.599887,0.580443,0.845659
2194,0.606530,0.565403,0.846473
2195,0.577822,0.589851,0.838984
2196,0.599206,0.604096,0.849706
2197,0.658295,0.600512,0.851302
2198,0.599422,0.617119,0.849632
2199,0.619031,0.574273,0.836182
2200,0.659877,0.599743,0.827275
2201,0.624067,0.577875,0.854178
2202,0.580988,0.609582,0.840054
2203,0.587167,0.614626,0.852781
2204,0.561495,0.597902,0.837636
2205,0.603672,0.606050,0.860262
2206,0.576360,0.577313,0.848555
2207,0.644821,0.607434,0.852136
2208,0.592860,0.579085,0.839142
2209,0.582775,0.598395,0.845294
2210,0.611778,0.570010,0.835818
2211,0.574656,0.602392,0.845357
2212,0.587264,0.583504,0.869252
2213,0.561940,0.626907,0.856302
2214,0.612440,0.588590,0.857952
2215,0.615877,0.581639,0.844311
2216,0.598622,0.598760,0.843633
2217,0.595360,0.631857,0.843653
2218,0.604199,0.621151,0.858129
2219,0.621756,0.598762,0.848343
2220,0.622668,0.568156,0.846486
2221,0.544357,0.576648,0.843420
2222,0.645988,0.598419,0.836601
2223,0.632483,0.628146,0.860799
2224,0.604567,0.572638,0.847603
2225,0.597720,0.598675,0.850311
2226,0.636318,0.563876,0.847332
2227,0.622282,0.622254,0.854928
2228,0.590073,0.591343,0.835684
2229,0.595991,0.649319,0.861686
2230,0.621589,0.585069,0.835885
2231,0.646953,0.626609,0.858960
2232,0.615393,0.628488,0.845737
2233,0.632017,0.567684,0.850409
2234,0.610886,0.574622,0.837022
2235,0.589199,0.568561,0.840868
2236,0.583620,0.546511,0.849399
2237,0.643371,0.614701,0.838145
2238,0.609490,0.621811,0.847081
2239,0.572280,0.577653,0.857103
2240,0.614647,0.567714,0.844989
2241,0.615033,0.623762,0.864067
2242,0.607874,0.581923,0.852743
2243,0.642601,0.606828,0.849740
2244,0.634202,0.591305,0.865894
2245,0.611356,0.545264,0.845376
2246,0.601138,0.613077,0.854348
2247,0.654709,0.597682,0.847263
2248,0.624792,0.645441,0.841344
2249,0.653785,0.580129,0.857840
2250,0.633959,0.631667,0.849236
2251,0.595874,0.593312,0.842839
2252,0.647516,0.596168,0.837576
2253,0.643147,0.587124,0.833751
2254,0.609336,0.560458,0.852407
2255,0.649852,0.589222,0.841815
2256,0.607759,0.577715,0.849204
2257,0.589038,0.590607,0.856680
2258,0.614286,0.602536,0.843704
2259,0.635449,0.579533,0.854667
2260,0.545083,0.605108,0.862734
2261,0.606962,0.609807,0.844427
2262,0.572624,0.586637,0.853603
2263,0.582836,0.619685,0.848052
2264,0.617876,0.557063,0.867709
2265,0.550633,0.609359,0.859582
2266,0.592670,0.566068,0.859265
2267,0.612962,0.655641,0.842208
2268,0.627292,0.559961,0.841072
2269,0.578575,0.633198,0.865490
2270,0.595903,0.584640,0.851807
2271,0.574283,0.604637,0.852979
2272,0.624565,0.621619,0.852035
2273,0.601607,0.620333,0.847003
2274,0.616097,0.569395,0.865646
2275,0.597229,0.594394,0.828351
2276,0.622941,0.588826,0.856185
2277,0.601643,0.574107,0.860389
2278,0.637375,0.575713,0.828383
2279,0.637388,0.590266,0.849946
2280,0.550141,0.622885,0.857958
2281,0.562737,0.571442,0.848508
2282,0.597351,0.602215,0.861528
2283,0.610874,0.593517,0.858220
2284,0.577686,0.582424,0.850531
2285,0.581075,0.572621,0.826780
2286,0.616133,0.568615,0.856114
2287,0.620523,0.586970,0.850262
2288,0.620484,0.612142,0.854726
2289,0.592785,0.599465,0.846397
2290,0.592780,0.577417,0.829931
2291,0.602131,0.585134,0.842578
2292,0.619062,0.586675,0.857168
2293,0.657918,0.617642,0.855644
2294,0.529859,0.570824,0.874486
2295,0.573337,0.583797,0.846646
2296,0.628558,0.592545,0.835928
2297,0.588468,0.568721,0.845411
2298,0.617251,0.592535,0.858972
2299,0.639872,0.590978,0.842208
2300,0.597188,0.596846,0.850495
2301,0.623015,0.596894,0.858836
2302,0.643618,0.555564,0.837213
2303,0.608443,0.624366,0.830689
2304,0.653307,0.595040,0.854071
2305,0.618761,0.594547,0.839926
2306,0.638712,0.583872,0.849074
2307,0.600605,0.600506,0.840378
2308,0.635766,0.619774,0.855277
2309,0.563811,0.581987,0.861299
2310,0.638433,0.604519,0.832328
2311,0.620603,0.585798,0.841780
2312,0.595670,0.575104,0.841553
2313,0.678126,0.588904,0.853946
2314,0.648464,0.564500,0.860198
2315,0.589245,0.594151,0.854316
2316,0.577145,0.600914,0.860969
2317,0.557604,0.578528,0.836963
2318,0.648817,0.632490,0.857867
2319,0.570014,0.575537,0.839778
2320,0.606015,0.622701,0.844003
2321,0.592754,0.599631,0.833255
2322,0.597764,0.604018,0.840234
2323,0.617480,0.567667,0.836971
2324,0.637922,0.625083,0.844206
2325,0.612338,0.577200,0.856813
2326,0.619356,0.609272,0.845197
2327,0.619971,0.595925,0.853344
2328,0.656354,0.560659,0.864892
2329,0.589831,0.597018,0.837790
2330,0.629539,0.573772,0.840442
2331,0.624795,0.625207,0.837234
2332,0.582500,0.618084,0.860881
2333,0.570125,0.585341,0.851449
2334,0.602408,0.617047,0.867520
2335,0.626691,0.628766,0.857552
2336,0.612280,0.611479,0.840698
2337,0.584276,0.587820,0.859127
2338,0.598698,0.612915,0.861251
2339,0.660083,0.609772,0.858883
2340,0.587525,0.588659,0.841344
2341,0.622181,0.584328,0.852824
2342,0.613191,0.638683,0.869952
2343,0.594369,0.575601,0.855869
2344,0.634491,0.589797,0.849299
2345,0.612440,0.627505,0.849707
2346,0.584702,0.561087,0.854240
2347,0.622450,0.587708,0.857255
2348,0.620620,0.592779,0.842892
2349,0.579352,0.604762,0.839849
2350,0.521201,0.618190,0.843668
2351,0.615234,0.574707,0.846907
2352,0.646015,0.611852,0.852521
2353,0.580518,0.586102,0.853845
2354,0.595022,0.623904,0.866399
2355,0.617192,0.551147,0.829859
2356,0.649900,0.548029,0.847429
2357,0.616376,0.600088,0.856721
2358,0.630856,0.612911,0.838221
2359,0.605463,0.616738,0.856540
2360,0.589051,0.650597,0.841193
2361,0.609938,0.598039,0.843839
2362,0.588180,0.533329,0.853220
2363,0.588502,0.562799,0.849204
2364,0.602369,0.607497,0.840256
2365,0.614153,0.575032,0.841852
2366,0.579318,0.583166,0.850615
2367,0.623333,0.612551,0.849282
2368,0.606282,0.610273,0.863263
2369,0.628688,0.591155,0.849206
2370,0.596553,0.568870,0.835523
2371,0.646702,0.572891,0.854455
2372,0.649211,0.591054,0.852087
2373,0.623033,0.616331,0.851305
2374,0.635907,0.626378,0.849002
2375,0.620128,0.576821,0.844020
2376,0.650990,0.608258,0.852265
2377,0.668400,0.595037,0.840175
2378,0.626855,0.606034,0.852641
2379,0.579627,0.545311,0.848060
2380,0.610377,0.613622,0.854768
2381,0.585364,0.599293,0.831971
2382,0.622779,0.584278,0.857693
2383,0.593622,0.597418,0.848001
2384,0.588738,0.643050,0.844659
2385,0.631747,0.561479,0.860410
2386,0.600028,0.623385,0.843674
2387,0.608830,0.611494,0.839512
2388,0.608830,0.603629,0.841791
2389,0.621637,0.599485,0.845072
2390,0.546033,0.613085,0.858438
2391,0.593607,0.598699,0.853982
2392,0.643921,0.589505,0.843608
2393,0.634968,0.605887,0.835252
2394,0.609959,0.588377,0.837705
2395,0.611905,0.614439,0.855045
2396,0.586310,0.580932,0.848270
2397,0.632833,0.570138,0.846821
2398,0.643570,0.566499,0.855718
2399,0.606736,0.583113,0.848601
2400,0.621115,0.623508,0.855325
2401,0.588520,0.628639,0.845549
2402,0.635031,0.570720,0.852049
2403,0.573543,0.638238,0.838977
2404,0.589280,0.605719,0.855595
2405,0.593307,0.622630,0.835004
2406,0.615938,0.564385,0.853241
2407,0.560037,0.631038,0.851090
2408,0.611963,0.613531,0.845913
2409,0.605658,0.618974,0.837519
2410,0.597076,0.572234,0.844326
2411,0.578833,0.591661,0.849342
2412,0.605762,0.579122,0.819672
2413,0.663616,0.587047,0.842990
2414,0.621675,0.590920,0.850365
2415,0.619416,0.558162,0.862055
2416,0.588453,0.648835,0.840059
2417,0.531451,0.600537,0.861611
2418,0.597632,0.593360,0.848009
2419,0.612412,0.609530,0.869309
2420,0.601906,0.587304,0.844829
2421,0.585991,0.586509,0.859971
2422,0.554752,0.574737,0.842256
2423,0.604783,0.571136,0.853108
2424,0.626000,0.577639,0.839646
2425,0.631325,0.575704,0.854969
2426,0.606627,0.578633,0.861580
2427,0.596520,0.569552,0.844564
2428,0.616809,0.559330,0.860590
2429,0.618051,0.588627,0.851512
2430,0.609187,0.605203,0.852129
2431,0.626095,0.611900,0.851111
2432,0.628938,0.612379,0.841334
2433,0.591454,0.590646,0.846340
2434,0.622590,0.602408,0.822235
2435,0.603431,0.615048,0.838767
2436,0.624724,0.582432,0.838573
2437,0.566609,0.635306,0.852893
2438,0.601355,0.594341,0.866288
2439,0.604267,0.610369,0.854568
2440,0.631092,0.663086,0.864496
2441,0.589920,0.614697,0.861262
2442,0.635277,0.629804,0.849477
2443,0.602311,0.565417,0.838920
2444,0.623487,0.598660,0.848126
2445,0.604065,0.561276,0.841216
2446,0.616477,0.586616,0.843219
2447,0.596494,0.594529,0.841141
2448,0.601578,0.616380,0.849395
2449,0.557647,0.587902,0.849983
2450,0.597885,0.528176,0.873206
2451,0.582258,0.618303,0.851333
2452,0.614458,0.610253,0.827888
2453,0.619802,0.596326,0.830224
2454,0.635838,0.538564,0.853841
2455,0.601959,0.555513,0.848222
2456,0.584029,0.572440,0.851164
2457,0.574414,0.644625,0.832807
2458,0.610082,0.606727,0.845988
2459,0.617951,0.611397,0.854899
2460,0.595135,0.581239,0.835769
2461,0.605535,0.585107,0.852924
2462,0.623062,0.579456,0.859760
2463,0.625794,0.593586,0.845063
2464,0.590609,0.596027,0.856657
2465,0.589724,0.576714,0.851580
2466,0.594072,0.550229,0.859868
2467,0.647958,0.607994,0.843850
2468,0.641936,0.612646,0.855874
2469,0.614809,0.601493,0.845296
2470,0.635734,0.580539,0.860542
2471,0.669134,0.593179,0.853158
2472,0.586079,0.576207,0.839580
2473,0.570074,0.570935,0.843386
2474,0.587144,0.663669,0.842486
2475,0.609796,0.567266,0.852737
2476,0.589676,0.577120,0.856137
2477,0.613558,0.617468,0.844484
2478,0.621929,0.601395,0.854819
2479,0.590990,0.598477,0.846083
2480,0.581569,0.581583,0.851335
2481,0.609519,0.599000,0.858106
2482,0.644696,0.583114,0.838868
2483,0.560558,0.596912,0.847642
2484,0.558894,0.577102,0.857907
2485,0.633394,0.617727,0.850236
2486,0.627007,0.587430,0.846544
2487,0.638793,0.587907,0.840434
2488,0.625739,0.626214,0.853054
2489,0.608516,0.585480,0.850594
2490,0.587584,0.578503,0.839792
2491,0.602429,0.591794,0.856499
2492,0.624635,0.624005,0.852440
2493,0.621305,0.607762,0.861814
2494,0.585364,0.582225,0.846121
2495,0.609653,0.582678,0.866752
2496,0.602569,0.600004,0.853473
2497,0.619518,0.618488,0.854178
2498,0.538450,0.568094,0.844144
2499,0.605551,0.574134,0.847968
2500,0.611660,0.582357,0.842339
2501,0.542349,0.603384,0.853806
2502,0.615084,0.636122,0.849547
2503,0.605385,0.597400,0.855432
2504,0.548551,0.606532,0.847727
2505,0.620516,0.578342,0.852036
2506,0.610528,0.599469,0.852597
2507,0.607437,0.617131,0.845433
2508,0.630069,0.613194,0.874165
2509,0.600628,0.583375,0.849585
2510,0.619516,0.559214,0.838758
2511,0.573906,0.578361,0.833713
2512,0.591281,0.589308,0.848287
2513,0.584955,0.595844,0.844744
2514,0.549353,0.606394,0.849613
2515,0.636288,0.610944,0.864152
2516,0.598883,0.595340,0.858532
2517,0.638486,0.578689,0.839157
2518,0.637670,0.642822,0.845885
2519,0.613167,0.601559,0.844575
2520,0.642774,0.605728,0.874012
2521,0.649071,0.600958,0.859858
2522,0.608526,0.639426,0.852508
2523,0.635157,0.596269,0.851747
2524,0.594030,0.565446,0.852760
2525,0.632539,0.606633,0.853541
2526,0.634897,0.581822,0.839755
2527,0.605659,0.604497,0.838603
2528,0.590385,0.576397,0.856408
2529,0.613613,0.561414,0.850543
2530,0.572223,0.607383,0.868442
2531,0.607087,0.614303,0.858345
2532,0.593766,0.605141,0.836696
2533,0.604992,0.603346,0.855792
2534,0.602481,0.606442,0.850579
2535,0.655486,0.614722,0.848575
2536,0.598625,0.580075,0.854774
2537,0.603058,0.579411,0.836419
2538,0.588124,0.607673,0.850397
2539,0.603475,0.601322,0.855733
2540,0.598945,0.602242,0.842468
2541,0.540019,0.604590,0.849855
2542,0.610423,0.589191,0.860892
2543,0.574298,0.568018,0.839942
2544,0.582288,0.615473,0.840776
2545,0.612222,0.569065,0.846778
2546,0.592418,0.564515,0.843872
2547,0.598318,0.610032,0.849950
2548,0.594886,0.617388,0.852004
2549,0.613314,0.578556,0.858149
2550,0.632906,0.611033,0.844036
2551,0.627982,0.605436,0.855881
2552,0.594011,0.610025,0.849097
2553,0.555381,0.534128,0.848730
2554,0.601265,0.607346,0.862728
2555,0.618007,0.610788,0.848740
2556,0.642443,0.597245,0.862330
2557,0.587476,0.622431,0.841667
2558,0.567412,0.607896,0.851255
2559,0.578086,0.608778,0.842160
2560,0.610202,0.611979,0.835496
2561,0.604431,0.598953,0.849306
2562,0.582577,0.604229,0.842197
2563,0.623081,0.582756,0.859503
2564,0.599184,0.616107,0.845064
2565,0.587067,0.536372,0.846582
2566,0.573754,0.568991,0.858328
2567,0.611849,0.602955,0.838718
2568,0.614884,0.618059,0.858991
2569,0.618129,0.616204,0.849537
2570,0.623439,0.556588,0.829983
2571,0.640338,0.598901,0.848231
2572,0.620675,0.576409,0.864127
2573,0.617635,0.579744,0.833553
2574,0.646404,0.574694,0.841641
2575,0.599335,0.629705,0.841936
2576,0.643572,0.583055,0.862697
2577,0.579320,0.605103,0.842863
2578,0.653513,0.563208,0.856739
2579,0.588631,0.554182,0.847672
2580,0.604452,0.636263,0.851693
2581,0.600383,0.599141,0.846394
2582,0.592821,0.608685,0.840482
2583,0.606140,0.554923,0.852500
2584,0.588366,0.595382,0.854343
2585,0.591246,0.604259,0.847215
2586,0.634939,0.604394,0.838794
2587,0.576271,0.572695,0.847098
2588,0.599810,0.574100,0.845731
2589,0.605608,0.565970,0.837672
2590,0.593482,0.582639,0.852817
2591,0.592759,0.638414,0.824969
2592,0.601777,0.585625,0.840339
2593,0.600460,0.638317,0.850045
2594,0.679509,0.616516,0.862331
2595,0.656975,0.583946,0.851268
2596,0.577996,0.596300,0.827296
2597,0.621709,0.595868,0.862452
2598,0.623981,0.599999,0.852753
2599,0.625569,0.587676,0.866121
2600,0.596526,0.634227,0.848160
2601,0.590981,0.589435,0.849943
2602,0.621669,0.635940,0.845728
2603,0.640889,0.589784,0.859503
2604,0.593645,0.611985,0.846222
2605,0.643869,0.573069,0.849158
2606,0.637507,0.626077,0.857621
2607,0.607545,0.618286,0.842627
2608,0.591379,0.616781,0.842646
2609,0.620145,0.646408,0.844125
2610,0.639636,0.609928,0.858909
2611,0.608655,0.585079,0.851774
2612,0.592784,0.579446,0.850139
2613,0.568313,0.631282,0.852386
2614,0.621473,0.622729,0.836881
2615,0.639193,0.580700,0.859932
2616,0.581867,0.595647,0.850726
2617,0.597510,0.614104,0.835761
2618,0.629800,0.560354,0.843633
2619,0.606718,0.632192,0.849205
2620,0.593965,0.560912,0.844839
2621,0.627357,0.599828,0.857705
2622,0.656289,0.593791,0.836393
2623,0.547630,0.593312,0.852266
2624,0.629041,0.654119,0.860510
2625,0.638202,0.607401,0.850207
2626,0.591375,0.566527,0.850859
2627,0.575606,0.568173,0.854103
2628,0.597199,0.593084,0.859362
2629,0.614105,0.608587,0.846308
2630,0.565868,0.580148,0.852815
2631,0.601549,0.596964,0.850517
2632,0.620446,0.548194,0.855749
2633,0.613403,0.565870,0.825861
2634,0.583206,0.632209,0.844660
2635,0.617119,0.577313,0.862344
2636,0.633286,0.597890,0.858157
2637,0.624091,0.586949,0.854518
2638,0.604348,0.589481,0.837254
2639,0.607443,0.586098,0.835215
2640,0.612752,0.576695,0.863032
2641,0.643411,0.603847,0.862068
2642,0.601534,0.615247,0.846529
2643,0.606708,0.586268,0.839108
2644,0.638187,0.601956,0.863306
2645,0.595743,0.604592,0.843956
2646,0.580898,0.584804,0.853407
2647,0.574123,0.604892,0.842218
2648,0.620275,0.616834,0.853280
2649,0.583402,0.601176,0.854101
2650,0.660314,0.599813,0.861583
2651,0.623607,0.581311,0.856843
2652,0.609057,0.608566,0.864003
2653,0.626868,0.604518,0.846238
2654,0.612583,0.628068,0.855578
2655,0.605036,0.616586,0.844868
2656,0.624663,0.592979,0.845122
2657,0.602477,0.597343,0.857425
2658,0.645883,0.594762,0.847482
2659,0.616524,0.580065,0.852855
2660,0.604237,0.562369,0.859450
2661,0.610673,0.588700,0.860190
2662,0.616109,0.614015,0.848892
2663,0.602939,0.546387,0.837618
2664,0.572925,0.589869,0.861909
2665,0.598561,0.594436,0.855800
2666,0.598788,0.635007,0.850430
2667,0.638728,0.562263,0.845169
2668,0.588524,0.630255,0.835159
2669,0.582896,0.597803,0.844983
2670,0.603826,0.631704,0.842926
2671,0.589231,0.628643,0.843371
2672,0.664267,0.612938,0.868993
2673,0.607577,0.605312,0.847122
2674,0.585848,0.575646,0.851884
2675,0.643504,0.604571,0.842373
2676,0.611867,0.605336,0.856247
2677,0.610584,0.582554,0.861289
2678,0.645378,0.584205,0.852258
2679,0.567237,0.591707,0.855382
2680,0.627379,0.641282,0.834638
2681,0.640114,0.592814,0.844794
2682,0.637800,0.571027,0.844104
2683,0.570721,0.569463,0.868145
2684,0.581450,0.614869,0.856086
2685,0.620147,0.581548,0.858298
2686,0.610945,0.635885,0.860738
2687,0.614659,0.542264,0.839354
2688,0.583925,0.560859,0.858856
2689,0.590310,0.585267,0.855240
2690,0.595561,0.567298,0.848053
2691,0.603376,0.602303,0.864959
2692,0.637005,0.608202,0.844896
2693,0.593394,0.542339,0.844933
2694,0.619061,0.630389,0.853529
2695,0.634771,0.594547,0.845961
2696,0.610958,0.604130,0.841631
2697,0.620029,0.623179,0.853903
2698,0.645893,0.630238,0.855962
2699,0.625476,0.588391,0.841777
2700,0.637207,0.570856,0.843798
2701,0.598459,0.596430,0.832908
2702,0.580073,0.603429,0.864102
2703,0.639797,0.604412,0.852026
2704,0.632353,0.577921,0.837212
2705,0.630320,0.588058,0.849837
2706,0.644521,0.564115,0.855323
2707,0.644593,0.597564,0.859084
2708,0.570358,0.562069,0.871370
2709,0.589045,0.601255,0.860445
2710,0.625622,0.604628,0.851591
2711,0.611836,0.621621,0.852410
2712,0.698744,0.561876,0.839386
2713,0.624715,0.579967,0.849112
2714,0.634918,0.577145,0.842922
2715,0.580230,0.600485,0.852450
2716,0.620919,0.601868,0.852549
2717,0.628236,0.622154,0.857054
2718,0.578066,0.618694,0.856708
2719,0.626257,0.610585,0.862335
2720,0.543974,0.610926,0.836968
2721,0.567892,0.610259,0.847240
2722,0.642845,0.609215,0.842545
2723,0.571876,0.583139,0.848131
2724,0.602205,0.568115,0.847729
2725,0.611024,0.603520,0.857715
2726,0.622058,0.587774,0.849955
2727,0.608992,0.623398,0.855129
2728,0.632513,0.622130,0.834946
2729,0.615928,0.583217,0.858954
2730,0.605169,0.618585,0.853701
2731,0.644197,0.583061,0.853857
2732,0.588536,0.623889,0.858128
2733,0.608675,0.640909,0.845695
2734,0.623625,0.553880,0.850355
2735,0.607993,0.588491,0.842606
2736,0.580648,0.621999,0.851896
2737,0.600322,0.557585,0.847521
2738,0.630129,0.601282,0.850510
2739,0.592502,0.623579,0.844375
2740,0.602194,0.550647,0.858256
2741,0.640604,0.595730,0.860680
2742,0.628752,0.597940,0.854012
2743,0.609859,0.597203,0.838511
2744,0.574099,0.525925,0.845705
2745,0.555709,0.571554,0.831638
2746,0.654069,0.583515,0.874118
2747,0.640559,0.590063,0.836111
2748,0.580569,0.586719,0.828257
2749,0.604308,0.544388,0.833166
2750,0.638292,0.608721,0.848717
2751,0.644443,0.587301,0.865064
2752,0.620202,0.590690,0.840541
2753,0.604115,0.570546,0.852411
2754,0.623356,0.584240,0.844718
2755,0.614302,0.572089,0.836937
2756,0.599994,0.598286,0.851045
2757,0.617851,0.618239,0.855016
2758,0.573002,0.553314,0.854175
2759,0.648211,0.608216,0.852232
2760,0.621755,0.555041,0.850244
2761,0.571814,0.569734,0.843473
2762,0.634751,0.599520,0.839100
2763,0.609301,0.555256,0.848026
2764,0.583875,0.590337,0.845082
2765,0.608274,0.596942,0.865987
2766,0.632392,0.588960,0.860339
2767,0.618500,0.611895,0.852590
2768,0.576839,0.573813,0.857831
2769,0.608911,0.603971,0.849334
2770,0.601062,0.618823,0.850605
2771,0.592506,0.630881,0.847456
2772,0.570453,0.607487,0.871379
2773,0.632176,0.570230,0.854758
2774,0.574058,0.603577,0.850059
2775,0.594573,0.629397,0.839896
2776,0.580259,0.582853,0.839554
2777,0.593670,0.573991,0.843241
2778,0.634774,0.594571,0.842669
2779,0.600870,0.621137,0.854954
2780,0.594832,0.637757,0.831778
2781,0.571201,0.632816,0.858844
2782,0.618807,0.659390,0.845540
2783,0.580005,0.583726,0.848905
2784,0.585846,0.590136,0.845886
2785,0.597537,0.624547,0.852251
2786,0.616293,0.602096,0.856073
2787,0.616394,0.586239,0.862706
2788,0.629454,0.592601,0.864812
2789,0.601280,0.592354,0.866477
2790,0.620424,0.625278,0.838290
2791,0.616417,0.581328,0.850788
2792,0.638346,0.640940,0.852229
2793,0.592443,0.607119,0.845242
2794,0.618061,0.586659,0.863496
2795,0.642705,0.598624,0.843765
2796,0.649559,0.566085,0.851043
2797,0.632101,0.581823,0.848432
2798,0.607376,0.587787,0.860331
2799,0.612750,0.566680,0.852740
2800,0.594170,0.590609,0.853415
2801,0.612101,0.617684,0.857787
2802,0.614752,0.582233,0.841576
2803,0.589940,0.568054,0.834414
2804,0.636263,0.556748,0.849421
2805,0.649205,0.602845,0.846885
2806,0.572110,0.624951,0.848409
2807,0.622720,0.605408,0.842367
2808,0.596872,0.582725,0.845046
2809,0.642248,0.616255,0.864720
2810,0.610519,0.565215,0.840560
2811,0.620911,0.593484,0.850478
2812,0.593730,0.625930,0.858349
2813,0.544509,0.609022,0.856094
2814,0.618781,0.577168,0.861196
2815,0.631347,0.627842,0.836523
2816,0.634145,0.576563,0.850544
2817,0.515385,0.570096,0.847237
2818,0.623208,0.600880,0.862773
2819,0.616076,0.562950,0.842261
2820,0.588360,0.604423,0.861810
2821,0.557971,0.618818,0.848764
2822,0.615174,0.590610,0.841510
2823,0.588399,0.576952,0.848151
2824,0.635884,0.619880,0.845493
2825,0.615914,0.585875,0.846290
2826,0.627657,0.597672,0.854916
2827,0.567766,0.594312,0.842599
2828,0.626242,0.564325,0.857919
2829,0.613791,0.596017,0.845520
2830,0.609087,0.586407,0.865092
2831,0.601033,0.590958,0.849547
2832,0.615025,0.564733,0.849545
2833,0.594464,0.545591,0.842464
2834,0.625631,0.611076,0.860198
2835,0.638795,0.575414,0.847741
2836,0.616014,0.560539,0.850818
2837,0.597685,0.589488,0.846698
2838,0.644591,0.616943,0.833982
2839,0.570824,0.555825,0.857066
2840,0.609280,0.586815,0.859898
2841,0.599959,0.611486,0.840961
2842,0.621341,0.586291,0.857815
2843,0.604665,0.589718,0.850512
2844,0.624993,0.594032,0.839108
2845,0.576453,0.601365,0.857523
2846,0.574176,0.559116,0.849600
2847,0.637514,0.616171,0.845599
2848,0.632600,0.595966,0.854199
2849,0.619115,0.593375,0.852801
2850,0.561285,0.579454,0.853430
2851,0.621012,0.622144,0.854045
2852,0.576541,0.606925,0.861560
2853,0.639873,0.606873,0.852057
2854,0.610408,0.615458,0.855400
2855,0.608552,0.624032,0.859579
2856,0.594472,0.612371,0.862980
2857,0.656960,0.604861,0.837960
2858,0.623226,0.594405,0.841591
2859,0.614535,0.594921,0.851593
2860,0.557915,0.599350,0.860526
2861,0.618446,0.593488,0.840497
2862,0.638212,0.622015,0.851105
2863,0.622491,0.600922,0.857721
2864,0.637698,0.593284,0.849173
2865,0.572324,0.576883,0.840827
2866,0.595779,0.600568,0.837579
2867,0.641615,0.584490,0.862560
2868,0.627656,0.569396,0.858373
2869,0.598734,0.648751,0.849185
2870,0.569140,0.605702,0.844602
2871,0.613240,0.642327,0.852030
2872,0.623487,0.591664,0.842220
2873,0.615641,0.589220,0.848053
2874,0.601299,0.572287,0.843971
2875,0.582122,0.571011,0.839754
2876,0.623999,0.577836,0.854077
2877,0.598638,0.597156,0.857588
2878,0.537571,0.630310,0.861889
2879,0.624119,0.555750,0.832575
2880,0.621212,0.599509,0.840271
2881,0.591264,0.632349,0.843267
2882,0.615287,0.599767,0.836651
2883,0.582344,0.592406,0.838823
2884,0.611381,0.575354,0.841700
2885,0.631195,0.627640,0.845848
2886,0.586194,0.620057,0.845764
2887,0.612648,0.592936,0.843308
2888,0.624639,0.579556,0.847410
2889,0.561978,0.588814,0.855852
2890,0.585606,0.605795,0.836641
2891,0.612929,0.610865,0.845078
2892,0.582547,0.580628,0.838406
2893,0.583427,0.587917,0.825774
2894,0.603880,0.604459,0.844387
2895,0.664379,0.623557,0.859779
2896,0.603037,0.649433,0.833463
2897,0.630758,0.604595,0.849364
2898,0.629039,0.580613,0.841465
2899,0.578276,0.572366,0.850949
2900,0.580280,0.610982,0.862924
2901,0.581901,0.600640,0.860264
2902,0.569529,0.597538,0.864932
2903,0.614223,0.576552,0.847649
2904,0.619621,0.577198,0.857086
2905,0.668131,0.589028,0.852056
2906,0.583172,0.606871,0.830218
2907,0.577506,0.609174,0.838139
2908,0.593324,0.545804,0.847718
2909,0.631240,0.574756,0.858515
2910,0.612153,0.590245,0.847012
2911,0.627068,0.631582,0.850214
2912,0.588471,0.572544,0.851223
2913,0.614029,0.616072,0.859873
2914,0.613288,0.549750,0.857708
2915,0.572596,0.594784,0.847735
2916,0.567838,0.585159,0.859344
2917,0.593453,0.602741,0.847623
2918,0.569298,0.602310,0.843740
2919,0.620728,0.590831,0.850072
2920,0.627740,0.608260,0.839456
2921,0.602506,0.602205,0.856320
2922,0.651294,0.594519,0.867744
2923,0.666697,0.571128,0.850124
2924,0.585818,0.613896,0.848881
2925,0.589350,0.588839,0.841475
2926,0.573154,0.580665,0.840894
2927,0.618923,0.623420,0.844668
2928,0.603471,0.592709,0.858963
2929,0.592010,0.564933,0.863108
2930,0.613701,0.585658,0.852834
2931,0.590823,0.568338,0.859441
2932,0.586070,0.554795,0.858701
2933,0.543624,0.582591,0.857207
2934,0.656635,0.548049,0.864880
2935,0.649220,0.563232,0.849392
2936,0.616782,0.589433,0.862985
2937,0.576179,0.577438,0.850097
2938,0.549294,0.543456,0.843930
2939,0.615029,0.581709,0.847977
2940,0.647273,0.588219,0.846745
2941,0.627046,0.592790,0.837282
2942,0.551878,0.608430,0.857270
2943,0.579237,0.591973,0.846044
2944,0.596433,0.626977,0.841217
2945,0.610164,0.568706,0.862802
2946,0.597503,0.602079,0.852314
2947,0.619782,0.570121,0.848851
2948,0.593470,0.610529,0.857435
2949,0.585554,0.567122,0.847557
2950,0.628335,0.571653,0.844654
2951,0.603960,0.567365,0.847526
2952,0.603120,0.602152,0.842694
2953,0.632269,0.617485,0.850310
2954,0.632615,0.592084,0.852049
2955,0.634594,0.586648,0.855875
2956,0.607220,0.605805,0.840594
2957,0.647670,0.576788,0.845142
2958,0.608194,0.614464,0.852551
2959,0.602853,0.601599,0.859733
2960,0.617277,0.596430,0.842111
2961,0.602159,0.551963,0.853775
2962,0.625750,0.592873,0.844159
2963,0.588197,0.607668,0.853598
2964,0.628223,0.593027,0.837777
2965,0.608900,0.558964,0.837598
2966,0.633452,0.619966,0.859978
2967,0.648650,0.598837,0.860976
2968,0.558564,0.615585,0.858692
2969,0.583638,0.555364,0.851582
2970,0.633946,0.621909,0.858131
2971,0.589890,0.610070,0.849599
2972,0.642739,0.620034,0.836854
2973,0.608698,0.584214,0.855310
2974,0.563687,0.606916,0.844248
2975,0.623620,0.606663,0.840852
2976,0.578131,0.577551,0.851777
2977,0.599872,0.567524,0.850766
2978,0.593219,0.607416,0.851970
2979,0.621498,0.623243,0.857312
2980,0.604635,0.615308,0.851492
2981,0.643737,0.578578,0.847301
2982,0.606756,0.605740,0.832302
2983,0.578175,0.606940,0.849869
2984,0.617367,0.577398,0.852140
2985,0.608524,0.595883,0.858839
2986,0.592088,0.556819,0.847422
2987,0.638812,0.564348,0.841674
2988,0.568638,0.590186,0.854588
2989,0.582861,0.595981,0.846861
2990,0.628109,0.590046,0.848184
2991,0.613696,0.566561,0.836202
2992,0.547659,0.603553,0.855337
2993,0.637947,0.579848,0.851817
2994,0.573124,0.596113,0.856212
2995,0.582243,0.595526,0.854947
2996,0.587157,0.591231,0.854725
2997,0.529512,0.600037,0.848608
2998,0.608432,0.610178,0.855716
2999,0.580892,0.608226,0.858821
3000,0.626546,0.578053,0.844895
3001,0.665340,0.598515,0.853790
3002,0.616299,0.553144,0.858439
3003,0.595046,0.628324,0.844803
3004,0.599840,0.602760,0.839575
3005,0.584540,0.585602,0.857634
3006,0.557940,0.575490,0.846523
3007,0.597485,0.561216,0.851723
3008,0.574330,0.580248,0.861481
3009,0.638369,0.580416,0.849130
3010,0.610290,0.609246,0.866429
3011,0.571268,0.573784,0.837114
3012,0.625849,0.602314,0.853548
3013,0.625303,0.600106,0.839135
3014,0.587018,0.630244,0.839015
3015,0.640802,0.584691,0.862143
3016,0.606208,0.570248,0.843533
3017,0.581907,0.603173,0.846916
3018,0.638232,0.591493,0.832381
3019,0.613295,0.599158,0.844121
3020,0.614713,0.591512,0.846546
3021,0.621142,0.611035,0.852234
3022,0.589473,0.591795,0.842950
3023,0.565376,0.604221,0.846606
3024,0.603681,0.591660,0.854529
3025,0.594384,0.591458,0.868009
3026,0.611758,0.600717,0.852842
3027,0.626326,0.612429,0.850433
3028,0.603051,0.600955,0.829563
3029,0.628486,0.594148,0.844052
3030,0.639226,0.556547,0.855737
3031,0.568319,0.582847,0.845335
3032,0.607398,0.605517,0.845882
3033,0.590822,0.575572,0.854407
3034,0.632846,0.628433,0.843337
3035,0.606748,0.567420,0.857746
3036,0.628928,0.598333,0.843793
3037,0.563584,0.603281,0.843438
3038,0.618783,0.625722,0.852466
3039,0.598434,0.577471,0.857143
3040,0.598386,0.588405,0.844415
3041,0.607461,0.593819,0.848634
3042,0.618357,0.549401,0.844302
3043,0.642817,0.558350,0.854503
3044,0.607056,0.603598,0.858984
3045,0.610038,0.609692,0.844006
3046,0.649495,0.591208,0.853774
3047,0.605473,0.609628,0.841928
3048,0.582074,0.545026,0.851966
3049,0.601206,0.585977,0.831238
3050,0.597666,0.616081,0.848545
3051,0.634159,0.560633,0.867068
3052,0.556309,0.629972,0.857964
3053,0.611656,0.602278,0.852032
3054,0.617197,0.582081,0.844690
3055,0.629061,0.604073,0.855364
3056,0.532833,0.585016,0.848949
3057,0.570883,0.573069,0.846074
3058,0.555947,0.641104,0.853739
3059,0.590457,0.580247,0.845394
3060,0.613874,0.591753,0.829967
3061,0.606367,0.572524,0.860438
3062,0.654733,0.585634,0.853385
3063,0.577034,0.565943,0.854211
3064,0.629981,0.593731,0.856670
3065,0.630257,0.572038,0.863264
3066,0.608005,0.577621,0.854805
3067,0.621561,0.594314,0.848251
3068,0.573071,0.585868,0.856830
3069,0.644532,0.647031,0.856484
3070,0.579092,0.586977,0.863190
3071,0.583032,0.635769,0.852470
3072,0.600302,0.596185,0.837376
3073,0.578092,0.574465,0.841706
3074,0.626621,0.598093,0.856113
3075,0.657429,0.632597,0.844013
3076,0.614605,0.603162,0.849762
3077,0.644811,0.578066,0.853264
3078,0.619474,0.616115,0.859127
3079,0.617610,0.649932,0.856607
3080,0.591318,0.582845,0.854375
3081,0.604309,0.608003,0.837932
3082,0.601869,0.556111,0.846328
3083,0.637994,0.593480,0.838757
3084,0.595145,0.575740,0.840992
3085,0.615948,0.611920,0.854669
3086,0.610138,0.595284,0.856585
3087,0.544474,0.586023,0.853470
3088,0.600199,0.562552,0.855869
3089,0.577552,0.594455,0.858174
3090,0.629917,0.562813,0.853761
3091,0.586804,0.581267,0.828486
3092,0.605993,0.606796,0.837531
3093,0.572826,0.569764,0.844533
3094,0.632675,0.612487,0.857781
3095,0.606740,0.579521,0.832934
3096,0.610433,0.587055,0.851442
3097,0.650882,0.616625,0.844894
3098,0.591742,0.618630,0.838234
3099,0.581698,0.620789,0.857125
3100,0.589092,0.592277,0.853270
3101,0.633443,0.558624,0.850186
3102,0.572858,0.610736,0.847741
3103,0.604698,0.608497,0.847459
3104,0.618104,0.559805,0.851504
3105,0.606902,0.573184,0.858604
3106,0.642726,0.612889,0.839058
3107,0.609435,0.587868,0.854807
3108,0.548627,0.581368,0.846853
3109,0.614781,0.599005,0.859194
3110,0.589206,0.585987,0.858972
3111,0.584220,0.597673,0.851766
3112,0.636255,0.597899,0.844765
3113,0.611155,0.576093,0.849095
3114,0.588042,0.576537,0.867611
3115,0.639442,0.583016,0.847713
3116,0.547613,0.541087,0.858040
3117,0.593070,0.625595,0.844492
3118,0.629953,0.586570,0.845201
3119,0.638553,0.541848,0.851190
3120,0.665159,0.589366,0.847014
3121,0.612460,0.588795,0.861203
3122,0.621404,0.600675,0.837690
3123,0.623574,0.574594,0.842081
3124,0.600237,0.605822,0.853639
3125,0.650612,0.596435,0.852404
3126,0.652549,0.569569,0.835568
3127,0.593710,0.583550,0.843379
3128,0.686874,0.644831,0.854687
3129,0.611133,0.614839,0.850077
3130,0.625665,0.557913,0.849719
3131,0.612358,0.566978,0.850589
3132,0.604172,0.597480,0.845354
3133,0.583163,0.614187,0.852862
3134,0.611327,0.628037,0.853684
3135,0.617976,0.596047,0.853229
3136,0.632793,0.583783,0.846662
3137,0.621309,0.602336,0.847039
3138,0.576233,0.590965,0.855063
3139,0.630669,0.587058,0.859845
3140,0.588673,0.574176,0.854860
3141,0.638087,0.588732,0.848136
3142,0.644228,0.599183,0.848133
3143,0.566360,0.581293,0.859808
3144,0.602544,0.605945,0.837004
3145,0.603595,0.631706,0.853043
3146,0.597382,0.579220,0.853806
3147,0.632894,0.606988,0.842982
3148,0.596739,0.582981,0.859063
3149,0.563419,0.600748,0.860661
3150,0.619899,0.587522,0.839389
3151,0.577979,0.636718,0.862129
3152,0.589937,0.584459,0.854554
3153,0.591612,0.563092,0.853353
3154,0.594556,0.567598,0.858769
3155,0.639830,0.547721,0.843208
3156,0.665320,0.595368,0.844117
3157,0.584306,0.568426,0.854931
3158,0.621761,0.600828,0.846034
3159,0.628469,0.580995,0.845337
3160,0.595717,0.574130,0.854534
3161,0.607168,0.600829,0.843475
3162,0.616537,0.561763,0.861066
3163,0.551354,0.601176,0.839207
3164,0.603615,0.589064,0.850693
3165,0.609569,0.608348,0.854709
3166,0.584940,0.610289,0.854083
3167,0.582656,0.566506,0.851354
3168,0.637446,0.577243,0.849572
3169,0.591068,0.595483,0.852812
3170,0.577120,0.602097,0.846933
3171,0.622923,0.596445,0.855211
3172,0.632225,0.608384,0.843105
3173,0.613198,0.625057,0.851941
3174,0.630195,0.635034,0.842788
3175,0.566541,0.589515,0.864177
3176,0.609190,0.586125,0.850022
3177,0.619398,0.597828,0.845896
3178,0.550236,0.587222,0.865821
3179,0.637888,0.568200,0.849049
3180,0.628004,0.619492,0.854597
3181,0.618152,0.605657,0.859296
3182,0.615645,0.580547,0.857687
3183,0.567806,0.630772,0.835683
3184,0.593194,0.587419,0.845892
3185,0.640130,0.573599,0.838838
3186,0.618385,0.591597,0.854299
3187,0.602579,0.587683,0.863878
3188,0.546780,0.599513,0.844317
3189,0.589018,0.570576,0.848475
3190,0.628404,0.648924,0.839785
3191,0.578007,0.572126,0.833816
3192,0.608756,0.562667,0.865358
3193,0.625732,0.628061,0.843940
3194,0.549135,0.590600,0.868403
3195,0.583530,0.576408,0.854766
3196,0.609388,0.584215,0.856428
3197,0.618647,0.569740,0.847732
3198,0.615086,0.592885,0.873021
3199,0.606424,0.622766,0.839713
3200,0.663560,0.628928,0.867084
3201,0.590462,0.643241,0.845982
3202,0.606724,0.587713,0.844880
3203,0.644694,0.606164,0.853458
3204,0.587672,0.573384,0.846875
3205,0.636526,0.584312,0.842677
3206,0.592465,0.543991,0.847133
3207,0.637744,0.615265,0.856018
3208,0.608606,0.604370,0.841300
3209,0.632142,0.624209,0.839937
3210,0.627037,0.583937,0.844207
3211,0.581636,0.600753,0.849374
3212,0.600741,0.590128,0.823064
3213,0.602939,0.622102,0.848077
3214,0.613105,0.594292,0.851102
3215,0.645610,0.603965,0.853978
3216,0.579974,0.590306,0.836493
3217,0.603728,0.599986,0.863359
3218,0.611146,0.602647,0.868446
3219,0.579640,0.621220,0.849534
3220,0.595772,0.542885,0.863429
3221,0.589996,0.615144,0.826068
3222,0.665220,0.620231,0.845377
3223,0.595167,0.627930,0.850979
3224,0.611730,0.582827,0.850081
3225,0.605956,0.558031,0.845681
3226,0.639364,0.596358,0.845895
3227,0.610502,0.557562,0.854410
3228,0.613970,0.616282,0.837377
3229,0.616602,0.548157,0.863942
3230,0.602068,0.627307,0.857478
3231,0.595278,0.631949,0.844900
3232,0.623476,0.566319,0.820481
3233,0.644839,0.590683,0.855626
3234,0.638227,0.593621,0.858385
3235,0.612495,0.619421,0.841560
3236,0.637240,0.578919,0.841515
3237,0.566775,0.605674,0.845949
3238,0.614096,0.615345,0.854494
3239,0.630445,0.617030,0.855922
3240,0.608599,0.586638,0.850644
3241,0.597283,0.602983,0.841127
3242,0.584967,0.620907,0.848417
3243,0.624557,0.527661,0.864103
3244,0.585743,0.563091,0.836427
3245,0.615490,0.584477,0.850545
3246,0.638984,0.581912,0.848827
3247,0.594008,0.597858,0.857679
3248,0.636202,0.562196,0.853302
3249,0.593717,0.627325,0.850813
3250,0.646458,0.589319,0.865255
3251,0.626710,0.628414,0.851843
3252,0.640921,0.589792,0.836301
3253,0.563274,0.575907,0.838672
3254,0.649064,0.592588,0.842578
3255,0.605801,0.601886,0.844515
3256,0.620941,0.579783,0.845204
3257,0.614006,0.612886,0.862017
3258,0.606556,0.560566,0.841294
3259,0.613726,0.623502,0.866627
3260,0.604530,0.601219,0.851892
3261,0.580114,0.573254,0.852855
3262,0.608724,0.633199,0.839361
3263,0.611283,0.607088,0.845364
3264,0.637398,0.590308,0.872103
3265,0.544061,0.612557,0.849682
3266,0.602682,0.604609,0.853494
3267,0.547506,0.659627,0.843865
3268,0.607269,0.641758,0.845793
3269,0.637118,0.625756,0.838280
3270,0.616168,0.553110,0.842596
3271,0.673077,0.604008,0.847545
3272,0.626779,0.578403,0.850672
3273,0.591826,0.615141,0.851191
3274,0.597390,0.598433,0.858910
3275,0.583295,0.609028,0.848508
3276,0.605165,0.603901,0.858607
3277,0.634091,0.608415,0.856094
3278,0.611549,0.575363,0.836318
3279,0.623605,0.620483,0.845755
3280,0.616284,0.572177,0.843546
3281,0.650565,0.595537,0.859215
3282,0.607734,0.596219,0.844835
3283,0.671846,0.611774,0.840092
3284,0.579485,0.585340,0.847560
3285,0.620546,0.599797,0.856631
3286,0.604859,0.568272,0.840103
3287,0.621194,0.618186,0.855959
3288,0.598570,0.597273,0.860963
3289,0.646012,0.548858,0.862036
3290,0.622050,0.602748,0.849840
3291,0.582275,0.591057,0.847735
3292,0.582306,0.577776,0.858540
3293,0.573081,0.593369,0.839454
3294,0.588306,0.595339,0.860810
3295,0.596874,0.595797,0.860534
3296,0.586292,0.591932,0.847392
3297,0.585424,0.587015,0.865808
3298,0.610574,0.588293,0.848359
3299,0.610288,0.577249,0.854797
3300,0.586155,0.638665,0.849089
3301,0.635391,0.569657,0.849751
3302,0.572654,0.610815,0.852763
3303,0.602896,0.602390,0.848556
3304,0.601923,0.592714,0.838055
3305,0.610190,0.557968,0.850520
3306,0.611432,0.595925,0.844529
3307,0.586914,0.634166,0.838596
3308,0.607522,0.554849,0.846722
3309,0.618476,0.581891,0.842508
3310,0.580582,0.607855,0.848291
3311,0.613195,0.610752,0.837842
3312,0.560922,0.577961,0.847317
3313,0.588810,0.605420,0.860445
3314,0.589805,0.582847,0.834948
3315,0.591247,0.628498,0.843997
3316,0.574731,0.619184,0.863220
3317,0.587323,0.568820,0.854206
3318,0.647482,0.597336,0.847448
3319,0.631382,0.565590,0.844068
3320,0.635005,0.599267,0.842799
3321,0.608904,0.572407,0.859719
3322,0.581836,0.565961,0.855244
3323,0.623921,0.616720,0.858833
3324,0.638888,0.630493,0.856798
3325,0.588009,0.588282,0.853357
3326,0.595390,0.584387,0.855136
3327,0.640302,0.604722,0.864804
3328,0.601691,0.614785,0.830774
3329,0.614115,0.618806,0.846114
3330,0.659081,0.605902,0.846605
3331,0.646952,0.620889,0.841811
3332,0.602958,0.641353,0.854108
3333,0.620811,0.625267,0.848115
3334,0.616533,0.570289,0.844163
3335,0.653544,0.601990,0.846566
3336,0.630758,0.581242,0.847308
3337,0.615086,0.607266,0.852820
3338,0.565171,0.601751,0.842797
3339,0.600549,0.603717,0.864517
3340,0.614171,0.614989,0.851794
3341,0.565118,0.567339,0.823030
3342,0.590239,0.584477,0.852127
3343,0.620170,0.628388,0.865888
3344,0.607677,0.590321,0.846670
3345,0.564073,0.603007,0.843000
3346,0.599511,0.594910,0.841700
3347,0.614185,0.578364,0.853779
3348,0.632291,0.616278,0.861018
3349,0.591152,0.603546,0.854053
3350,0.583407,0.625419,0.838489
3351,0.582003,0.597253,0.851800
3352,0.635037,0.598087,0.853507
3353,0.627998,0.578258,0.837256
3354,0.605305,0.609036,0.856667
3355,0.611916,0.641207,0.840648
3356,0.596948,0.634262,0.858089
3357,0.610883,0.596166,0.859081
3358,0.639205,0.560143,0.852387
3359,0.613864,0.568005,0.847220
3360,0.622756,0.596822,0.853208
3361,0.561673,0.565478,0.853513
3362,0.603915,0.617878,0.850383
3363,0.561425,0.610060,0.843034
3364,0.601729,0.550830,0.853918
3365,0.623822,0.613923,0.868945
3366,0.563798,0.566544,0.848225
3367,0.605826,0.603962,0.855407
3368,0.603226,0.626053,0.860178
3369,0.573991,0.639245,0.858100
3370,0.618049,0.643802,0.842274
3371,0.579250,0.611474,0.849604
3372,0.628913,0.591854,0.854604
3373,0.632364,0.600960,0.839061
3374,0.618491,0.581308,0.844316
3375,0.587556,0.589779,0.843687
3376,0.558422,0.590481,0.852019
3377,0.583444,0.561245,0.849314
3378,0.596276,0.584807,0.844198
3379,0.639142,0.569926,0.853214
3380,0.641940,0.567191,0.849389
3381,0.651069,0.602643,0.854252
3382,0.601460,0.645314,0.836275
3383,0.609273,0.597453,0.863360
3384,0.606580,0.558060,0.852888
3385,0.595880,0.631500,0.843519
3386,0.634531,0.549532,0.861267
3387,0.547665,0.610874,0.839606
3388,0.595534,0.660257,0.845706
3389,0.624661,0.607677,0.858880
3390,0.687406,0.579087,0.836228
3391,0.555113,0.597405,0.850732
3392,0.575619,0.629966,0.837289
3393,0.639673,0.599627,0.856877
3394,0.659830,0.589396,0.855730
3395,0.630114,0.610955,0.849436
3396,0.587513,0.595542,0.838378
3397,0.613722,0.579750,0.835602
3398,0.566440,0.608144,0.858757
3399,0.624296,0.568359,0.848387
3400,0.644888,0.603752,0.845580
3401,0.554700,0.538700,0.858869
3402,0.610333,0.606782,0.830098
3403,0.592912,0.590334,0.845220
3404,0.586790,0.588266,0.854519
3405,0.568892,0.607508,0.854211
3406,0.617859,0.630697,0.853401
3407,0.575837,0.577874,0.835881
3408,0.582559,0.567049,0.839651
3409,0.602215,0.562438,0.847513
3410,0.610540,0.578792,0.855399
3411,0.606553,0.615297,0.845329
3412,0.599737,0.607194,0.826827
3413,0.585871,0.577796,0.849723
3414,0.615829,0.564403,0.852748
3415,0.632078,0.591296,0.865078
3416,0.627913,0.594984,0.854595
3417,0.656841,0.608385,0.859589
3418,0.615801,0.576196,0.853413
3419,0.579332,0.564620,0.841686
3420,0.612836,0.607608,0.845058
3421,0.614751,0.595628,0.843338
3422,0.572424,0.632864,0.835608
3423,0.626784,0.618818,0.850574
3424,0.621701,0.635187,0.854985
3425,0.605744,0.597338,0.861339
3426,0.633466,0.593701,0.845410
3427,0.627838,0.591819,0.844966
3428,0.620769,0.577329,0.850979
3429,0.593686,0.657002,0.856844
3430,0.648448,0.621224,0.849415
3431,0.629627,0.613503,0.850380
3432,0.573496,0.550908,0.836048
3433,0.629164,0.591069,0.856780
3434,0.607912,0.585060,0.854198
3435,0.626933,0.599222,0.847605
3436,0.597742,0.589780,0.843992
3437,0.612214,0.616001,0.839300
3438,0.633463,0.588231,0.846459
3439,0.586793,0.609942,0.851362
3440,0.587786,0.587191,0.848840
3441,0.638126,0.586710,0.827089
3442,0.582947,0.594448,0.852519
3443,0.586543,0.570356,0.866258
3444,0.617295,0.611821,0.844003
3445,0.577666,0.560183,0.841643
3446,0.683891,0.603358,0.847056
3447,0.606884,0.606710,0.849704
3448,0.589692,0.584685,0.837837
3449,0.568090,0.597132,0.861729
3450,0.594703,0.600264,0.848151
3451,0.576272,0.570722,0.858959
3452,0.599820,0.584792,0.849497
3453,0.600513,0.558912,0.848963
3454,0.620105,0.584978,0.841939
3455,0.592606,0.615645,0.857354
3456,0.600712,0.571256,0.849403
3457,0.591812,0.543877,0.852786
3458,0.582383,0.608198,0.846626
3459,0.604550,0.627158,0.855565
3460,0.559996,0.582692,0.853783
3461,0.623361,0.624241,0.851651
3462,0.636407,0.590742,0.843017
3463,0.597058,0.596515,0.845186
3464,0.603788,0.581343,0.840722
3465,0.591119,0.617516,0.849744
3466,0.565671,0.611816,0.848217
3467,0.636680,0.597871,0.843607
3468,0.621392,0.604664,0.851302
3469,0.590099,0.579957,0.864983
3470,0.631212,0.565893,0.862715
3471,0.656927,0.597181,0.852536
3472,0.605781,0.568884,0.837907
3473,0.652181,0.629443,0.853086
3474,0.570618,0.611652,0.854415
3475,0.624882,0.578035,0.855237
3476,0.591684,0.591774,0.838518
3477,0.624688,0.581885,0.855071
3478,0.586369,0.639008,0.858785
3479,0.594683,0.572222,0.860473
3480,0.609207,0.641591,0.851072
3481,0.612310,0.570910,0.864888
3482,0.612996,0.597558,0.861461
3483,0.564385,0.608870,0.845914
3484,0.612499,0.596125,0.857549
3485,0.636829,0.584058,0.853734
3486,0.593313,0.575715,0.853722
3487,0.643388,0.592178,0.858043
3488,0.618292,0.603317,0.864196
3489,0.582285,0.541494,0.843712
3490,0.622702,0.597061,0.870122
3491,0.603223,0.587407,0.871523
3492,0.616221,0.615626,0.842397
3493,0.635406,0.581385,0.848967
3494,0.600810,0.601173,0.848167
3495,0.606671,0.574862,0.855535
3496,0.624782,0.599073,0.852491
3497,0.622675,0.556063,0.860932
3498,0.608893,0.573974,0.859162
3499,0.630066,0.573284,0.850768
3500,0.614441,0.589422,0.834027
3501,0.601537,0.606327,0.858527
3502,0.639523,0.576704,0.844640
3503,0.596989,0.657621,0.857381
3504,0.538846,0.614251,0.857116
3505,0.618619,0.591562,0.844415
3506,0.632091,0.574437,0.876361
3507,0.605270,0.576896,0.847198
3508,0.585176,0.574773,0.853432
3509,0.631662,0.610553,0.856371
3510,0.589887,0.564072,0.850965
3511,0.648128,0.595360,0.858339
3512,0.598038,0.617182,0.852588
3513,0.596764,0.610251,0.854712
3514,0.574116,0.593458,0.841031
3515,0.578842,0.639844,0.872606
3516,0.590983,0.624721,0.835749
3517,0.561440,0.609708,0.855480
3518,0.539640,0.602115,0.861586
3519,0.623540,0.599515,0.859637
3520,0.629478,0.580329,0.841962
3521,0.602511,0.625281,0.865057
3522,0.618259,0.570889,0.837294
3523,0.623190,0.590457,0.843876
3524,0.591326,0.622080,0.853208
3525,0.558597,0.593414,0.839157
3526,0.606824,0.597384,0.850033
3527,0.596845,0.601646,0.847066
3528,0.602184,0.556161,0.850300
3529,0.649662,0.620166,0.858422
3530,0.652338,0.586372,0.845554
3531,0.607909,0.609958,0.852781
3532,0.576739,0.576885,0.852390
3533,0.565777,0.632196,0.858220
3534,0.582511,0.573376,0.862349
3535,0.633374,0.578951,0.852872
3536,0.608615,0.585849,0.848956
3537,0.607151,0.629658,0.851817
3538,0.607059,0.614146,0.836877
3539,0.596516,0.616676,0.865024
3540,0.656044,0.627859,0.855138
3541,0.602198,0.637226,0.853945
3542,0.571214,0.602605,0.849802
3543,0.585604,0.579713,0.846470
3544,0.576870,0.575897,0.855093
3545,0.585098,0.604592,0.847525
3546,0.584768,0.610603,0.842958
3547,0.623716,0.584132,0.855737
3548,0.658367,0.597890,0.850174
3549,0.598399,0.617162,0.857461
3550,0.568835,0.562638,0.848939
3551,0.640978,0.579776,0.855412
3552,0.599983,0.633901,0.849275
3553,0.594463,0.579568,0.846230
3554,0.579481,0.624984,0.842046
3555,0.602512,0.586955,0.859346
3556,0.645801,0.591025,0.867545
3557,0.661323,0.598221,0.852871
3558,0.625531,0.626915,0.831314
3559,0.580442,0.559045,0.846104
3560,0.599117,0.587103,0.842562
3561,0.590010,0.594865,0.845757
3562,0.604405,0.571729,0.844924
3563,0.597805,0.594384,0.854318
3564,0.607631,0.576125,0.844103
3565,0.636933,0.620502,0.845373
3566,0.634512,0.607087,0.850035
3567,0.619525,0.580254,0.844403
3568,0.622240,0.623038,0.865096
3569,0.654146,0.595768,0.830323
3570,0.619095,0.608632,0.845900
3571,0.599737,0.600096,0.858176
3572,0.585400,0.620777,0.832773
3573,0.656923,0.584324,0.867512
3574,0.587400,0.599783,0.842082
3575,0.595290,0.585434,0.856296
3576,0.636428,0.575982,0.832326
3577,0.631645,0.578298,0.853405
3578,0.569975,0.596714,0.850096
3579,0.603738,0.611100,0.865076
3580,0.590905,0.599753,0.853755
3581,0.586152,0.588632,0.843639
3582,0.631807,0.601493,0.853588
3583,0.588162,0.584498,0.834873
3584,0.576370,0.605531,0.848520
3585,0.593136,0.598278,0.855306
3586,0.614541,0.609394,0.840334
3587,0.587940,0.557991,0.860427
3588,0.621654,0.599317,0.858788
3589,0.611654,0.578216,0.859514
3590,0.609254,0.599791,0.836363
3591,0.613760,0.568514,0.844179
3592,0.587622,0.596809,0.872631
3593,0.634011,0.591245,0.833691
3594,0.640286,0.596020,0.838616
3595,0.591749,0.612236,0.838524
3596,0.620375,0.624497,0.850981
3597,0.612184,0.600198,0.853944
3598,0.628847,0.586697,0.841755
3599,0.639430,0.573594,0.865592
3600,0.576046,0.630500,0.837896
3601,0.574581,0.567649,0.853785
3602,0.632657,0.574726,0.859405
3603,0.581154,0.574061,0.870683
3604,0.588086,0.625489,0.837648
3605,0.550363,0.586784,0.861521
3606,0.580371,0.590068,0.849763
3607,0.598458,0.594627,0.846413
3608,0.586814,0.627276,0.848601
3609,0.621022,0.584877,0.841167
3610,0.615254,0.566337,0.855392
3611,0.608313,0.593232,0.836942
3612,0.623611,0.608659,0.850144
3613,0.633466,0.585967,0.857105
3614,0.648393,0.545954,0.842943
3615,0.598581,0.534149,0.861234
3616,0.603864,0.591040,0.840539
3617,0.573899,0.608719,0.841368
3618,0.616029,0.579700,0.861749
3619,0.612966,0.579010,0.850666
3620,0.587122,0.635359,0.829889
3621,0.628940,0.536757,0.845644
3622,0.608218,0.618600,0.846338
3623,0.615765,0.555533,0.842124
3624,0.578801,0.585853,0.853358
3625,0.603491,0.591769,0.849829
3626,0.605543,0.600474,0.854774
3627,0.560803,0.624687,0.840709
3628,0.569621,0.644134,0.855286
3629,0.580967,0.590367,0.848555
3630,0.575401,0.611757,0.841274
3631,0.646758,0.585685,0.843178
3632,0.604422,0.590606,0.843845
3633,0.577319,0.596120,0.851743
3634,0.632033,0.563646,0.845343
3635,0.619260,0.624707,0.841984
3636,0.657007,0.594957,0.862384
3637,0.608228,0.578854,0.859591
3638,0.582737,0.571996,0.840880
3639,0.653712,0.544011,0.853673
3640,0.633223,0.596011,0.842390
3641,0.670377,0.583126,0.863146
3642,0.609097,0.570469,0.842870
3643,0.626691,0.601443,0.848264
3644,0.595288,0.592292,0.844154
3645,0.569786,0.580213,0.846436
3646,0.627981,0.584036,0.854241
3647,0.587445,0.580994,0.865602
3648,0.609312,0.555093,0.838793
3649,0.588266,0.608576,0.837690
3650,0.639066,0.622409,0.850269
3651,0.566685,0.611537,0.857604
3652,0.625270,0.570565,0.837263
3653,0.639774,0.589125,0.841421
3654,0.641471,0.564142,0.843451
3655,0.608189,0.552976,0.848764
3656,0.596041,0.589835,0.846966
3657,0.574241,0.578281,0.865402
3658,0.616906,0.573621,0.854541
3659,0.607814,0.564927,0.830445
3660,0.626724,0.618445,0.853993
3661,0.641103,0.568773,0.854896
3662,0.635575,0.617152,0.853347
3663,0.598388,0.586538,0.859142
3664,0.568019,0.573330,0.845480
3665,0.592975,0.556992,0.847284
3666,0.615001,0.586827,0.844263
3667,0.655594,0.583919,0.851803
3668,0.612691,0.639874,0.847639
3669,0.593737,0.567891,0.856032
3670,0.618691,0.615596,0.842680
3671,0.629082,0.575093,0.853120
3672,0.601138,0.586013,0.842555
3673,0.580372,0.590037,0.863411
3674,0.576672,0.624433,0.840254
3675,0.619318,0.549806,0.836963
3676,0.558819,0.566417,0.851749
3677,0.641811,0.577034,0.845132
3678,0.642132,0.575799,0.866045
3679,0.621783,0.585626,0.848763
3680,0.606719,0.633736,0.866802
3681,0.592967,0.596128,0.852257
3682,0.612176,0.597318,0.851353
3683,0.613411,0.612292,0.844353
3684,0.575928,0.534909,0.850340
3685,0.600682,0.590249,0.844934
3686,0.598013,0.571620,0.865035
3687,0.605392,0.597549,0.848921
3688,0.599441,0.568646,0.849817
3689,0.578934,0.609361,0.866012
3690,0.627445,0.613020,0.867585
3691,0.628705,0.565022,0.853176
3692,0.595680,0.611200,0.855831
3693,0.616561,0.554681,0.851169
3694,0.610117,0.603078,0.854540
3695,0.595327,0.561194,0.858278
3696,0.614677,0.644102,0.840853
3697,0.584382,0.537153,0.841840
3698,0.623331,0.577449,0.860579
3699,0.608661,0.577465,0.854558
3700,0.614955,0.612183,0.856244
3701,0.608266,0.573880,0.839480
3702,0.604318,0.589822,0.843116
3703,0.591570,0.613117,0.851831
3704,0.555402,0.612677,0.846565
3705,0.589184,0.598073,0.851828
3706,0.655306,0.620560,0.838941
3707,0.558675,0.580890,0.842076
3708,0.637579,0.626436,0.846857
3709,0.616002,0.633325,0.847230
3710,0.639564,0.592552,0.863612
3711,0.586202,0.566444,0.853663
3712,0.655774,0.590320,0.848521
3713,0.603624,0.580156,0.839772
3714,0.545697,0.562657,0.819456
3715,0.641030,0.614927,0.855398
3716,0.610085,0.587509,0.844596
3717,0.557308,0.628225,0.852195
3718,0.590515,0.596048,0.863267
3719,0.629246,0.597344,0.843959
3720,0.574035,0.582554,0.840282
3721,0.603134,0.551817,0.850766
3722,0.593547,0.585467,0.842478
3723,0.641618,0.586715,0.864163
3724,0.658996,0.563477,0.849452
3725,0.619805,0.585232,0.848317
3726,0.577008,0.619173,0.849988
3727,0.576249,0.597974,0.860274
3728,0.580092,0.594983,0.859417
3729,0.526848,0.586637,0.847605
3730,0.612952,0.570140,0.838153
3731,0.656016,0.609886,0.849260
3732,0.636173,0.592167,0.850351
3733,0.543410,0.626287,0.844489
3734,0.611484,0.575237,0.848622
3735,0.594737,0.593302,0.838593
3736,0.578763,0.584255,0.848206
3737,0.610492,0.613282,0.865608
3738,0.578798,0.617438,0.868215
3739,0.600954,0.642503,0.853564
3740,0.602273,0.590991,0.848147
3741,0.658722,0.620758,0.843735
3742,0.618369,0.602648,0.857073
3743,0.599101,0.615254,0.847373
3744,0.614065,0.590942,0.850431
3745,0.617031,0.575375,0.854856
3746,0.594019,0.589131,0.848157
3747,0.581708,0.589131,0.850431
3748,0.549736,0.601492,0.863104
3749,0.578116,0.572012,0.842819
3750,0.602073,0.574440,0.849093
3751,0.609051,0.583924,0.842756
3752,0.621190,0.608623,0.851093
3753,0.635491,0.598008,0.850643
3754,0.605991,0.581316,0.849446
3755,0.595246,0.598798,0.856455
3756,0.560365,0.581106,0.850680
3757,0.574327,0.601196,0.857538
3758,0.641120,0.561260,0.849647
3759,0.588957,0.590532,0.860561
3760,0.602101,0.602523,0.843269
3761,0.601718,0.564599,0.850354
3762,0.555186,0.562659,0.843113
3763,0.611469,0.589234,0.848052
3764,0.590085,0.556863,0.853469
3765,0.595337,0.621120,0.851094
3766,0.596685,0.609845,0.858779
3767,0.589794,0.631201,0.850658
3768,0.583360,0.609626,0.844809
3769,0.648594,0.584387,0.857961
3770,0.617641,0.586141,0.850477
3771,0.583428,0.617687,0.857404
3772,0.631896,0.567986,0.859416
3773,0.593126,0.551391,0.849240
3774,0.610626,0.579235,0.855676
3775,0.645930,0.559813,0.847710
3776,0.606815,0.627366,0.833677
3777,0.634209,0.598992,0.850111
3778,0.617990,0.609881,0.848447
3779,0.624580,0.574741,0.858563
3780,0.568363,0.606861,0.843600
3781,0.555128,0.587193,0.846652
3782,0.605864,0.625405,0.857253
3783,0.619904,0.621155,0.853302
3784,0.626126,0.653269,0.861601
3785,0.615010,0.562386,0.846719
3786,0.595829,0.587780,0.843305
3787,0.576158,0.586366,0.843333
3788,0.610393,0.619077,0.847194
3789,0.600640,0.586684,0.843984
3790,0.631197,0.602504,0.848534
3791,0.632068,0.598188,0.852203
3792,0.606116,0.636047,0.835763
3793,0.617860,0.597946,0.845895
3794,0.634440,0.621840,0.848539
3795,0.614740,0.582503,0.866345
3796,0.617148,0.600086,0.845396
3797,0.605766,0.587831,0.858806
3798,0.590051,0.576116,0.853679
3799,0.631305,0.574919,0.838636
3800,0.593143,0.550906,0.863345
3801,0.598038,0.606844,0.858475
3802,0.564679,0.593871,0.852456
3803,0.613891,0.600562,0.857004
3804,0.672954,0.601219,0.848680
3805,0.588783,0.586643,0.856408
3806,0.616950,0.578960,0.856971
3807,0.613133,0.609485,0.848233
3808,0.581654,0.641894,0.845334
3809,0.603322,0.536959,0.857553
3810,0.601125,0.595008,0.859927
3811,0.630847,0.559422,0.845415
3812,0.616611,0.608191,0.840658
3813,0.587574,0.654799,0.864237
3814,0.616366,0.579611,0.848789
3815,0.619218,0.604541,0.840601
3816,0.580364,0.597070,0.850783
3817,0.559228,0.588439,0.849034
3818,0.563462,0.582450,0.854135
3819,0.639743,0.643515,0.831854
3820,0.553459,0.590401,0.845186
3821,0.603832,0.624651,0.853066
3822,0.630491,0.560980,0.857514
3823,0.624414,0.607862,0.847053
3824,0.595360,0.603920,0.845065
3825,0.609774,0.556573,0.845431
3826,0.629077,0.573765,0.851071
3827,0.551233,0.576875,0.847166
3828,0.587483,0.610577,0.843069
3829,0.651496,0.612657,0.853237
3830,0.635904,0.616650,0.853404
3831,0.642927,0.614335,0.844523
3832,0.627225,0.591832,0.859048
3833,0.593727,0.606419,0.856624
3834,0.610840,0.563462,0.851784
3835,0.613415,0.592157,0.851012
3836,0.602335,0.568692,0.850227
3837,0.592002,0.585183,0.830260
3838,0.619992,0.590082,0.860871
3839,0.636844,0.576898,0.845972
3840,0.610271,0.621540,0.846582
3841,0.635632,0.617333,0.843354
3842,0.589147,0.622721,0.848762
3843,0.580792,0.579100,0.854244
3844,0.624862,0.601902,0.844664
3845,0.588085,0.609726,0.848693
3846,0.596884,0.609037,0.859960
3847,0.566391,0.617744,0.858123
3848,0.613668,0.563079,0.863122
3849,0.598974,0.569349,0.862689
3850,0.570035,0.594235,0.867793
3851,0.625852,0.590676,0.850917
3852,0.602184,0.604019,0.833239
3853,0.625072,0.555755,0.847435
3854,0.580338,0.596272,0.851391
3855,0.589259,0.606271,0.857764
3856,0.628367,0.595039,0.852281
3857,0.601066,0.562439,0.839595
3858,0.597661,0.626638,0.846586
3859,0.626488,0.568848,0.848396
3860,0.632744,0.602577,0.856381
3861,0.637491,0.626622,0.846431
3862,0.598458,0.621229,0.856354
3863,0.650222,0.592162,0.856059
3864,0.600989,0.628284,0.861479
3865,0.606601,0.599468,0.860418
3866,0.602481,0.605302,0.842801
3867,0.604006,0.615236,0.870622
3868,0.559553,0.596950,0.848218
3869,0.615221,0.640620,0.837479
3870,0.598043,0.548094,0.848409
3871,0.664502,0.655272,0.844386
3872,0.589218,0.621616,0.850715
3873,0.634888,0.593069,0.848018
3874,0.647104,0.614797,0.855682
3875,0.646909,0.578625,0.858091
3876,0.604118,0.603283,0.850302
3877,0.631043,0.601719,0.847148
3878,0.611862,0.604609,0.835499
3879,0.600770,0.577531,0.841851
3880,0.577128,0.553600,0.853735
3881,0.605551,0.614043,0.845661
3882,0.665610,0.559813,0.843746
3883,0.598762,0.585782,0.856618
3884,0.573071,0.576625,0.844293
3885,0.627708,0.588997,0.853862
3886,0.590884,0.567635,0.852499
3887,0.615822,0.584392,0.848939
3888,0.565042,0.618545,0.853421
3889,0.621850,0.583430,0.840273
3890,0.593766,0.591591,0.850142
3891,0.589059,0.573526,0.847920
3892,0.599443,0.610322,0.848254
3893,0.621855,0.580150,0.856787
3894,0.637951,0.581292,0.849319
3895,0.637178,0.603420,0.855058
3896,0.632872,0.607999,0.843164
3897,0.606863,0.629611,0.833920
3898,0.660441,0.630571,0.849615
3899,0.587476,0.586306,0.854156
3900,0.575752,0.588236,0.849806
3901,0.568971,0.596772,0.851270
3902,0.582066,0.622221,0.836429
3903,0.614041,0.635575,0.842289
3904,0.625507,0.618737,0.833286
3905,0.648734,0.590995,0.858880
3906,0.580192,0.600989,0.845493
3907,0.591497,0.591644,0.847971
3908,0.606064,0.576647,0.844518
3909,0.562953,0.627105,0.843323
3910,0.551397,0.596725,0.845439
3911,0.621652,0.603390,0.844860
3912,0.591417,0.561080,0.862401
3913,0.609399,0.639284,0.852072
3914,0.625785,0.622869,0.840331
3915,0.609663,0.547994,0.849914
3916,0.612401,0.609235,0.854743
3917,0.648015,0.608039,0.864124
3918,0.637659,0.605678,0.846456
3919,0.561573,0.566710,0.852161
3920,0.624805,0.571828,0.845587
3921,0.648708,0.564223,0.830288
3922,0.594255,0.551269,0.842186
3923,0.604061,0.618854,0.858497
3924,0.620155,0.592758,0.853321
3925,0.578341,0.618452,0.854220
3926,0.598710,0.603594,0.849805
3927,0.610269,0.619727,0.862581
3928,0.618754,0.599639,0.834964
3929,0.628323,0.611379,0.843196
3930,0.574501,0.624467,0.844791
3931,0.585523,0.571910,0.843135
3932,0.655807,0.603098,0.848615
3933,0.578948,0.572955,0.848431
3934,0.574972,0.570946,0.850124
3935,0.597098,0.623404,0.846863
3936,0.591683,0.603899,0.844692
3937,0.622384,0.587488,0.847778
3938,0.580340,0.601614,0.847606
3939,0.643250,0.594353,0.846335
3940,0.615018,0.563584,0.842610
3941,0.637131,0.580955,0.852115
3942,0.556363,0.579430,0.855396
3943,0.577154,0.578012,0.852208
3944,0.570799,0.606629,0.862954
3945,0.604536,0.602860,0.861533
3946,0.589227,0.587010,0.856798
3947,0.572813,0.627066,0.838998
3948,0.584184,0.580541,0.854395
3949,0.614520,0.553909,0.846411
3950,0.597046,0.598563,0.850196
3951,0.621763,0.629328,0.867231
3952,0.619816,0.615491,0.848281
3953,0.611910,0.620051,0.837839
3954,0.646990,0.525505,0.843246
3955,0.640936,0.564022,0.852156
3956,0.559436,0.581076,0.849481
3957,0.614554,0.605400,0.844652
3958,0.604068,0.630042,0.849745
3959,0.594498,0.561825,0.849643
3960,0.578426,0.576596,0.841328
3961,0.622861,0.591524,0.854702
3962,0.652936,0.570691,0.853309
3963,0.605457,0.578621,0.870906
3964,0.640729,0.597158,0.859803
3965,0.567229,0.559868,0.842669
3966,0.626622,0.577336,0.853187
3967,0.662905,0.604043,0.860196
3968,0.565685,0.608341,0.831477
3969,0.578377,0.620868,0.860286
3970,0.624889,0.615824,0.827098
3971,0.633419,0.596506,0.855247
3972,0.623956,0.587948,0.868322
3973,0.622852,0.527853,0.863902
3974,0.613316,0.616893,0.840666
3975,0.593455,0.553261,0.856778
3976,0.636654,0.594297,0.846328
3977,0.551445,0.574818,0.839085
3978,0.632247,0.607831,0.860625
3979,0.589547,0.621534,0.854614
3980,0.624119,0.603379,0.840288
3981,0.661643,0.629456,0.861499
3982,0.601611,0.587776,0.845895
3983,0.619741,0.630188,0.849011
3984,0.607067,0.620589,0.847207
3985,0.550969,0.563267,0.853932
3986,0.610103,0.574554,0.839291
3987,0.637965,0.622721,0.857149
3988,0.559626,0.582410,0.858526
3989,0.625900,0.589667,0.849746
3990,0.602248,0.612355,0.854573
3991,0.612640,0.618537,0.830761
3992,0.618882,0.594301,0.850311
3993,0.608421,0.602336,0.839812
3994,0.618382,0.541433,0.858504
3995,0.630326,0.548164,0.854099
3996,0.582943,0.601673,0.859202
3997,0.603994,0.554539,0.850980
3998,0.582195,0.602614,0.868194
3999,0.612991,0.555601,0.854076
4000,0.589801,0.562865,0.840620
4001,0.594830,0.582776,0.840322
4002,0.567220,0.565898,0.854796
4003,0.633662,0.615513,0.838684
4004,0.600821,0.580851,0.853306
4005,0.592737,0.601321,0.842789
4006,0.571602,0.629598,0.832359
4007,0.654149,0.557436,0.848775
4008,0.590441,0.587648,0.851594
4009,0.583195,0.546652,0.864167
4010,0.607212,0.591700,0.840629
4011,0.660922,0.604924,0.847664
4012,0.598531,0.596564,0.857990
4013,0.622663,0.570967,0.842410
4014,0.605474,0.556253,0.860117
4015,0.653644,0.606454,0.845881
4016,0.552651,0.585277,0.852948
4017,0.628909,0.587898,0.855172
4018,0.626360,0.591256,0.850241
4019,0.600252,0.618452,0.858658
4020,0.593303,0.638276,0.848024
4021,0.584939,0.610597,0.848829
4022,0.621349,0.589579,0.844708
4023,0.615573,0.595983,0.843331
4024,0.628394,0.564575,0.848839
4025,0.588528,0.581886,0.853140
4026,0.641635,0.586148,0.851169
4027,0.595870,0.591747,0.848006
4028,0.617905,0.582503,0.830829
4029,0.614987,0.602466,0.854153
4030,0.632655,0.600531,0.845337
4031,0.629336,0.605951,0.842270
4032,0.618915,0.607526,0.844701
4033,0.602162,0.599077,0.873502
4034,0.580705,0.598041,0.846680
4035,0.521324,0.573224,0.869156
4036,0.659412,0.602457,0.857095
4037,0.586631,0.583051,0.844174
4038,0.624124,0.596531,0.856022
4039,0.639314,0.599352,0.842586
4040,0.628571,0.551551,0.857567
4041,0.591136,0.603702,0.848455
4042,0.615384,0.619583,0.848423
4043,0.619732,0.585481,0.838088
4044,0.592291,0.556710,0.845271
4045,0.606569,0.623807,0.848643
4046,0.585607,0.610767,0.859755
4047,0.647009,0.588407,0.851840
4048,0.609068,0.605183,0.851981
4049,0.603420,0.630801,0.846695
4050,0.570976,0.575899,0.850912
4051,0.622740,0.592821,0.854299
4052,0.596454,0.605307,0.855755
4053,0.598116,0.606694,0.850692
4054,0.592256,0.604886,0.848728
4055,0.572374,0.610824,0.843644
4056,0.644842,0.589684,0.847561
4057,0.657345,0.586667,0.867628
4058,0.609551,0.600519,0.851054
4059,0.554441,0.557407,0.853710
4060,0.638912,0.571881,0.847621
4061,0.596553,0.598972,0.846364
4062,0.607516,0.612077,0.837986
4063,0.608878,0.563288,0.839248
4064,0.608808,0.592240,0.847724
4065,0.609573,0.565582,0.855244
4066,0.641804,0.595840,0.846786
4067,0.606911,0.644253,0.847784
4068,0.576005,0.615457,0.860301
4069,0.612833,0.560749,0.844303
4070,0.609437,0.517105,0.842817
4071,0.579593,0.582709,0.842846
4072,0.652553,0.613964,0.846948
4073,0.614019,0.624051,0.848787
4074,0.608706,0.570124,0.842296
4075,0.612330,0.609843,0.839570
4076,0.600298,0.535764,0.848405
4077,0.609546,0.613003,0.856750
4078,0.582244,0.591704,0.838413
4079,0.587116,0.565744,0.876368
4080,0.576075,0.594615,0.846738
4081,0.575126,0.601605,0.834084
4082,0.566580,0.574211,0.859133
4083,0.591035,0.602954,0.861877
4084,0.648961,0.568161,0.845527
4085,0.630530,0.620298,0.853584
4086,0.663646,0.604496,0.848614
4087,0.587422,0.616529,0.847378
4088,0.620314,0.634291,0.865017
4089,0.568362,0.632914,0.846763
4090,0.638488,0.605865,0.855995
4091,0.561645,0.600751,0.832206
4092,0.602067,0.614267,0.847565
4093,0.540398,0.540381,0.851763
4094,0.616627,0.579204,0.839430
4095,0.612981,0.545943,0.850862
4096,0.616865,0.544429,0.850820
4097,0.613097,0.599806,0.843246
4098,0.628104,0.621665,0.842497
4099,0.642962,0.594431,0.850853
4100,0.644336,0.577374,0.865520
4101,0.630633,0.607328,0.845324
4102,0.615042,0.617875,0.849781
4103,0.619524,0.591293,0.844641
4104,0.592915,0.625648,0.852299
4105,0.619949,0.580201,0.864946
4106,0.596502,0.596999,0.868197
4107,0.628409,0.633429,0.854919
4108,0.606790,0.609216,0.838960
4109,0.542413,0.564691,0.842506
4110,0.629421,0.607485,0.849260
4111,0.577870,0.594358,0.843037
4112,0.583707,0.588386,0.851412
4113,0.640762,0.626307,0.857437
4114,0.583521,0.612832,0.838477
4115,0.579716,0.634308,0.843736
4116,0.617694,0.630537,0.850670
4117,0.578242,0.574445,0.862978
4118,0.613721,0.601838,0.855125
4119,0.607408,0.630982,0.843397
4120,0.634744,0.612337,0.855159
4121,0.589623,0.578330,0.858322
4122,0.630064,0.608060,0.858801
4123,0.577033,0.610298,0.839671
4124,0.576764,0.566883,0.862548
4125,0.612889,0.612337,0.855063
4126,0.564417,0.604940,0.822736
4127,0.609882,0.595062,0.858005
4128,0.574391,0.579161,0.857358
4129,0.647071,0.630362,0.852708
4130,0.629639,0.572734,0.858248
4131,0.629096,0.622859,0.851680
4132,0.593691,0.597894,0.858875
4133,0.572231,0.632280,0.848503
4134,0.633835,0.592478,0.831383
4135,0.632507,0.600048,0.848826
4136,0.615793,0.582864,0.845413
4137,0.617012,0.621149,0.845575
4138,0.609990,0.603854,0.860657
4139,0.590860,0.630958,0.854135
4140,0.645238,0.588135,0.866761
4141,0.628353,0.629663,0.858871
4142,0.616551,0.588544,0.863347
4143,0.587726,0.584867,0.850427
4144,0.563364,0.572383,0.860877
4145,0.605360,0.603364,0.844904
4146,0.598974,0.608553,0.832178
4147,0.552679,0.573734,0.837409
4148,0.624414,0.639734,0.854147
4149,0.590395,0.598243,0.854227
4150,0.586763,0.568536,0.863514
4151,0.599165,0.593942,0.841858
4152,0.584045,0.640300,0.874555
4153,0.586834,0.577407,0.841171
4154,0.610506,0.585460,0.851648
4155,0.565518,0.643277,0.857307
4156,0.591387,0.595872,0.852852
4157,0.630185,0.600479,0.860605
4158,0.619336,0.594916,0.857809
4159,0.622602,0.629501,0.846523
4160,0.605164,0.601543,0.853252
4161,0.589227,0.604958,0.844589
4162,0.628021,0.569928,0.836101
4163,0.567460,0.568374,0.863583
4164,0.632650,0.614687,0.830992
4165,0.619175,0.556317,0.833920
4166,0.643240,0.573272,0.845236
4167,0.625662,0.589739,0.868389
4168,0.615045,0.609297,0.858410
4169,0.571284,0.586874,0.847787
4170,0.613336,0.596658,0.840219
4171,0.600300,0.601289,0.850034
4172,0.580391,0.601509,0.841045
4173,0.632134,0.588701,0.835312
4174,0.578007,0.562555,0.848571
4175,0.587535,0.618245,0.839554
4176,0.612438,0.592016,0.862114
4177,0.608412,0.590286,0.844851
4178,0.594173,0.577161,0.847615
4179,0.641741,0.614957,0.846499
4180,0.610824,0.543360,0.845394
4181,0.636169,0.638651,0.865224
4182,0.604716,0.601184,0.861271
4183,0.590659,0.576884,0.858781
4184,0.640766,0.618368,0.862025
4185,0.593782,0.581503,0.852003
4186,0.631531,0.622346,0.839581
4187,0.630788,0.571798,0.852552
4188,0.632304,0.654080,0.835457
4189,0.617691,0.595009,0.843983
4190,0.604742,0.562270,0.840197
4191,0.590829,0.592121,0.855530
4192,0.605082,0.585658,0.856122
4193,0.602574,0.574008,0.849613
4194,0.633238,0.575211,0.855681
4195,0.608469,0.595061,0.841149
4196,0.577691,0.600023,0.834482
4197,0.635586,0.601044,0.861537
4198,0.633023,0.606105,0.856968
4199,0.588530,0.610496,0.847826
4200,0.610584,0.667684,0.851756
4201,0.627076,0.635084,0.838459
4202,0.580058,0.575317,0.857280
4203,0.608343,0.504043,0.860244
4204,0.653198,0.578085,0.836526
4205,0.601568,0.573188,0.832644
4206,0.606897,0.621413,0.850719
4207,0.559187,0.594645,0.856012
4208,0.603027,0.603425,0.854852
4209,0.581673,0.635058,0.850080
4210,0.662055,0.607649,0.852101
4211,0.663259,0.617837,0.847724
4212,0.626669,0.592478,0.849702
4213,0.620635,0.622496,0.844516
4214,0.604448,0.597840,0.868519
4215,0.504694,0.618424,0.846601
4216,0.628903,0.611466,0.861922
4217,0.590956,0.542844,0.855021
4218,0.580719,0.610826,0.854021
4219,0.620855,0.584658,0.864050
4220,0.609620,0.588322,0.849249
4221,0.642621,0.597803,0.870132
4222,0.625800,0.644154,0.834724
4223,0.575076,0.548556,0.852828
4224,0.577815,0.614288,0.845889
4225,0.644579,0.556067,0.865775
4226,0.569827,0.581461,0.842546
4227,0.607287,0.592962,0.844498
4228,0.608450,0.592498,0.854655
4229,0.631055,0.626484,0.848863
4230,0.591870,0.575556,0.840134
4231,0.601352,0.632761,0.821444
4232,0.644915,0.593005,0.852735
4233,0.549734,0.556409,0.850253
4234,0.589917,0.595337,0.842441
4235,0.613050,0.550509,0.844868
4236,0.634294,0.600076,0.857321
4237,0.635458,0.594755,0.856385
4238,0.588037,0.655226,0.868191
4239,0.558569,0.600895,0.835602
4240,0.547713,0.608979,0.839877
4241,0.649851,0.577009,0.862201
4242,0.595034,0.566968,0.840559
4243,0.631812,0.614947,0.862753
4244,0.598781,0.574164,0.858435
4245,0.608042,0.615110,0.859314
4246,0.610475,0.609153,0.833403
4247,0.607226,0.585148,0.846251
4248,0.594320,0.556349,0.839510
4249,0.627453,0.565588,0.838247
4250,0.626880,0.619429,0.871013
4251,0.594874,0.584829,0.846100
4252,0.592957,0.608665,0.857752
4253,0.620591,0.563772,0.834311
4254,0.622320,0.605639,0.854880
4255,0.636078,0.602858,0.848913
4256,0.632133,0.612678,0.852411
4257,0.579337,0.608043,0.853406
4258,0.610192,0.597447,0.846730
4259,0.622103,0.580015,0.848518
4260,0.608572,0.640719,0.858638
4261,0.617434,0.578070,0.845318
4262,0.616099,0.599852,0.864409
4263,0.613827,0.597621,0.833391
4264,0.565483,0.603911,0.847052
4265,0.588866,0.617203,0.845700
4266,0.584091,0.614734,0.846241
4267,0.582586,0.611224,0.863488
4268,0.544437,0.583076,0.858797
4269,0.539330,0.605372,0.847696
4270,0.567216,0.613172,0.855755
4271,0.596221,0.641078,0.826495
4272,0.562849,0.575759,0.850564
4273,0.619439,0.605827,0.852288
4274,0.652446,0.621972,0.836605
4275,0.646537,0.582843,0.850736
4276,0.624417,0.612637,0.839289
4277,0.654262,0.609469,0.851825
4278,0.612703,0.575577,0.843086
4279,0.603561,0.602146,0.840496
4280,0.625030,0.616292,0.859956
4281,0.636859,0.562202,0.840415
4282,0.584959,0.605563,0.836210
4283,0.605054,0.565204,0.857176
4284,0.591413,0.596078,0.854594
4285,0.550952,0.609310,0.858928
4286,0.556074,0.573568,0.858621
4287,0.619689,0.561592,0.851783
4288,0.585254,0.626052,0.864029
4289,0.641904,0.544437,0.848387
4290,0.583180,0.603284,0.843179
4291,0.589456,0.582202,0.840569
4292,0.653563,0.592742,0.855503
4293,0.610664,0.589610,0.837532
4294,0.598611,0.617102,0.854310
4295,0.579424,0.587659,0.854760
4296,0.575341,0.583257,0.843120
4297,0.616539,0.634730,0.848250
4298,0.574733,0.638448,0.855538
4299,0.649640,0.605525,0.847110
4300,0.612646,0.622196,0.852878
4301,0.611899,0.557863,0.842960
4302,0.632755,0.621630,0.860604
4303,0.624173,0.607241,0.852006
4304,0.611868,0.548724,0.833374
4305,0.620648,0.610129,0.855972
4306,0.582026,0.602658,0.853545
4307,0.632342,0.580377,0.842662
4308,0.578722,0.578746,0.845473
4309,0.625868,0.598855,0.856188
4310,0.566739,0.529966,0.866139
4311,0.614614,0.594117,0.849554
4312,0.605809,0.637976,0.860635
4313,0.586097,0.580419,0.854871
4314,0.564699,0.616538,0.845156
4315,0.586697,0.601803,0.831872
4316,0.633961,0.610224,0.843660
4317,0.585376,0.580517,0.858845
4318,0.591545,0.617667,0.849747
4319,0.603501,0.608185,0.833757
4320,0.625759,0.666032,0.855583
4321,0.586794,0.559765,0.834634
4322,0.632755,0.557546,0.840885
4323,0.622055,0.573020,0.848194
4324,0.627624,0.576886,0.848282
4325,0.636011,0.564812,0.841737
4326,0.619235,0.623744,0.837592
4327,0.562412,0.554938,0.843320
4328,0.603216,0.586167,0.836808
4329,0.614742,0.611868,0.846216
4330,0.595920,0.611898,0.858969
4331,0.616505,0.575404,0.829541
4332,0.590138,0.605315,0.834457
4333,0.629847,0.547961,0.863159
4334,0.617928,0.610382,0.846670
4335,0.623638,0.576480,0.849946
4336,0.574313,0.586342,0.863327
4337,0.625798,0.586735,0.850635
4338,0.588476,0.593255,0.849582
4339,0.607985,0.538282,0.859388
4340,0.642327,0.574757,0.848476
4341,0.575135,0.594369,0.834949
4342,0.569177,0.593540,0.860988
4343,0.631480,0.601819,0.856101
4344,0.607715,0.596998,0.838546
4345,0.575745,0.615122,0.845798
4346,0.592999,0.583508,0.844870
4347,0.567919,0.588944,0.853445
4348,0.570949,0.611416,0.859484
4349,0.581287,0.605105,0.834434
4350,0.631915,0.622237,0.858144
4351,0.613299,0.598697,0.856254
4352,0.617364,0.596631,0.852251
4353,0.593953,0.614702,0.842644
4354,0.608996,0.605035,0.861791
4355,0.609678,0.568555,0.851160
4356,0.656600,0.549335,0.865205
4357,0.618054,0.593223,0.858022
4358,0.596808,0.602028,0.858427
4359,0.654994,0.577709,0.856967
4360,0.628483,0.573902,0.848594
4361,0.598102,0.622619,0.855544
4362,0.602052,0.573932,0.849330
4363,0.601798,0.632813,0.836172
4364,0.590470,0.562536,0.840525
4365,0.575993,0.592970,0.853890
4366,0.645486,0.600654,0.848839
4367,0.634560,0.561667,0.853815
4368,0.589013,0.597794,0.841928
4369,0.564802,0.636733,0.858296
4370,0.568594,0.568815,0.851255
4371,0.587898,0.595890,0.846776
4372,0.640072,0.576362,0.880713
4373,0.618861,0.568918,0.865407
4374,0.645330,0.589663,0.852350
4375,0.639045,0.610103,0.858809
4376,0.589332,0.611164,0.843585
4377,0.544776,0.608701,0.851181
4378,0.603898,0.616739,0.833397
4379,0.574538,0.557962,0.868743
4380,0.575004,0.607473,0.841549
4381,0.607005,0.637999,0.854992
4382,0.604149,0.588130,0.832090
4383,0.619563,0.613198,0.851184
4384,0.601405,0.593563,0.865163
4385,0.640109,0.583663,0.841159
4386,0.599715,0.592520,0.844114
4387,0.633268,0.605557,0.854641
4388,0.602963,0.635493,0.865512
4389,0.611364,0.595363,0.846980
4390,0.656741,0.600513,0.841648
4391,0.604982,0.596903,0.843613
4392,0.597168,0.605600,0.843535
4393,0.640931,0.600660,0.856889
4394,0.616459,0.593949,0.846583
4395,0.559860,0.616616,0.848716
4396,0.583233,0.597629,0.859110
4397,0.646452,0.581416,0.843382
4398,0.622737,0.584118,0.853165
4399,0.598199,0.610656,0.850335
4400,0.589541,0.638591,0.854285
4401,0.625273,0.604167,0.865008
4402,0.622087,0.594769,0.841742
4403,0.631329,0.605683,0.869385
4404,0.633344,0.577265,0.845959
4405,0.591181,0.577106,0.827515
4406,0.600384,0.594999,0.853928
4407,0.574109,0.586972,0.866775
4408,0.651968,0.590261,0.849940
4409,0.627365,0.624904,0.857899
4410,0.646481,0.577446,0.859936
4411,0.606655,0.598633,0.848109
4412,0.585302,0.615177,0.846964
4413,0.569747,0.598854,0.852643
4414,0.653357,0.609810,0.840057
4415,0.635546,0.638900,0.855191
4416,0.579360,0.589713,0.848082
4417,0.629503,0.607518,0.858371
4418,0.612173,0.614998,0.854828
4419,0.675590,0.576049,0.854230
4420,0.600697,0.600011,0.849978
4421,0.653057,0.598674,0.848910
4422,0.620516,0.629070,0.852272
4423,0.585683,0.629607,0.849379
4424,0.586787,0.604002,0.854915
4425,0.617699,0.626868,0.833125
4426,0.635710,0.607999,0.851468
4427,0.601939,0.640803,0.839209
4428,0.606225,0.561166,0.858690
4429,0.592078,0.549996,0.846903
4430,0.591258,0.594738,0.832415
4431,0.590932,0.565101,0.851744
4432,0.593700,0.621968,0.844846
4433,0.610910,0.587102,0.859165
4434,0.549832,0.604080,0.857805
4435,0.595388,0.616339,0.853861
4436,0.614051,0.614565,0.843812
4437,0.563390,0.585677,0.845352
4438,0.578467,0.578856,0.844916
4439,0.604940,0.623806,0.843278
4440,0.601825,0.546974,0.849653
4441,0.590035,0.579156,0.849235
4442,0.600822,0.635974,0.853153
4443,0.592073,0.596033,0.856581
4444,0.632293,0.628329,0.847093
4445,0.595204,0.599316,0.857808
4446,0.630717,0.594536,0.852806
4447,0.598550,0.584742,0.852564
4448,0.635625,0.568586,0.840557
4449,0.633841,0.596280,0.847490
4450,0.628109,0.556556,0.844139
4451,0.603662,0.628427,0.848030
4452,0.592450,0.602761,0.841052
4453,0.604218,0.616500,0.860749
4454,0.576456,0.684767,0.855723
4455,0.638127,0.581666,0.838474
4456,0.563563,0.604250,0.836389
4457,0.586212,0.580701,0.834708
4458,0.613850,0.615800,0.856122
4459,0.559202,0.640097,0.855611
4460,0.638802,0.614468,0.848142
4461,0.604831,0.606159,0.852639
4462,0.616928,0.588907,0.844087
4463,0.628371,0.588565,0.839471
4464,0.601454,0.569081,0.847767
4465,0.636580,0.568690,0.853819
4466,0.617515,0.576682,0.860994
4467,0.561452,0.636213,0.870530
4468,0.619307,0.634373,0.848333
4469,0.605225,0.585190,0.844191
4470,0.585349,0.597787,0.853841
4471,0.582896,0.587363,0.848306
4472,0.606375,0.566604,0.867614
4473,0.614446,0.575617,0.851389
4474,0.604407,0.631245,0.852671
4475,0.604959,0.607889,0.841867
4476,0.654476,0.588948,0.859195
4477,0.619009,0.589460,0.855567
4478,0.591845,0.585752,0.849518
4479,0.596751,0.587249,0.827685
4480,0.588530,0.583163,0.839820
4481,0.630315,0.655377,0.866917
4482,0.628140,0.589732,0.834392
4483,0.682543,0.575136,0.851276
4484,0.622708,0.613049,0.853302
4485,0.626313,0.587446,0.863698
4486,0.610791,0.602773,0.854429
4487,0.618679,0.628321,0.847777
4488,0.581942,0.626374,0.847089
4489,0.575572,0.634929,0.845806
4490,0.604114,0.572775,0.840164
4491,0.595429,0.605761,0.843585
4492,0.644855,0.581697,0.845039
4493,0.596932,0.582278,0.855727
4494,0.618293,0.564960,0.844174
4495,0.618563,0.619042,0.838853
4496,0.608162,0.550135,0.853610
4497,0.627426,0.607835,0.852919
4498,0.575378,0.577018,0.847205
4499,0.595529,0.644734,0.849657
4500,0.655344,0.581517,0.845181
4501,0.574528,0.590521,0.854030
4502,0.613843,0.561821,0.837303
4503,0.576100,0.568399,0.848204
4504,0.605449,0.592192,0.852917
4505,0.595812,0.571470,0.832958
4506,0.642125,0.589762,0.864076
4507,0.568148,0.625029,0.856729
4508,0.642605,0.608569,0.842886
4509,0.615183,0.598704,0.849809
4510,0.649198,0.632558,0.853198
4511,0.616738,0.592057,0.849539
4512,0.614384,0.628630,0.850311
4513,0.605749,0.611746,0.855223
4514,0.597952,0.587053,0.853763
4515,0.612906,0.581763,0.846991
4516,0.599478,0.578289,0.854901
4517,0.631056,0.600290,0.845261
4518,0.588222,0.572341,0.849447
4519,0.559749,0.582322,0.852538
4520,0.646395,0.601268,0.846919
4521,0.641107,0.590906,0.856488
4522,0.577048,0.595870,0.843453
4523,0.633174,0.594212,0.847629
4524,0.628854,0.568166,0.849344
4525,0.602409,0.613241,0.846615
4526,0.621379,0.564866,0.861001
4527,0.590959,0.577944,0.852019
4528,0.592726,0.607082,0.844574
4529,0.589662,0.612994,0.842452
4530,0.591199,0.610524,0.848324
4531,0.582987,0.576959,0.857770
4532,0.576372,0.605361,0.829366
4533,0.588217,0.599172,0.858106
4534,0.619217,0.562637,0.851691
4535,0.603314,0.631453,0.851559
4536,0.573788,0.625166,0.845891
4537,0.609106,0.621655,0.851376
4538,0.543708,0.629401,0.859467
4539,0.651023,0.567418,0.837034
4540,0.561860,0.560425,0.840684
4541,0.648214,0.585823,0.857905
4542,0.576300,0.627696,0.840575
4543,0.574311,0.585031,0.836693
4544,0.583914,0.645603,0.855699
4545,0.565215,0.587769,0.847874
4546,0.554021,0.637951,0.840157
4547,0.657075,0.591927,0.832381
4548,0.605264,0.571072,0.848299
4549,0.580034,0.565854,0.824002
4550,0.591525,0.605254,0.867992
4551,0.606659,0.602839,0.837611
4552,0.606640,0.629216,0.845564
4553,0.606117,0.572607,0.846357
4554,0.586398,0.612259,0.844277
4555,0.594288,0.615594,0.846547
4556,0.610945,0.594799,0.836620
4557,0.619525,0.507265,0.856916
4558,0.608690,0.563764,0.849621
4559,0.658402,0.585466,0.860755
4560,0.550995,0.557721,0.860388
4561,0.568550,0.607661,0.859711
4562,0.598393,0.597749,0.846959
4563,0.618800,0.589160,0.856542
4564,0.621918,0.614085,0.849354
4565,0.640129,0.578585,0.854660
4566,0.593574,0.615729,0.842428
4567,0.582886,0.539514,0.830426
4568,0.602346,0.574315,0.860272
4569,0.628028,0.617237,0.851381
4570,0.593071,0.627195,0.840520
4571,0.574719,0.584191,0.848269
4572,0.661053,0.608910,0.854644
4573,0.639509,0.602307,0.863004
4574,0.567847,0.594897,0.851765
4575,0.637700,0.604810,0.854717
4576,0.542535,0.602108,0.856532
4577,0.622775,0.593689,0.835453
4578,0.583291,0.538425,0.829676
4579,0.610706,0.621591,0.844226
4580,0.596729,0.582214,0.855194
4581,0.600035,0.568566,0.851308
4582,0.599228,0.601715,0.856739
4583,0.641730,0.610129,0.862894
4584,0.649718,0.592013,0.855449
4585,0.619137,0.584537,0.840079
4586,0.604921,0.601723,0.854188
4587,0.609432,0.583652,0.853023
4588,0.575913,0.587113,0.843239
4589,0.613749,0.632796,0.844255
4590,0.593139,0.589098,0.853671
4591,0.643188,0.635870,0.851408
4592,0.633292,0.598335,0.848552
4593,0.617625,0.595626,0.872768
4594,0.575608,0.623743,0.843918
4595,0.656294,0.594218,0.857318
4596,0.605616,0.633780,0.857512
4597,0.571179,0.583488,0.846493
4598,0.575447,0.637827,0.828790
4599,0.536454,0.560118,0.861598
4600,0.630048,0.547371,0.860166
4601,0.601278,0.604915,0.840678
4602,0.594100,0.599549,0.855122
4603,0.619705,0.601427,0.856499
4604,0.616693,0.609528,0.838347
4605,0.593231,0.595756,0.846587
4606,0.606881,0.636988,0.842908
4607,0.590536,0.596730,0.861292
4608,0.551901,0.569109,0.843056
4609,0.632208,0.589340,0.863171
4610,0.577899,0.591170,0.857383
4611,0.590303,0.590264,0.852660
4612,0.619844,0.628746,0.867856
4613,0.599459,0.629991,0.837757
4614,0.597906,0.590223,0.850083
4615,0.581578,0.589024,0.874232
4616,0.585592,0.575955,0.862659
4617,0.568941,0.588196,0.864728
4618,0.624373,0.600672,0.858487
4619,0.596166,0.625211,0.860656
4620,0.635478,0.601089,0.853952
4621,0.582971,0.570631,0.858647
4622,0.580296,0.577394,0.847676
4623,0.617500,0.631776,0.857142
4624,0.587110,0.592598,0.853247
4625,0.596456,0.609304,0.850614
4626,0.642970,0.595527,0.835439
4627,0.597291,0.583103,0.862110
4628,0.584600,0.536325,0.862116
4629,0.591286,0.559745,0.846732
4630,0.587842,0.555995,0.857851
4631,0.522175,0.574233,0.854036
4632,0.617525,0.562308,0.856185
4633,0.600545,0.605468,0.851622
4634,0.584890,0.577349,0.852510
4635,0.590382,0.594808,0.848440
4636,0.590844,0.592544,0.845601
4637,0.576553,0.596725,0.858024
4638,0.619056,0.641855,0.855546
4639,0.600349,0.640101,0.841199
4640,0.596779,0.611836,0.839879
4641,0.631329,0.558568,0.851914
4642,0.638833,0.591068,0.845768
4643,0.626609,0.593975,0.850520
4644,0.586937,0.587568,0.850696
4645,0.601055,0.565128,0.851295
4646,0.610364,0.584889,0.856513
4647,0.591271,0.582539,0.838664
4648,0.635041,0.581552,0.843398
4649,0.599241,0.623275,0.846625
4650,0.603123,0.596371,0.857592
4651,0.606630,0.591572,0.861932
4652,0.638110,0.608832,0.848420
4653,0.578069,0.602563,0.860397
4654,0.590762,0.608258,0.848139
4655,0.595758,0.567767,0.856748
4656,0.624902,0.602286,0.848870
4657,0.609923,0.588081,0.863639
4658,0.570581,0.605155,0.853568
4659,0.608325,0.587743,0.850378
4660,0.606964,0.591821,0.853925
4661,0.621653,0.601800,0.847053
4662,0.583976,0.624230,0.849675
4663,0.641378,0.620821,0.854420
4664,0.687156,0.565671,0.843284
4665,0.593184,0.607034,0.849586
4666,0.624409,0.631600,0.856124
4667,0.675048,0.591486,0.849326
4668,0.652586,0.598472,0.827295
4669,0.639942,0.580732,0.852977
4670,0.607834,0.605290,0.841418
4671,0.641292,0.589004,0.849353
4672,0.578560,0.597958,0.841028
4673,0.640716,0.593957,0.864300
4674,0.585165,0.591945,0.861076
4675,0.620659,0.626411,0.863895
4676,0.675146,0.599200,0.844220
4677,0.588688,0.590969,0.857474
4678,0.640833,0.599377,0.835524
4679,0.610895,0.631228,0.843630
4680,0.622299,0.593304,0.865976
4681,0.631458,0.632606,0.846107
4682,0.568448,0.586187,0.851174
4683,0.628241,0.599729,0.866158
4684,0.586240,0.579657,0.845287
4685,0.577314,0.577634,0.837147
4686,0.629980,0.575801,0.848630
4687,0.637818,0.576402,0.841787
4688,0.616909,0.558330,0.877620
4689,0.586688,0.651381,0.854293
4690,0.653040,0.623643,0.846516
4691,0.554064,0.625685,0.854794
4692,0.621490,0.599997,0.833795
4693,0.568570,0.617060,0.835722
4694,0.619713,0.597542,0.860454
4695,0.600260,0.576937,0.839702
4696,0.645472,0.595467,0.857369
4697,0.616673,0.600225,0.861382
4698,0.593493,0.592813,0.865655
4699,0.604910,0.596347,0.840520
4700,0.607878,0.564847,0.869846
4701,0.643583,0.620690,0.834353
4702,0.595395,0.597533,0.858958
4703,0.595786,0.606861,0.852034
4704,0.611654,0.622122,0.848138
4705,0.611461,0.579963,0.842151
4706,0.632398,0.591021,0.854230
4707,0.622201,0.565197,0.851492
4708,0.572243,0.575881,0.841259
4709,0.599490,0.596363,0.857842
4710,0.646412,0.600359,0.859923
4711,0.570592,0.602059,0.856760
4712,0.584654,0.623706,0.845026
4713,0.587450,0.605547,0.856098
4714,0.634639,0.579333,0.842658
4715,0.604376,0.579468,0.850237
4716,0.629039,0.611382,0.864366
4717,0.591770,0.577985,0.842662
4718,0.658598,0.554849,0.860118
4719,0.649029,0.605232,0.846787
4720,0.613024,0.620933,0.845628
4721,0.567969,0.633727,0.860491
4722,0.632910,0.600631,0.851803
4723,0.615139,0.586054,0.837255
4724,0.599121,0.611424,0.856874
4725,0.586623,0.588517,0.840527
4726,0.612321,0.617286,0.863148
4727,0.611104,0.621915,0.847959
4728,0.602109,0.538293,0.859310
4729,0.620375,0.611029,0.859125
4730,0.616341,0.555884,0.852523
4731,0.617331,0.596613,0.855348
4732,0.612264,0.624979,0.848441
4733,0.610544,0.619412,0.850824
4734,0.591988,0.607888,0.843723
4735,0.604509,0.622562,0.817802
4736,0.670816,0.588156,0.842201
4737,0.614333,0.553953,0.847787
4738,0.638960,0.631983,0.847692
4739,0.617759,0.557757,0.840217
4740,0.605208,0.577412,0.852524
4741,0.569902,0.591463,0.849585
4742,0.551205,0.588494,0.841463
4743,0.617694,0.598920,0.841099
4744,0.675502,0.592980,0.855686
4745,0.620908,0.625223,0.851241
4746,0.619473,0.546705,0.835588
4747,0.558766,0.606961,0.839186
4748,0.581333,0.592249,0.844909
4749,0.636428,0.558168,0.849211
4750,0.560094,0.591119,0.858161
4751,0.587551,0.604045,0.847970
4752,0.538084,0.591754,0.844823
4753,0.619378,0.601448,0.850167
4754,0.643933,0.568778,0.847526
4755,0.586566,0.620092,0.866560
4756,0.641086,0.603411,0.843065
4757,0.639416,0.601353,0.843195
4758,0.569700,0.576330,0.867497
4759,0.617142,0.624557,0.851315
4760,0.630986,0.626255,0.866702
4761,0.571769,0.589660,0.866514
4762,0.580111,0.586393,0.862967
4763,0.603253,0.607349,0.836569
4764,0.599487,0.611314,0.867841
4765,0.614446,0.582665,0.855885
4766,0.623298,0.612552,0.856447
4767,0.624085,0.591700,0.855748
4768,0.691527,0.545759,0.836793
4769,0.633271,0.614716,0.851107
4770,0.612856,0.616527,0.849533
4771,0.602190,0.601722,0.854614
4772,0.578533,0.589703,0.848272
4773,0.580850,0.565525,0.833992
4774,0.625695,0.602730,0.841522
4775,0.650453,0.621294,0.844128
4776,0.570289,0.546246,0.857539
4777,0.598075,0.570561,0.855319
4778,0.631418,0.598063,0.838505
4779,0.596076,0.580710,0.858695
4780,0.599237,0.583671,0.826341
4781,0.607639,0.577079,0.843524
4782,0.628211,0.591437,0.834303
4783,0.611621,0.548078,0.854333
4784,0.581136,0.589662,0.853126
4785,0.608023,0.600056,0.839812
4786,0.588577,0.619535,0.844824
4787,0.629032,0.586024,0.843699
4788,0.580701,0.641358,0.853749
4789,0.557251,0.589256,0.848501
4790,0.599845,0.588826,0.849733
4791,0.593630,0.581377,0.852037
4792,0.620338,0.584291,0.847879
4793,0.566063,0.595047,0.854092
4794,0.621735,0.580247,0.848073
4795,0.621550,0.603811,0.864056
4796,0.617602,0.577307,0.846445
4797,0.638716,0.614656,0.841197
4798,0.595173,0.565923,0.861235
4799,0.675054,0.601104,0.862543
4800,0.610938,0.593943,0.843406
4801,0.604370,0.592351,0.837131
4802,0.637349,0.606327,0.856476
4803,0.589579,0.602967,0.845956
4804,0.597022,0.555187,0.852342
4805,0.571403,0.578873,0.853837
4806,0.619212,0.602573,0.861552
4807,0.604397,0.606804,0.849234
4808,0.581440,0.617982,0.844277
4809,0.574658,0.610648,0.855441
4810,0.566896,0.595230,0.854668
4811,0.641911,0.552245,0.844919
4812,0.571142,0.543720,0.847680
4813,0.604780,0.611693,0.851611
4814,0.610868,0.570407,0.844668
4815,0.608405,0.623770,0.846911
4816,0.613573,0.595988,0.841240
4817,0.633781,0.613084,0.864720
4818,0.592661,0.569046,0.853668
4819,0.602529,0.560052,0.861751
4820,0.638879,0.592711,0.854070
4821,0.626292,0.596827,0.841132
4822,0.581756,0.541091,0.848865
4823,0.564461,0.601889,0.843097
4824,0.585111,0.583505,0.853361
4825,0.622986,0.561184,0.852442
4826,0.625469,0.560256,0.843862
4827,0.593889,0.551136,0.853965
4828,0.603912,0.592982,0.849278
4829,0.604897,0.598339,0.845306
4830,0.584876,0.605277,0.848767
4831,0.596543,0.628165,0.858871
4832,0.598941,0.554707,0.839631
4833,0.588989,0.602359,0.862922
4834,0.581102,0.618245,0.865362
4835,0.640630,0.578515,0.850654
4836,0.614303,0.595972,0.856335
4837,0.584509,0.583864,0.856857
4838,0.611840,0.590583,0.832952
4839,0.603891,0.566825,0.837467
4840,0.641083,0.622287,0.850270
4841,0.644718,0.600258,0.844383
4842,0.563757,0.580961,0.850763
4843,0.597338,0.609936,0.854337
4844,0.623286,0.591404,0.851215
4845,0.594572,0.594687,0.865932
4846,0.624918,0.543760,0.855040
4847,0.580241,0.590789,0.858572
4848,0.588480,0.603477,0.860890
4849,0.604268,0.599967,0.833721
4850,0.620046,0.539421,0.859526
4851,0.621212,0.591240,0.851130
4852,0.595769,0.617270,0.842598
4853,0.595170,0.577770,0.859853
4854,0.605699,0.595077,0.843619
4855,0.627932,0.601812,0.845695
4856,0.636743,0.602377,0.855035
4857,0.650669,0.621254,0.854980
4858,0.657697,0.567699,0.833370
4859,0.571237,0.592759,0.840436
4860,0.614995,0.602166,0.861214
4861,0.572572,0.623786,0.862484
4862,0.613145,0.593686,0.858234
4863,0.613489,0.597069,0.859554
4864,0.638012,0.578503,0.850893
4865,0.656558,0.566057,0.848846
4866,0.569102,0.615696,0.853415
4867,0.642964,0.549981,0.834207
4868,0.556404,0.604172,0.853652
4869,0.646312,0.609821,0.851731
4870,0.595828,0.626855,0.849338
4871,0.634363,0.564657,0.845663
4872,0.557420,0.620970,0.856014
4873,0.615990,0.583509,0.865787
4874,0.635099,0.601418,0.846834
4875,0.642042,0.614205,0.849363
4876,0.606172,0.632068,0.851360
4877,0.600378,0.591890,0.845172
4878,0.571824,0.602500,0.855721
4879,0.583294,0.611270,0.831610
4880,0.611908,0.561218,0.848710
4881,0.611999,0.565415,0.842670
4882,0.603791,0.583147,0.848137
4883,0.576518,0.583746,0.840328
4884,0.635640,0.536468,0.847373
4885,0.618356,0.594359,0.831319
4886,0.608916,0.578177,0.855531
4887,0.577107,0.595372,0.851275
4888,0.624069,0.654553,0.851656
4889,0.598129,0.597051,0.858484
4890,0.614629,0.532484,0.839671
4891,0.605679,0.617370,0.847381
4892,0.570132,0.594661,0.854984
4893,0.641112,0.564387,0.852792
4894,0.595776,0.601832,0.861432
4895,0.621923,0.609545,0.848096
4896,0.616831,0.627195,0.864336
4897,0.603309,0.619676,0.859865
4898,0.613988,0.585199,0.853689
4899,0.615749,0.588843,0.857778
4900,0.604335,0.589371,0.839321
4901,0.600595,0.606735,0.841146
4902,0.597641,0.594637,0.862121
4903,0.608222,0.635795,0.846831
4904,0.592890,0.575951,0.834076
4905,0.607719,0.592532,0.854711
4906,0.621150,0.628476,0.848356
4907,0.617777,0.584056,0.857495
4908,0.573449,0.609455,0.839635
4909,0.617747,0.593424,0.838172
4910,0.631351,0.627295,0.850971
4911,0.601638,0.615105,0.854066
4912,0.592655,0.576035,0.845092
4913,0.656747,0.640141,0.863689
4914,0.605804,0.586575,0.851179
4915,0.571950,0.589370,0.844715
4916,0.592373,0.566512,0.862611
4917,0.607306,0.614302,0.850035
4918,0.616970,0.583409,0.849255
4919,0.637453,0.613799,0.847310
4920,0.614868,0.553863,0.851334
4921,0.649155,0.631695,0.858230
4922,0.591027,0.610751,0.843447
4923,0.626673,0.604723,0.822303
4924,0.615161,0.583926,0.860933
4925,0.601864,0.603532,0.853295
4926,0.576530,0.637537,0.848849
4927,0.643719,0.554906,0.851160
4928,0.593074,0.584883,0.858356
4929,0.633997,0.635373,0.848996
4930,0.606297,0.588526,0.837612
4931,0.558332,0.598431,0.843104
4932,0.619277,0.616042,0.857624
4933,0.670107,0.582399,0.853925
4934,0.587091,0.590305,0.850330
4935,0.647241,0.591495,0.858629
4936,0.641677,0.604533,0.853682
4937,0.609476,0.566524,0.863264
4938,0.570372,0.584110,0.835588
4939,0.639378,0.583188,0.853346
4940,0.609224,0.590454,0.869735
4941,0.625431,0.621130,0.854162
4942,0.624111,0.586757,0.865445
4943,0.562348,0.573012,0.851821
4944,0.655454,0.596262,0.863978
4945,0.577415,0.591422,0.844828
4946,0.605658,0.581431,0.845070
4947,0.569990,0.578709,0.845465
4948,0.615725,0.577343,0.852467
4949,0.609757,0.590057,0.853842
4950,0.608188,0.609910,0.861965
4951,0.643283,0.603821,0.844042
4952,0.559714,0.589968,0.856481
4953,0.562684,0.572734,0.861327
4954,0.583258,0.637940,0.857850
4955,0.644913,0.574308,0.844796
4956,0.597249,0.612388,0.844755
4957,0.589301,0.569215,0.861650
4958,0.597255,0.629154,0.833407
4959,0.592403,0.559596,0.857678
4960,0.597096,0.617622,0.853120
4961,0.555783,0.641577,0.845147
4962,0.615468,0.597832,0.860175
4963,0.574708,0.606003,0.862341
4964,0.561609,0.601406,0.862118
4965,0.594912,0.566707,0.848734
4966,0.644738,0.599464,0.850456
4967,0.569517,0.552428,0.843261
4968,0.590737,0.599785,0.841049
4969,0.629557,0.593096,0.849383
4970,0.575079,0.616146,0.862870
4971,0.609943,0.609772,0.846096
4972,0.633318,0.564319,0.841672
4973,0.641424,0.573194,0.846836
4974,0.579549,0.550192,0.854891
4975,0.623188,0.561395,0.831103
4976,0.594638,0.599870,0.866758
4977,0.609744,0.552587,0.853115
4978,0.599988,0.597469,0.861064
4979,0.609843,0.607427,0.833501
4980,0.601439,0.608110,0.855454
4981,0.578709,0.580794,0.842945
4982,0.592179,0.582590,0.862638
4983,0.594046,0.585519,0.853868
4984,0.569808,0.618579,0.844563
4985,0.587883,0.591657,0.859280
4986,0.629653,0.554285,0.858136
4987,0.600038,0.604522,0.850776
4988,0.616092,0.571348,0.840132
4989,0.580519,0.599837,0.863755
4990,0.585806,0.572872,0.846889
4991,0.605685,0.603417,0.844649
4992,0.594280,0.609361,0.842137
4993,0.625018,0.591639,0.836369
4994,0.625947,0.604654,0.874854
4995,0.601012,0.651129,0.843818
4996,0.607042,0.592081,0.859630
4997,0.621060,0.581547,0.824393
4998,0.656840,0.585734,0.853707
4999,0.612896,0.607648,0.842921
5000,0.613161,0.623100,0.856546
5001,0.592879,0.610042,0.840969
5002,0.579628,0.568514,0.868521
5003,0.556085,0.592392,0.848046
5004,0.590168,0.598368,0.837326
5005,0.620867,0.565756,0.834214
5006,0.612108,0.561079,0.840947
5007,0.647852,0.606268,0.833574
5008,0.612592,0.593580,0.855689
5009,0.560601,0.577480,0.856247
5010,0.579783,0.600647,0.837746
5011,0.631463,0.595604,0.865661
5012,0.613538,0.573426,0.847963
5013,0.626768,0.617101,0.840989
5014,0.594798,0.575218,0.855354
5015,0.617612,0.600532,0.852774
5016,0.600263,0.604194,0.844008
5017,0.593434,0.578128,0.828599
5018,0.624988,0.546375,0.863012
5019,0.624956,0.597640,0.854276
5020,0.602646,0.603188,0.853362
5021,0.592049,0.632241,0.844481
5022,0.623957,0.628799,0.855416
5023,0.629610,0.587721,0.850419
5024,0.609246,0.597020,0.855467
5025,0.587172,0.580156,0.855213
5026,0.580597,0.565972,0.822112
5027,0.570633,0.569640,0.853199
5028,0.627845,0.559126,0.855718
5029,0.666292,0.618497,0.862935
5030,0.566340,0.612379,0.866342
5031,0.571436,0.574484,0.846974
5032,0.665776,0.578229,0.834344
5033,0.607929,0.603151,0.873258
5034,0.604282,0.636426,0.849028
5035,0.638108,0.581663,0.850631
5036,0.607259,0.575638,0.835162
5037,0.598959,0.578160,0.846212
5038,0.577420,0.567646,0.847187
5039,0.547932,0.635728,0.849999
5040,0.624499,0.603979,0.846466
5041,0.604348,0.657863,0.852940
5042,0.612146,0.555059,0.840451
5043,0.645176,0.595974,0.843122
5044,0.616286,0.592942,0.853409
5045,0.607714,0.627845,0.863315
5046,0.593614,0.564270,0.865172
5047,0.611783,0.580150,0.855994
5048,0.602687,0.590679,0.847923
5049,0.604416,0.583412,0.848430
5050,0.603413,0.613387,0.856715
5051,0.628604,0.626715,0.864996
5052,0.620477,0.579244,0.838829
5053,0.652837,0.629529,0.841988
5054,0.593259,0.540032,0.846424
5055,0.612566,0.552105,0.844173
5056,0.529233,0.598166,0.840230
5057,0.577261,0.589179,0.853839
5058,0.605088,0.620576,0.849903
5059,0.558362,0.579654,0.849370
5060,0.599244,0.591291,0.841015
5061,0.599265,0.590510,0.859870
5062,0.648118,0.595045,0.851247
5063,0.565342,0.594652,0.855579
5064,0.569010,0.586755,0.850889
5065,0.575969,0.623010,0.850703
5066,0.556570,0.594629,0.828288
5067,0.600150,0.581330,0.865744
5068,0.639142,0.594305,0.847126
5069,0.607404,0.576947,0.855492
5070,0.615492,0.583867,0.858412
5071,0.613043,0.613490,0.848942
5072,0.608302,0.574552,0.840040
5073,0.551477,0.585866,0.859518
5074,0.537894,0.601354,0.848667
5075,0.608574,0.604906,0.848464
5076,0.637298,0.591547,0.846346
5077,0.661859,0.598621,0.861479
5078,0.613425,0.571207,0.846226
5079,0.626009,0.599240,0.857593
5080,0.625529,0.594139,0.861925
5081,0.579660,0.625623,0.853542
5082,0.574935,0.583248,0.852136
5083,0.615182,0.616144,0.839086
5084,0.653363,0.545570,0.851621
5085,0.628532,0.605288,0.858058
5086,0.529287,0.559787,0.851037
5087,0.562802,0.583954,0.852064
5088,0.617709,0.622376,0.845443
5089,0.605939,0.587918,0.859259
5090,0.601898,0.548658,0.842044
5091,0.609118,0.613062,0.844428
5092,0.610787,0.577088,0.850523
5093,0.548700,0.593965,0.850687
5094,0.608488,0.554245,0.850195
5095,0.599985,0.548444,0.855115
5096,0.651815,0.626534,0.858385
5097,0.637353,0.605296,0.858506
5098,0.621869,0.593701,0.847825
5099,0.608964,0.623509,0.852642
5100,0.530973,0.603090,0.862361
5101,0.545743,0.616695,0.860863
5102,0.641265,0.622641,0.851111
5103,0.595051,0.589862,0.857863
5104,0.632935,0.575836,0.833854
5105,0.606313,0.576164,0.852197
5106,0.623926,0.559333,0.856140
5107,0.623067,0.593119,0.853402
5108,0.574188,0.575024,0.852334
5109,0.610488,0.606300,0.845314
5110,0.608556,0.615748,0.853117
5111,0.595641,0.582997,0.849581
5112,0.606966,0.590371,0.857180
5113,0.625693,0.629487,0.833995
5114,0.585945,0.587781,0.847028
5115,0.616972,0.592741,0.862157
5116,0.586362,0.625784,0.845427
5117,0.625717,0.580457,0.849000
5118,0.584215,0.585884,0.836731
5119,0.604470,0.595207,0.837061
5120,0.576978,0.588110,0.845858
5121,0.586943,0.591589,0.843563
5122,0.600355,0.617324,0.832600
5123,0.615115,0.590295,0.835501
5124,0.573218,0.624300,0.844365
5125,0.633181,0.566531,0.852882
5126,0.604258,0.582171,0.856965
5127,0.567356,0.632903,0.859384
5128,0.576852,0.577363,0.849602
5129,0.595029,0.590711,0.867122
5130,0.675654,0.618982,0.851508
5131,0.642800,0.588020,0.838661
5132,0.592216,0.584033,0.845874
5133,0.549601,0.554266,0.845958
5134,0.625868,0.586134,0.856277
5135,0.581148,0.603026,0.852803
5136,0.602593,0.603685,0.853691
5137,0.636254,0.560861,0.878027
5138,0.580465,0.569159,0.842080
5139,0.656266,0.589958,0.848896
5140,0.615943,0.551930,0.838247
5141,0.565835,0.619051,0.866036
5142,0.601148,0.630592,0.852270
5143,0.612872,0.574126,0.860549
5144,0.629204,0.625101,0.861251
5145,0.589105,0.609834,0.845534
5146,0.632315,0.568849,0.844318
5147,0.641575,0.609830,0.843647
5148,0.640208,0.580974,0.844801
5149,0.603324,0.589641,0.838071
5150,0.659815,0.564030,0.849621
5151,0.616258,0.572666,0.849222
5152,0.620892,0.632049,0.833615
5153,0.619427,0.572082,0.848539
5154,0.543622,0.611728,0.837240
5155,0.610868,0.579087,0.857184
5156,0.592247,0.616168,0.865114
5157,0.582514,0.592835,0.850799
5158,0.640597,0.576036,0.847614
5159,0.597581,0.580560,0.833070
5160,0.616011,0.610116,0.829811
5161,0.647543,0.590630,0.854864
5162,0.530898,0.567985,0.841234
5163,0.607601,0.642889,0.835020
5164,0.610540,0.591192,0.853215
5165,0.600138,0.581443,0.839359
5166,0.667435,0.585201,0.855350
5167,0.556707,0.580723,0.853195
5168,0.600036,0.590208,0.830379
5169,0.593080,0.547805,0.849046
5170,0.557605,0.593952,0.846235
5171,0.611513,0.578561,0.844657
5172,0.640187,0.569971,0.860027
5173,0.612316,0.610619,0.860068
5174,0.615871,0.586362,0.859078
5175,0.618354,0.585720,0.850614
5176,0.567950,0.575626,0.835938
5177,0.643023,0.603111,0.850503
5178,0.647767,0.563628,0.849236
5179,0.647089,0.574576,0.841627
5180,0.631944,0.621489,0.857304
5181,0.624068,0.577647,0.856178
5182,0.570357,0.608197,0.857546
5183,0.639758,0.602041,0.837650
5184,0.588950,0.592960,0.850136
5185,0.541449,0.587206,0.852861
5186,0.645706,0.592493,0.860226
5187,0.612337,0.618110,0.843735
5188,0.592341,0.578921,0.856934
5189,0.629528,0.540574,0.863911
5190,0.605376,0.559387,0.847359
5191,0.596070,0.589569,0.852835
5192,0.562489,0.607059,0.844521
5193,0.655681,0.584721,0.854714
5194,0.566846,0.587251,0.862833
5195,0.635416,0.575349,0.855125
5196,0.606504,0.565256,0.859735
5197,0.595946,0.581423,0.840271
5198,0.598513,0.609807,0.851234
5199,0.610066,0.612917,0.855395
5200,0.618453,0.605217,0.845245
5201,0.608809,0.602908,0.854787
5202,0.581840,0.570762,0.836824
5203,0.597525,0.606742,0.848848
5204,0.616561,0.609631,0.856376
5205,0.638238,0.623513,0.850314
5206,0.638291,0.577713,0.852017
5207,0.640930,0.574793,0.849056
5208,0.596263,0.568995,0.850651
5209,0.593455,0.620865,0.853063
5210,0.564613,0.603642,0.858970
5211,0.634202,0.626932,0.848116
5212,0.571468,0.588478,0.842557
5213,0.634808,0.597542,0.849037
5214,0.608061,0.578679,0.839514
5215,0.634245,0.583103,0.867263
5216,0.602422,0.579168,0.848559
5217,0.594251,0.602989,0.853916
5218,0.591177,0.611497,0.853299
5219,0.607656,0.622743,0.837057
5220,0.641755,0.590250,0.853517
5221,0.589510,0.635015,0.849575
5222,0.611199,0.573651,0.860253
5223,0.597951,0.571493,0.836500
5224,0.584475,0.571625,0.847008
5225,0.594324,0.572984,0.846925
5226,0.590772,0.576747,0.838666
5227,0.659305,0.581831,0.841373
5228,0.608453,0.609603,0.857370
5229,0.647659,0.580110,0.831299
5230,0.635687,0.580392,0.849637
5231,0.647228,0.517116,0.835252
5232,0.580703,0.587551,0.856365
5233,0.636513,0.631259,0.842812
5234,0.618416,0.593668,0.846548
5235,0.584454,0.588327,0.837876
5236,0.624549,0.578597,0.851320
5237,0.625483,0.600900,0.867224
5238,0.645455,0.561898,0.864699
5239,0.641579,0.610871,0.842626
5240,0.624366,0.644343,0.847142
5241,0.583455,0.567759,0.829998
5242,0.582016,0.614761,0.839534
5243,0.622940,0.570417,0.853110
5244,0.580003,0.607506,0.853096
5245,0.635270,0.579408,0.860055
5246,0.603582,0.590948,0.835621
5247,0.642074,0.586520,0.841300
5248,0.620034,0.598475,0.840921
5249,0.637101,0.620662,0.851495
5250,0.598494,0.624159,0.860192
5251,0.648472,0.613459,0.842926
5252,0.589348,0.578771,0.862349
5253,0.606367,0.605444,0.856940
5254,0.623069,0.609374,0.855046
5255,0.632043,0.582834,0.844335
5256,0.650760,0.606048,0.858199
5257,0.592125,0.659537,0.850328
5258,0.625977,0.563340,0.858266
5259,0.575626,0.604861,0.852069
5260,0.617312,0.551781,0.836336
5261,0.577043,0.586540,0.834427
5262,0.603190,0.602287,0.842044
5263,0.597873,0.629596,0.844990
5264,0.603062,0.614119,0.851409
5265,0.604360,0.577844,0.860335
5266,0.626365,0.575229,0.844982
5267,0.606468,0.605840,0.869207
5268,0.605599,0.590920,0.829307
5269,0.604464,0.618100,0.852208
5270,0.614235,0.579011,0.853496
5271,0.599030,0.616975,0.845183
5272,0.620266,0.619895,0.827840
5273,0.621721,0.562467,0.843755
5274,0.598802,0.612679,0.846896
5275,0.604207,0.632236,0.848299
5276,0.604958,0.622363,0.854561
5277,0.596291,0.596482,0.842599
5278,0.579935,0.569802,0.849057
5279,0.586468,0.592307,0.853452
5280,0.590132,0.602422,0.848032
5281,0.574033,0.605634,0.840313
5282,0.613769,0.614279,0.850565
5283,0.626989,0.644337,0.854585
5284,0.614313,0.580996,0.849340
5285,0.627424,0.598789,0.839606
5286,0.600318,0.613430,0.850031
5287,0.624371,0.632911,0.855585
5288,0.543687,0.615894,0.836784
5289,0.612468,0.608422,0.836215
5290,0.651622,0.634510,0.843118
5291,0.580039,0.603642,0.840944
5292,0.596905,0.563672,0.850525
5293,0.613537,0.616769,0.857202
5294,0.601684,0.599569,0.858796
5295,0.625801,0.608867,0.850128
5296,0.610296,0.591819,0.860719
5297,0.614461,0.611673,0.850922
5298,0.581259,0.599407,0.841209
5299,0.564008,0.594087,0.851987
5300,0.650397,0.612635,0.846522
5301,0.620639,0.601138,0.853595
5302,0.624431,0.597281,0.850047
5303,0.579219,0.591326,0.840230
5304,0.620179,0.605582,0.864658
5305,0.602047,0.564588,0.861347
5306,0.597965,0.615636,0.851458
5307,0.613288,0.591479,0.869878
5308,0.648194,0.578315,0.851357
5309,0.597241,0.607427,0.848934
5310,0.597490,0.600248,0.847064
5311,0.648483,0.598913,0.849980
5312,0.576951,0.576405,0.860033
5313,0.644683,0.641071,0.843251
5314,0.599072,0.591475,0.843177
5315,0.583350,0.588099,0.859928
5316,0.639378,0.603221,0.834126
5317,0.578649,0.585547,0.860797
5318,0.561281,0.609879,0.845895
5319,0.600347,0.595981,0.856278
5320,0.592078,0.552891,0.860716
5321,0.589764,0.617900,0.865368
5322,0.605086,0.585115,0.858503
5323,0.595839,0.609177,0.854832
5324,0.623837,0.626985,0.843034
5325,0.627498,0.556950,0.862060
5326,0.579195,0.603478,0.868284
5327,0.590628,0.609257,0.850943
5328,0.550803,0.622681,0.857698
5329,0.619413,0.647426,0.845419
5330,0.617062,0.593557,0.827156
5331,0.610744,0.598034,0.866933
5332,0.594462,0.592711,0.858120
5333,0.593493,0.565101,0.857055
5334,0.639738,0.600590,0.831354
5335,0.610487,0.602321,0.847059
5336,0.576187,0.542610,0.840972
5337,0.586567,0.568428,0.839493
5338,0.574810,0.610375,0.838275
5339,0.623911,0.584558,0.842092
5340,0.593738,0.656742,0.844019
5341,0.617885,0.605678,0.844442
5342,0.572216,0.533081,0.840831
5343,0.665141,0.610110,0.828750
5344,0.598960,0.612888,0.849726
5345,0.626217,0.592559,0.864110
5346,0.592286,0.556432,0.853087
5347,0.553275,0.573650,0.860569
5348,0.626142,0.586919,0.865484
5349,0.551180,0.598433,0.872931
5350,0.643902,0.605046,0.841903
5351,0.620605,0.610373,0.850906
5352,0.562311,0.568693,0.851862
5353,0.627277,0.587990,0.852661
5354,0.655482,0.571238,0.845805
5355,0.610693,0.610731,0.848914
5356,0.611066,0.611299,0.849366
5357,0.607474,0.602138,0.856903
5358,0.590407,0.622246,0.849005
5359,0.640109,0.602255,0.849662
5360,0.573048,0.587215,0.835460
5361,0.603820,0.564585,0.860094
5362,0.604983,0.613206,0.856555
5363,0.616560,0.592586,0.851540
5364,0.595685,0.595476,0.859072
5365,0.610734,0.615421,0.853389
5366,0.567182,0.600993,0.852444
5367,0.581740,0.636410,0.838881
5368,0.542612,0.574343,0.861294
5369,0.603857,0.593290,0.844483
5370,0.605439,0.577252,0.863640
5371,0.570345,0.599635,0.846011
5372,0.557611,0.619909,0.832108
5373,0.579081,0.567492,0.866877
5374,0.572763,0.584332,0.865082
5375,0.649293,0.624749,0.868281
5376,0.571416,0.589668,0.853774
5377,0.581857,0.618343,0.846720
5378,0.611150,0.585017,0.849107
5379,0.614632,0.614424,0.853103
5380,0.593439,0.599279,0.840764
5381,0.609698,0.539720,0.848656
5382,0.654634,0.586716,0.845331
5383,0.608035,0.610006,0.856443
5384,0.580870,0.618552,0.846423
5385,0.631847,0.585704,0.853271
5386,0.635536,0.592237,0.844282
5387,0.630805,0.586278,0.858504
5388,0.576156,0.576345,0.854493
5389,0.580035,0.613698,0.848518
5390,0.554677,0.621860,0.845727
5391,0.601486,0.623046,0.853220
5392,0.636180,0.604644,0.844364
5393,0.588974,0.579582,0.852176
5394,0.647029,0.610443,0.863108
5395,0.575249,0.630321,0.865165
5396,0.658231,0.589127,0.833582
5397,0.642432,0.620094,0.842635
5398,0.575923,0.585702,0.848010
5399,0.605294,0.571178,0.841534
5400,0.627320,0.583435,0.855926
5401,0.608562,0.620167,0.852081
5402,0.586935,0.605732,0.844355
5403,0.622595,0.601932,0.865961
5404,0.592856,0.526851,0.849455
5405,0.605435,0.645185,0.850915
5406,0.591605,0.596967,0.860497
5407,0.594803,0.595508,0.841955
5408,0.596422,0.552134,0.860020
5409,0.579260,0.581977,0.858861
5410,0.614058,0.591131,0.848465
5411,0.637441,0.587744,0.860112
5412,0.612375,0.628035,0.831832
5413,0.600171,0.593398,0.844867
5414,0.577670,0.571017,0.850661
5415,0.644432,0.585820,0.853941
5416,0.536161,0.587252,0.839319
5417,0.653413,0.611641,0.850380
5418,0.589885,0.650975,0.852981
5419,0.618613,0.619283,0.842095
5420,0.623188,0.638515,0.857558
5421,0.632417,0.609714,0.850481
5422,0.625257,0.578310,0.854201
5423,0.572012,0.608680,0.848550
5424,0.547220,0.579351,0.839046
5425,0.610618,0.550562,0.841035
5426,0.652727,0.578170,0.852584
5427,0.648615,0.611063,0.854756
5428,0.592821,0.600508,0.862316
5429,0.635738,0.573362,0.844489
5430,0.602375,0.568856,0.850414
5431,0.614629,0.600302,0.838365
5432,0.585052,0.600183,0.844758
5433,0.629871,0.577895,0.841901
5434,0.594502,0.606474,0.838451
5435,0.611257,0.552797,0.846619
5436,0.557438,0.595031,0.848032
5437,0.635633,0.577964,0.827896
5438,0.594129,0.580165,0.858532
5439,0.591405,0.600834,0.856078
5440,0.584768,0.610498,0.850246
5441,0.662976,0.595149,0.864818
5442,0.628794,0.612328,0.842671
5443,0.637178,0.631495,0.839810
5444,0.599670,0.572605,0.857668
5445,0.576484,0.601937,0.843769
5446,0.583614,0.592472,0.835357
5447,0.577886,0.608904,0.853670
5448,0.591104,0.582975,0.867211
5449,0.583352,0.601220,0.846930
5450,0.615399,0.588767,0.839809
5451,0.615073,0.603996,0.847801
5452,0.613918,0.593501,0.849595
5453,0.624325,0.586088,0.853356
5454,0.603010,0.644675,0.840783
5455,0.619348,0.583872,0.854166
5456,0.601524,0.602739,0.838113
5457,0.616129,0.612914,0.843713
5458,0.624747,0.598103,0.867371
5459,0.646424,0.623546,0.859494
5460,0.590082,0.566581,0.860346
5461,0.588768,0.626504,0.856313
5462,0.560025,0.610208,0.872511
5463,0.624195,0.606748,0.851762
5464,0.623731,0.612665,0.851590
5465,0.600708,0.580834,0.851298
5466,0.611657,0.594152,0.836393
5467,0.594571,0.646732,0.850046
5468,0.544462,0.589804,0.861043
5469,0.618358,0.576668,0.841234
5470,0.569540,0.613779,0.860505
5471,0.607359,0.566065,0.847286
5472,0.597394,0.597018,0.831100
5473,0.589840,0.621776,0.839323
5474,0.643102,0.552949,0.861137
5475,0.614982,0.571735,0.847130
5476,0.571480,0.591118,0.841540
5477,0.612220,0.587810,0.867571
5478,0.611624,0.574918,0.853108
5479,0.575864,0.587077,0.858719
5480,0.602222,0.597745,0.835177
5481,0.621352,0.613492,0.835288
5482,0.631294,0.597467,0.849860
5483,0.578026,0.585553,0.843334
5484,0.630328,0.598133,0.850123
5485,0.627718,0.590199,0.850392
5486,0.613347,0.600290,0.862942
5487,0.638625,0.567524,0.845468
5488,0.593028,0.578918,0.863686
5489,0.595771,0.575792,0.861011
5490,0.560619,0.602676,0.864819
5491,0.658236,0.637727,0.842348
5492,0.572789,0.600461,0.830776
5493,0.588250,0.550678,0.847622
5494,0.636427,0.608556,0.840295
5495,0.605447,0.589289,0.842667
5496,0.593491,0.618697,0.842827
5497,0.595507,0.600791,0.849532
5498,0.642324,0.645515,0.856083
5499,0.605467,0.628677,0.849101
5500,0.633409,0.609341,0.858408
5501,0.650632,0.596411,0.859433
5502,0.607417,0.578766,0.854546
5503,0.566872,0.616713,0.848500
5504,0.614521,0.585389,0.854837
5505,0.594642,0.612841,0.855353
5506,0.613756,0.582516,0.856565
5507,0.631420,0.590261,0.843710
5508,0.594864,0.633589,0.833266
5509,0.653354,0.581271,0.858660
5510,0.632814,0.591989,0.843195
5511,0.624823,0.615719,0.851240
5512,0.625633,0.592802,0.854303
5513,0.610783,0.602770,0.861762
5514,0.634881,0.565468,0.852662
5515,0.625222,0.595966,0.843829
5516,0.629453,0.593693,0.852524
5517,0.591350,0.583264,0.843398
5518,0.590447,0.595077,0.860209
5519,0.568219,0.592832,0.855972
5520,0.622374,0.619213,0.838596
5521,0.610944,0.592064,0.849015
5522,0.584009,0.609401,0.848130
5523,0.660514,0.551452,0.849401
5524,0.602941,0.585649,0.847665
5525,0.599040,0.571125,0.850512
5526,0.588200,0.583466,0.839345
5527,0.604375,0.611376,0.853543
5528,0.596178,0.582300,0.848140
5529,0.610934,0.585663,0.849790
5530,0.613739,0.607902,0.853392
5531,0.616271,0.582890,0.856720
5532,0.598557,0.594043,0.854252
5533,0.629354,0.596124,0.847308
5534,0.618748,0.588999,0.853963
5535,0.633425,0.578851,0.848085
5536,0.574019,0.601792,0.838562
5537,0.652254,0.592306,0.848829
5538,0.556686,0.611015,0.865391
5539,0.644289,0.556989,0.848807
5540,0.634081,0.613241,0.847535
5541,0.613528,0.572968,0.852397
5542,0.587752,0.615011,0.856442
5543,0.634500,0.575798,0.848390
5544,0.567605,0.581256,0.859425
5545,0.634137,0.576973,0.864015
5546,0.665571,0.582830,0.850594
5547,0.603974,0.621155,0.859427
5548,0.615430,0.620794,0.851273
5549,0.589623,0.558146,0.842479
5550,0.590326,0.621998,0.846824
5551,0.629700,0.592972,0.840358
5552,0.593152,0.561626,0.848632
5553,0.607959,0.607247,0.830249
5554,0.596335,0.603361,0.848734
5555,0.595944,0.608609,0.841372
5556,0.629666,0.602540,0.844733
5557,0.611738,0.577827,0.863324
5558,0.628457,0.621090,0.848527
5559,0.596335,0.593610,0.833229
5560,0.634167,0.587325,0.845238
5561,0.609494,0.640086,0.854920
5562,0.615033,0.572075,0.849289
5563,0.622426,0.601016,0.842325
5564,0.606549,0.587849,0.841338
5565,0.608449,0.556356,0.851735
5566,0.591374,0.624923,0.856664
5567,0.630297,0.623379,0.858688
5568,0.589468,0.562437,0.865910
5569,0.603305,0.596388,0.847164
5570,0.582518,0.621902,0.844210
5571,0.620021,0.594163,0.856504
5572,0.604015,0.603677,0.850087
5573,0.633424,0.606605,0.849838
5574,0.594289,0.560098,0.851168
5575,0.594946,0.559505,0.855940
5576,0.637295,0.623586,0.865832
5577,0.638286,0.614299,0.850648
5578,0.573964,0.620796,0.839622
5579,0.573808,0.571369,0.838744
5580,0.606132,0.568426,0.865191
5581,0.608918,0.592345,0.849700
5582,0.636823,0.616912,0.842616
5583,0.659033,0.572818,0.861749
5584,0.615295,0.540955,0.851064
5585,0.604273,0.620842,0.851502
5586,0.585484,0.606816,0.838703
5587,0.610471,0.577023,0.833280
5588,0.571169,0.608148,0.836297
5589,0.607730,0.638683,0.835947
5590,0.638460,0.563100,0.836886
5591,0.638750,0.555186,0.849331
5592,0.641328,0.592851,0.836724
5593,0.626982,0.620946,0.856023
5594,0.607712,0.607972,0.861498
5595,0.608803,0.575739,0.833433
5596,0.617541,0.592165,0.850439
5597,0.574123,0.594654,0.843524
5598,0.597899,0.560720,0.850871
5599,0.595816,0.606089,0.843108
5600,0.628538,0.533158,0.847037
5601,0.593787,0.586608,0.843052
5602,0.635400,0.571964,0.846182
5603,0.585240,0.615284,0.856464
5604,0.638445,0.585797,0.856220
5605,0.595616,0.605426,0.827807
5606,0.591570,0.570444,0.852235
5607,0.600403,0.577288,0.844040
5608,0.587854,0.599119,0.843391
5609,0.594338,0.597104,0.833479
5610,0.619594,0.587725,0.839752
5611,0.575699,0.618507,0.842347
5612,0.611448,0.615502,0.861514
5613,0.651368,0.594340,0.850342
5614,0.619350,0.568725,0.863199
5615,0.650230,0.567157,0.855389
5616,0.600805,0.592717,0.841613
5617,0.596518,0.600374,0.854581
5618,0.663882,0.555268,0.855035
5619,0.617281,0.600595,0.847215
5620,0.549988,0.602694,0.850823
5621,0.612876,0.565267,0.854944
5622,0.595773,0.578556,0.853118
5623,0.593772,0.586581,0.834678
5624,0.612665,0.601953,0.850508
5625,0.608115,0.539906,0.839349
5626,0.661121,0.588922,0.850303
5627,0.610828,0.626895,0.850040
5628,0.626963,0.601565,0.863108
5629,0.609098,0.626385,0.857608
5630,0.598611,0.590257,0.851367
5631,0.602235,0.558649,0.849192
5632,0.551385,0.592636,0.859597
5633,0.560035,0.551313,0.858437
5634,0.576182,0.625389,0.843682
5635,0.585012,0.591757,0.821150
5636,0.623027,0.582174,0.843110
5637,0.586016,0.576832,0.854481
5638,0.596926,0.578294,0.840563
5639,0.628727,0.614185,0.843480
5640,0.606290,0.590375,0.860942
5641,0.582363,0.587551,0.861790
5642,0.593647,0.591254,0.853597
5643,0.632201,0.563369,0.853246
5644,0.609606,0.592962,0.837127
5645,0.610288,0.596791,0.846411
5646,0.617273,0.536198,0.843409
5647,0.597904,0.621557,0.834118
5648,0.605319,0.646048,0.866569
5649,0.638036,0.629216,0.852067
5650,0.642260,0.612614,0.847640
5651,0.588144,0.558733,0.850992
5652,0.616345,0.565774,0.833497
5653,0.592216,0.567734,0.839596
5654,0.585424,0.565562,0.835513
5655,0.625728,0.617304,0.860703
5656,0.646967,0.576625,0.843608
5657,0.586674,0.612735,0.845763
5658,0.586073,0.605359,0.846722
5659,0.589991,0.642894,0.850928
5660,0.634349,0.586924,0.844840
5661,0.642621,0.598011,0.858162
5662,0.607182,0.564531,0.830989
5663,0.596259,0.590025,0.838758
5664,0.617990,0.624874,0.842568
5665,0.561421,0.578737,0.854177
5666,0.583332,0.605194,0.855620
5667,0.579773,0.595838,0.850708
5668,0.575017,0.600217,0.841453
5669,0.584718,0.589495,0.852274
5670,0.611998,0.603630,0.853745
5671,0.599047,0.611970,0.853234
5672,0.549536,0.594589,0.845852
5673,0.570178,0.586016,0.852502
5674,0.614563,0.626144,0.859827
5675,0.599647,0.607557,0.862107
5676,0.627614,0.591969,0.858536
5677,0.598144,0.591748,0.850795
5678,0.612123,0.604724,0.858235
5679,0.653938,0.595299,0.848226
5680,0.612207,0.587596,0.849475
5681,0.586894,0.615209,0.847041
5682,0.593212,0.578670,0.844862
5683,0.629864,0.594970,0.855458
5684,0.637369,0.587308,0.862977
5685,0.612051,0.647771,0.841984
5686,0.591485,0.578288,0.853871
5687,0.619195,0.610407,0.840202
5688,0.585650,0.569627,0.847119
5689,0.617213,0.599639,0.850460
5690,0.613993,0.586225,0.854538
5691,0.572789,0.650890,0.838688
5692,0.635014,0.581349,0.850632
5693,0.594362,0.610631,0.840453
5694,0.607592,0.607650,0.860457
5695,0.653711,0.612042,0.847465
5696,0.597862,0.650246,0.831299
5697,0.610033,0.601131,0.846716
5698,0.560243,0.633134,0.860616
5699,0.607421,0.607555,0.843092
5700,0.618437,0.619029,0.841574
5701,0.567493,0.553836,0.853789
5702,0.607726,0.643704,0.847770
5703,0.595089,0.593424,0.860785
5704,0.580680,0.580449,0.849783
5705,0.650559,0.600872,0.852638
5706,0.548456,0.614290,0.855632
5707,0.628270,0.637484,0.857276
5708,0.599771,0.585185,0.856444
5709,0.637684,0.567528,0.831648
5710,0.607887,0.601704,0.847587
5711,0.622581,0.592385,0.862260
5712,0.589200,0.571938,0.846710
5713,0.617174,0.631136,0.860794
5714,0.636249,0.607121,0.847767
5715,0.592102,0.588451,0.843630
5716,0.646251,0.578801,0.863870
5717,0.671401,0.609091,0.843982
5718,0.569505,0.566389,0.844923
5719,0.646053,0.600415,0.844372
5720,0.601727,0.655231,0.844697
5721,0.575082,0.586880,0.850726
5722,0.538558,0.611532,0.842000
5723,0.581556,0.625075,0.856615
5724,0.647483,0.654205,0.862308
5725,0.605604,0.591630,0.843660
5726,0.615652,0.580517,0.849379
5727,0.580982,0.573626,0.848939
5728,0.584637,0.605907,0.853723
5729,0.588504,0.599949,0.846137
5730,0.619580,0.610551,0.841557
5731,0.569074,0.558727,0.832137
5732,0.625756,0.595440,0.842713
5733,0.654431,0.636077,0.848608
5734,0.625566,0.606795,0.831621
5735,0.599984,0.586840,0.833227
5736,0.620604,0.595721,0.839453
5737,0.615175,0.633660,0.846584
5738,0.616346,0.633870,0.829937
5739,0.607074,0.618290,0.868033
5740,0.573253,0.603766,0.837430
5741,0.593871,0.629369,0.833670
5742,0.597820,0.604424,0.849537
5743,0.608695,0.577961,0.846887
5744,0.599794,0.586654,0.840993
5745,0.591802,0.621870,0.841969
5746,0.649807,0.581760,0.850304
5747,0.611916,0.602685,0.856327
5748,0.598279,0.589307,0.849218
5749,0.614960,0.577178,0.857608
5750,0.626074,0.592257,0.862115
5751,0.573923,0.589646,0.848218
5752,0.537264,0.580351,0.842494
5753,0.604389,0.597746,0.862105
5754,0.611164,0.586031,0.844965
5755,0.576714,0.598346,0.854135
5756,0.573829,0.604772,0.846374
5757,0.623647,0.606358,0.852514
5758,0.630140,0.590088,0.837077
5759,0.626381,0.592843,0.852239
5760,0.622535,0.583958,0.853911
5761,0.560277,0.594489,0.854930
5762,0.709617,0.600521,0.842364
5763,0.596537,0.599893,0.844636
5764,0.606574,0.613006,0.859644
5765,0.591755,0.579801,0.853077
5766,0.585342,0.581586,0.851628
5767,0.594494,0.546352,0.846590
5768,0.601454,0.614941,0.859092
5769,0.617489,0.552725,0.851401
5770,0.604242,0.610561,0.851136
5771,0.599632,0.647040,0.842976
5772,0.639402,0.581292,0.855890
5773,0.627440,0.648222,0.851799
5774,0.600200,0.602661,0.871151
5775,0.651797,0.609186,0.844483
5776,0.612558,0.592687,0.855804
5777,0.598257,0.547502,0.837568
5778,0.636501,0.608607,0.838827
5779,0.609306,0.588969,0.854032
5780,0.602117,0.578690,0.854133
5781,0.576154,0.548933,0.858408
5782,0.584885,0.572246,0.861943
5783,0.620393,0.612712,0.844386
5784,0.587227,0.585197,0.848252
5785,0.619808,0.569061,0.855667
5786,0.639358,0.574923,0.860293
5787,0.592475,0.568827,0.848358
5788,0.579734,0.594249,0.859739
5789,0.607982,0.608783,0.858367
5790,0.609179,0.604992,0.831383
5791,0.640051,0.620627,0.857987
5792,0.638878,0.614605,0.866081
5793,0.555119,0.587730,0.852951
5794,0.599702,0.602613,0.851854
5795,0.607772,0.601441,0.855910
5796,0.614075,0.597454,0.857684
5797,0.630066,0.558853,0.852432
5798,0.626661,0.615816,0.866213
5799,0.614173,0.602484,0.852602
5800,0.585696,0.615333,0.846572
5801,0.649867,0.646645,0.839665
5802,0.566885,0.607287,0.856110
5803,0.541924,0.638375,0.852346
5804,0.587187,0.577770,0.839432
5805,0.625145,0.636730,0.865849
5806,0.560180,0.620275,0.879862
5807,0.640118,0.629535,0.846406
5808,0.640558,0.576861,0.848305
5809,0.595515,0.611007,0.852301
5810,0.635074,0.594482,0.850768
5811,0.611992,0.585611,0.843830
5812,0.662756,0.571735,0.840479
5813,0.637080,0.566721,0.862377
5814,0.627614,0.634652,0.847044
5815,0.605297,0.583465,0.848572
5816,0.577738,0.616065,0.844874
5817,0.570909,0.564598,0.846836
5818,0.626663,0.585025,0.848415
5819,0.579009,0.636610,0.848160
5820,0.599460,0.586605,0.838497
5821,0.629714,0.569227,0.844913
5822,0.657211,0.579310,0.837885
5823,0.585595,0.626736,0.838137
5824,0.545879,0.613206,0.847809
5825,0.622884,0.575071,0.864558
5826,0.611439,0.638120,0.856036
5827,0.601328,0.625581,0.842803
5828,0.584459,0.584387,0.851078
5829,0.550148,0.564512,0.846265
5830,0.601785,0.606117,0.858040
5831,0.567393,0.588508,0.840085
5832,0.577352,0.578918,0.849552
5833,0.599720,0.608242,0.846736
5834,0.612611,0.617817,0.846782
5835,0.651206,0.599792,0.830951
5836,0.637957,0.588661,0.873225
5837,0.595098,0.594042,0.853004
5838,0.627586,0.572291,0.848237
5839,0.611983,0.579714,0.849315
5840,0.604685,0.601696,0.863334
5841,0.580119,0.603183,0.863520
5842,0.589393,0.601391,0.839467
5843,0.647617,0.626576,0.858413
5844,0.654724,0.609051,0.851541
5845,0.644985,0.575931,0.850548
5846,0.586099,0.563763,0.857738
5847,0.582154,0.621842,0.846482
5848,0.632191,0.598469,0.866823
5849,0.601587,0.635476,0.864370
5850,0.600700,0.593526,0.845476
5851,0.571558,0.630915,0.850378
5852,0.604042,0.610445,0.868463
5853,0.559971,0.613485,0.841809
5854,0.632327,0.626714,0.837038
5855,0.654181,0.585406,0.850568
5856,0.594191,0.580375,0.841271
5857,0.600604,0.586494,0.848675
5858,0.610357,0.603714,0.851519
5859,0.593693,0.600619,0.845080
5860,0.588892,0.580995,0.836594
5861,0.651420,0.579806,0.857296
5862,0.640938,0.554636,0.859047
5863,0.660187,0.612260,0.852960
5864,0.595957,0.621564,0.851409
5865,0.632609,0.588883,0.854823
5866,0.609385,0.607830,0.844404
5867,0.639133,0.637336,0.861429
5868,0.588970,0.555219,0.853485
5869,0.568680,0.589190,0.847405
5870,0.585017,0.579369,0.838467
5871,0.649359,0.596060,0.846655
5872,0.593069,0.540315,0.860410
5873,0.627655,0.618060,0.858703
5874,0.633430,0.580101,0.852096
5875,0.544029,0.591997,0.847927
5876,0.609259,0.558821,0.837927
5877,0.623181,0.570472,0.844824
5878,0.571342,0.652082,0.856087
5879,0.596447,0.557347,0.839526
5880,0.619296,0.601390,0.845270
5881,0.600251,0.628680,0.837408
5882,0.592055,0.597015,0.836394
5883,0.591589,0.614163,0.849905
5884,0.565714,0.572633,0.849760
5885,0.670574,0.657958,0.825626
5886,0.625043,0.592562,0.840593
5887,0.566733,0.569838,0.838663
5888,0.603327,0.631819,0.857178
5889,0.550546,0.563301,0.847868
5890,0.591458,0.606877,0.839642
5891,0.595857,0.607739,0.845651
5892,0.627415,0.603493,0.858757
5893,0.594524,0.613114,0.849975
5894,0.612273,0.574167,0.868446
5895,0.583791,0.579306,0.866763
5896,0.611630,0.609413,0.866959
5897,0.614071,0.611262,0.865915
5898,0.622048,0.593460,0.850875
5899,0.635461,0.549705,0.843031
5900,0.590976,0.599444,0.856968
5901,0.581867,0.585463,0.855473
5902,0.651479,0.612019,0.850304
5903,0.638979,0.580760,0.850821
5904,0.545883,0.607869,0.847322
5905,0.601478,0.615787,0.872182
5906,0.589818,0.583814,0.852057
5907,0.644871,0.570620,0.860281
5908,0.566718,0.585051,0.845690
5909,0.619843,0.586978,0.850301
5910,0.629428,0.521785,0.858812
5911,0.606201,0.620909,0.844758
5912,0.586334,0.576014,0.864738
5913,0.617696,0.608144,0.844622
5914,0.608717,0.552263,0.839671
5915,0.603333,0.621596,0.854492
5916,0.597079,0.628821,0.856597
5917,0.597928,0.595022,0.846611
5918,0.583603,0.610185,0.826682
5919,0.632068,0.535010,0.846025
5920,0.621711,0.613916,0.850520
5921,0.620687,0.592748,0.850362
5922,0.608441,0.592264,0.855069
5923,0.641478,0.595049,0.859694
5924,0.612363,0.577947,0.855924
5925,0.578340,0.568573,0.857601
5926,0.600046,0.593011,0.843434
5927,0.621393,0.582864,0.861187
5928,0.627860,0.627390,0.852133
5929,0.573062,0.587085,0.851962
5930,0.621877,0.619977,0.855917
5931,0.617854,0.629430,0.840759
5932,0.589458,0.598371,0.859760
5933,0.644657,0.633215,0.861123
5934,0.602023,0.605489,0.849333
5935,0.590793,0.567950,0.866289
5936,0.595579,0.583196,0.847545
5937,0.600353,0.649255,0.836440
5938,0.601273,0.578472,0.853215
5939,0.601002,0.604900,0.849709
5940,0.616159,0.555958,0.858430
5941,0.678518,0.630822,0.853752
5942,0.582207,0.602824,0.851167
5943,0.622972,0.618679,0.858760
5944,0.629347,0.633648,0.840606
5945,0.629424,0.581973,0.842395
5946,0.596941,0.591099,0.847652
5947,0.610708,0.609868,0.866513
5948,0.618799,0.606530,0.855690
5949,0.573034,0.576465,0.844708
5950,0.583733,0.597289,0.842090
5951,0.604824,0.600539,0.841630
5952,0.625545,0.616442,0.854365
5953,0.638806,0.591090,0.857082
5954,0.653328,0.601491,0.840538
5955,0.625748,0.586734,0.845673
5956,0.603076,0.588931,0.854128
5957,0.637886,0.586805,0.861596
5958,0.580475,0.661072,0.850933
5959,0.615257,0.591703,0.851471
5960,0.601969,0.596640,0.853387
5961,0.605479,0.613586,0.858745
5962,0.571849,0.564062,0.848355
5963,0.577786,0.564201,0.850983
5964,0.587979,0.566192,0.858695
5965,0.572428,0.585284,0.857758
5966,0.590142,0.571764,0.839475
5967,0.619534,0.592780,0.837951
5968,0.598243,0.613136,0.834833
5969,0.589420,0.562146,0.847013
5970,0.595795,0.601376,0.859649
5971,0.597493,0.568695,0.845885
5972,0.601542,0.592453,0.852698
5973,0.613544,0.570789,0.845166
5974,0.608784,0.594566,0.852379
5975,0.618492,0.565141,0.853312
5976,0.613022,0.614143,0.852055
5977,0.581103,0.582527,0.859273
5978,0.563703,0.537145,0.835790
5979,0.609638,0.648485,0.840238
5980,0.594444,0.552224,0.840522
5981,0.587083,0.576398,0.852478
5982,0.595062,0.562309,0.836176
5983,0.642131,0.613214,0.858314
5984,0.592721,0.630813,0.863797
5985,0.635599,0.645407,0.842642
5986,0.550303,0.581615,0.849780
5987,0.605297,0.605040,0.860256
5988,0.608555,0.574592,0.858852
5989,0.580002,0.592580,0.853070
5990,0.606890,0.583808,0.854147
5991,0.664711,0.559734,0.854051
5992,0.640806,0.600986,0.843710
5993,0.626925,0.589961,0.840965
5994,0.581298,0.584172,0.852912
5995,0.619009,0.571250,0.857776
5996,0.577297,0.587748,0.847689
5997,0.603973,0.624010,0.857039
5998,0.583873,0.584302,0.863258
5999,0.590564,0.619378,0.840610
6000,0.616886,0.598604,0.848390
6001,0.630326,0.594879,0.848298
6002,0.641758,0.571842,0.853979
6003,0.599055,0.645166,0.861212
6004,0.616297,0.647469,0.844446
6005,0.653853,0.580093,0.844648
6006,0.619884,0.628259,0.854359
6007,0.631750,0.575248,0.841261
6008,0.652285,0.623501,0.859772
6009,0.590162,0.644774,0.851075
6010,0.606083,0.601978,0.850526
6011,0.597309,0.624598,0.845369
6012,0.586342,0.605227,0.833675
6013,0.620087,0.573588,0.848775
6014,0.627214,0.592031,0.842985
6015,0.579048,0.569360,0.857613
6016,0.587200,0.595778,0.858823
6017,0.596542,0.606911,0.865398
6018,0.589000,0.586488,0.829004
6019,0.636721,0.589488,0.868421
6020,0.576340,0.573616,0.846622
6021,0.551496,0.627424,0.861283
6022,0.610599,0.592914,0.845144
6023,0.616155,0.591129,0.842981
6024,0.576995,0.555541,0.837161
6025,0.598108,0.588097,0.860508
6026,0.629797,0.618131,0.836095
6027,0.637808,0.579056,0.850721
6028,0.590112,0.594968,0.845044
6029,0.614968,0.571375,0.847332
6030,0.639613,0.622611,0.855067
6031,0.612679,0.616766,0.856049
6032,0.595522,0.591530,0.833112
6033,0.619099,0.574801,0.856851
6034,0.612756,0.608147,0.870098
6035,0.570529,0.585500,0.835587
6036,0.598962,0.596724,0.838268
6037,0.629034,0.589259,0.845949
6038,0.607883,0.617033,0.847634
6039,0.587584,0.598158,0.851903
6040,0.621328,0.614648,0.854786
6041,0.555574,0.628277,0.848337
6042,0.590850,0.580523,0.873135
6043,0.629018,0.643660,0.843664
6044,0.601167,0.576587,0.848236
6045,0.598323,0.579804,0.840381
6046,0.628239,0.621438,0.860625
6047,0.589888,0.596508,0.854147
6048,0.559870,0.546618,0.849748
6049,0.636340,0.600944,0.855988
6050,0.617093,0.622195,0.846880
6051,0.560008,0.601831,0.843550
6052,0.613124,0.576905,0.845619
6053,0.625799,0.623093,0.841756
6054,0.623376,0.597969,0.840156
6055,0.606622,0.576596,0.849388
6056,0.612687,0.643931,0.843499
6057,0.640291,0.616173,0.857863
6058,0.618318,0.599514,0.860006
6059,0.626764,0.569262,0.847712
6060,0.638667,0.548691,0.858230
6061,0.604270,0.582975,0.866699
6062,0.607434,0.577608,0.858651
6063,0.599051,0.585433,0.837762
6064,0.621768,0.575522,0.840616
6065,0.584608,0.600227,0.860362
6066,0.633106,0.598330,0.855656
6067,0.611286,0.593600,0.851303
6068,0.603041,0.573629,0.851658
6069,0.609247,0.604312,0.852422
6070,0.659528,0.610650,0.852919
6071,0.613997,0.578854,0.842267
6072,0.645739,0.571894,0.864366
6073,0.578562,0.604518,0.843653
6074,0.613651,0.611813,0.855806
6075,0.588187,0.578465,0.855018
6076,0.607763,0.567218,0.838277
6077,0.630562,0.588345,0.865044
6078,0.664722,0.557924,0.847348
6079,0.632300,0.586662,0.836083
6080,0.586582,0.547962,0.842438
6081,0.648020,0.597854,0.854783
6082,0.618808,0.553873,0.846402
6083,0.625429,0.607144,0.839546
6084,0.606413,0.562173,0.852862
6085,0.624049,0.580539,0.846434
6086,0.624765,0.553788,0.842573
6087,0.617288,0.590425,0.856247
6088,0.643745,0.597868,0.854981
6089,0.591923,0.590451,0.855869
6090,0.593416,0.611194,0.831083
6091,0.628048,0.612744,0.867256
6092,0.623003,0.608649,0.841286
6093,0.589009,0.624589,0.830841
6094,0.591322,0.617909,0.845674
6095,0.630515,0.532383,0.836576
6096,0.650210,0.578381,0.848871
6097,0.606364,0.604727,0.841444
6098,0.644831,0.586055,0.855671
6099,0.633766,0.547155,0.847521
6100,0.590783,0.607885,0.845880
6101,0.566416,0.634164,0.849798
6102,0.627553,0.611138,0.849692
6103,0.608932,0.597030,0.863236
6104,0.595716,0.560614,0.849597
6105,0.624019,0.591084,0.833357
6106,0.662915,0.590417,0.837816
6107,0.573192,0.585173,0.843869
6108,0.581868,0.585991,0.844492
6109,0.588764,0.584066,0.845595
6110,0.618035,0.589378,0.853709
6111,0.614563,0.603633,0.852579
6112,0.589421,0.580793,0.834974
6113,0.645647,0.556239,0.827407
6114,0.632234,0.595377,0.842560
6115,0.634771,0.586759,0.861686
6116,0.609652,0.614871,0.865146
6117,0.598801,0.591560,0.874728
6118,0.624431,0.613960,0.853302
6119,0.650092,0.594694,0.851269
6120,0.636840,0.604334,0.858276
6121,0.595491,0.596596,0.844918
6122,0.626812,0.609340,0.842676
6123,0.639042,0.594737,0.851612
6124,0.614618,0.630376,0.855258
6125,0.602095,0.587066,0.855984
6126,0.596371,0.573011,0.842663
6127,0.628036,0.581963,0.860626
6128,0.561691,0.569388,0.850357
6129,0.605712,0.583707,0.830954
6130,0.629898,0.601897,0.861566
6131,0.577098,0.619364,0.839037
6132,0.593059,0.585021,0.852675
6133,0.653457,0.580786,0.855251
6134,0.630982,0.666877,0.861285
6135,0.619388,0.585233,0.852068
6136,0.585334,0.568929,0.852020
6137,0.620462,0.575081,0.861730
6138,0.624121,0.585967,0.845622
6139,0.601747,0.617546,0.854857
6140,0.595668,0.635690,0.850759
6141,0.637666,0.617923,0.849480
6142,0.570681,0.621598,0.846155
6143,0.616766,0.605169,0.843478
6144,0.606672,0.613320,0.860365
6145,0.609289,0.597626,0.845484
6146,0.612878,0.520864,0.849139
6147,0.587343,0.560233,0.840391
6148,0.605596,0.633661,0.844255
6149,0.554633,0.595631,0.840327
6150,0.625095,0.551727,0.824802
6151,0.632713,0.568271,0.857760
6152,0.586838,0.574265,0.856055
6153,0.601914,0.626577,0.849237
6154,0.617072,0.580840,0.862832
6155,0.581093,0.589408,0.846874
6156,0.580754,0.624956,0.851339
6157,0.605843,0.622972,0.849890
6158,0.615392,0.530867,0.845999
6159,0.578275,0.585231,0.846101
6160,0.593856,0.612777,0.857716
6161,0.596975,0.599829,0.861915
6162,0.581410,0.583874,0.841126
6163,0.617787,0.592879,0.853407
6164,0.609937,0.591735,0.853667
6165,0.623174,0.585914,0.856559
6166,0.617633,0.556508,0.860179
6167,0.618373,0.590943,0.859275
6168,0.611597,0.630614,0.846534
6169,0.644850,0.607960,0.851199
6170,0.666496,0.597701,0.852181
6171,0.570625,0.568177,0.856668
6172,0.599843,0.613765,0.854090
6173,0.600095,0.589635,0.842770
6174,0.606907,0.590090,0.860163
6175,0.635143,0.600224,0.846248
6176,0.627448,0.595204,0.848510
6177,0.613715,0.611700,0.853379
6178,0.618977,0.570387,0.849041
6179,0.623889,0.588551,0.850916
6180,0.584547,0.584113,0.846623
6181,0.589408,0.601329,0.847568
6182,0.597229,0.614140,0.835589
6183,0.619870,0.597097,0.847531
6184,0.636234,0.624485,0.859902
6185,0.632068,0.594854,0.851827
6186,0.633001,0.619839,0.839085
6187,0.581752,0.608943,0.855500
6188,0.602328,0.619188,0.857678
6189,0.616718,0.595166,0.855023
6190,0.580942,0.582467,0.844597
6191,0.581585,0.601864,0.857947
6192,0.614861,0.573980,0.853864
6193,0.614031,0.581806,0.848979
6194,0.587513,0.603063,0.838222
6195,0.580848,0.601071,0.833857
6196,0.629362,0.567465,0.848307
6197,0.649700,0.547179,0.827020
6198,0.604421,0.592768,0.846065
6199,0.630230,0.606854,0.836304
6200,0.608363,0.617428,0.852033
6201,0.616665,0.568556,0.847633
6202,0.611783,0.602583,0.837841
6203,0.652605,0.591864,0.853680
6204,0.597420,0.603922,0.841465
6205,0.631753,0.561768,0.856333
6206,0.590984,0.639315,0.854122
6207,0.570868,0.595721,0.825830
6208,0.638104,0.588358,0.843014
6209,0.672730,0.623955,0.847518
6210,0.584784,0.586207,0.867265
6211,0.621917,0.638575,0.859092
6212,0.618998,0.564369,0.842311
6213,0.608616,0.613612,0.844071
6214,0.596663,0.605565,0.862014
6215,0.616736,0.606417,0.839606
6216,0.590736,0.575794,0.849116
6217,0.604031,0.556963,0.861664
6218,0.599403,0.576663,0.848692
6219,0.580480,0.650375,0.850925
6220,0.593047,0.597528,0.845850
6221,0.596045,0.593511,0.832201
6222,0.583430,0.605741,0.842917
6223,0.597266,0.632317,0.856343
6224,0.633597,0.595945,0.864313
6225,0.663452,0.590264,0.856664
6226,0.609673,0.549566,0.859501
6227,0.658252,0.580835,0.839620
6228,0.619084,0.598217,0.852703
6229,0.617656,0.564591,0.860193
6230,0.635540,0.604318,0.846279
6231,0.615654,0.582907,0.836591
6232,0.611655,0.590502,0.857057
6233,0.626963,0.594624,0.847939
6234,0.645260,0.572768,0.846537
6235,0.576803,0.597021,0.844774
6236,0.584107,0.559716,0.846239
6237,0.622894,0.584920,0.853442
6238,0.548605,0.582416,0.848004
6239,0.647638,0.602485,0.851693
6240,0.615181,0.589783,0.854267
6241,0.659656,0.618147,0.846474
6242,0.581083,0.592706,0.854392
6243,0.605404,0.629869,0.842960
6244,0.637414,0.593968,0.851367
6245,0.653848,0.573453,0.857082
6246,0.658948,0.609981,0.856491
6247,0.612232,0.585962,0.857048
6248,0.627314,0.577262,0.843812
6249,0.563408,0.654048,0.859274
6250,0.587276,0.613017,0.849147
6251,0.600076,0.615716,0.845587
6252,0.609653,0.572646,0.853005
6253,0.598698,0.639837,0.846644
6254,0.613888,0.595383,0.855855
6255,0.598630,0.616841,0.854140
6256,0.629714,0.636431,0.843037
6257,0.624838,0.562623,0.844357
6258,0.620966,0.629639,0.848838
6259,0.597260,0.596713,0.845384
6260,0.631956,0.565033,0.841553
6261,0.598379,0.583257,0.855045
6262,0.614753,0.641193,0.857820
6263,0.591976,0.612471,0.867794
6264,0.603261,0.610361,0.858080
6265,0.604019,0.567908,0.854453
6266,0.631330,0.612870,0.846982
6267,0.633480,0.610954,0.841658
6268,0.597809,0.612714,0.841268
6269,0.604536,0.552535,0.857503
6270,0.635030,0.601722,0.855759
6271,0.622183,0.591398,0.856501
6272,0.627943,0.579477,0.845610
6273,0.660284,0.574896,0.819334
6274,0.602583,0.568157,0.848547
6275,0.576343,0.586682,0.854550
6276,0.613623,0.600301,0.848927
6277,0.602138,0.578997,0.841445
6278,0.598231,0.576218,0.832878
6279,0.583623,0.568812,0.847358
6280,0.589720,0.616091,0.842421
6281,0.603272,0.618720,0.848673
6282,0.608658,0.632623,0.853538
6283,0.615241,0.578302,0.847821
6284,0.598074,0.575324,0.846781
6285,0.584520,0.600452,0.846205
6286,0.604282,0.576687,0.824686
6287,0.547104,0.558549,0.863441
6288,0.608139,0.591396,0.841416
6289,0.601773,0.579484,0.859092
6290,0.597467,0.621741,0.855204
6291,0.642801,0.597410,0.853848
6292,0.600132,0.653050,0.856479
6293,0.621526,0.587060,0.843442
6294,0.574459,0.593217,0.845216
6295,0.654301,0.569184,0.844898
6296,0.622329,0.568335,0.843244
6297,0.608869,0.641695,0.850926
6298,0.590599,0.600559,0.858640
6299,0.627317,0.586919,0.859010
6300,0.613104,0.618051,0.851311
6301,0.620534,0.572522,0.858540
6302,0.628205,0.592578,0.854371
6303,0.592688,0.645611,0.850238
6304,0.606168,0.613698,0.858577
6305,0.662095,0.604137,0.846672
6306,0.592071,0.606533,0.844371
6307,0.616587,0.582117,0.863390
6308,0.555656,0.543888,0.849636
6309,0.570538,0.603095,0.834909
6310,0.625887,0.580891,0.834000
6311,0.632132,0.550112,0.851508
6312,0.631580,0.611526,0.828839
6313,0.562303,0.631538,0.855640
6314,0.627216,0.617926,0.859116
6315,0.597539,0.568778,0.860330
6316,0.598268,0.642118,0.849052
6317,0.583995,0.597130,0.854134
6318,0.594818,0.622488,0.855818
6319,0.653277,0.562723,0.857954
6320,0.611635,0.569857,0.849583
6321,0.612147,0.534751,0.847048
6322,0.584224,0.590594,0.850359
6323,0.576967,0.585002,0.851913
6324,0.594846,0.602697,0.856543
6325,0.572130,0.627059,0.853458
6326,0.571175,0.602788,0.853436
6327,0.602482,0.568426,0.863676
6328,0.576995,0.597080,0.861107
6329,0.621307,0.611410,0.833139
6330,0.581278,0.647753,0.852659
6331,0.626153,0.587767,0.851652
6332,0.543244,0.643462,0.826823
6333,0.674526,0.584508,0.849968
6334,0.617881,0.611446,0.847259
6335,0.569630,0.583553,0.855035
6336,0.644073,0.617636,0.855913
6337,0.586311,0.588820,0.848498
6338,0.617496,0.547683,0.840601
6339,0.609588,0.576249,0.864869
6340,0.622070,0.602215,0.835581
6341,0.595084,0.649324,0.852907
6342,0.641742,0.620559,0.847372
6343,0.608451,0.604123,0.834645
6344,0.629288,0.560270,0.828020
6345,0.628959,0.585193,0.849677
6346,0.616243,0.627467,0.854012
6347,0.618056,0.598204,0.845667
6348,0.593361,0.612957,0.854268
6349,0.602441,0.611998,0.853492
6350,0.625342,0.595918,0.851373
6351,0.588046,0.610904,0.856544
6352,0.634317,0.594256,0.861352
6353,0.589276,0.594805,0.844476
6354,0.598144,0.532068,0.848315
6355,0.590598,0.594552,0.855516
6356,0.586723,0.629931,0.844179
6357,0.641888,0.565875,0.829064
6358,0.616771,0.562218,0.827671
6359,0.594116,0.550386,0.842121
6360,0.649651,0.629229,0.847210
6361,0.595967,0.576300,0.858382
6362,0.619054,0.562400,0.852480
6363,0.544738,0.598784,0.840527
6364,0.637765,0.608825,0.852118
6365,0.596265,0.563815,0.857060
6366,0.638212,0.603556,0.859658
6367,0.548864,0.548645,0.860960
6368,0.611893,0.581047,0.846492
6369,0.592319,0.617530,0.849972
6370,0.608697,0.612023,0.845922
6371,0.573979,0.570145,0.851270
6372,0.631742,0.599023,0.853470
6373,0.646287,0.615992,0.853624
6374,0.603716,0.606226,0.843542
6375,0.597167,0.602788,0.828130
6376,0.607922,0.585905,0.844697
6377,0.660810,0.597983,0.854019
6378,0.607836,0.625284,0.846483
6379,0.548249,0.604208,0.864959
6380,0.620484,0.554997,0.857670
6381,0.587667,0.604399,0.833712
6382,0.554463,0.549872,0.845225
6383,0.635281,0.590748,0.848363
6384,0.620470,0.624781,0.848192
6385,0.588566,0.599200,0.855178
6386,0.657012,0.633952,0.858925
6387,0.594709,0.548043,0.855727
6388,0.604441,0.589671,0.861474
6389,0.632246,0.581256,0.848068
6390,0.621541,0.576116,0.859562
6391,0.630057,0.581605,0.847026
6392,0.625647,0.576154,0.848964
6393,0.588133,0.584095,0.852439
6394,0.614902,0.625076,0.842174
6395,0.531774,0.554755,0.853021
6396,0.648399,0.592853,0.850543
6397,0.590229,0.608812,0.856775
6398,0.611337,0.615448,0.840714
6399,0.642100,0.614674,0.844531
6400,0.575696,0.590439,0.839132
6401,0.588489,0.608766,0.843695
6402,0.567151,0.599015,0.848550
6403,0.576878,0.598362,0.850838
6404,0.593793,0.583539,0.860567
6405,0.606904,0.616951,0.856751
6406,0.625717,0.583950,0.841232
6407,0.665974,0.585955,0.841194
6408,0.618874,0.566975,0.843812
6409,0.627530,0.589259,0.837501
6410,0.583952,0.581172,0.836532
6411,0.601350,0.589010,0.841309
6412,0.620317,0.569965,0.863292
6413,0.608389,0.623528,0.843336
6414,0.612357,0.586015,0.859365
6415,0.626752,0.597161,0.843441
6416,0.605765,0.541972,0.850541
6417,0.683783,0.577672,0.850470
6418,0.586460,0.590428,0.851044
6419,0.609801,0.603444,0.863799
6420,0.598476,0.620569,0.853202
6421,0.638413,0.596396,0.850872
6422,0.559188,0.595936,0.848294
6423,0.595379,0.631209,0.862534
6424,0.636446,0.593835,0.852685
6425,0.600496,0.601988,0.850160
6426,0.609758,0.566039,0.834454
6427,0.613594,0.570788,0.850106
6428,0.629324,0.593578,0.859946
6429,0.566425,0.618295,0.849390
6430,0.628847,0.561686,0.846541
6431,0.640621,0.548497,0.849724
6432,0.612844,0.602681,0.855052
6433,0.642654,0.593896,0.851815
6434,0.645760,0.572890,0.847863
6435,0.628682,0.582455,0.852067
6436,0.599586,0.600800,0.843214
6437,0.560888,0.549764,0.848195
6438,0.578907,0.600247,0.843771
6439,0.601183,0.591694,0.858169
6440,0.587175,0.561909,0.843475
6441,0.553084,0.559640,0.830040
6442,0.626668,0.575194,0.850287
6443,0.595347,0.625291,0.841953
6444,0.609588,0.560117,0.840256
6445,0.617295,0.586746,0.837366
6446,0.646762,0.576027,0.850824
6447,0.619993,0.605623,0.867616
6448,0.596598,0.612267,0.839454
6449,0.605952,0.618110,0.856999
6450,0.590335,0.633196,0.851315
6451,0.616353,0.572353,0.858241
6452,0.616924,0.592375,0.847732
6453,0.596823,0.609280,0.855166
6454,0.597940,0.581992,0.847102
6455,0.635876,0.589976,0.845090
6456,0.631053,0.564767,0.870541
6457,0.571309,0.576371,0.865176
6458,0.584106,0.639351,0.847695
6459,0.602291,0.612104,0.859126
6460,0.609985,0.612141,0.849807
6461,0.602077,0.564792,0.849283
6462,0.623271,0.599815,0.842766
6463,0.633296,0.560894,0.857116
6464,0.607482,0.632057,0.864430
6465,0.589560,0.624189,0.843380
6466,0.590664,0.605333,0.848302
6467,0.666331,0.577889,0.849149
6468,0.544765,0.580999,0.840482
6469,0.599161,0.589669,0.843513
6470,0.578279,0.604066,0.856667
6471,0.600251,0.573370,0.853308
6472,0.629149,0.567590,0.860154
6473,0.637404,0.576619,0.849827
6474,0.601642,0.545368,0.849991
6475,0.608528,0.623208,0.843168
6476,0.630659,0.615418,0.860012
6477,0.638648,0.570001,0.838143
6478,0.625557,0.643227,0.850870
6479,0.586112,0.576194,0.840494
6480,0.585550,0.587574,0.855425
6481,0.636884,0.645415,0.855185
6482,0.594215,0.576718,0.840426
6483,0.589865,0.597194,0.849520
6484,0.601188,0.612194,0.842781
6485,0.604590,0.603845,0.846379
6486,0.596690,0.572433,0.846854
6487,0.598428,0.618507,0.839479
6488,0.624615,0.572530,0.858520
6489,0.592324,0.587393,0.858332
6490,0.598413,0.579479,0.846061
6491,0.596880,0.584314,0.854955
6492,0.582981,0.625768,0.874175
6493,0.594112,0.599735,0.830156
6494,0.581329,0.661139,0.846320
6495,0.603300,0.575695,0.846379
6496,0.592392,0.613713,0.847645
6497,0.662127,0.576187,0.843442
6498,0.621225,0.563096,0.862542
6499,0.621384,0.617127,0.859691
6500,0.642395,0.588647,0.848844
6501,0.590441,0.582722,0.832732
6502,0.603055,0.579247,0.861923
6503,0.642757,0.566943,0.850743
6504,0.549492,0.608648,0.841675
6505,0.574611,0.590362,0.858368
6506,0.593796,0.594349,0.851711
6507,0.604173,0.596316,0.835301
6508,0.637563,0.581041,0.856102
6509,0.558931,0.592651,0.854908
6510,0.618411,0.603615,0.865808
6511,0.624712,0.562032,0.851438
6512,0.602108,0.607238,0.848949
6513,0.613732,0.566718,0.853798
6514,0.610327,0.621002,0.849306
6515,0.603924,0.624496,0.854157
6516,0.590065,0.615714,0.852095
6517,0.623813,0.622251,0.855578
6518,0.571988,0.598757,0.863881
6519,0.626488,0.606469,0.863008
6520,0.604829,0.606513,0.853350
6521,0.590421,0.582937,0.848146
6522,0.663019,0.625000,0.858722
6523,0.586892,0.600710,0.832225
6524,0.625409,0.568151,0.857052
6525,0.642522,0.600922,0.856491
6526,0.555586,0.633445,0.865684
6527,0.608039,0.611074,0.841427
6528,0.604771,0.591471,0.825425
6529,0.650871,0.548314,0.836144
6530,0.626603,0.610004,0.856079
6531,0.590764,0.622511,0.843682
6532,0.612776,0.592916,0.850478
6533,0.576351,0.577466,0.849203
6534,0.592572,0.618614,0.842765
6535,0.596744,0.612798,0.860012
6536,0.621625,0.603706,0.846674
6537,0.638615,0.608695,0.861716
6538,0.567850,0.585391,0.846883
6539,0.622817,0.587707,0.845001
6540,0.653290,0.576144,0.852432
6541,0.639743,0.607485,0.856467
6542,0.626542,0.608001,0.865093
6543,0.565255,0.606585,0.861374
6544,0.602530,0.611264,0.844023
6545,0.612963,0.613982,0.843430
6546,0.580451,0.599504,0.839098
6547,0.631702,0.587486,0.844134
6548,0.665227,0.640191,0.852791
6549,0.643703,0.598378,0.838466
6550,0.581439,0.588482,0.848649
6551,0.615367,0.634081,0.849659
6552,0.662854,0.616426,0.850482
6553,0.608650,0.595192,0.851633
6554,0.582526,0.610777,0.843117
6555,0.615689,0.596524,0.866114
6556,0.586150,0.547229,0.847614
6557,0.622579,0.577590,0.856047
6558,0.618610,0.605604,0.852274
6559,0.611570,0.555719,0.837643
6560,0.632044,0.575378,0.829614
6561,0.609868,0.609716,0.851829
6562,0.574768,0.607372,0.858435
6563,0.651263,0.651367,0.850498
6564,0.598299,0.581396,0.846637
6565,0.597726,0.575988,0.855901
6566,0.611007,0.601404,0.853272
6567,0.620300,0.571185,0.853203
6568,0.584847,0.601677,0.855135
6569,0.568112,0.621597,0.854965
6570,0.602840,0.635017,0.843134
6571,0.662587,0.565253,0.837646
6572,0.597938,0.619229,0.855944
6573,0.636631,0.584742,0.849547
6574,0.603809,0.571804,0.849062
6575,0.636232,0.571325,0.840199
6576,0.572195,0.571439,0.844876
6577,0.598473,0.607166,0.860323
6578,0.613959,0.587325,0.869031
6579,0.636110,0.612663,0.849337
6580,0.602259,0.587722,0.855729
6581,0.673165,0.616131,0.838318
6582,0.565290,0.598874,0.848467
6583,0.638333,0.585718,0.848708
6584,0.665073,0.590000,0.843335
6585,0.576976,0.596159,0.850585
6586,0.635193,0.621334,0.859222
6587,0.607414,0.619759,0.842655
6588,0.614852,0.583266,0.826160
6589,0.628081,0.603697,0.861816
6590,0.651032,0.597641,0.847683
6591,0.605400,0.548572,0.853312
6592,0.586841,0.593274,0.853133
6593,0.596954,0.621323,0.847093
6594,0.646185,0.606533,0.842755
6595,0.592461,0.598626,0.853583
6596,0.623891,0.590480,0.834433
6597,0.579939,0.580127,0.855003
6598,0.578698,0.571562,0.830980
6599,0.619706,0.589232,0.849564
6600,0.635141,0.598521,0.859987
6601,0.590577,0.649763,0.860617
6602,0.569761,0.632390,0.851049
6603,0.636525,0.566804,0.845926
6604,0.637502,0.549591,0.843498
6605,0.589163,0.623429,0.851098
6606,0.568178,0.563040,0.861661
6607,0.639634,0.567327,0.849942
6608,0.598469,0.581331,0.856053
6609,0.588992,0.573524,0.856682
6610,0.578901,0.628285,0.846927
6611,0.594087,0.574231,0.837628
6612,0.659124,0.626958,0.853350
6613,0.646301,0.641548,0.844886
6614,0.608418,0.627885,0.855711
6615,0.619346,0.592910,0.869265
6616,0.595282,0.597953,0.849956
6617,0.586321,0.593326,0.834863
6618,0.581217,0.554894,0.873304
6619,0.624979,0.577489,0.836411
6620,0.621282,0.550959,0.840246
6621,0.642670,0.632200,0.864147
6622,0.627442,0.541880,0.841394
6623,0.591649,0.625005,0.863047
6624,0.602837,0.602634,0.844730
6625,0.600918,0.586635,0.837637
6626,0.608738,0.610679,0.849620
6627,0.624080,0.594262,0.863500
6628,0.596813,0.620493,0.850791
6629,0.617511,0.582462,0.847229
6630,0.627079,0.613205,0.848709
6631,0.601009,0.575951,0.865451
6632,0.615678,0.621006,0.849753
6633,0.618170,0.620927,0.824473
6634,0.609682,0.576690,0.846139
6635,0.602771,0.603824,0.852759
6636,0.559077,0.582290,0.843134
6637,0.601003,0.599129,0.843416
6638,0.615966,0.616926,0.830837
6639,0.614698,0.560221,0.846650
6640,0.602080,0.603780,0.864821
6641,0.587823,0.569855,0.848620
6642,0.585886,0.603545,0.842028
6643,0.638411,0.609935,0.850995
6644,0.598263,0.617817,0.855083
6645,0.588977,0.604158,0.844706
6646,0.627095,0.596546,0.861006
6647,0.601224,0.565951,0.850683
6648,0.611705,0.546789,0.844419
6649,0.608580,0.646417,0.863635
6650,0.546197,0.548444,0.844717
6651,0.658203,0.569937,0.867914
6652,0.638409,0.581179,0.846293
6653,0.596628,0.601095,0.841358
6654,0.593955,0.573919,0.838205
6655,0.607545,0.591194,0.841221
6656,0.595625,0.605255,0.861737
6657,0.591907,0.613813,0.845924
6658,0.600695,0.560673,0.849393
6659,0.621165,0.592696,0.853734
6660,0.616989,0.552133,0.833910
6661,0.605802,0.619949,0.856096
6662,0.596424,0.598875,0.856632
6663,0.626304,0.614764,0.859778
6664,0.625125,0.600344,0.860848
6665,0.601256,0.555879,0.857951
6666,0.621858,0.576769,0.839253
6667,0.605408,0.595382,0.846253
6668,0.598880,0.582545,0.846690
6669,0.583255,0.592688,0.844071
6670,0.641918,0.574788,0.863828
6671,0.588159,0.611062,0.852112
6672,0.576346,0.602449,0.850938
6673,0.576628,0.621254,0.845491
6674,0.551262,0.586770,0.859231
6675,0.604639,0.595774,0.842518
6676,0.595341,0.556508,0.842454
6677,0.584996,0.570165,0.852217
6678,0.614285,0.596170,0.856317
6679,0.605713,0.580557,0.851527
6680,0.638382,0.573501,0.872006
6681,0.592570,0.594176,0.849895
6682,0.650404,0.609455,0.843718
6683,0.575403,0.595975,0.854808
6684,0.607070,0.581200,0.826612
6685,0.613096,0.583587,0.851622
6686,0.602791,0.618939,0.862356
6687,0.610883,0.636095,0.846264
6688,0.539374,0.628521,0.849514
6689,0.622096,0.622732,0.838535
6690,0.631800,0.599845,0.825779
6691,0.612930,0.568441,0.866569
6692,0.573954,0.591571,0.843929
6693,0.588795,0.600226,0.849036
6694,0.598267,0.556087,0.850178
6695,0.639163,0.582431,0.839814
6696,0.630577,0.569096,0.872450
6697,0.575784,0.639730,0.852064
6698,0.562871,0.587885,0.857931
6699,0.608305,0.588294,0.848582
6700,0.626421,0.572532,0.841354
6701,0.627608,0.551769,0.852395
6702,0.640124,0.602246,0.849620
6703,0.628461,0.549075,0.840975
6704,0.606019,0.573125,0.848409
6705,0.631503,0.592064,0.854022
6706,0.603188,0.589791,0.846456
6707,0.650556,0.576230,0.848007
6708,0.650268,0.651474,0.848063
6709,0.573326,0.628103,0.846582
6710,0.618127,0.597426,0.848531
6711,0.589430,0.584001,0.848196
6712,0.619754,0.585820,0.857148
6713,0.635151,0.612165,0.862671
6714,0.622392,0.576723,0.837326
6715,0.614809,0.622800,0.839319
6716,0.618097,0.624886,0.861159
6717,0.635946,0.617238,0.843469
6718,0.617226,0.566262,0.848178
6719,0.619729,0.616224,0.855134
6720,0.572739,0.584602,0.824379
6721,0.623009,0.621389,0.843190
6722,0.594854,0.626016,0.837302
6723,0.578302,0.568387,0.844949
6724,0.619251,0.612595,0.847216
6725,0.602640,0.559168,0.838827
6726,0.626091,0.601763,0.859917
6727,0.610604,0.542832,0.846558
6728,0.586730,0.566360,0.847535
6729,0.568133,0.582403,0.855919
6730,0.624356,0.559505,0.851292
6731,0.605227,0.568580,0.852735
6732,0.605942,0.578233,0.843429
6733,0.605149,0.581171,0.845476
6734,0.619671,0.601456,0.856979
6735,0.608956,0.577925,0.833456
6736,0.613476,0.585553,0.861162
6737,0.590843,0.610828,0.845904
6738,0.613245,0.602479,0.850541
6739,0.616776,0.611022,0.857238
6740,0.637996,0.584600,0.830197
6741,0.572437,0.611915,0.842906
6742,0.563439,0.615568,0.864147
6743,0.589146,0.571701,0.845605
6744,0.576708,0.586399,0.850559
6745,0.605023,0.588848,0.841315
6746,0.599181,0.614488,0.864588
6747,0.591816,0.599032,0.827102
6748,0.591086,0.602062,0.835524
6749,0.623267,0.605387,0.854961
6750,0.605861,0.593002,0.850656
6751,0.589858,0.550587,0.859947
6752,0.594376,0.599967,0.843347
6753,0.645056,0.618752,0.843350
6754,0.635137,0.565084,0.855271
6755,0.609968,0.628480,0.847864
6756,0.639735,0.624179,0.842490
6757,0.583999,0.571177,0.838597
6758,0.646414,0.616115,0.820263
6759,0.571853,0.615108,0.844058
6760,0.638984,0.574940,0.830819
6761,0.608639,0.560559,0.855465
6762,0.639800,0.611439,0.845213
6763,0.638301,0.589429,0.851136
6764,0.609599,0.571489,0.861863
6765,0.495299,0.610104,0.854831
6766,0.595498,0.594306,0.847645
6767,0.597359,0.635169,0.840599
6768,0.636626,0.585653,0.836490
6769,0.617163,0.586982,0.840138
6770,0.581921,0.591836,0.836515
6771,0.643698,0.609090,0.854599
6772,0.599550,0.615237,0.858344
6773,0.576179,0.631335,0.849951
6774,0.627731,0.604657,0.843489
6775,0.587254,0.565813,0.853908
6776,0.611339,0.589910,0.859967
6777,0.649562,0.625402,0.858333
6778,0.576637,0.609032,0.855094
6779,0.631231,0.634735,0.846940
6780,0.652854,0.629127,0.844431
6781,0.586577,0.606041,0.849262
6782,0.614426,0.577850,0.856357
6783,0.584394,0.561812,0.849410
6784,0.615879,0.606884,0.832853
6785,0.628450,0.525541,0.850152
6786,0.612640,0.636046,0.866042
6787,0.595217,0.600226,0.821965
6788,0.626048,0.604897,0.847980
6789,0.584060,0.613930,0.841195
6790,0.588077,0.572928,0.840498
6791,0.552755,0.583785,0.855415
6792,0.616140,0.603082,0.859071
6793,0.632981,0.621276,0.843111
6794,0.602411,0.588341,0.836796
6795,0.618118,0.551038,0.873174
6796,0.632947,0.611044,0.854208
6797,0.580111,0.585607,0.851332
6798,0.623588,0.627915,0.850868
6799,0.575039,0.582689,0.850996
6800,0.638152,0.633333,0.849711
6801,0.612833,0.612886,0.851179
6802,0.629761,0.558444,0.831443
6803,0.592422,0.588716,0.849743
6804,0.646195,0.588843,0.853166
6805,0.633797,0.623173,0.853800
6806,0.658806,0.612677,0.850178
6807,0.588656,0.560430,0.853102
6808,0.586571,0.561006,0.840184
6809,0.594862,0.598850,0.840816
6810,0.603495,0.602327,0.853446
6811,0.625915,0.624657,0.860165
6812,0.571854,0.579053,0.849071
6813,0.569883,0.577284,0.838626
6814,0.664367,0.614190,0.855981
6815,0.604024,0.604991,0.856491
6816,0.601522,0.554042,0.847095
6817,0.640270,0.591873,0.855076
6818,0.616391,0.583984,0.834256
6819,0.615263,0.582994,0.863020
6820,0.620116,0.558584,0.856163
6821,0.653005,0.611826,0.860651
6822,0.591884,0.586746,0.844385
6823,0.612970,0.620510,0.858271
6824,0.569450,0.583401,0.867504
6825,0.607907,0.610612,0.853890
6826,0.629665,0.593227,0.858525
6827,0.616910,0.603087,0.859533
6828,0.628767,0.612080,0.861059
6829,0.642142,0.584198,0.852225
6830,0.615716,0.595951,0.834561
6831,0.578164,0.575412,0.851621
6832,0.658373,0.597507,0.842491
6833,0.565775,0.615211,0.846433
6834,0.578991,0.588744,0.864493
6835,0.590500,0.556253,0.827419
6836,0.605964,0.628383,0.848008
6837,0.599647,0.588281,0.840526
6838,0.631879,0.620803,0.849250
6839,0.659209,0.590543,0.840346
6840,0.607734,0.595618,0.859276
6841,0.587062,0.593184,0.839496
6842,0.596961,0.549945,0.855213
6843,0.612599,0.592229,0.847991
6844,0.592230,0.631819,0.833631
6845,0.590457,0.580630,0.846334
6846,0.592727,0.571499,0.854189
6847,0.601455,0.596812,0.841390
6848,0.588218,0.611509,0.848125
6849,0.585008,0.560264,0.855108
6850,0.586192,0.562532,0.822465
6851,0.618234,0.597530,0.826900
6852,0.544705,0.575879,0.846101
6853,0.604856,0.581247,0.851033
6854,0.607459,0.572555,0.848798
6855,0.611224,0.557132,0.852048
6856,0.570899,0.648758,0.854067
6857,0.604278,0.603584,0.853224
6858,0.586783,0.576001,0.845895
6859,0.624898,0.541790,0.832256
6860,0.623129,0.565987,0.832845
6861,0.582746,0.606141,0.845467
6862,0.620297,0.555782,0.869981
6863,0.566596,0.578954,0.863445
6864,0.611952,0.585258,0.839173
6865,0.599997,0.611355,0.847175
6866,0.609714,0.601445,0.847579
6867,0.623463,0.653704,0.840938
6868,0.628688,0.556027,0.851770
6869,0.650509,0.602971,0.852482
6870,0.606451,0.611452,0.852139
6871,0.639171,0.624672,0.851215
6872,0.576833,0.615196,0.858798
6873,0.546160,0.603026,0.849614
6874,0.612435,0.593584,0.842559
6875,0.576627,0.643925,0.840776
6876,0.589249,0.629190,0.854528
6877,0.569313,0.605705,0.841355
6878,0.615585,0.578180,0.856718
6879,0.578438,0.557970,0.836827
6880,0.605358,0.593569,0.832393
6881,0.597330,0.621576,0.840880
6882,0.628986,0.587958,0.840851
6883,0.598922,0.531922,0.840626
6884,0.621633,0.571841,0.842297
6885,0.585450,0.600590,0.847795
6886,0.630896,0.599755,0.857781
6887,0.633213,0.561449,0.852015
6888,0.596400,0.588684,0.855471
6889,0.631160,0.561524,0.850253
6890,0.632273,0.579871,0.867642
6891,0.610502,0.581415,0.846710
6892,0.585430,0.588026,0.853424
6893,0.640175,0.585503,0.848966
6894,0.620726,0.614749,0.857442
6895,0.598134,0.585496,0.842095
6896,0.635832,0.589080,0.852504
6897,0.552368,0.602776,0.851308
6898,0.623459,0.581200,0.849512
6899,0.622068,0.564482,0.844117
6900,0.618047,0.602062,0.860033
6901,0.602306,0.595242,0.837724
6902,0.653032,0.597776,0.864018
6903,0.593850,0.586820,0.845127
6904,0.579861,0.592809,0.855327
6905,0.560346,0.617485,0.861424
6906,0.610926,0.608096,0.844335
6907,0.583368,0.589221,0.852019
6908,0.588066,0.601087,0.857037
6909,0.592233,0.592564,0.846195
6910,0.577672,0.601098,0.857625
6911,0.571130,0.605819,0.838084
6912,0.591133,0.559570,0.836146
6913,0.620966,0.584485,0.855088
6914,0.610131,0.563651,0.859442
6915,0.612151,0.576498,0.857014
6916,0.635354,0.594301,0.839948
6917,0.660140,0.644585,0.854066
6918,0.618231,0.615537,0.844535
6919,0.631967,0.582216,0.844877
6920,0.596263,0.576940,0.859383
6921,0.607765,0.595008,0.842254
6922,0.584983,0.620379,0.831048
6923,0.635678,0.585549,0.846597
6924,0.633476,0.563973,0.832892
6925,0.605311,0.608878,0.836252
6926,0.609293,0.584926,0.845418
6927,0.641826,0.555440,0.871254
6928,0.606724,0.607467,0.842589
6929,0.563711,0.582025,0.850633
6930,0.612446,0.585414,0.853542
6931,0.612019,0.586275,0.845467
6932,0.639578,0.604917,0.822460
6933,0.609656,0.578875,0.845370
6934,0.592267,0.615095,0.832885
6935,0.635340,0.620210,0.864924
6936,0.605303,0.610415,0.835447
6937,0.598960,0.579937,0.850631
6938,0.607823,0.574994,0.850007
6939,0.620109,0.630119,0.859543
6940,0.595575,0.581721,0.837324
6941,0.605914,0.616501,0.849850
6942,0.640925,0.616545,0.850848
6943,0.600508,0.566000,0.858708
6944,0.597318,0.559454,0.842464
6945,0.629559,0.628803,0.855127
6946,0.641250,0.573047,0.834578
6947,0.607047,0.597956,0.848601
6948,0.641648,0.570997,0.852041
6949,0.634580,0.595950,0.841243
6950,0.554353,0.568649,0.849638
6951,0.649679,0.619888,0.840823
6952,0.621594,0.580342,0.847196
6953,0.573904,0.573748,0.840945
6954,0.622322,0.566485,0.859993
6955,0.625724,0.601922,0.847067
6956,0.594217,0.581017,0.860869
6957,0.574719,0.586775,0.844772
6958,0.588309,0.621206,0.863913
6959,0.608863,0.606905,0.855711
6960,0.564189,0.569699,0.842472
6961,0.533646,0.617256,0.857927
6962,0.574210,0.581750,0.850161
6963,0.593731,0.597681,0.852481
6964,0.618330,0.610137,0.844196
6965,0.635624,0.566848,0.849378
6966,0.644122,0.587648,0.857437
6967,0.656899,0.573640,0.839231
6968,0.615538,0.598899,0.844123
6969,0.598462,0.585802,0.844924
6970,0.619653,0.572860,0.866456
6971,0.575012,0.572037,0.850552
6972,0.630921,0.609820,0.851451
6973,0.603488,0.551194,0.867355
6974,0.590125,0.614106,0.845791
6975,0.581512,0.533923,0.855604
6976,0.626224,0.607084,0.839305
6977,0.616984,0.612350,0.857400
6978,0.633988,0.632555,0.853874
6979,0.598547,0.632368,0.857284
6980,0.616455,0.615462,0.839972
6981,0.613124,0.550929,0.841471
6982,0.558566,0.606772,0.865958
6983,0.573213,0.609076,0.824458
6984,0.593374,0.596535,0.852045
6985,0.645841,0.588087,0.852084
6986,0.605597,0.578577,0.858820
6987,0.579685,0.573534,0.851020
6988,0.633490,0.585387,0.859146
6989,0.567524,0.588404,0.852635
6990,0.628829,0.557480,0.850654
6991,0.610396,0.606802,0.853307
6992,0.570115,0.553197,0.848236
6993,0.627518,0.526752,0.852944
6994,0.634142,0.596380,0.844560
6995,0.568769,0.544749,0.856910
6996,0.573844,0.595329,0.856243
6997,0.602909,0.580389,0.856644
6998,0.586061,0.597506,0.864520
6999,0.619200,0.618709,0.850166
7000,0.605084,0.590876,0.842411
7001,0.624403,0.620280,0.849764
7002,0.571785,0.620617,0.852374
7003,0.619072,0.624592,0.852829
7004,0.619327,0.615277,0.853303
7005,0.608785,0.617713,0.843903
7006,0.609084,0.598648,0.857803
7007,0.613518,0.581265,0.841182
7008,0.625426,0.564576,0.850325
7009,0.630767,0.566938,0.837219
7010,0.590253,0.609250,0.839149
7011,0.611353,0.593809,0.861083
7012,0.623088,0.556176,0.838276
7013,0.605217,0.583096,0.848195
7014,0.628773,0.569137,0.838158
7015,0.615893,0.593235,0.835005
7016,0.588226,0.662064,0.857797
7017,0.567378,0.592178,0.848838
7018,0.649589,0.601014,0.859799
7019,0.599847,0.602980,0.849555
7020,0.604968,0.594708,0.860824
7021,0.627613,0.580892,0.859118
7022,0.602739,0.541354,0.849692
7023,0.621714,0.566822,0.840469
7024,0.610478,0.616612,0.859357
7025,0.623600,0.613172,0.846373
7026,0.594475,0.630712,0.866306
7027,0.621046,0.608126,0.842135
7028,0.621496,0.632642,0.852766
7029,0.610951,0.580409,0.835282
7030,0.557621,0.561091,0.843860
7031,0.618145,0.573853,0.864774
7032,0.611096,0.586917,0.851725
7033,0.620042,0.575573,0.854092
7034,0.588557,0.617497,0.855245
7035,0.633248,0.584079,0.853699
7036,0.581637,0.598257,0.847078
7037,0.629338,0.585836,0.862686
7038,0.586736,0.554761,0.839358
7039,0.605580,0.597629,0.849862
7040,0.589331,0.595655,0.834903
7041,0.636537,0.626201,0.852947
7042,0.654015,0.616646,0.845941
7043,0.635052,0.576104,0.858640
7044,0.584793,0.617122,0.836567
7045,0.641426,0.584930,0.850716
7046,0.639472,0.629165,0.857347
7047,0.542723,0.586535,0.845726
7048,0.568209,0.562509,0.849722
7049,0.633149,0.608658,0.832707
7050,0.573180,0.595693,0.851249
7051,0.637914,0.584133,0.844634
7052,0.597938,0.613434,0.849737
7053,0.637908,0.654253,0.843189
7054,0.573310,0.584587,0.856274
7055,0.560337,0.630123,0.856728
7056,0.606667,0.602343,0.824938
7057,0.615756,0.559308,0.850681
7058,0.636548,0.598471,0.867886
7059,0.596702,0.606634,0.842368
7060,0.578999,0.584019,0.870250
7061,0.605863,0.590885,0.855760
7062,0.670540,0.578790,0.859107
7063,0.650545,0.589943,0.845945
7064,0.611623,0.573051,0.853252
7065,0.634524,0.590629,0.846776
7066,0.589548,0.631491,0.848591
7067,0.579297,0.561237,0.865546
7068,0.639975,0.622748,0.853312
7069,0.557581,0.585099,0.848222
7070,0.593330,0.618884,0.857023
7071,0.612018,0.598031,0.864511
7072,0.569530,0.596353,0.850483
7073,0.669612,0.576804,0.837171
7074,0.581612,0.574539,0.857511
7075,0.566854,0.575440,0.855232
7076,0.651750,0.604871,0.845321
7077,0.593777,0.583786,0.863280
7078,0.580450,0.563425,0.861240
7079,0.584556,0.626309,0.840699
7080,0.638046,0.605881,0.856464
7081,0.605306,0.606857,0.855825
7082,0.573771,0.611478,0.862072
7083,0.571643,0.638096,0.851778
7084,0.602311,0.593544,0.843744
7085,0.633023,0.594050,0.833388
7086,0.608556,0.613700,0.839906
7087,0.610185,0.538637,0.844957
7088,0.579870,0.585438,0.826171
7089,0.654860,0.608008,0.859716
7090,0.617853,0.612645,0.837283
7091,0.602202,0.566981,0.830447
7092,0.580450,0.593457,0.850430
7093,0.588123,0.607491,0.850821
7094,0.589201,0.601668,0.835942
7095,0.628994,0.596974,0.848697
7096,0.616260,0.558824,0.847272
7097,0.624171,0.581962,0.874523
7098,0.594954,0.588291,0.840893
7099,0.617644,0.626758,0.860280
7100,0.605591,0.605925,0.866138
7101,0.615807,0.573178,0.859156
7102,0.608972,0.595365,0.846410
7103,0.584237,0.567119,0.862004
7104,0.610969,0.604294,0.848078
7105,0.595677,0.560783,0.855763
7106,0.597599,0.575704,0.866562
7107,0.564816,0.585332,0.844123
7108,0.616794,0.572597,0.852617
7109,0.645710,0.578044,0.842665
7110,0.576541,0.538899,0.849863
7111,0.637813,0.587489,0.857586
7112,0.596433,0.561430,0.826544
7113,0.600041,0.567050,0.855000
7114,0.555969,0.569428,0.838253
7115,0.622858,0.589672,0.842851
7116,0.626815,0.558211,0.851476
7117,0.633339,0.590439,0.849960
7118,0.645449,0.617520,0.862941
7119,0.610737,0.563623,0.840634
7120,0.621688,0.634319,0.844964
7121,0.605048,0.586647,0.834281
7122,0.634282,0.587764,0.849782
7123,0.597465,0.602773,0.835029
7124,0.634935,0.638256,0.845864
7125,0.615877,0.595820,0.854058
7126,0.604768,0.610531,0.853791
7127,0.615318,0.581592,0.835564
7128,0.600770,0.598964,0.860899
7129,0.629358,0.616699,0.857600
7130,0.638042,0.603288,0.844450
7131,0.581968,0.572378,0.851790
7132,0.638164,0.594594,0.853424
7133,0.611787,0.560084,0.870043
7134,0.632149,0.588490,0.850490
7135,0.652397,0.592818,0.852827
7136,0.543382,0.561448,0.858931
7137,0.551664,0.588461,0.852154
7138,0.546676,0.603901,0.861260
7139,0.621207,0.635483,0.842785
7140,0.610476,0.588744,0.848467
7141,0.603965,0.593821,0.850375
7142,0.646464,0.576994,0.847767
7143,0.633983,0.585566,0.844176
7144,0.600727,0.578371,0.840916
7145,0.628116,0.584682,0.862393
7146,0.570235,0.623888,0.851936
7147,0.631413,0.640961,0.851723
7148,0.556223,0.601999,0.847117
7149,0.605609,0.606076,0.842823
7150,0.592019,0.597398,0.851059
7151,0.629244,0.641106,0.837446
7152,0.544251,0.602951,0.856058
7153,0.575065,0.592532,0.846657
7154,0.566265,0.601241,0.840715
7155,0.587508,0.586672,0.849067
7156,0.612928,0.607066,0.830638
7157,0.567424,0.632574,0.848698
7158,0.592416,0.583740,0.854328
7159,0.603877,0.599392,0.853032
7160,0.619557,0.551615,0.854378
7161,0.604461,0.606593,0.837882
7162,0.614489,0.581676,0.844388
7163,0.625558,0.564358,0.850060
7164,0.582733,0.555519,0.850534
7165,0.593810,0.572734,0.863523
7166,0.640897,0.590865,0.847722
7167,0.626478,0.627122,0.844583
7168,0.581833,0.574754,0.831615
7169,0.622425,0.617210,0.836751
7170,0.576476,0.615316,0.846334
7171,0.622773,0.601909,0.846802
7172,0.605809,0.575185,0.844806
7173,0.607739,0.549145,0.846212
7174,0.574245,0.597136,0.837140
7175,0.664785,0.599070,0.837623
7176,0.637068,0.582288,0.840604
7177,0.560184,0.608855,0.848291
7178,0.609448,0.585697,0.838336
7179,0.586951,0.603205,0.828773
7180,0.646312,0.561492,0.847008
7181,0.582923,0.548267,0.858606
7182,0.600656,0.602626,0.860140
7183,0.559634,0.607984,0.842570
7184,0.595081,0.612523,0.835210
7185,0.678756,0.609147,0.853175
7186,0.581412,0.592309,0.852612
7187,0.622229,0.633999,0.851775
7188,0.640486,0.602295,0.860165
7189,0.595435,0.607927,0.840236
7190,0.583020,0.611904,0.849145
7191,0.638117,0.626409,0.857559
7192,0.624340,0.526758,0.852275
7193,0.623610,0.588999,0.858062
7194,0.617024,0.599008,0.833343
7195,0.608193,0.584224,0.862270
7196,0.573044,0.625124,0.852316
7197,0.649930,0.606578,0.833466
7198,0.612594,0.569198,0.843991
7199,0.609152,0.620183,0.827570
7200,0.624443,0.593864,0.853287
7201,0.561988,0.596408,0.850393
7202,0.582895,0.576251,0.849740
7203,0.631170,0.627354,0.839459
7204,0.589315,0.569838,0.861604
7205,0.565610,0.595613,0.844279
7206,0.612126,0.607441,0.861290
7207,0.618126,0.610923,0.838164
7208,0.608301,0.607939,0.843990
7209,0.624707,0.590340,0.841228
7210,0.549786,0.597134,0.853213
7211,0.607153,0.578295,0.838904
7212,0.620917,0.601126,0.840515
7213,0.560391,0.602565,0.822421
7214,0.665037,0.575148,0.855383
7215,0.628492,0.589419,0.832789
7216,0.613666,0.642764,0.840768
7217,0.617117,0.564257,0.825523
7218,0.668295,0.588641,0.870043
7219,0.603558,0.612160,0.847202
7220,0.632604,0.627767,0.847291
7221,0.600627,0.551903,0.839764
7222,0.587680,0.600793,0.831416
7223,0.587566,0.608196,0.849266
7224,0.612973,0.575042,0.855041
7225,0.597334,0.578652,0.860465
7226,0.579804,0.560852,0.827504
7227,0.641274,0.583281,0.851248
7228,0.586263,0.604731,0.856979
7229,0.635420,0.559114,0.847879
7230,0.609454,0.558890,0.853252
7231,0.603923,0.614748,0.853008
7232,0.643341,0.624158,0.855948
7233,0.564169,0.581342,0.854876
7234,0.619305,0.658918,0.841296
7235,0.630924,0.624572,0.836607
7236,0.616794,0.607673,0.857230
7237,0.596915,0.609749,0.838909
7238,0.590838,0.568442,0.865351
7239,0.643686,0.601557,0.846781
7240,0.632690,0.577978,0.834601
7241,0.592159,0.561532,0.847990
7242,0.642101,0.559972,0.870568
7243,0.588727,0.629710,0.853252
7244,0.575646,0.589003,0.860861
7245,0.578860,0.618177,0.851553
7246,0.599669,0.591997,0.849000
7247,0.637839,0.627038,0.839003
7248,0.601027,0.566665,0.830963
7249,0.597543,0.646849,0.860852
7250,0.591522,0.561336,0.841695
7251,0.630506,0.623738,0.839750
7252,0.628430,0.559867,0.848583
7253,0.614331,0.558463,0.853815
7254,0.609996,0.623671,0.846998
7255,0.629364,0.581163,0.867711
7256,0.600474,0.593771,0.855203
7257,0.632401,0.590631,0.841793
7258,0.630033,0.611676,0.843912
7259,0.564101,0.574315,0.847806
7260,0.611264,0.613388,0.844514
7261,0.636451,0.595847,0.849312
7262,0.602763,0.586515,0.846003
7263,0.633385,0.560473,0.845295
7264,0.598611,0.617777,0.830240
7265,0.596024,0.576111,0.860924
7266,0.629406,0.592716,0.860944
7267,0.626531,0.617701,0.849719
7268,0.584647,0.608625,0.851797
7269,0.576589,0.623304,0.852060
7270,0.598533,0.582173,0.844995
7271,0.630288,0.610822,0.851139
7272,0.607914,0.622836,0.846608
7273,0.583772,0.608862,0.841340
7274,0.577392,0.591234,0.845368
7275,0.640037,0.599246,0.839330
7276,0.569945,0.586866,0.846898
7277,0.656265,0.583205,0.843709
7278,0.604713,0.574123,0.847847
7279,0.594322,0.560225,0.847307
7280,0.630600,0.618711,0.846506
7281,0.585387,0.633422,0.837743
7282,0.614760,0.599879,0.849805
7283,0.598143,0.585119,0.844911
7284,0.587365,0.626737,0.859439
7285,0.664478,0.604281,0.863550
7286,0.604564,0.601578,0.844220
7287,0.599619,0.584957,0.843795
7288,0.565074,0.596473,0.837468
7289,0.567898,0.585290,0.845755
7290,0.618846,0.610911,0.844122
7291,0.647433,0.613241,0.840522
7292,0.574653,0.594727,0.852471
7293,0.588561,0.563866,0.839160
7294,0.612991,0.594334,0.853254
7295,0.625007,0.576302,0.854264
7296,0.594833,0.578057,0.854928
7297,0.585685,0.564000,0.841524
7298,0.563891,0.585247,0.865667
7299,0.638063,0.582796,0.848896
7300,0.604251,0.604051,0.842334
7301,0.591371,0.593427,0.855726
7302,0.568866,0.622408,0.841728
7303,0.643177,0.632878,0.850696
7304,0.630805,0.587251,0.858496
7305,0.593918,0.614884,0.837503
7306,0.578593,0.600693,0.839302
7307,0.574926,0.571779,0.841167
7308,0.646932,0.567411,0.856997
7309,0.631988,0.640166,0.864785
7310,0.648360,0.620246,0.834592
7311,0.617702,0.607356,0.847149
7312,0.594728,0.612087,0.835395
7313,0.614608,0.572581,0.853618
7314,0.546617,0.529461,0.852308
7315,0.625916,0.593459,0.866351
7316,0.629669,0.555260,0.840038
7317,0.647657,0.606825,0.848475
7318,0.595592,0.614231,0.837731
7319,0.583457,0.596621,0.857528
7320,0.599467,0.611756,0.866560
7321,0.582133,0.596797,0.844724
7322,0.627105,0.615008,0.847357
7323,0.606148,0.624199,0.853219
7324,0.626392,0.588038,0.842112
7325,0.599861,0.595552,0.843298
7326,0.573110,0.601052,0.855769
7327,0.645289,0.602956,0.853558
7328,0.556816,0.589214,0.841471
7329,0.600776,0.561343,0.848807
7330,0.598454,0.588958,0.853789
7331,0.659674,0.588837,0.846066
7332,0.596840,0.609555,0.857085
7333,0.598381,0.571830,0.848021
7334,0.627351,0.595359,0.840837
7335,0.638720,0.584750,0.836309
7336,0.641983,0.591390,0.855238
7337,0.611878,0.589930,0.859226
7338,0.627086,0.626910,0.850723
7339,0.593631,0.575041,0.857055
7340,0.604347,0.576802,0.851659
7341,0.599626,0.556245,0.848221
7342,0.583300,0.575819,0.841408
7343,0.621376,0.553468,0.858224
7344,0.602418,0.576400,0.862910
7345,0.660643,0.612858,0.856210
7346,0.577218,0.552072,0.845884
7347,0.590314,0.567225,0.846616
7348,0.617287,0.573969,0.846833
7349,0.658421,0.567524,0.834037
7350,0.596270,0.590174,0.835231
7351,0.619119,0.590755,0.857065
7352,0.635627,0.610910,0.836393
7353,0.668705,0.540337,0.851261
7354,0.585587,0.579804,0.844608
7355,0.641654,0.610370,0.845002
7356,0.657152,0.575018,0.845073
7357,0.594350,0.592788,0.853401
7358,0.539350,0.590891,0.840330
7359,0.592862,0.540563,0.841976
7360,0.568814,0.643276,0.854282
7361,0.635005,0.577344,0.856721
7362,0.649754,0.602551,0.835982
7363,0.605477,0.608781,0.844137
7364,0.639471,0.574745,0.862287
7365,0.608648,0.578744,0.861882
7366,0.570366,0.580412,0.851005
7367,0.625703,0.636186,0.855223
7368,0.590335,0.567365,0.836775
7369,0.599267,0.599173,0.844920
7370,0.620429,0.627337,0.834219
7371,0.615182,0.620430,0.855333
7372,0.612753,0.554398,0.858106
7373,0.573146,0.577803,0.846759
7374,0.546797,0.612339,0.847165
7375,0.621901,0.604365,0.859358
7376,0.621530,0.602238,0.859252
7377,0.649547,0.563540,0.850850
7378,0.566521,0.596045,0.851932
7379,0.581143,0.604698,0.852263
7380,0.573909,0.581023,0.860032
7381,0.622304,0.598032,0.861734
7382,0.564697,0.576311,0.853218
7383,0.599304,0.607625,0.864032
7384,0.579742,0.589523,0.858259
7385,0.590386,0.604625,0.844256
7386,0.600481,0.581595,0.853399
7387,0.547483,0.571462,0.865328
7388,0.602092,0.621781,0.826620
7389,0.558468,0.583647,0.845679
7390,0.621676,0.618347,0.833484
7391,0.630251,0.611758,0.849886
7392,0.618127,0.629646,0.837046
7393,0.603006,0.584017,0.859129
7394,0.541655,0.602148,0.847885
7395,0.566407,0.588146,0.837552
7396,0.580877,0.557393,0.833468
7397,0.597961,0.563932,0.855962
7398,0.620705,0.601359,0.847554
7399,0.594273,0.605535,0.853054
7400,0.627560,0.615831,0.850801
7401,0.607100,0.585966,0.850546
7402,0.626791,0.557912,0.844492
7403,0.632662,0.621161,0.829849
7404,0.608643,0.557046,0.845354
7405,0.634574,0.609273,0.847373
7406,0.606141,0.667738,0.854710
7407,0.568357,0.628584,0.839551
7408,0.647616,0.582821,0.840916
7409,0.595308,0.581129,0.845253
7410,0.587675,0.577157,0.845458
7411,0.617561,0.583066,0.834697
7412,0.561418,0.586336,0.851914
7413,0.572865,0.584500,0.854453
7414,0.606489,0.600930,0.844688
7415,0.597248,0.598534,0.841398
7416,0.653659,0.589887,0.849872
7417,0.592727,0.595301,0.853889
7418,0.616689,0.604938,0.836652
7419,0.631630,0.565027,0.854050
7420,0.564380,0.568121,0.838454
7421,0.631901,0.559343,0.848538
7422,0.651200,0.581521,0.856077
7423,0.591772,0.616277,0.838656
7424,0.596725,0.608996,0.852338
7425,0.569010,0.625783,0.846650
7426,0.630578,0.597039,0.827512
7427,0.542125,0.602349,0.839432
7428,0.600481,0.601351,0.843168
7429,0.620337,0.610713,0.841576
7430,0.613131,0.574127,0.860789
7431,0.614683,0.547130,0.851468
7432,0.623330,0.619235,0.865780
7433,0.609949,0.577772,0.859608
7434,0.612622,0.600800,0.846253
7435,0.636291,0.604986,0.835833
7436,0.607551,0.564743,0.859663
7437,0.634845,0.597647,0.860002
7438,0.633828,0.611649,0.849509
7439,0.597659,0.557862,0.858231
7440,0.606765,0.582082,0.847697
7441,0.625841,0.587303,0.843211
7442,0.614903,0.599435,0.855292
7443,0.536774,0.589172,0.842854
7444,0.625988,0.604013,0.852958
7445,0.609072,0.596546,0.850119
7446,0.617875,0.584118,0.843081
7447,0.565671,0.607626,0.849018
7448,0.637894,0.581120,0.868938
7449,0.614315,0.597548,0.860509
7450,0.568691,0.598419,0.857514
7451,0.603231,0.598052,0.860722
7452,0.575669,0.607706,0.839613
7453,0.651511,0.590356,0.853766
7454,0.608384,0.534962,0.851080
7455,0.655398,0.613628,0.844446
7456,0.591211,0.568626,0.858087
7457,0.654967,0.591346,0.862207
7458,0.596944,0.609287,0.838210
7459,0.561659,0.597697,0.857375
7460,0.608173,0.583619,0.843566
7461,0.604530,0.546524,0.841649
7462,0.625828,0.603064,0.856707
7463,0.595092,0.607129,0.854931
7464,0.599525,0.570210,0.855082
7465,0.580577,0.626460,0.860611
7466,0.596603,0.635038,0.851440
7467,0.640551,0.617173,0.854408
7468,0.587488,0.610440,0.845334
7469,0.596651,0.607650,0.850613
7470,0.551853,0.616925,0.855040
7471,0.590610,0.585568,0.841544
7472,0.583316,0.567849,0.845216
7473,0.609833,0.570776,0.860044
7474,0.632249,0.597343,0.845981
7475,0.593392,0.616112,0.847513
7476,0.620593,0.640544,0.854691
7477,0.538418,0.558558,0.851885
7478,0.619502,0.600913,0.862255
7479,0.634612,0.595917,0.855950
7480,0.630832,0.588775,0.846778
7481,0.639602,0.585924,0.859502
7482,0.669143,0.560301,0.841864
7483,0.619136,0.622735,0.851415
7484,0.596977,0.589702,0.839372
7485,0.602271,0.601689,0.856423
7486,0.589913,0.622011,0.843200
7487,0.644454,0.617184,0.864132
7488,0.582999,0.565311,0.849480
7489,0.594549,0.538979,0.848705
7490,0.596955,0.583857,0.860227
7491,0.610221,0.599669,0.850198
7492,0.623702,0.634848,0.837571
7493,0.568497,0.610025,0.853715
7494,0.607306,0.616793,0.840179
7495,0.610099,0.542924,0.848331
7496,0.575824,0.590083,0.853678
7497,0.643369,0.598008,0.843336
7498,0.619963,0.566767,0.850740
7499,0.577151,0.637587,0.848004
7500,0.623656,0.606613,0.845469
7501,0.649458,0.585447,0.838384
7502,0.578736,0.571383,0.853890
7503,0.660963,0.618457,0.852031
7504,0.620441,0.605565,0.839230
7505,0.637666,0.572201,0.847708
7506,0.602415,0.590183,0.847527
7507,0.653801,0.582920,0.837356
7508,0.645820,0.621316,0.850190
7509,0.608157,0.604648,0.844965
7510,0.612132,0.610981,0.843312
7511,0.600386,0.638904,0.859256
7512,0.552167,0.558790,0.847190
7513,0.614264,0.602911,0.848677
7514,0.601441,0.603195,0.841687
7515,0.541013,0.568836,0.859974
7516,0.589128,0.596125,0.848380
7517,0.613176,0.550977,0.854139
7518,0.603523,0.594100,0.853156
7519,0.635519,0.631862,0.852357
7520,0.590572,0.599266,0.852319
7521,0.623706,0.595974,0.845518
7522,0.593292,0.612889,0.854904
7523,0.579465,0.605086,0.847186
7524,0.652725,0.645728,0.851640
7525,0.620086,0.605122,0.855748
7526,0.637018,0.631791,0.842987
7527,0.608298,0.589279,0.856681
7528,0.634086,0.609246,0.835920
7529,0.611430,0.598907,0.856883
7530,0.661725,0.586586,0.842378
7531,0.592237,0.599721,0.846595
7532,0.584890,0.564628,0.842726
7533,0.645841,0.587686,0.857273
7534,0.607443,0.558590,0.861214
7535,0.559436,0.583505,0.826719
7536,0.608793,0.552616,0.850304
7537,0.622354,0.581981,0.835756
7538,0.617419,0.597839,0.856462
7539,0.593238,0.572874,0.856107
7540,0.639772,0.595129,0.851844
7541,0.615458,0.634734,0.864364
7542,0.593568,0.599852,0.847492
7543,0.587969,0.620722,0.842299
7544,0.609626,0.599820,0.855104
7545,0.604897,0.615686,0.838657
7546,0.608979,0.618912,0.836883
7547,0.629324,0.592415,0.849009
7548,0.683681,0.591101,0.846999
7549,0.596396,0.620561,0.853280
7550,0.581748,0.606337,0.848089
7551,0.626916,0.610605,0.859804
7552,0.620416,0.588058,0.839614
7553,0.584211,0.604774,0.857799
7554,0.630661,0.606940,0.846958
7555,0.664560,0.617617,0.862068
7556,0.580315,0.626771,0.835664
7557,0.613828,0.566499,0.870351
7558,0.596250,0.616394,0.841652
7559,0.611009,0.626460,0.858201
7560,0.605290,0.622171,0.836637
7561,0.593131,0.610337,0.851764
7562,0.672691,0.619643,0.840383
7563,0.573678,0.634787,0.847442
7564,0.615980,0.574228,0.858592
7565,0.569137,0.613800,0.866965
7566,0.618461,0.585394,0.841762
7567,0.578188,0.604096,0.845195
7568,0.635300,0.610104,0.835285
7569,0.620194,0.615603,0.838044
7570,0.596640,0.620181,0.851390
7571,0.578924,0.615313,0.851322
7572,0.643192,0.591875,0.866024
7573,0.576770,0.573525,0.860640
7574,0.562551,0.608997,0.850542
7575,0.612104,0.550877,0.824539
7576,0.605935,0.593569,0.847977
7577,0.615304,0.616854,0.841594
7578,0.560880,0.605168,0.864490
7579,0.615447,0.620245,0.861540
7580,0.611522,0.588659,0.854083
7581,0.623814,0.602350,0.851107
7582,0.606135,0.619106,0.853453
7583,0.590743,0.591111,0.832622
7584,0.594700,0.608772,0.860560
7585,0.627184,0.589446,0.843389
7586,0.622285,0.576066,0.853197
7587,0.584378,0.584728,0.851987
7588,0.627722,0.584119,0.852673
7589,0.614859,0.585017,0.848933
7590,0.619439,0.612590,0.852986
7591,0.650892,0.561453,0.852063
7592,0.598934,0.537005,0.854356
7593,0.552243,0.546174,0.845554
7594,0.615585,0.580451,0.845644
7595,0.592287,0.610208,0.848997
7596,0.626968,0.599156,0.851786
7597,0.591396,0.610030,0.861669
7598,0.629110,0.577293,0.835531
7599,0.631510,0.583846,0.844194
7600,0.624304,0.582792,0.840908
7601,0.622029,0.544000,0.854820
7602,0.590130,0.586815,0.867483
7603,0.593374,0.551689,0.836749
7604,0.616531,0.585291,0.852846
7605,0.555692,0.567146,0.854695
7606,0.590566,0.558989,0.842210
7607,0.584406,0.595605,0.847876
7608,0.619078,0.564281,0.830510
7609,0.567214,0.573403,0.848014
7610,0.591173,0.628562,0.848568
7611,0.606209,0.564143,0.853087
7612,0.634725,0.553832,0.848139
7613,0.570586,0.582908,0.856471
7614,0.586863,0.576318,0.850678
7615,0.687217,0.624729,0.853638
7616,0.600986,0.628863,0.848521
7617,0.620098,0.587678,0.835848
7618,0.631909,0.610595,0.848403
7619,0.615856,0.611968,0.850407
7620,0.628536,0.575550,0.848387
7621,0.607046,0.582237,0.857484
7622,0.624297,0.622601,0.844341
7623,0.640323,0.595265,0.847689
7624,0.577700,0.582179,0.850312
7625,0.601797,0.633819,0.847993
7626,0.598544,0.573361,0.854190
7627,0.597482,0.598119,0.836343
7628,0.628867,0.604037,0.848527
7629,0.558616,0.574096,0.858439
7630,0.589873,0.584730,0.847885
7631,0.621222,0.581654,0.854676
7632,0.612132,0.609968,0.847326
7633,0.582940,0.597681,0.850706
7634,0.608565,0.601753,0.859469
7635,0.605833,0.559554,0.834907
7636,0.632535,0.586546,0.865846
7637,0.578518,0.619123,0.859071
7638,0.633742,0.616002,0.863343
7639,0.612290,0.616280,0.868147
7640,0.612840,0.581633,0.853899
7641,0.601209,0.584741,0.842220
7642,0.654167,0.563783,0.847064
7643,0.561662,0.589203,0.839968
7644,0.606125,0.562651,0.845186
7645,0.631912,0.580584,0.839395
7646,0.579929,0.575765,0.854204
7647,0.637989,0.591413,0.848676
7648,0.638102,0.629080,0.857735
7649,0.624495,0.552661,0.858527
7650,0.594255,0.561981,0.843257
7651,0.653510,0.611286,0.847372
7652,0.582490,0.556927,0.848642
7653,0.651484,0.599932,0.836722
7654,0.601628,0.580800,0.843190
7655,0.580707,0.628376,0.844968
7656,0.609530,0.611913,0.844030
7657,0.627832,0.626046,0.853100
7658,0.575174,0.562134,0.862642
7659,0.647132,0.578930,0.857700
7660,0.638250,0.628575,0.847084
7661,0.541313,0.590898,0.853424
7662,0.670831,0.578601,0.847791
7663,0.660331,0.597361,0.851039
7664,0.583605,0.597305,0.848753
7665,0.624198,0.609617,0.838382
7666,0.586813,0.621379,0.834818
7667,0.653109,0.547467,0.839509
7668,0.581181,0.595189,0.841399
7669,0.542515,0.551930,0.843783
7670,0.594722,0.567255,0.855997
7671,0.564147,0.637424,0.861049
7672,0.581110,0.596597,0.855069
7673,0.647330,0.582950,0.838776
7674,0.590524,0.562204,0.855282
7675,0.585503,0.605770,0.840949
7676,0.628404,0.595636,0.848097
7677,0.648711,0.589037,0.853730
7678,0.626113,0.580840,0.858637
7679,0.541230,0.602246,0.848503
7680,0.632569,0.587397,0.858560
7681,0.595668,0.559802,0.852887
7682,0.592897,0.569261,0.841835
7683,0.648477,0.598536,0.861996
7684,0.608563,0.591565,0.846312
7685,0.574784,0.569019,0.848655
7686,0.619899,0.574822,0.854781
7687,0.547877,0.578272,0.853215
7688,0.565773,0.615095,0.842925
7689,0.661094,0.615668,0.844667
7690,0.554670,0.610124,0.841798
7691,0.605162,0.574892,0.853362
7692,0.611547,0.581212,0.851117
7693,0.593052,0.594993,0.850540
7694,0.589900,0.586746,0.845595
7695,0.573249,0.601882,0.832510
7696,0.616033,0.612947,0.845232
7697,0.606639,0.594521,0.873515
7698,0.645436,0.605829,0.848257
7699,0.630011,0.582783,0.836193
7700,0.619494,0.560252,0.850505
7701,0.587256,0.638751,0.861001
7702,0.570063,0.594819,0.846227
7703,0.604445,0.575941,0.835948
7704,0.648085,0.575093,0.846410
7705,0.613804,0.623496,0.848931
7706,0.570615,0.620210,0.854936
7707,0.586752,0.589830,0.841308
7708,0.596719,0.586269,0.843685
7709,0.573031,0.585704,0.850758
7710,0.617618,0.593623,0.870013
7711,0.621333,0.611811,0.846522
7712,0.665096,0.580292,0.871654
7713,0.589944,0.595400,0.858287
7714,0.671559,0.609628,0.831772
7715,0.627029,0.557081,0.848254
7716,0.571078,0.648753,0.861979
7717,0.638186,0.639085,0.852421
7718,0.571620,0.569269,0.854910
7719,0.575478,0.587917,0.867626
7720,0.622329,0.596727,0.848623
7721,0.596743,0.610573,0.850039
7722,0.619829,0.621631,0.837843
7723,0.594281,0.569994,0.845264
7724,0.614504,0.613442,0.861647
7725,0.604174,0.580777,0.844927
7726,0.572518,0.598382,0.856002
7727,0.562522,0.568812,0.843241
7728,0.608170,0.596689,0.830267
7729,0.646341,0.640741,0.857603
7730,0.595957,0.612752,0.835659
7731,0.617999,0.633587,0.855474
7732,0.585153,0.575526,0.846357
7733,0.632957,0.564615,0.861717
7734,0.662817,0.607672,0.843952
7735,0.591010,0.593299,0.846992
7736,0.611618,0.574666,0.836261
7737,0.622397,0.571083,0.849904
7738,0.584495,0.606861,0.861667
7739,0.591105,0.604576,0.845201
7740,0.579647,0.604821,0.843034
7741,0.587945,0.564091,0.835922
7742,0.587183,0.638376,0.838763
7743,0.625884,0.625051,0.850064
7744,0.585587,0.598413,0.861322
7745,0.611167,0.636011,0.853321
7746,0.619082,0.604815,0.862165
7747,0.617290,0.566694,0.866431
7748,0.647361,0.605752,0.841680
7749,0.608135,0.585315,0.846794
7750,0.593531,0.599087,0.846410
7751,0.652531,0.596053,0.858282
7752,0.614229,0.591211,0.862634
7753,0.647349,0.577647,0.841756
7754,0.620118,0.598753,0.840214
7755,0.592247,0.637454,0.855125
7756,0.603794,0.594575,0.844020
7757,0.590502,0.624208,0.840118
7758,0.559850,0.580844,0.858534
7759,0.568487,0.646449,0.858252
7760,0.605135,0.592527,0.853290
7761,0.611891,0.596331,0.848041
7762,0.638215,0.601002,0.850267
7763,0.607013,0.596597,0.856977
7764,0.585710,0.596572,0.844728
7765,0.577459,0.560214,0.837904
7766,0.620999,0.617308,0.840537
7767,0.584570,0.623073,0.852100
7768,0.600201,0.611336,0.843928
7769,0.613466,0.586604,0.839454
7770,0.587755,0.572269,0.823309
7771,0.598686,0.545812,0.851520
7772,0.594429,0.604941,0.851545
7773,0.550083,0.627880,0.849002
7774,0.676038,0.583047,0.846185
7775,0.610409,0.625579,0.848293
7776,0.610195,0.622278,0.826044
7777,0.602032,0.628048,0.844339
7778,0.590080,0.604753,0.842351
7779,0.626764,0.553308,0.849241
7780,0.637894,0.606792,0.850294
7781,0.636188,0.605677,0.841094
7782,0.606882,0.623364,0.853780
7783,0.628015,0.609253,0.868069
7784,0.627627,0.554861,0.841891
7785,0.631937,0.624618,0.848896
7786,0.602970,0.597243,0.866900
7787,0.560366,0.580112,0.864710
7788,0.577441,0.601137,0.877414
7789,0.593903,0.560809,0.852011
7790,0.602374,0.623293,0.843016
7791,0.621182,0.626272,0.852939
7792,0.610252,0.583397,0.839950
7793,0.591296,0.585390,0.864399
7794,0.599567,0.599570,0.839227
7795,0.646926,0.614986,0.833522
7796,0.634697,0.593090,0.848813
7797,0.606649,0.579359,0.828702
7798,0.627515,0.577516,0.857608
7799,0.617660,0.632000,0.847960
7800,0.576048,0.577397,0.846986
7801,0.594130,0.614682,0.858542
7802,0.595718,0.581457,0.858851
7803,0.580951,0.617228,0.834168
7804,0.620055,0.602198,0.845090
7805,0.598628,0.589459,0.864162
7806,0.653813,0.570653,0.853815
7807,0.623997,0.602832,0.858226
7808,0.638795,0.608261,0.868392
7809,0.631678,0.580265,0.858735
7810,0.594312,0.588466,0.850507
7811,0.571566,0.612694,0.840192
7812,0.585943,0.590258,0.859903
7813,0.562789,0.609147,0.856234
7814,0.602697,0.610912,0.857967
7815,0.605162,0.602756,0.859097
7816,0.569115,0.612606,0.840976
7817,0.589659,0.608031,0.849871
7818,0.591546,0.599049,0.834158
7819,0.563066,0.616011,0.849713
7820,0.641351,0.594294,0.838762
7821,0.601803,0.559710,0.851072
7822,0.624110,0.586986,0.858775
7823,0.601335,0.606141,0.837891
7824,0.600238,0.601315,0.856145
7825,0.615625,0.608532,0.835629
7826,0.624578,0.546157,0.839663
7827,0.619962,0.612672,0.847640
7828,0.593248,0.601222,0.859165
7829,0.583208,0.605857,0.838113
7830,0.625160,0.631459,0.858643
7831,0.633833,0.601419,0.859932
7832,0.634840,0.589620,0.852784
7833,0.604573,0.592746,0.850192
7834,0.621079,0.577959,0.853728
7835,0.578663,0.626484,0.848004
7836,0.611137,0.619663,0.850632
7837,0.626159,0.574294,0.835687
7838,0.595608,0.602745,0.839516
7839,0.582615,0.561818,0.858170
7840,0.617864,0.582736,0.846613
7841,0.655788,0.572131,0.862104
7842,0.597329,0.553063,0.860868
7843,0.611757,0.564575,0.851483
7844,0.599883,0.574509,0.857473
7845,0.579840,0.605043,0.856466
7846,0.599434,0.611200,0.844886
7847,0.592493,0.591165,0.847748
7848,0.627573,0.625759,0.856109
7849,0.624753,0.618436,0.837454
7850,0.576428,0.553242,0.857162
7851,0.640810,0.597059,0.855326
7852,0.630088,0.575126,0.845869
7853,0.570477,0.588461,0.863920
7854,0.596292,0.607951,0.835708
7855,0.584684,0.626599,0.846207
7856,0.611919,0.584742,0.850755
7857,0.615260,0.588733,0.845923
7858,0.579428,0.625207,0.859533
7859,0.598894,0.603704,0.852811
7860,0.611503,0.564417,0.837598
7861,0.592737,0.628613,0.856350
7862,0.589535,0.606549,0.850387
7863,0.657697,0.549082,0.833496
7864,0.658991,0.571120,0.837699
7865,0.605626,0.604880,0.843381
7866,0.522750,0.581813,0.854340
7867,0.628419,0.602907,0.857700
7868,0.570940,0.594590,0.848720
7869,0.606479,0.565072,0.841173
7870,0.622767,0.628913,0.853488
7871,0.570999,0.614328,0.848559
7872,0.590566,0.582444,0.837344
7873,0.632589,0.614467,0.861880
7874,0.591569,0.609293,0.861475
7875,0.633198,0.581311,0.850714
7876,0.643481,0.570509,0.855273
7877,0.597643,0.619556,0.847779
7878,0.623052,0.622227,0.840303
7879,0.633018,0.606500,0.844708
7880,0.606773,0.603144,0.838422
7881,0.619316,0.605394,0.842935
7882,0.609296,0.581428,0.841597
7883,0.570045,0.537738,0.848080
7884,0.633714,0.572962,0.851853
7885,0.624675,0.605035,0.862900
7886,0.659438,0.601212,0.861168
7887,0.625020,0.617820,0.856001
7888,0.556370,0.613803,0.840202
7889,0.638769,0.599027,0.849098
7890,0.607335,0.584934,0.850107
7891,0.574568,0.598394,0.844849
7892,0.569567,0.592757,0.855315
7893,0.612059,0.584667,0.856864
7894,0.593335,0.633837,0.834351
7895,0.564388,0.566103,0.852771
7896,0.622349,0.600205,0.860580
7897,0.612811,0.619869,0.847435
7898,0.619973,0.613436,0.843114
7899,0.597411,0.597293,0.853040
7900,0.643231,0.594242,0.859219
7901,0.637501,0.607466,0.850084
7902,0.610388,0.604132,0.843167
7903,0.574509,0.582062,0.844818
7904,0.574918,0.577627,0.852329
7905,0.541848,0.641556,0.846063
7906,0.577908,0.578350,0.850976
7907,0.635566,0.607440,0.847397
7908,0.634916,0.588153,0.839691
7909,0.603761,0.622601,0.856546
7910,0.593471,0.619505,0.848763
7911,0.550990,0.591512,0.853672
7912,0.578933,0.599977,0.854425
7913,0.581879,0.604858,0.856253
7914,0.591702,0.590769,0.849949
7915,0.592131,0.581522,0.840090
7916,0.574080,0.630718,0.869252
7917,0.585103,0.617415,0.838552
7918,0.599636,0.595030,0.863929
7919,0.617090,0.613081,0.848221
7920,0.600132,0.583483,0.857882
7921,0.588737,0.578170,0.847543
7922,0.590437,0.586700,0.857455
7923,0.607985,0.560228,0.850184
7924,0.631625,0.606757,0.845204
7925,0.607129,0.616191,0.844910
7926,0.601636,0.550985,0.849567
7927,0.584631,0.621475,0.854912
7928,0.597508,0.614199,0.852376
7929,0.602507,0.560971,0.851407
7930,0.663619,0.584300,0.849546
7931,0.626885,0.585423,0.842403
7932,0.584118,0.587591,0.851359
7933,0.597921,0.616662,0.838026
7934,0.612788,0.613457,0.845651
7935,0.621973,0.538034,0.846424
7936,0.603768,0.605574,0.858174
7937,0.603378,0.626145,0.836155
7938,0.588928,0.582529,0.849271
7939,0.635971,0.584568,0.848874
7940,0.550647,0.619156,0.869226
7941,0.621500,0.587848,0.840598
7942,0.592763,0.581741,0.848765
7943,0.587112,0.568630,0.853297
7944,0.636621,0.600110,0.850077
7945,0.628514,0.608435,0.839615
7946,0.682928,0.606858,0.863084
7947,0.610560,0.605482,0.844762
7948,0.593499,0.586744,0.856672
7949,0.577958,0.556392,0.850753
7950,0.596714,0.554444,0.848698
7951,0.655091,0.583132,0.855625
7952,0.606270,0.612389,0.837069
7953,0.579640,0.631206,0.849566
7954,0.567664,0.613692,0.859514
7955,0.618156,0.630577,0.871073
7956,0.634975,0.574872,0.859676
7957,0.635438,0.587674,0.844258
7958,0.622192,0.592447,0.859461
7959,0.605313,0.609186,0.850474
7960,0.648282,0.564890,0.854661
7961,0.621161,0.584641,0.863166
7962,0.588115,0.636573,0.866143
7963,0.631951,0.550346,0.851765
7964,0.594910,0.611945,0.853591
7965,0.627761,0.590926,0.850151
7966,0.586753,0.588668,0.839053
7967,0.607161,0.585427,0.851361
7968,0.576834,0.629212,0.850914
7969,0.606780,0.588460,0.874370
7970,0.611430,0.611574,0.831144
7971,0.588521,0.592296,0.841577
7972,0.603002,0.569798,0.840132
7973,0.591475,0.584914,0.850100
7974,0.579059,0.619098,0.860055
7975,0.615394,0.605189,0.842981
7976,0.571853,0.557094,0.839519
7977,0.582288,0.545188,0.849184
7978,0.541328,0.593634,0.856790
7979,0.612533,0.568668,0.849322
7980,0.573658,0.578157,0.851898
7981,0.571057,0.609814,0.835495
7982,0.560627,0.605941,0.856759
7983,0.634999,0.587448,0.859894
7984,0.600143,0.572857,0.842000
7985,0.560363,0.606389,0.855560
7986,0.637991,0.610275,0.852709
7987,0.615852,0.602295,0.837762
7988,0.619626,0.600283,0.857194
7989,0.642912,0.602943,0.849995
7990,0.566044,0.579741,0.837629
7991,0.618060,0.606214,0.829282
7992,0.648047,0.578545,0.848526
7993,0.569528,0.600871,0.842524
7994,0.635874,0.548673,0.865406
7995,0.598354,0.592030,0.851972
7996,0.620278,0.641561,0.855199
7997,0.630707,0.583738,0.840987
7998,0.574533,0.610296,0.826732
7999,0.638037,0.611587,0.857849
8000,0.655342,0.581786,0.846250
8001,0.553566,0.609095,0.845751
8002,0.611721,0.613579,0.862612
8003,0.629512,0.631044,0.846117
8004,0.577682,0.597327,0.853091
8005,0.622428,0.590789,0.839453
8006,0.606575,0.597409,0.848196
8007,0.640626,0.624129,0.849112
8008,0.555649,0.586678,0.852128
8009,0.583999,0.625079,0.861857
8010,0.563656,0.575821,0.843051
8011,0.591265,0.613206,0.853150
8012,0.598383,0.563770,0.833876
8013,0.562904,0.608633,0.839853
8014,0.679808,0.617334,0.836623
8015,0.598528,0.569433,0.827294
8016,0.582399,0.586527,0.844184
8017,0.681492,0.587161,0.853724
8018,0.587496,0.549582,0.852337
8019,0.572352,0.603930,0.842261
8020,0.590587,0.580475,0.852292
8021,0.606771,0.566603,0.850475
8022,0.585155,0.595045,0.841425
8023,0.631952,0.585538,0.864143
8024,0.613365,0.554576,0.854204
8025,0.582635,0.551431,0.836154
8026,0.564787,0.609248,0.854449
8027,0.650935,0.592829,0.861510
8028,0.643718,0.581408,0.847234
8029,0.599170,0.578593,0.849577
8030,0.596664,0.565616,0.828377
8031,0.596463,0.604061,0.849427
8032,0.607835,0.614406,0.848182
8033,0.578689,0.596332,0.846113
8034,0.562081,0.598864,0.852280
8035,0.639558,0.580795,0.843484
8036,0.608342,0.594829,0.863410
8037,0.567814,0.625166,0.850750
8038,0.615190,0.583361,0.832707
8039,0.626148,0.653376,0.857777
8040,0.619000,0.584383,0.835348
8041,0.596296,0.564755,0.863301
8042,0.620239,0.612338,0.849441
8043,0.602104,0.574385,0.835900
8044,0.639570,0.621456,0.845671
8045,0.633217,0.558664,0.839281
8046,0.592697,0.587680,0.851986
8047,0.606691,0.589807,0.849776
8048,0.596560,0.598972,0.845481
8049,0.579594,0.597560,0.866805
8050,0.615553,0.615195,0.850740
8051,0.636352,0.627508,0.854106
8052,0.611065,0.583315,0.853698
8053,0.643731,0.594439,0.870086
8054,0.616958,0.614876,0.856198
8055,0.550787,0.603009,0.834600
8056,0.581943,0.613497,0.849884
8057,0.615260,0.609343,0.848930
8058,0.667432,0.611442,0.854333
8059,0.609907,0.592350,0.836376
8060,0.657826,0.585501,0.839954
8061,0.610855,0.581671,0.858326
8062,0.644643,0.590340,0.849780
8063,0.621433,0.587318,0.863321
8064,0.563495,0.586993,0.858052
8065,0.608395,0.641515,0.859849
8066,0.565384,0.619316,0.855759
8067,0.576883,0.620561,0.845517
8068,0.566005,0.566879,0.863314
8069,0.599772,0.596270,0.850769
8070,0.635836,0.556287,0.853761
8071,0.606142,0.622724,0.865558
8072,0.532377,0.583262,0.848920
8073,0.561659,0.634252,0.857803
8074,0.576400,0.561055,0.843642
8075,0.577367,0.576419,0.846129
8076,0.595265,0.596622,0.838472
8077,0.606604,0.567563,0.863806
8078,0.624670,0.601933,0.849599
8079,0.576122,0.576132,0.844176
8080,0.608513,0.569684,0.848331
8081,0.568706,0.621924,0.848036
8082,0.624785,0.583442,0.850602
8083,0.639024,0.583103,0.847206
8084,0.644630,0.645577,0.834684
8085,0.587216,0.598149,0.853127
8086,0.580577,0.562529,0.841556
8087,0.592300,0.531999,0.866424
8088,0.603168,0.600893,0.852270
8089,0.619305,0.598615,0.859984
8090,0.613979,0.605165,0.860354
8091,0.619311,0.607001,0.847654
8092,0.592597,0.605188,0.865389
8093,0.615001,0.585356,0.853432
8094,0.609767,0.605013,0.847191
8095,0.623822,0.568245,0.832267
8096,0.619053,0.571218,0.851834
8097,0.573808,0.543365,0.860802
8098,0.612156,0.561018,0.837138
8099,0.625966,0.574174,0.860445
8100,0.546422,0.607771,0.856750
8101,0.597063,0.576116,0.836028
8102,0.596903,0.626770,0.829805
8103,0.597820,0.604278,0.855074
8104,0.593217,0.560022,0.862217
8105,0.624116,0.597152,0.853405
8106,0.590865,0.631550,0.850295
8107,0.573194,0.588259,0.828129
8108,0.604328,0.579104,0.849309
8109,0.609108,0.578537,0.849561
8110,0.580506,0.594404,0.866476
8111,0.642786,0.619707,0.848532
8112,0.622643,0.590693,0.864478
8113,0.597013,0.621366,0.840727
8114,0.593563,0.565618,0.856157
8115,0.645592,0.631770,0.847454
8116,0.598779,0.582091,0.857431
8117,0.585324,0.609536,0.849554
8118,0.622717,0.596048,0.854295
8119,0.570307,0.611731,0.844512
8120,0.650168,0.582076,0.849220
8121,0.610208,0.609863,0.855445
8122,0.621723,0.594999,0.852086
8123,0.579382,0.590031,0.847560
8124,0.651754,0.612340,0.851082
8125,0.635978,0.624291,0.864059
8126,0.550539,0.587586,0.844818
8127,0.576006,0.588551,0.863236
8128,0.637322,0.614421,0.856702
8129,0.627126,0.616515,0.854970
8130,0.610558,0.576444,0.838250
8131,0.558551,0.580871,0.832034
8132,0.684320,0.561202,0.841872
8133,0.600373,0.603981,0.867713
8134,0.593765,0.584932,0.865224
8135,0.613545,0.593193,0.863907
8136,0.628160,0.583465,0.846653
8137,0.607821,0.594033,0.873974
8138,0.611229,0.625388,0.860202
8139,0.570868,0.582161,0.842680
8140,0.585790,0.618694,0.840389
8141,0.629477,0.634211,0.852373
8142,0.573965,0.562661,0.845361
8143,0.609679,0.585434,0.847753
8144,0.591256,0.589731,0.850676
8145,0.591948,0.582873,0.860109
8146,0.602989,0.598132,0.851090
8147,0.677695,0.580763,0.851504
8148,0.618619,0.598235,0.843362
8149,0.557103,0.605701,0.840588
8150,0.605337,0.606521,0.848925
8151,0.608044,0.593466,0.847258
8152,0.613107,0.582039,0.848169
8153,0.565831,0.596341,0.851768
8154,0.632073,0.592200,0.851767
8155,0.616766,0.611631,0.841817
8156,0.606980,0.570517,0.851709
8157,0.612624,0.629494,0.865839
8158,0.542273,0.594216,0.847381
8159,0.660151,0.602907,0.839223
8160,0.639433,0.644178,0.858106
8161,0.644146,0.588705,0.856295
8162,0.617767,0.630823,0.853054
8163,0.599858,0.622230,0.847167
8164,0.627119,0.588755,0.847091
8165,0.592649,0.588695,0.853853
8166,0.632696,0.563875,0.850995
8167,0.596574,0.617307,0.851841
8168,0.617509,0.607631,0.851647
8169,0.594919,0.572205,0.848844
8170,0.614965,0.599826,0.866479
8171,0.608426,0.585112,0.859946
8172,0.567887,0.593331,0.849188
8173,0.569176,0.604700,0.830454
8174,0.615260,0.573689,0.834728
8175,0.590588,0.592300,0.849719
8176,0.613064,0.585686,0.863571
8177,0.645519,0.583285,0.865623
8178,0.606206,0.584600,0.854823
8179,0.608382,0.567958,0.832693
8180,0.624857,0.604544,0.848948
8181,0.650235,0.595926,0.846476
8182,0.652763,0.557430,0.825367
8183,0.642513,0.608008,0.851238
8184,0.584229,0.588389,0.848499
8185,0.604867,0.576434,0.860502
8186,0.611875,0.615516,0.833599
8187,0.580126,0.599804,0.838825
8188,0.637340,0.627698,0.856217
8189,0.659523,0.589711,0.846485
8190,0.626294,0.530810,0.848116
8191,0.548026,0.592275,0.848355
8192,0.639726,0.600062,0.846420
8193,0.635680,0.577347,0.840252
8194,0.607148,0.588245,0.859763
8195,0.594395,0.574452,0.830493
8196,0.604705,0.608909,0.829233
8197,0.643655,0.597129,0.846138
8198,0.613113,0.568063,0.840671
8199,0.616026,0.612358,0.843466
8200,0.595308,0.592490,0.847750
8201,0.589311,0.578255,0.850195
8202,0.601751,0.614075,0.844677
8203,0.579118,0.635258,0.856476
8204,0.611774,0.571709,0.837847
8205,0.645214,0.629884,0.865144
8206,0.641076,0.603207,0.863252
8207,0.587237,0.579030,0.849525
8208,0.601918,0.571840,0.856207
8209,0.614388,0.596037,0.853239
8210,0.616564,0.597192,0.852833
8211,0.546293,0.581602,0.858765
8212,0.584015,0.639914,0.847949
8213,0.603864,0.598836,0.838332
8214,0.639303,0.592813,0.841571
8215,0.592454,0.532841,0.839792
8216,0.595310,0.565657,0.858801
8217,0.587998,0.580451,0.855686
8218,0.586241,0.593098,0.834893
8219,0.601414,0.586080,0.847731
8220,0.603834,0.596866,0.843617
8221,0.616159,0.615473,0.855210
8222,0.620669,0.594447,0.848084
8223,0.634941,0.605392,0.848088
8224,0.614251,0.628419,0.861088
8225,0.687306,0.610486,0.835758
8226,0.590108,0.585428,0.853176
8227,0.591188,0.586795,0.855620
8228,0.617939,0.577271,0.863689
8229,0.553190,0.541320,0.844956
8230,0.622572,0.631378,0.844545
8231,0.666106,0.572465,0.859002
8232,0.611999,0.573099,0.853886
8233,0.612044,0.634468,0.855474
8234,0.602946,0.586076,0.854575
8235,0.583426,0.607935,0.852975
8236,0.574146,0.568901,0.838853
8237,0.610634,0.600437,0.847056
8238,0.600181,0.624134,0.847244
8239,0.611640,0.562834,0.855488
8240,0.617876,0.605743,0.848273
8241,0.636153,0.596204,0.861661
8242,0.570714,0.633958,0.841008
8243,0.600897,0.616203,0.853422
8244,0.633490,0.617479,0.860707
8245,0.613044,0.567102,0.839347
8246,0.596852,0.612569,0.838350
8247,0.614577,0.646462,0.868230
8248,0.635017,0.581032,0.860315
8249,0.607658,0.550982,0.853294
8250,0.619711,0.609276,0.842995
8251,0.625029,0.626859,0.864410
8252,0.620849,0.611819,0.851688
8253,0.612563,0.586147,0.851056
8254,0.597100,0.633575,0.861801
8255,0.581485,0.614718,0.859810
8256,0.626589,0.598819,0.856788
8257,0.586193,0.594421,0.837898
8258,0.592955,0.657874,0.840728
8259,0.601987,0.569821,0.859123
8260,0.612987,0.590699,0.846834
8261,0.572538,0.603523,0.864921
8262,0.593740,0.573569,0.862749
8263,0.613899,0.553398,0.839508
8264,0.636075,0.562824,0.841436
8265,0.632108,0.596436,0.829938
8266,0.657214,0.575074,0.857466
8267,0.646138,0.586974,0.858976
8268,0.601572,0.633568,0.853344
8269,0.655086,0.586959,0.847082
8270,0.582190,0.605535,0.835525
8271,0.610938,0.609302,0.856099
8272,0.581374,0.609434,0.857788
8273,0.571646,0.567846,0.861864
8274,0.581205,0.611575,0.847081
8275,0.631160,0.616085,0.853872
8276,0.620881,0.591428,0.855178
8277,0.612174,0.548623,0.856871
8278,0.625341,0.631431,0.851833
8279,0.636180,0.586042,0.838100
8280,0.618384,0.632803,0.860570
8281,0.602631,0.543203,0.858191
8282,0.648447,0.616315,0.836818
8283,0.628357,0.594441,0.852324
8284,0.635933,0.584330,0.860134
8285,0.562745,0.647007,0.854703
8286,0.531263,0.611049,0.844852
8287,0.628828,0.587296,0.868962
8288,0.584889,0.628745,0.843681
8289,0.622075,0.573978,0.840658
8290,0.583235,0.591111,0.846826
8291,0.645368,0.620886,0.855156
8292,0.631494,0.592281,0.844874
8293,0.566201,0.578029,0.851322
8294,0.590963,0.620536,0.820256
8295,0.590174,0.534578,0.854587
8296,0.586190,0.621216,0.848033
8297,0.632233,0.572679,0.837598
8298,0.610129,0.579053,0.840537
8299,0.643599,0.620700,0.819025
8300,0.587211,0.594264,0.848418
8301,0.619544,0.624624,0.880392
8302,0.550575,0.615367,0.849001
8303,0.589478,0.570647,0.831561
8304,0.615065,0.602543,0.851619
8305,0.591078,0.639989,0.854895
8306,0.634660,0.595084,0.841022
8307,0.631626,0.565796,0.851400
8308,0.588001,0.581903,0.847461
8309,0.617768,0.628049,0.856139
8310,0.625095,0.612738,0.855828
8311,0.606482,0.562367,0.849423
8312,0.598615,0.582087,0.861568
8313,0.630668,0.579921,0.874286
8314,0.666447,0.603169,0.862841
8315,0.619064,0.601902,0.859656
8316,0.637633,0.574776,0.850018
8317,0.639539,0.586290,0.847356
8318,0.641809,0.557265,0.843589
8319,0.603076,0.570743,0.857065
8320,0.593927,0.577998,0.853748
8321,0.632656,0.626186,0.870008
8322,0.622099,0.616919,0.869857
8323,0.588681,0.583546,0.851839
8324,0.577818,0.603685,0.866367
8325,0.587627,0.596097,0.863751
8326,0.584247,0.602983,0.848882
8327,0.655006,0.581288,0.846356
8328,0.643608,0.621222,0.846437
8329,0.602857,0.635217,0.849889
8330,0.597362,0.631513,0.851250
8331,0.585284,0.589936,0.857388
8332,0.607533,0.560796,0.836259
8333,0.604119,0.623076,0.855908
8334,0.581047,0.566907,0.857433
8335,0.610166,0.605318,0.857431
8336,0.585104,0.579831,0.865130
8337,0.622956,0.614953,0.862992
8338,0.611768,0.579151,0.859112
8339,0.617751,0.598297,0.836124
8340,0.581247,0.563689,0.859532
8341,0.567638,0.616684,0.850789
8342,0.581894,0.601298,0.834401
8343,0.644162,0.591082,0.854102
8344,0.602366,0.573874,0.846353
8345,0.616345,0.620929,0.839697
8346,0.566041,0.597077,0.870041
8347,0.614657,0.570701,0.847402
8348,0.606927,0.550866,0.864822
8349,0.596908,0.581027,0.844982
8350,0.603623,0.601398,0.856900
8351,0.605886,0.564454,0.841987
8352,0.579779,0.568192,0.850369
8353,0.614933,0.576211,0.842510
8354,0.619069,0.614569,0.849291
8355,0.585259,0.554389,0.841286
8356,0.613968,0.600871,0.843372
8357,0.607835,0.589890,0.852283
8358,0.558737,0.581439,0.845218
8359,0.600677,0.632936,0.852338
8360,0.617172,0.603160,0.849606
8361,0.549297,0.600406,0.844986
8362,0.642164,0.593177,0.849965
8363,0.649355,0.574002,0.848935
8364,0.640409,0.580095,0.848702
8365,0.622796,0.560401,0.849515
8366,0.598876,0.623672,0.842007
8367,0.578713,0.602952,0.855347
8368,0.652416,0.555263,0.840063
8369,0.592069,0.582953,0.864983
8370,0.640005,0.592903,0.838763
8371,0.627477,0.562156,0.858934
8372,0.658445,0.625229,0.836554
8373,0.609379,0.568142,0.846995
8374,0.657805,0.612850,0.853435
8375,0.533369,0.587409,0.854055
8376,0.589683,0.572641,0.839848
8377,0.608294,0.627273,0.846632
8378,0.599920,0.581105,0.847959
8379,0.601165,0.615151,0.836094
8380,0.592354,0.564053,0.854446
8381,0.640664,0.601428,0.853384
8382,0.611034,0.564520,0.846264
8383,0.588234,0.600009,0.849722
8384,0.599936,0.612598,0.866841
8385,0.590239,0.614955,0.843948
8386,0.612048,0.538537,0.848107
8387,0.593715,0.593987,0.852261
8388,0.624506,0.593308,0.839068
8389,0.616222,0.596555,0.852615
8390,0.601617,0.573730,0.849733
8391,0.602246,0.598049,0.847418
8392,0.621690,0.576039,0.862383
8393,0.623049,0.614113,0.854530
8394,0.610287,0.646269,0.859295
8395,0.630711,0.574921,0.838858
8396,0.627531,0.615457,0.850227
8397,0.639108,0.588042,0.845252
8398,0.616997,0.579025,0.834238
8399,0.601846,0.589823,0.862691
8400,0.630478,0.578201,0.859796
8401,0.591708,0.602967,0.857447
8402,0.568943,0.634408,0.845548
8403,0.633097,0.591991,0.848800
8404,0.576053,0.605278,0.842095
8405,0.641071,0.583326,0.831982
8406,0.635021,0.588435,0.842476
8407,0.627658,0.577066,0.846335
8408,0.647577,0.573419,0.843686
8409,0.613703,0.597168,0.859187
8410,0.590376,0.592326,0.851300
8411,0.613585,0.580686,0.848610
8412,0.623509,0.557466,0.856840
8413,0.595635,0.641287,0.852176
8414,0.606947,0.594176,0.855699
8415,0.618939,0.600846,0.855837
8416,0.633189,0.639620,0.831645
8417,0.610179,0.574961,0.862185
8418,0.636999,0.586332,0.847363
8419,0.625045,0.591285,0.848983
8420,0.596450,0.583977,0.854059
8421,0.596980,0.602246,0.838595
8422,0.663853,0.569336,0.841579
8423,0.612520,0.584423,0.860175
8424,0.639647,0.567447,0.842992
8425,0.611583,0.561472,0.845819
8426,0.625452,0.590257,0.866486
8427,0.640673,0.621688,0.838372
8428,0.628229,0.541671,0.848271
8429,0.612522,0.615764,0.869815
8430,0.565153,0.582871,0.841426
8431,0.585507,0.581828,0.842761
8432,0.635692,0.591301,0.847374
8433,0.632648,0.625521,0.848490
8434,0.593247,0.583929,0.847601
8435,0.630761,0.562041,0.860424
8436,0.607311,0.571659,0.850511
8437,0.609635,0.583776,0.857224
8438,0.664685,0.608319,0.830186
8439,0.615160,0.632298,0.846400
8440,0.602476,0.638992,0.838611
8441,0.595406,0.591167,0.850639
8442,0.570855,0.593009,0.859995
8443,0.620725,0.608881,0.840755
8444,0.585396,0.610893,0.841461
8445,0.589612,0.609412,0.848136
8446,0.655720,0.619496,0.840885
8447,0.589350,0.594043,0.835252
8448,0.579127,0.582044,0.851690
8449,0.607846,0.640223,0.841949
8450,0.630260,0.627106,0.853611
8451,0.639180,0.563665,0.847679
8452,0.609456,0.573280,0.829809
8453,0.595552,0.627127,0.839758
8454,0.625991,0.604385,0.852203
8455,0.599095,0.593952,0.826078
8456,0.630421,0.544490,0.852944
8457,0.671913,0.578253,0.836432
8458,0.603017,0.634560,0.856161
8459,0.603565,0.560965,0.849513
8460,0.646981,0.590895,0.836723
8461,0.608310,0.598020,0.845266
8462,0.630312,0.591008,0.847978
8463,0.589003,0.602517,0.850609
8464,0.570241,0.574188,0.860406
8465,0.635292,0.612745,0.850091
8466,0.610219,0.584438,0.866535
8467,0.653832,0.588153,0.845919
8468,0.620155,0.625475,0.851538
8469,0.635636,0.573337,0.859012
8470,0.598194,0.628085,0.846354
8471,0.592220,0.568671,0.864910
8472,0.622672,0.573819,0.841178
8473,0.598075,0.593853,0.843173
8474,0.599990,0.587730,0.849320
8475,0.610194,0.579772,0.859619
8476,0.634232,0.614810,0.850908
8477,0.646255,0.599321,0.831341
8478,0.573979,0.611214,0.858692
8479,0.609503,0.589036,0.843044
8480,0.632647,0.574766,0.857959
8481,0.594071,0.583128,0.854354
8482,0.627309,0.594825,0.842524
8483,0.593924,0.586197,0.856255
8484,0.560424,0.556832,0.847173
8485,0.631860,0.584525,0.849613
8486,0.587043,0.577457,0.852567
8487,0.612753,0.605218,0.850427
8488,0.606107,0.625227,0.841193
8489,0.595422,0.583936,0.856737
8490,0.578443,0.605145,0.844800
8491,0.591174,0.604332,0.841782
8492,0.609838,0.594294,0.849572
8493,0.594060,0.625923,0.832835
8494,0.580285,0.605262,0.856838
8495,0.597466,0.594292,0.840257
8496,0.571575,0.569816,0.848647
8497,0.555639,0.570025,0.835131
8498,0.585565,0.634469,0.847588
8499,0.609614,0.626715,0.836598
8500,0.637482,0.564342,0.844619
8501,0.618411,0.619160,0.856519
8502,0.658168,0.646010,0.849281
8503,0.601593,0.583313,0.846160
8504,0.611841,0.594793,0.840790
8505,0.585953,0.574262,0.858134
8506,0.600754,0.607502,0.858347
8507,0.559638,0.586356,0.870053
8508,0.662042,0.562982,0.826650
8509,0.595809,0.575336,0.845932
8510,0.630961,0.581936,0.852734
8511,0.576066,0.608029,0.848592
8512,0.616073,0.549915,0.848373
8513,0.587555,0.594103,0.854695
8514,0.565189,0.613844,0.839918
8515,0.653420,0.633881,0.858200
8516,0.656293,0.596456,0.851923
8517,0.590975,0.603012,0.851861
8518,0.614227,0.604484,0.843973
8519,0.617660,0.585984,0.846623
8520,0.590072,0.592419,0.845410
8521,0.607440,0.567605,0.842549
8522,0.620066,0.575796,0.843126
8523,0.561645,0.551177,0.851640
8524,0.645122,0.621705,0.833843
8525,0.580087,0.596758,0.854502
8526,0.631997,0.584261,0.852947
8527,0.625508,0.606339,0.856302
8528,0.598993,0.574770,0.851992
8529,0.612767,0.617353,0.851691
8530,0.612804,0.577363,0.827498
8531,0.565985,0.641919,0.850602
8532,0.654604,0.643027,0.850394
8533,0.617654,0.603523,0.841664
8534,0.619775,0.601033,0.829889
8535,0.587870,0.635057,0.844222
8536,0.626379,0.600879,0.852750
8537,0.595759,0.585933,0.842143
8538,0.587581,0.546381,0.856381
8539,0.612503,0.591571,0.850536
8540,0.632770,0.618219,0.852320
8541,0.591099,0.573755,0.857270
8542,0.586257,0.551241,0.848350
8543,0.640357,0.581087,0.851250
8544,0.608663,0.604752,0.853670
8545,0.605012,0.574274,0.857838
8546,0.600430,0.562005,0.853176
8547,0.607312,0.592603,0.860266
8548,0.645852,0.583547,0.838681
8549,0.626095,0.611439,0.849791
8550,0.592395,0.605413,0.846100
8551,0.611082,0.590962,0.856336
8552,0.603401,0.609128,0.854329
8553,0.563399,0.598737,0.849184
8554,0.621516,0.600859,0.862379
8555,0.604258,0.590379,0.853224
8556,0.639656,0.595474,0.848910
8557,0.606676,0.615726,0.855542
8558,0.622110,0.624941,0.860542
8559,0.636140,0.637070,0.855711
8560,0.627418,0.624368,0.863566
8561,0.573780,0.626800,0.848082
8562,0.552256,0.591662,0.858699
8563,0.581911,0.588443,0.841809
8564,0.610056,0.600425,0.848869
8565,0.605956,0.601026,0.851208
8566,0.593122,0.586749,0.850142
8567,0.608133,0.550234,0.839826
8568,0.564616,0.567577,0.856583
8569,0.624844,0.584090,0.843304
8570,0.607476,0.612829,0.846181
8571,0.605693,0.610979,0.858210
8572,0.604794,0.564224,0.840512
8573,0.595510,0.595707,0.843889
8574,0.588104,0.606640,0.859400
8575,0.623327,0.617224,0.850177
8576,0.604339,0.621448,0.840351
8577,0.566044,0.602830,0.852083
8578,0.627698,0.545395,0.835987
8579,0.622505,0.612582,0.842325
8580,0.619947,0.570116,0.832532
8581,0.624579,0.581303,0.841354
8582,0.571963,0.601244,0.851268
8583,0.570946,0.587060,0.843898
8584,0.617683,0.597401,0.854798
8585,0.584894,0.573564,0.844974
8586,0.632833,0.560521,0.859796
8587,0.592688,0.588802,0.851350
8588,0.598332,0.588947,0.852707
8589,0.616638,0.616476,0.846969
8590,0.598034,0.549552,0.846352
8591,0.628157,0.586071,0.837899
8592,0.559566,0.592339,0.858935
8593,0.668350,0.568676,0.834941
8594,0.592820,0.623591,0.839241
8595,0.605410,0.598353,0.846947
8596,0.651025,0.636299,0.855356
8597,0.648684,0.556588,0.849873
8598,0.553392,0.593263,0.852986
8599,0.614186,0.588428,0.857280
8600,0.560358,0.596614,0.838188
8601,0.635947,0.553852,0.845400
8602,0.634920,0.608818,0.850010
8603,0.622377,0.648083,0.838361
8604,0.634726,0.591091,0.847580
8605,0.611318,0.624882,0.857321
8606,0.596241,0.567387,0.869376
8607,0.591523,0.582764,0.853656
8608,0.611258,0.614978,0.849146
8609,0.628396,0.581795,0.859311
8610,0.544698,0.570916,0.849143
8611,0.592638,0.595633,0.857488
8612,0.605925,0.579518,0.852827
8613,0.605434,0.579764,0.861424
8614,0.575752,0.567326,0.858672
8615,0.578357,0.598971,0.847302
8616,0.621003,0.536669,0.846944
8617,0.593552,0.617398,0.840377
8618,0.579526,0.595593,0.860122
8619,0.612592,0.586782,0.857983
8620,0.650306,0.599222,0.851618
8621,0.610318,0.603343,0.832503
8622,0.626517,0.590318,0.843230
8623,0.627013,0.583653,0.844355
8624,0.536653,0.599409,0.841503
8625,0.646350,0.580339,0.834776
8626,0.615831,0.596088,0.848703
8627,0.627281,0.599400,0.861846
8628,0.578480,0.564441,0.854670
8629,0.631069,0.583834,0.842705
8630,0.568116,0.619295,0.857313
8631,0.646535,0.590042,0.845387
8632,0.592883,0.579062,0.847484
8633,0.598167,0.565665,0.859012
8634,0.611568,0.549328,0.849582
8635,0.627715,0.637696,0.842419
8636,0.659292,0.575127,0.847484
8637,0.603553,0.578076,0.840625
8638,0.601416,0.616171,0.831373
8639,0.642755,0.600289,0.845083
8640,0.600117,0.619845,0.838008
8641,0.540415,0.587784,0.836037
8642,0.631421,0.589739,0.842769
8643,0.600379,0.589782,0.846527
8644,0.614136,0.583307,0.859197
8645,0.606666,0.595483,0.848509
8646,0.618356,0.604617,0.841582
8647,0.632372,0.631286,0.853591
8648,0.611801,0.551964,0.839696
8649,0.602790,0.624267,0.848299
8650,0.642464,0.600446,0.852053
8651,0.638630,0.593663,0.839097
8652,0.610999,0.618235,0.842664
8653,0.590950,0.587262,0.850958
8654,0.562564,0.574678,0.844672
8655,0.566652,0.578767,0.845529
8656,0.650155,0.586961,0.846290
8657,0.571694,0.587044,0.848085
8658,0.644859,0.593667,0.834842
8659,0.579388,0.582457,0.856304
8660,0.594251,0.617242,0.844658
8661,0.661853,0.592957,0.842976
8662,0.643706,0.590202,0.839649
8663,0.605539,0.587781,0.858275
8664,0.563172,0.602905,0.858791
8665,0.590220,0.617084,0.842282
8666,0.614131,0.537328,0.850394
8667,0.634819,0.571182,0.857027
8668,0.591886,0.540819,0.844021
8669,0.629515,0.581081,0.863354
8670,0.610413,0.568274,0.852418
8671,0.618414,0.590429,0.853318
8672,0.615334,0.587055,0.854278
8673,0.585638,0.605608,0.849467
8674,0.612325,0.570873,0.835468
8675,0.599141,0.597600,0.855652
8676,0.622972,0.569005,0.853504
8677,0.566459,0.582235,0.846697
8678,0.546654,0.608797,0.854586
8679,0.621250,0.586573,0.857053
8680,0.591322,0.590660,0.845573
8681,0.594278,0.582982,0.849182
8682,0.600217,0.603470,0.835665
8683,0.543262,0.622414,0.852105
8684,0.643284,0.572294,0.863227
8685,0.599115,0.593238,0.854752
8686,0.611720,0.594758,0.846659
8687,0.621209,0.586755,0.849767
8688,0.589382,0.576460,0.849593
8689,0.599186,0.590350,0.853048
8690,0.554667,0.592513,0.848790
8691,0.614961,0.598053,0.846834
8692,0.629482,0.619842,0.848322
8693,0.615069,0.608720,0.843567
8694,0.593258,0.603327,0.834137
8695,0.647154,0.607545,0.858400
8696,0.597265,0.586081,0.840543
8697,0.619448,0.644604,0.843634
8698,0.575097,0.581050,0.834454
8699,0.606326,0.578321,0.849045
8700,0.600649,0.580434,0.843901
8701,0.632449,0.571419,0.839387
8702,0.593867,0.594287,0.834596
8703,0.640982,0.597754,0.842896
8704,0.623644,0.555391,0.838854
8705,0.632890,0.613772,0.839857
8706,0.561288,0.592136,0.840233
8707,0.598045,0.640768,0.857300
8708,0.592883,0.600480,0.856568
8709,0.587059,0.579959,0.848064
8710,0.658789,0.584103,0.852893
8711,0.596660,0.592382,0.848929
8712,0.653981,0.611795,0.854905
8713,0.617231,0.571686,0.854126
8714,0.575587,0.575285,0.851474
8715,0.622782,0.614464,0.853086
8716,0.609771,0.563740,0.855770
8717,0.647785,0.597298,0.843625
8718,0.660975,0.602071,0.839068
8719,0.605083,0.570942,0.839353
8720,0.616796,0.550525,0.852409
8721,0.616575,0.586571,0.864078
8722,0.586730,0.608885,0.845227
8723,0.604853,0.558493,0.838966
8724,0.600554,0.594328,0.838044
8725,0.606575,0.565599,0.848987
8726,0.659266,0.593381,0.857297
8727,0.621331,0.588950,0.854495
8728,0.589157,0.612850,0.853748
8729,0.599436,0.593790,0.848272
8730,0.610282,0.589759,0.847572
8731,0.656452,0.608265,0.844927
8732,0.648317,0.539720,0.838060
8733,0.608986,0.599916,0.863565
8734,0.659378,0.584808,0.847697
8735,0.644127,0.607123,0.849295
8736,0.625420,0.604611,0.849903
8737,0.569492,0.620572,0.859660
8738,0.585853,0.594029,0.836871
8739,0.562018,0.583630,0.843535
8740,0.570993,0.586354,0.852074
8741,0.629778,0.566727,0.852510
8742,0.581763,0.569525,0.842317
8743,0.607926,0.612461,0.862226
8744,0.624481,0.604802,0.849559
8745,0.605975,0.591259,0.863304
8746,0.581205,0.585974,0.832656
8747,0.611583,0.592892,0.862948
8748,0.593386,0.602827,0.858321
8749,0.623279,0.568913,0.844484
8750,0.589915,0.595912,0.848614
8751,0.598331,0.583732,0.846910
8752,0.636047,0.578045,0.861945
8753,0.609758,0.587704,0.859323
8754,0.558923,0.577840,0.846997
8755,0.631562,0.625382,0.838453
8756,0.594157,0.589973,0.843350
8757,0.621759,0.596151,0.847487
8758,0.595978,0.621638,0.869197
8759,0.626201,0.596771,0.855943
8760,0.593815,0.592872,0.823224
8761,0.612773,0.576038,0.851472
8762,0.607897,0.593925,0.829571
8763,0.606558,0.578910,0.850950
8764,0.632754,0.590894,0.845282
8765,0.647703,0.588768,0.844327
8766,0.616370,0.591132,0.859776
8767,0.596157,0.626511,0.850113
8768,0.617355,0.574472,0.859683
8769,0.613891,0.570403,0.850829
8770,0.609312,0.571432,0.846104
8771,0.571507,0.558319,0.862609
8772,0.614123,0.574966,0.830732
8773,0.609031,0.596738,0.865280
8774,0.630718,0.601113,0.851026
8775,0.622135,0.599925,0.849135
8776,0.603181,0.590031,0.850151
8777,0.620695,0.620860,0.848253
8778,0.618354,0.600716,0.847600
8779,0.628247,0.607629,0.843129
8780,0.579363,0.529889,0.849222
8781,0.607264,0.595297,0.832776
8782,0.574445,0.614793,0.839143
8783,0.598073,0.622504,0.852025
8784,0.568454,0.563467,0.837634
8785,0.603273,0.602326,0.852106
8786,0.619506,0.544172,0.854168
8787,0.613113,0.553167,0.846437
8788,0.607246,0.591827,0.854855
8789,0.623331,0.607511,0.853755
8790,0.602890,0.614588,0.850714
8791,0.623172,0.546895,0.837530
8792,0.541651,0.581717,0.848520
8793,0.633781,0.573947,0.853447
8794,0.603042,0.560755,0.840878
8795,0.608351,0.601634,0.853482
8796,0.589669,0.600518,0.846982
8797,0.622191,0.628422,0.843013
8798,0.707066,0.649886,0.859600
8799,0.602529,0.598535,0.850774
8800,0.583755,0.583657,0.846720
8801,0.629908,0.610706,0.849150
8802,0.603814,0.608067,0.848022
8803,0.639264,0.597532,0.865135
8804,0.603766,0.593301,0.850061
8805,0.622457,0.571568,0.844055
8806,0.634181,0.607013,0.861860
8807,0.585668,0.612567,0.842300
8808,0.562369,0.593312,0.849554
8809,0.620114,0.604397,0.841791
8810,0.616258,0.604781,0.845120
8811,0.591742,0.621856,0.847453
8812,0.614804,0.584158,0.837371
8813,0.555931,0.582003,0.844935
8814,0.582021,0.590460,0.868698
8815,0.608143,0.606585,0.847745
8816,0.640513,0.580365,0.845511
8817,0.643113,0.604186,0.845997
8818,0.601738,0.572076,0.866339
8819,0.614138,0.606720,0.853257
8820,0.594270,0.611917,0.869179
8821,0.597562,0.643931,0.841558
8822,0.635927,0.598374,0.850585
8823,0.597702,0.571831,0.862960
8824,0.613772,0.593724,0.844516
8825,0.590524,0.596198,0.860906
8826,0.600306,0.584237,0.867508
8827,0.627218,0.612960,0.845915
8828,0.626347,0.549798,0.832412
8829,0.634551,0.541005,0.850139
8830,0.597089,0.596376,0.854850
8831,0.623470,0.575802,0.842465
8832,0.660351,0.574303,0.832802
8833,0.561910,0.593051,0.843181
8834,0.565192,0.587788,0.843398
8835,0.599067,0.590039,0.850281
8836,0.600503,0.563037,0.842136
8837,0.588570,0.552732,0.850521
8838,0.696278,0.536744,0.851624
8839,0.592122,0.602369,0.841662
8840,0.583033,0.603116,0.860257
8841,0.605235,0.643918,0.855229
8842,0.596620,0.627125,0.841801
8843,0.625692,0.621989,0.850026
8844,0.604868,0.583272,0.861011
8845,0.601988,0.533529,0.838130
8846,0.612359,0.575730,0.847063
8847,0.646101,0.589472,0.842616
8848,0.586583,0.583603,0.853725
8849,0.599862,0.592527,0.857345
8850,0.610249,0.556540,0.836920
8851,0.590360,0.611401,0.848380
8852,0.619100,0.569278,0.851696
8853,0.589545,0.627970,0.852288
8854,0.602783,0.634897,0.839838
8855,0.608765,0.574613,0.849450
8856,0.579853,0.562198,0.853977
8857,0.578554,0.591780,0.856791
8858,0.635476,0.573762,0.845144
8859,0.655648,0.620395,0.849057
8860,0.596080,0.613497,0.858476
8861,0.602694,0.576364,0.862074
8862,0.646509,0.610501,0.847037
8863,0.587108,0.621285,0.836312
8864,0.631125,0.586271,0.859427
8865,0.574381,0.620667,0.839793
8866,0.630342,0.577736,0.866434
8867,0.573404,0.604336,0.861008
8868,0.609672,0.617273,0.846643
8869,0.608873,0.580760,0.859317
8870,0.606901,0.597148,0.837253
8871,0.620193,0.590129,0.849466
8872,0.660346,0.563927,0.851964
8873,0.578758,0.563879,0.843182
8874,0.556918,0.575800,0.837364
8875,0.606286,0.618564,0.871110
8876,0.615890,0.592449,0.847788
8877,0.638076,0.572052,0.842597
8878,0.588109,0.588185,0.868423
8879,0.610561,0.614429,0.868778
8880,0.558129,0.567860,0.850005
8881,0.602624,0.595868,0.842850
8882,0.621165,0.593055,0.851666
8883,0.586333,0.587190,0.876051
8884,0.631128,0.608839,0.861307
8885,0.573894,0.585344,0.849064
8886,0.587732,0.583068,0.852018
8887,0.613585,0.618199,0.845336
8888,0.635530,0.571221,0.835949
8889,0.572366,0.590575,0.846884
8890,0.573530,0.627994,0.825862
8891,0.636520,0.606060,0.851124
8892,0.589526,0.611217,0.850250
8893,0.594501,0.640612,0.842723
8894,0.627405,0.620792,0.833510
8895,0.556827,0.549476,0.842080
8896,0.626776,0.622968,0.848785
8897,0.631859,0.601635,0.841354
8898,0.601827,0.594248,0.844269
8899,0.609934,0.580095,0.865712
8900,0.607366,0.584542,0.856924
8901,0.602061,0.611601,0.841824
8902,0.638095,0.545586,0.842676
8903,0.662648,0.562470,0.872982
8904,0.576262,0.605878,0.859188
8905,0.603372,0.616750,0.853043
8906,0.598188,0.602502,0.863588
8907,0.602490,0.595942,0.838418
8908,0.592391,0.541054,0.845033
8909,0.587619,0.552250,0.866665
8910,0.604678,0.634833,0.842420
8911,0.647984,0.619008,0.855139
8912,0.573218,0.575711,0.845150
8913,0.554610,0.604968,0.837495
8914,0.619187,0.543023,0.857114
8915,0.566165,0.602742,0.854271
8916,0.617323,0.572392,0.852624
8917,0.589309,0.597331,0.859997
8918,0.598797,0.624055,0.853845
8919,0.566791,0.557686,0.824651
8920,0.625099,0.597406,0.851616
8921,0.589201,0.596001,0.856664
8922,0.615673,0.594627,0.853856
8923,0.617378,0.549262,0.849439
8924,0.611592,0.552580,0.844269
8925,0.602940,0.573430,0.845685
8926,0.613293,0.610850,0.861899
8927,0.595820,0.556827,0.851470
8928,0.647897,0.601462,0.843726
8929,0.600051,0.598147,0.853271
8930,0.566321,0.629474,0.850777
8931,0.607635,0.531710,0.840826
8932,0.601864,0.564107,0.869598
8933,0.602834,0.594336,0.858913
8934,0.596839,0.589397,0.852704
8935,0.653189,0.595238,0.865509
8936,0.600354,0.571579,0.856037
8937,0.592470,0.637889,0.845328
8938,0.567802,0.581533,0.848632
8939,0.592277,0.614689,0.841843
8940,0.576937,0.615072,0.859292
8941,0.591152,0.622001,0.866467
8942,0.600330,0.568396,0.837777
8943,0.579921,0.551682,0.836433
8944,0.593931,0.611407,0.831605
8945,0.618906,0.557478,0.846366
8946,0.601289,0.577161,0.872048
8947,0.639559,0.625266,0.846653
8948,0.620626,0.620992,0.840191
8949,0.642791,0.628869,0.850841
8950,0.627414,0.593962,0.835029
8951,0.598710,0.594289,0.861652
8952,0.612787,0.596818,0.858852
8953,0.579204,0.613241,0.843247
8954,0.588654,0.568729,0.848441
8955,0.607819,0.609568,0.855641
8956,0.637088,0.585006,0.853425
8957,0.597461,0.565671,0.841352
8958,0.575978,0.630802,0.850659
8959,0.619494,0.617745,0.854681
8960,0.596484,0.565283,0.846474
8961,0.583937,0.579476,0.862153
8962,0.572716,0.585437,0.847673
8963,0.571878,0.589916,0.837280
8964,0.549493,0.627316,0.846270
8965,0.640463,0.605582,0.862351
8966,0.669899,0.588141,0.838451
8967,0.540511,0.645511,0.867147
8968,0.603631,0.617649,0.858941
8969,0.592290,0.586253,0.842398
8970,0.616260,0.594833,0.844188
8971,0.627360,0.584243,0.857524
8972,0.592772,0.634953,0.852860
8973,0.618234,0.597267,0.845389
8974,0.619591,0.616385,0.860171
8975,0.626013,0.583721,0.854061
8976,0.629060,0.605500,0.834085
8977,0.571673,0.641965,0.844922
8978,0.561042,0.636570,0.848837
8979,0.640505,0.614776,0.841663
8980,0.581359,0.558799,0.844895
8981,0.610820,0.620287,0.849550
8982,0.593641,0.607160,0.863351
8983,0.586317,0.562261,0.842281
8984,0.610875,0.584790,0.838516
8985,0.570029,0.551166,0.832796
8986,0.574713,0.616852,0.862705
8987,0.562495,0.567636,0.863511
8988,0.642775,0.573216,0.846468
8989,0.606195,0.578866,0.853160
8990,0.626892,0.621884,0.865469
8991,0.642053,0.599228,0.832796
8992,0.569079,0.600162,0.849319
8993,0.614252,0.637370,0.846780
8994,0.619167,0.579205,0.857537
8995,0.613331,0.584102,0.854403
8996,0.632733,0.589324,0.867550
8997,0.614216,0.605570,0.859292
8998,0.641630,0.629876,0.852443
8999,0.595262,0.535973,0.840942
9000,0.629326,0.552319,0.855523
9001,0.571113,0.584383,0.851693
9002,0.602729,0.552251,0.853444
9003,0.621680,0.625501,0.838352
9004,0.604400,0.588075,0.843118
9005,0.589280,0.584432,0.851385
9006,0.637146,0.629799,0.849580
9007,0.609431,0.589092,0.858666
9008,0.626105,0.587984,0.857494
9009,0.600513,0.622703,0.842424
9010,0.603809,0.560724,0.869801
9011,0.592855,0.643217,0.851196
9012,0.581275,0.606676,0.821165
9013,0.588662,0.584983,0.854940
9014,0.639819,0.576852,0.848820
9015,0.601762,0.601382,0.856083
9016,0.612065,0.563531,0.857408
9017,0.556623,0.599239,0.843951
9018,0.576601,0.572208,0.838825
9019,0.616412,0.644884,0.844276
9020,0.628954,0.569581,0.851521
9021,0.596004,0.593544,0.843987
9022,0.615047,0.568680,0.842832
9023,0.605207,0.607939,0.851149
9024,0.579384,0.575782,0.851975
9025,0.598907,0.616049,0.853109
9026,0.600936,0.576124,0.855347
9027,0.599558,0.604819,0.850432
9028,0.623749,0.555767,0.847298
9029,0.600280,0.629697,0.848878
9030,0.607987,0.615181,0.842649
9031,0.612951,0.640732,0.850871
9032,0.612651,0.605350,0.852843
9033,0.613079,0.596083,0.837164
9034,0.613093,0.594230,0.845049
9035,0.587283,0.578763,0.854880
9036,0.606665,0.590504,0.855647
9037,0.619685,0.602620,0.849296
9038,0.590396,0.574802,0.858848
9039,0.604872,0.592460,0.852677
9040,0.606198,0.590272,0.850175
9041,0.599565,0.592899,0.863714
9042,0.614988,0.591792,0.852766
9043,0.650394,0.586370,0.841729
9044,0.606530,0.594057,0.852214
9045,0.591812,0.601128,0.855153
9046,0.593361,0.629887,0.858580
9047,0.653407,0.624225,0.852362
9048,0.588296,0.585964,0.856025
9049,0.598273,0.599095,0.851836
9050,0.579116,0.601321,0.854524
9051,0.585719,0.579996,0.857033
9052,0.589011,0.533828,0.857267
9053,0.607938,0.579519,0.858604
9054,0.565456,0.603650,0.842358
9055,0.616456,0.573834,0.861601
9056,0.578331,0.628823,0.836548
9057,0.597478,0.585482,0.836584
9058,0.618058,0.569458,0.841331
9059,0.601053,0.592462,0.840000
9060,0.632962,0.583044,0.844951
9061,0.594417,0.564579,0.855032
9062,0.599627,0.533305,0.832732
9063,0.599454,0.608127,0.866792
9064,0.627127,0.570803,0.829238
9065,0.579133,0.566389,0.858581
9066,0.534908,0.603896,0.864536
9067,0.579914,0.618450,0.854277
9068,0.634066,0.605355,0.846341
9069,0.578836,0.592781,0.861992
9070,0.630026,0.602744,0.829942
9071,0.590011,0.609889,0.866832
9072,0.565567,0.575074,0.840150
9073,0.595063,0.581452,0.846734
9074,0.623082,0.608418,0.864850
9075,0.635777,0.616792,0.851818
9076,0.625014,0.592843,0.854454
9077,0.572684,0.522940,0.846469
9078,0.605292,0.614262,0.847274
9079,0.567478,0.526089,0.847605
9080,0.602818,0.590377,0.850532
9081,0.633616,0.613511,0.846403
9082,0.551511,0.603114,0.839009
9083,0.620055,0.610812,0.872549
9084,0.615949,0.594999,0.857494
9085,0.600903,0.575757,0.833163
9086,0.592253,0.605544,0.840984
9087,0.579822,0.541626,0.857884
9088,0.621847,0.604017,0.851844
9089,0.598501,0.606606,0.862256
9090,0.597650,0.584284,0.842496
9091,0.628943,0.596070,0.836855
9092,0.630453,0.605290,0.834100
9093,0.608075,0.615611,0.831903
9094,0.589235,0.564453,0.853239
9095,0.597655,0.615857,0.860478
9096,0.601917,0.637724,0.843049
9097,0.578694,0.593718,0.843571
9098,0.595836,0.613070,0.861448
9099,0.615815,0.589253,0.846847
9100,0.658635,0.586907,0.868377
9101,0.637872,0.585945,0.847554
9102,0.590104,0.575175,0.854207
9103,0.621470,0.596854,0.850957
9104,0.630730,0.590716,0.851908
9105,0.631405,0.580321,0.851872
9106,0.657688,0.612791,0.848717
9107,0.559756,0.614602,0.860405
9108,0.616586,0.616452,0.848569
9109,0.565156,0.625448,0.848977
9110,0.609207,0.594844,0.849094
9111,0.595317,0.618073,0.840465
9112,0.616389,0.624928,0.855828
9113,0.634729,0.602273,0.844772
9114,0.616132,0.600216,0.849690
9115,0.630562,0.562623,0.853412
9116,0.578123,0.583135,0.852882
9117,0.639628,0.576179,0.839551
9118,0.636757,0.604582,0.854379
9119,0.610656,0.603032,0.857884
9120,0.575634,0.620072,0.847103
9121,0.635606,0.605970,0.850454
9122,0.596696,0.619219,0.862256
9123,0.601029,0.601215,0.843109
9124,0.656884,0.589746,0.858403
9125,0.603820,0.605322,0.836205
9126,0.619096,0.605524,0.862684
9127,0.579862,0.591650,0.842783
9128,0.595519,0.568963,0.858182
9129,0.582984,0.584888,0.842260
9130,0.627846,0.572781,0.855745
9131,0.615557,0.603439,0.846392
9132,0.587213,0.606056,0.854837
9133,0.588254,0.602488,0.836582
9134,0.667817,0.561067,0.836146
9135,0.612663,0.596915,0.842503
9136,0.612642,0.598022,0.841777
9137,0.638354,0.599550,0.861017
9138,0.614985,0.633469,0.844885
9139,0.648335,0.602384,0.839822
9140,0.613808,0.575502,0.845597
9141,0.627970,0.630131,0.843159
9142,0.527641,0.569812,0.868039
9143,0.652936,0.591657,0.839538
9144,0.615244,0.624568,0.849491
9145,0.621802,0.580261,0.870017
9146,0.640818,0.598837,0.849659
9147,0.624168,0.580394,0.846795
9148,0.630517,0.588408,0.855248
9149,0.593078,0.565413,0.855331
9150,0.564413,0.584745,0.843082
9151,0.573258,0.611139,0.833158
9152,0.633111,0.581291,0.844075
9153,0.563727,0.625479,0.845195
9154,0.643944,0.611015,0.857934
9155,0.607822,0.626786,0.848512
9156,0.591126,0.590972,0.835595
9157,0.633452,0.560217,0.856468
9158,0.598180,0.597949,0.853364
9159,0.576957,0.573300,0.851759
9160,0.604042,0.572612,0.846903
9161,0.621937,0.638736,0.859972
9162,0.609679,0.606209,0.845227
9163,0.577674,0.625683,0.849154
9164,0.606959,0.604705,0.842273
9165,0.609176,0.621886,0.858538
9166,0.604058,0.552533,0.852396
9167,0.638610,0.596317,0.840386
9168,0.560957,0.602259,0.870571
9169,0.649512,0.621009,0.866902
9170,0.606616,0.576524,0.847791
9171,0.627667,0.570346,0.831119
9172,0.593428,0.609351,0.857114
9173,0.648254,0.594192,0.861026
9174,0.595859,0.589055,0.843319
9175,0.614190,0.563192,0.828815
9176,0.642247,0.584390,0.850629
9177,0.591677,0.574953,0.851892
9178,0.560268,0.625280,0.851458
9179,0.590370,0.581206,0.835470
9180,0.557142,0.535966,0.845897
9181,0.594628,0.590750,0.850799
9182,0.586202,0.610303,0.844262
9183,0.650620,0.624240,0.822838
9184,0.652665,0.562959,0.867072
9185,0.584218,0.584758,0.856145
9186,0.582477,0.624315,0.859907
9187,0.647231,0.610830,0.847870
9188,0.637214,0.580158,0.850975
9189,0.617346,0.579590,0.833768
9190,0.596241,0.602715,0.869576
9191,0.646545,0.615245,0.853018
9192,0.622215,0.618765,0.838567
9193,0.616224,0.631475,0.847057
9194,0.620945,0.565797,0.862923
9195,0.579902,0.632334,0.844799
9196,0.572889,0.559037,0.849107
9197,0.645842,0.588887,0.843254
9198,0.605332,0.564999,0.851669
9199,0.575282,0.605018,0.850227
9200,0.639870,0.587074,0.853863
9201,0.651201,0.622008,0.841828
9202,0.613808,0.581750,0.855805
9203,0.581771,0.664535,0.840882
9204,0.576550,0.623900,0.844935
9205,0.607390,0.591269,0.850404
9206,0.647380,0.652496,0.853572
9207,0.606014,0.584380,0.851956
9208,0.568059,0.592580,0.844855
9209,0.652216,0.615599,0.849038
9210,0.616701,0.618923,0.850782
9211,0.632955,0.595458,0.855457
9212,0.596916,0.604192,0.838691
9213,0.604214,0.629910,0.845553
9214,0.625283,0.583476,0.834751
9215,0.606433,0.607899,0.849491
9216,0.586290,0.595469,0.843703
9217,0.613658,0.621938,0.849785
9218,0.594415,0.598997,0.840006
9219,0.600923,0.602333,0.853469
9220,0.580126,0.565895,0.863382
9221,0.609592,0.588491,0.855305
9222,0.596299,0.632053,0.853888
9223,0.655416,0.586936,0.852235
9224,0.582113,0.556154,0.835826
9225,0.594220,0.588763,0.835207
9226,0.584959,0.583041,0.852119
9227,0.636709,0.580664,0.827630
9228,0.605726,0.608033,0.859649
9229,0.567630,0.624073,0.832733
9230,0.596593,0.592252,0.859692
9231,0.608160,0.600390,0.848116
9232,0.610037,0.615951,0.855492
9233,0.582244,0.611684,0.850923
9234,0.615612,0.610528,0.849993
9235,0.677644,0.594743,0.837491
9236,0.613788,0.600104,0.832412
9237,0.581480,0.605099,0.850581
9238,0.552954,0.566165,0.852322
9239,0.587007,0.595342,0.842506
9240,0.604231,0.593904,0.852554
9241,0.634864,0.614250,0.846291
9242,0.605137,0.637162,0.857264
9243,0.612127,0.615354,0.852246
9244,0.612136,0.570426,0.845144
9245,0.628146,0.613260,0.854969
9246,0.625616,0.599868,0.850480
9247,0.659451,0.564707,0.854486
9248,0.600945,0.582688,0.850341
9249,0.649102,0.612729,0.841028
9250,0.594859,0.578463,0.853110
9251,0.616779,0.601106,0.838740
9252,0.601708,0.554138,0.843876
9253,0.645791,0.622756,0.854878
9254,0.556330,0.585324,0.850760
9255,0.620896,0.623689,0.853835
9256,0.610432,0.566646,0.861155
9257,0.626331,0.602529,0.852523
9258,0.613220,0.611104,0.855607
9259,0.625195,0.629384,0.847332
9260,0.585193,0.628144,0.859546
9261,0.605073,0.602448,0.826187
9262,0.622940,0.574740,0.860517
9263,0.566405,0.591718,0.850714
9264,0.572930,0.638692,0.848584
9265,0.616141,0.593468,0.848260
9266,0.577700,0.544253,0.858094
9267,0.617089,0.569848,0.853070
9268,0.608010,0.604609,0.842723
9269,0.604494,0.578889,0.852120
9270,0.619874,0.594071,0.851577
9271,0.576090,0.602520,0.862388
9272,0.568507,0.562960,0.852971
9273,0.619029,0.602331,0.853700
9274,0.637706,0.615848,0.843220
9275,0.630991,0.583030,0.850153
9276,0.621830,0.601502,0.851351
9277,0.560954,0.602665,0.841678
9278,0.603138,0.615630,0.841389
9279,0.628720,0.579831,0.843243
9280,0.621505,0.548507,0.861694
9281,0.616363,0.573222,0.844005
9282,0.602331,0.613955,0.843397
9283,0.616364,0.588882,0.864342
9284,0.624899,0.615164,0.842267
9285,0.562156,0.578904,0.862670
9286,0.603167,0.571516,0.836838
9287,0.641680,0.569669,0.853334
9288,0.588085,0.560020,0.847746
9289,0.591134,0.583858,0.855312
9290,0.585652,0.602346,0.849373
9291,0.597503,0.607445,0.854674
9292,0.629510,0.604623,0.837342
9293,0.618756,0.561774,0.826909
9294,0.635028,0.594324,0.855205
9295,0.604534,0.575522,0.843870
9296,0.632728,0.590615,0.840450
9297,0.577200,0.621268,0.838506
9298,0.669725,0.603804,0.853858
9299,0.615466,0.620206,0.848729
9300,0.589419,0.574508,0.847129
9301,0.630328,0.579040,0.871552
9302,0.598948,0.616190,0.854700
9303,0.599447,0.588688,0.838516
9304,0.629966,0.592218,0.836857
9305,0.604780,0.572337,0.852634
9306,0.616484,0.576321,0.871240
9307,0.598766,0.604249,0.860971
9308,0.584941,0.625567,0.853775
9309,0.629304,0.591730,0.873363
9310,0.568411,0.626606,0.854954
9311,0.587070,0.643092,0.854346
9312,0.628314,0.553080,0.858629
9313,0.626007,0.584506,0.840936
9314,0.637981,0.579628,0.856229
9315,0.603836,0.587169,0.835068
9316,0.601310,0.587704,0.850300
9317,0.665133,0.621744,0.850741
9318,0.582833,0.541201,0.853483
9319,0.571781,0.585575,0.857695
9320,0.610039,0.588380,0.844522
9321,0.589260,0.537977,0.835279
9322,0.631516,0.612325,0.838635
9323,0.580269,0.582115,0.838584
9324,0.661875,0.580159,0.841216
9325,0.638448,0.591360,0.826960
9326,0.647821,0.588653,0.846903
9327,0.606019,0.607410,0.845953
9328,0.568049,0.595859,0.851033
9329,0.629329,0.552883,0.853046
9330,0.616210,0.604813,0.876005
9331,0.632939,0.596174,0.831954
9332,0.589135,0.527964,0.850201
9333,0.577872,0.583359,0.859573
9334,0.601108,0.611988,0.841168
9335,0.643371,0.580858,0.860637
9336,0.629535,0.626553,0.840941
9337,0.607543,0.588636,0.859627
9338,0.598576,0.583175,0.841103
9339,0.581957,0.607970,0.840069
9340,0.612845,0.577666,0.839586
9341,0.588572,0.641686,0.839685
9342,0.599860,0.596774,0.862972
9343,0.569057,0.589606,0.841401
9344,0.573997,0.563366,0.862596
9345,0.613117,0.597373,0.852983
9346,0.625776,0.595712,0.842330
9347,0.615019,0.597899,0.849445
9348,0.553922,0.554853,0.850383
9349,0.636357,0.569760,0.850508
9350,0.640227,0.571985,0.846093
9351,0.647425,0.588753,0.853297
9352,0.558034,0.581225,0.834383
9353,0.640359,0.601833,0.857933
9354,0.578256,0.583025,0.842066
9355,0.613493,0.602386,0.848543
9356,0.589844,0.597353,0.862160
9357,0.603800,0.613175,0.855608
9358,0.562146,0.647556,0.841831
9359,0.635846,0.610192,0.826716
9360,0.646219,0.587355,0.859103
9361,0.647095,0.587771,0.856035
9362,0.616411,0.603061,0.836883
9363,0.572067,0.546511,0.846082
9364,0.605664,0.561688,0.853153
9365,0.588206,0.615017,0.848245
9366,0.626746,0.534091,0.836237
9367,0.593276,0.587456,0.849240
9368,0.638729,0.600418,0.864453
9369,0.596799,0.609994,0.855656
9370,0.581174,0.593505,0.856809
9371,0.552640,0.569515,0.853085
9372,0.628693,0.603227,0.836819
9373,0.643414,0.621272,0.843955
9374,0.587960,0.616678,0.836618
9375,0.613888,0.609796,0.835296
9376,0.642550,0.569801,0.843261
9377,0.553921,0.585972,0.857105
9378,0.632257,0.581865,0.848262
9379,0.612118,0.587824,0.859146
9380,0.609192,0.575319,0.855230
9381,0.558528,0.615054,0.848290
9382,0.548056,0.608620,0.845864
9383,0.624667,0.595280,0.851272
9384,0.606881,0.596356,0.837630
9385,0.634970,0.581471,0.846791
9386,0.578327,0.569120,0.856223
9387,0.631301,0.575299,0.847255
9388,0.622721,0.594088,0.839596
9389,0.594495,0.597320,0.842623
9390,0.603644,0.579106,0.858189
9391,0.598997,0.582703,0.856130
9392,0.646776,0.621420,0.846896
9393,0.609471,0.616657,0.856192
9394,0.604543,0.588376,0.858611
9395,0.623867,0.590251,0.861552
9396,0.581181,0.617895,0.841989
9397,0.637595,0.595949,0.853832
9398,0.626873,0.563149,0.850243
9399,0.580064,0.595782,0.862198
9400,0.651316,0.567872,0.856017
9401,0.567478,0.572749,0.850674
9402,0.619259,0.566937,0.849901
9403,0.598845,0.607143,0.845917
9404,0.635367,0.611026,0.866459
9405,0.624892,0.576591,0.854022
9406,0.653994,0.608330,0.853263
9407,0.613113,0.565839,0.843606
9408,0.598131,0.611726,0.844061
9409,0.607746,0.616622,0.848102
9410,0.606322,0.603203,0.857520
9411,0.574964,0.562724,0.844163
9412,0.616076,0.596748,0.855082
9413,0.622844,0.576777,0.836840
9414,0.663936,0.610766,0.850192
9415,0.609328,0.586963,0.856739
9416,0.568288,0.609910,0.840248
9417,0.651994,0.618808,0.848814
9418,0.588897,0.597827,0.863206
9419,0.581066,0.612251,0.832595
9420,0.605064,0.625151,0.839863
9421,0.595803,0.607755,0.829673
9422,0.561819,0.584550,0.857943
9423,0.562482,0.585466,0.847025
9424,0.626251,0.613480,0.854331
9425,0.609418,0.592021,0.850747
9426,0.595842,0.579177,0.857887
9427,0.625482,0.575551,0.841300
9428,0.628372,0.565939,0.849177
9429,0.570671,0.644299,0.840960
9430,0.627917,0.635511,0.841064
9431,0.621839,0.635406,0.865207
9432,0.598583,0.597387,0.850729
9433,0.661031,0.631246,0.834170
9434,0.583215,0.542427,0.846055
9435,0.640206,0.607398,0.854486
9436,0.618968,0.578311,0.843462
9437,0.607211,0.582474,0.846918
9438,0.606042,0.592251,0.839948
9439,0.621805,0.600443,0.855891
9440,0.587682,0.606773,0.845247
9441,0.602348,0.538157,0.856477
9442,0.664337,0.604570,0.855073
9443,0.606868,0.573826,0.834036
9444,0.554971,0.597278,0.846614
9445,0.578862,0.601649,0.850621
9446,0.613187,0.583531,0.855432
9447,0.636416,0.598623,0.833842
9448,0.584538,0.618742,0.844409
9449,0.556569,0.620867,0.843849
9450,0.555495,0.624964,0.852655
9451,0.555015,0.577399,0.854993
9452,0.621213,0.580559,0.845059
9453,0.628631,0.603425,0.845524
9454,0.607168,0.587249,0.848429
9455,0.574237,0.515935,0.855659
9456,0.592388,0.583815,0.833945
9457,0.614637,0.594015,0.852059
9458,0.605334,0.576086,0.863444
9459,0.633520,0.626215,0.855893
9460,0.564327,0.612524,0.847581
9461,0.631909,0.574602,0.860743
9462,0.602975,0.633845,0.861274
9463,0.562636,0.618167,0.837628
9464,0.617327,0.633279,0.845865
9465,0.584063,0.587321,0.850709
9466,0.585584,0.650912,0.846783
9467,0.605280,0.564915,0.849674
9468,0.630432,0.582311,0.854171
9469,0.663372,0.587856,0.834505
9470,0.614949,0.602475,0.849440
9471,0.607863,0.563221,0.852536
9472,0.622011,0.578835,0.848108
9473,0.628033,0.593117,0.854750
9474,0.593799,0.617856,0.846216
9475,0.599278,0.595518,0.838567
9476,0.589374,0.594487,0.851567
9477,0.607102,0.628448,0.841881
9478,0.627593,0.537857,0.861537
9479,0.577013,0.583566,0.843094
9480,0.655601,0.593166,0.853361
9481,0.591786,0.588308,0.863480
9482,0.641863,0.579837,0.845107
9483,0.634435,0.592005,0.849249
9484,0.577163,0.574504,0.839292
9485,0.627543,0.603524,0.858903
9486,0.564694,0.577120,0.862966
9487,0.590804,0.611460,0.836455
9488,0.617642,0.594214,0.840618
9489,0.578684,0.541803,0.849096
9490,0.591926,0.567431,0.860445
9491,0.603568,0.606545,0.857456
9492,0.631385,0.587315,0.853565
9493,0.565286,0.597147,0.853465
9494,0.592659,0.602050,0.843612
9495,0.633853,0.624019,0.852831
9496,0.599312,0.608291,0.841742
9497,0.580627,0.595637,0.831409
9498,0.612447,0.596701,0.844006
9499,0.672696,0.560382,0.843981
9500,0.601999,0.563795,0.851976
9501,0.608973,0.594324,0.848673
9502,0.642036,0.566209,0.860162
9503,0.607442,0.593244,0.836670
9504,0.621849,0.609465,0.862081
9505,0.600252,0.553435,0.857752
9506,0.588992,0.584207,0.842938
9507,0.625102,0.606489,0.865192
9508,0.593103,0.634409,0.851025
9509,0.611552,0.564163,0.852178
9510,0.591592,0.608991,0.850516
9511,0.578841,0.603451,0.847242
9512,0.575375,0.603306,0.855878
9513,0.650139,0.612716,0.867286
9514,0.603585,0.598795,0.854199
9515,0.602028,0.622288,0.843080
9516,0.581400,0.579599,0.855126
9517,0.604095,0.572431,0.852185
9518,0.649924,0.575209,0.840524
9519,0.625364,0.590357,0.846101
9520,0.592880,0.575498,0.860479
9521,0.628131,0.603479,0.829005
9522,0.628006,0.596695,0.830891
9523,0.569654,0.608760,0.844936
9524,0.538026,0.587154,0.846588
9525,0.570519,0.612297,0.848899
9526,0.644364,0.611991,0.859325
9527,0.567234,0.577820,0.839558
9528,0.592031,0.616638,0.844871
9529,0.633440,0.595483,0.852135
9530,0.558571,0.574018,0.855220
9531,0.571362,0.622576,0.830272
9532,0.591160,0.607631,0.836506
9533,0.555509,0.592948,0.848104
9534,0.591683,0.605720,0.849029
9535,0.624865,0.568915,0.867744
9536,0.578735,0.567611,0.848016
9537,0.628860,0.604011,0.838142
9538,0.646599,0.580273,0.834039
9539,0.596448,0.610538,0.843277
9540,0.627724,0.629627,0.844539
9541,0.608230,0.590024,0.853697
9542,0.545023,0.603763,0.858854
9543,0.608264,0.592636,0.853112
9544,0.589330,0.545164,0.849994
9545,0.637205,0.577793,0.851275
9546,0.627941,0.582627,0.860953
9547,0.583000,0.619053,0.838906
9548,0.603738,0.566329,0.864033
9549,0.594447,0.584616,0.835343
9550,0.627100,0.579711,0.837725
9551,0.610330,0.589546,0.847136
9552,0.563169,0.590782,0.841249
9553,0.645135,0.595870,0.848402
9554,0.623827,0.618574,0.851004
9555,0.632533,0.649583,0.843415
9556,0.603504,0.613339,0.853324
9557,0.592554,0.589587,0.826910
9558,0.595890,0.577291,0.867150
9559,0.585905,0.603115,0.854677
9560,0.654810,0.588572,0.855739
9561,0.585561,0.575714,0.867334
9562,0.612594,0.581829,0.849698
9563,0.612997,0.601006,0.871010
9564,0.601594,0.605590,0.851111
9565,0.599660,0.595875,0.856305
9566,0.610164,0.569455,0.851333
9567,0.558107,0.609848,0.845148
9568,0.646220,0.612827,0.858215
9569,0.607515,0.614307,0.850236
9570,0.609754,0.550345,0.860086
9571,0.588683,0.600616,0.863052
9572,0.605846,0.607030,0.847386
9573,0.661009,0.570931,0.848759
9574,0.611803,0.589466,0.844276
9575,0.586538,0.582459,0.849101
9576,0.589612,0.572971,0.842529
9577,0.594312,0.568773,0.828487
9578,0.565652,0.596649,0.850396
9579,0.620181,0.575817,0.850265
9580,0.600226,0.573624,0.867650
9581,0.653204,0.636415,0.862919
9582,0.594683,0.581808,0.845345
9583,0.579212,0.603443,0.859664
9584,0.591375,0.582535,0.863044
9585,0.563642,0.593197,0.859966
9586,0.606655,0.590079,0.849011
9587,0.610390,0.608768,0.849224
9588,0.596355,0.572316,0.864331
9589,0.633326,0.628347,0.846534
9590,0.641673,0.615289,0.864504
9591,0.623738,0.598622,0.851544
9592,0.595431,0.603552,0.844407
9593,0.617107,0.637442,0.845804
9594,0.610221,0.613752,0.834025
9595,0.624150,0.548318,0.856937
9596,0.615889,0.577649,0.861713
9597,0.620802,0.599376,0.854406
9598,0.600561,0.590824,0.836797
9599,0.610946,0.601661,0.851166
9600,0.580812,0.574163,0.831756
9601,0.617763,0.564209,0.847222
9602,0.613333,0.600746,0.860176
9603,0.587106,0.595213,0.847402
9604,0.616559,0.597713,0.831367
9605,0.550218,0.611464,0.855505
9606,0.586467,0.608273,0.846233
9607,0.604409,0.612400,0.840854
9608,0.602031,0.576292,0.845691
9609,0.570955,0.604050,0.845647
9610,0.563417,0.574981,0.858947
9611,0.611566,0.625061,0.834097
9612,0.598857,0.575832,0.847120
9613,0.535762,0.570389,0.851075
9614,0.610064,0.612644,0.861217
9615,0.572214,0.602670,0.847330
9616,0.616383,0.550912,0.848962
9617,0.588008,0.567785,0.831387
9618,0.626831,0.595128,0.866930
9619,0.606490,0.616103,0.862326
9620,0.599209,0.624024,0.856055
9621,0.605841,0.564508,0.853128
9622,0.605351,0.593240,0.851513
9623,0.667686,0.586757,0.851141
9624,0.608482,0.564966,0.854847
9625,0.604587,0.567121,0.857454
9626,0.630766,0.589921,0.847992
9627,0.631865,0.578860,0.846731
9628,0.653046,0.611742,0.849664
9629,0.627529,0.581026,0.843209
9630,0.596894,0.582852,0.843470
9631,0.601888,0.589797,0.837564
9632,0.638551,0.596319,0.850356
9633,0.624440,0.627057,0.851184
9634,0.596099,0.638531,0.865147
9635,0.619905,0.565873,0.834646
9636,0.590582,0.577420,0.845214
9637,0.531895,0.585231,0.864871
9638,0.617328,0.607517,0.842411
9639,0.639014,0.581755,0.861125
9640,0.628768,0.588702,0.854994
9641,0.576530,0.615113,0.844062
9642,0.566480,0.596805,0.856793
9643,0.585121,0.637929,0.866358
9644,0.630699,0.619141,0.858413
9645,0.611766,0.570046,0.860647
9646,0.637791,0.607852,0.843850
9647,0.588047,0.559295,0.851958
9648,0.631764,0.572242,0.859542
9649,0.563226,0.623173,0.841576
9650,0.624875,0.583640,0.863134
9651,0.557171,0.545884,0.852795
9652,0.581345,0.602055,0.853203
9653,0.654773,0.593350,0.861723
9654,0.552457,0.593098,0.842368
9655,0.572998,0.618176,0.872055
9656,0.576638,0.610998,0.868214
9657,0.627672,0.569998,0.842957
9658,0.622422,0.585916,0.843434
9659,0.586796,0.583678,0.845782
9660,0.567047,0.607824,0.845543
9661,0.600976,0.542761,0.836064
9662,0.682334,0.602343,0.844537
9663,0.628882,0.602265,0.874934
9664,0.564240,0.592962,0.849099
9665,0.603311,0.548627,0.850763
9666,0.640905,0.608735,0.836878
9667,0.600415,0.596904,0.841333
9668,0.589173,0.595160,0.860995
9669,0.618624,0.601119,0.846393
9670,0.568336,0.618154,0.853642
9671,0.606800,0.574095,0.849300
9672,0.605699,0.626605,0.854111
9673,0.617333,0.599748,0.842131
9674,0.609964,0.615475,0.864951
9675,0.644317,0.615678,0.847489
9676,0.646511,0.652322,0.847902
9677,0.646858,0.625659,0.857188
9678,0.609228,0.614396,0.836186
9679,0.642329,0.593434,0.855758
9680,0.609843,0.643996,0.842867
9681,0.612429,0.605588,0.834271
9682,0.609714,0.537435,0.863992
9683,0.606209,0.599136,0.850630
9684,0.632168,0.620181,0.835997
9685,0.597210,0.582417,0.865772
9686,0.654008,0.579046,0.846759
9687,0.649221,0.606551,0.828201
9688,0.595466,0.629097,0.838094
9689,0.588221,0.614238,0.840761
9690,0.591285,0.574678,0.846043
9691,0.617693,0.575777,0.855419
9692,0.588745,0.580336,0.855881
9693,0.597105,0.595584,0.837017
9694,0.585957,0.585759,0.857211
9695,0.614223,0.604867,0.854659
9696,0.570749,0.579468,0.850767
9697,0.597792,0.605179,0.838630
9698,0.604868,0.558119,0.846849
9699,0.669595,0.587063,0.844874
9700,0.637074,0.573115,0.836154
9701,0.623457,0.602438,0.854319
9702,0.553410,0.593068,0.856577
9703,0.583911,0.606045,0.850573
9704,0.625992,0.595718,0.847360
9705,0.610774,0.598209,0.847012
9706,0.646694,0.591543,0.838017
9707,0.608130,0.615703,0.846313
9708,0.651630,0.567374,0.839703
9709,0.640722,0.604119,0.844533
9710,0.632083,0.559809,0.850850
9711,0.605980,0.554165,0.849094
9712,0.642308,0.636611,0.860457
9713,0.624069,0.626588,0.843493
9714,0.587939,0.588073,0.855354
9715,0.593416,0.530484,0.851998
9716,0.584726,0.596181,0.845185
9717,0.622421,0.611702,0.867872
9718,0.630358,0.641961,0.858060
9719,0.614110,0.564580,0.854776
9720,0.649983,0.605962,0.857412
9721,0.626197,0.606083,0.843100
9722,0.564216,0.579885,0.869315
9723,0.616289,0.598940,0.853951
9724,0.624642,0.595894,0.836265
9725,0.593950,0.586684,0.841183
9726,0.615402,0.602463,0.843659
9727,0.636025,0.575668,0.851764
9728,0.598049,0.593877,0.821025
9729,0.602262,0.607679,0.846011
9730,0.639298,0.592977,0.843131
9731,0.568851,0.603987,0.842179
9732,0.616360,0.606632,0.874229
9733,0.612481,0.583632,0.839702
9734,0.619169,0.570878,0.851786
9735,0.618859,0.619440,0.857024
9736,0.638598,0.585492,0.857125
9737,0.592356,0.605701,0.862574
9738,0.597886,0.522308,0.857843
9739,0.573459,0.596600,0.853303
9740,0.650785,0.589474,0.860191
9741,0.544628,0.608065,0.861891
9742,0.615886,0.600350,0.851601
9743,0.606906,0.577663,0.844390
9744,0.602241,0.595461,0.858942
9745,0.619201,0.584586,0.841366
9746,0.631021,0.582432,0.864740
9747,0.618514,0.609252,0.855068
9748,0.587205,0.618135,0.843481
9749,0.645325,0.603242,0.851323
9750,0.570768,0.610274,0.846059
9751,0.586822,0.582255,0.838443
9752,0.542232,0.604275,0.848242
9753,0.664999,0.644611,0.855463
9754,0.604841,0.558369,0.854941
9755,0.587690,0.587887,0.841476
9756,0.636200,0.561712,0.844328
9757,0.585310,0.614424,0.858452
9758,0.645119,0.580284,0.846690
9759,0.605043,0.603612,0.842571
9760,0.598521,0.579266,0.836249
9761,0.627411,0.622139,0.855607
9762,0.625615,0.631823,0.848983
9763,0.621247,0.597422,0.846589
9764,0.593086,0.576946,0.855013
9765,0.612624,0.582722,0.851015
9766,0.661240,0.583296,0.852145
9767,0.629303,0.602367,0.835136
9768,0.584412,0.595091,0.855536
9769,0.595170,0.617538,0.832339
9770,0.608241,0.587841,0.852810
9771,0.632514,0.590607,0.852310
9772,0.671902,0.588401,0.840022
9773,0.571224,0.600506,0.859573
9774,0.579933,0.609680,0.858195
9775,0.549576,0.593529,0.843957
9776,0.624507,0.588813,0.831997
9777,0.582206,0.583105,0.842041
9778,0.591382,0.597696,0.853137
9779,0.607011,0.581869,0.858776
9780,0.609164,0.563072,0.839548
9781,0.551482,0.615140,0.849271
9782,0.585705,0.559181,0.837967
9783,0.626598,0.585070,0.865263
9784,0.618000,0.572811,0.839780
9785,0.595856,0.555545,0.844576
9786,0.635468,0.566523,0.856964
9787,0.596928,0.623699,0.850058
9788,0.535390,0.584179,0.852706
9789,0.600705,0.599112,0.844722
9790,0.628764,0.580426,0.861749
9791,0.581100,0.562295,0.864566
9792,0.613475,0.586208,0.855014
9793,0.626645,0.602614,0.855178
9794,0.580432,0.533774,0.836021
9795,0.612444,0.573977,0.849957
9796,0.605712,0.600499,0.836815
9797,0.623837,0.590401,0.828619
9798,0.632703,0.615171,0.859862
9799,0.611168,0.602809,0.868047
9800,0.589577,0.569079,0.854940
9801,0.658288,0.598043,0.840243
9802,0.578368,0.647939,0.860366
9803,0.651331,0.556116,0.857257
9804,0.549638,0.581444,0.841143
9805,0.569313,0.581748,0.843023
9806,0.574287,0.619617,0.853987
9807,0.599813,0.625731,0.851473
9808,0.574929,0.565976,0.859655
9809,0.563896,0.620686,0.843069
9810,0.607684,0.558367,0.846001
9811,0.616085,0.566327,0.847745
9812,0.606005,0.617903,0.855411
9813,0.611087,0.598831,0.873873
9814,0.595868,0.629595,0.854339
9815,0.564421,0.629842,0.837970
9816,0.601349,0.636118,0.845752
9817,0.594641,0.559144,0.857846
9818,0.592380,0.550579,0.850276
9819,0.595646,0.610120,0.844703
9820,0.600005,0.568160,0.867488
9821,0.573825,0.595319,0.849652
9822,0.598304,0.567800,0.826797
9823,0.634930,0.620321,0.838955
9824,0.606618,0.613600,0.858094
9825,0.620717,0.612167,0.851995
9826,0.583687,0.638431,0.855613
9827,0.602378,0.601660,0.829455
9828,0.613557,0.603964,0.862908
9829,0.576040,0.596169,0.852011
9830,0.606709,0.615292,0.849333
9831,0.614903,0.558390,0.857776
9832,0.564217,0.628964,0.836252
9833,0.604887,0.583485,0.866981
9834,0.625141,0.614660,0.833191
9835,0.613812,0.562454,0.846723
9836,0.615424,0.595405,0.842765
9837,0.575098,0.571278,0.857043
9838,0.587066,0.560743,0.869065
9839,0.605327,0.595795,0.845204
9840,0.606171,0.590966,0.855805
9841,0.629682,0.565965,0.860802
9842,0.577437,0.614218,0.855758
9843,0.548231,0.587939,0.849999
9844,0.586026,0.600959,0.847589
9845,0.642558,0.573360,0.857076
9846,0.580730,0.598213,0.849290
9847,0.651844,0.593106,0.854484
9848,0.583720,0.604046,0.858561
9849,0.578640,0.629840,0.867985
9850,0.579354,0.533061,0.842288
9851,0.612461,0.631306,0.836849
9852,0.597428,0.563366,0.860203
9853,0.603922,0.603228,0.839171
9854,0.638909,0.542448,0.848471
9855,0.597201,0.602417,0.855025
9856,0.562536,0.655993,0.867369
9857,0.613804,0.596662,0.853733
9858,0.607154,0.587722,0.840668
9859,0.609007,0.617989,0.856073
9860,0.595890,0.628074,0.847101
9861,0.617140,0.612208,0.854748
9862,0.610803,0.591466,0.856019
9863,0.601800,0.587399,0.845237
9864,0.598920,0.600924,0.851864
9865,0.608169,0.565486,0.836590
9866,0.619768,0.587694,0.839309
9867,0.608922,0.593947,0.849274
9868,0.576875,0.582039,0.847560
9869,0.571195,0.580025,0.859942
9870,0.608749,0.585593,0.846098
9871,0.614933,0.612972,0.856611
9872,0.554672,0.623166,0.849621
9873,0.559229,0.575273,0.859370
9874,0.617576,0.586207,0.848649
9875,0.654733,0.546137,0.849409
9876,0.636621,0.581364,0.866815
9877,0.592058,0.619508,0.849165
9878,0.601539,0.634742,0.846585
9879,0.594901,0.610394,0.835413
9880,0.638334,0.538056,0.847145
9881,0.635281,0.576522,0.851838
9882,0.652513,0.627128,0.847173
9883,0.653248,0.566856,0.842544
9884,0.581619,0.618958,0.857029
9885,0.587633,0.586444,0.848535
9886,0.580835,0.605110,0.850597
9887,0.593841,0.586879,0.850809
9888,0.566469,0.585050,0.871987
9889,0.596415,0.567843,0.843355
9890,0.597451,0.611639,0.842473
9891,0.537846,0.630642,0.834288
9892,0.555884,0.587773,0.864072
9893,0.605297,0.601185,0.866623
9894,0.618125,0.598179,0.854167
9895,0.616236,0.634016,0.846372
9896,0.576436,0.631865,0.852989
9897,0.580952,0.554646,0.847655
9898,0.575321,0.632795,0.855340
9899,0.613176,0.567212,0.850780
9900,0.590480,0.592683,0.867109
9901,0.604874,0.592509,0.852510
9902,0.617734,0.598781,0.842769
9903,0.625930,0.650941,0.845923
9904,0.592410,0.609029,0.827057
9905,0.618897,0.595612,0.854234
9906,0.589806,0.578885,0.848170
9907,0.575736,0.606833,0.850418
9908,0.537044,0.600179,0.856386
9909,0.557242,0.592807,0.837552
9910,0.599277,0.571166,0.836905
9911,0.588692,0.598138,0.854961
9912,0.602871,0.575866,0.843706
9913,0.561014,0.630425,0.860921
9914,0.578277,0.616408,0.832793
9915,0.627333,0.615495,0.842585
9916,0.620609,0.620285,0.864047
9917,0.622834,0.620465,0.837743
9918,0.610255,0.572014,0.847728
9919,0.594021,0.578350,0.847627
9920,0.619454,0.545066,0.858076
9921,0.570850,0.609055,0.836585
9922,0.612984,0.571498,0.853410
9923,0.625916,0.619979,0.840139
9924,0.574414,0.630467,0.848555
9925,0.575683,0.589577,0.847124
9926,0.580275,0.619651,0.857907
9927,0.579247,0.594617,0.854297
9928,0.627636,0.608376,0.836862
9929,0.611495,0.639787,0.845640
9930,0.642396,0.574790,0.868093
9931,0.598509,0.587212,0.841767
9932,0.615322,0.581461,0.835465
9933,0.638031,0.584973,0.854388
9934,0.615795,0.613689,0.853509
9935,0.568673,0.608350,0.841500
9936,0.618035,0.612921,0.853771
9937,0.575800,0.577266,0.850092
9938,0.636159,0.603307,0.828916
9939,0.618952,0.609394,0.846139
9940,0.567485,0.601706,0.841622
9941,0.600311,0.570189,0.852739
9942,0.633610,0.587262,0.850886
9943,0.593633,0.595631,0.851818
9944,0.630650,0.559433,0.844234
9945,0.611786,0.613249,0.850385
9946,0.622305,0.579127,0.855575
9947,0.622676,0.592981,0.835693
9948,0.545712,0.604310,0.854879
9949,0.595130,0.618701,0.836959
9950,0.614851,0.616562,0.861166
9951,0.616230,0.567118,0.842753
9952,0.640871,0.583119,0.838849
9953,0.628926,0.601944,0.858446
9954,0.659518,0.627492,0.853774
9955,0.577258,0.617411,0.840966
9956,0.607214,0.585951,0.859488
9957,0.605764,0.603205,0.847412
9958,0.614897,0.611380,0.865157
9959,0.582732,0.632052,0.859637
9960,0.583196,0.628947,0.849249
9961,0.608314,0.577051,0.855527
9962,0.622755,0.621315,0.835861
9963,0.572489,0.579228,0.863006
9964,0.628501,0.604183,0.854792
9965,0.629485,0.606706,0.841807
9966,0.589439,0.599286,0.848289
9967,0.625108,0.576458,0.848149
9968,0.566267,0.607439,0.853952
9969,0.643647,0.623021,0.839591
9970,0.626806,0.599383,0.861148
9971,0.600425,0.610673,0.843156
9972,0.602744,0.589352,0.868048
9973,0.626581,0.534181,0.841159
9974,0.599082,0.607704,0.850356
9975,0.592065,0.598459,0.853668
9976,0.612897,0.646367,0.839472
9977,0.662447,0.624112,0.851731
9978,0.606994,0.595758,0.863303
9979,0.612148,0.564802,0.851454
9980,0.594792,0.627713,0.850541
9981,0.630945,0.562040,0.835734
9982,0.555422,0.544722,0.853382
9983,0.572429,0.575342,0.844824
9984,0.629479,0.619254,0.854794
9985,0.558041,0.601220,0.841222
9986,0.589485,0.561199,0.830267
9987,0.578625,0.603093,0.846053
9988,0.623378,0.620662,0.854942
9989,0.575126,0.605058,0.861950
9990,0.592332,0.612909,0.844532
9991,0.630843,0.622764,0.842030
9992,0.627124,0.614048,0.842768
9993,0.646844,0.574143,0.862271
9994,0.578953,0.566979,0.850753
9995,0.617316,0.571777,0.838092
9996,0.606018,0.604061,0.844479
9997,0.635743,0.605375,0.848230
9998,0.581521,0.602675,0.866031
9999,0.590878,0.574456,0.824072
10000,0.574384,0.604956,0.861382
