row_key,n_sentences,n_words,est_read_seconds,numbered_text,overall_sentiment,turning_point,arc,confidence,notes
60da69f2d6,25,473,114,"[1] One year ago today I caught them together.
[2] It has been a year ago tonight I caught my ex husband and his girlfriend together at her property.
[3] He had been having an affair around a year but was in denial.
[4] He admitted at one point but claimed it was over and blamed it all on me.
[5] He couldn’t give me an exact reason why I was causing him to have a relationship with someone else but it messed me up.
[6] I began over doing things, making him baths, giving him massages, sex on tap etc etc but he was still seeing her.
[7] I found an old iPad which was connected to his account while clearing the attic.
[8] It was full of their messages.
[9] He constantly denied the affair so I knew I had to catch him to prove it too him!
[10] Following the messages for weeks I found he was picking her up from the airport and I knew this was an opportunity to confront them.
[11] I’m a runner so I geared myself up and began running up and down her road the time I estimated they would be back.
[12] I recorded them coming out of his car and going into her property.
[13] I left them 10 mins or so and called him and told him I was outside.
[14] I watched the property and saw lights go off in windows and guessed that was probably her apartment and they were watching me.
[15] I waited and waited but he never came, I went back to the front door of the property when I saw his car lights go on.
[16] He was around 200 metres up the road and I ran for his car knowing he must have climbed over the wall and planned to drive off so he could convince me I was crazy and he was never there.
[17] I couldn’t let him get away and chased the car!
[18] I made a lot of noise so eventually he stopped.
[19] He locked the car door and I began hitting the car until he let me in, he did and couldn’t really deny it anymore.
[20] He said he’d break it off with her but I told him it was over!
[21] Now it’s been a year, I’ve had a whole year to process this.
[22] I was married to this guy for 18 years and he left me for a 25 year old.
[23] He had bought her a car, paid her rent, they even went on holiday to Egypt together.
[24] He left me with a child and to this day still blames it all on me.
[25] I’m definitely happier as time has gone on although I could never imagine being in another relationship.",neu,18,flat,3,
298fcb3798,11,123,30,"[1] Your ex probably isn’t having fun..
[2] At least not pure fun.
[3] If they dumped you recently and seem to be having the time of their life, new relationship, everything is wonderful....
[4] it’s probably not real.
[5] Rebound relationships, fake happiness, it’s a front most of the time.
[6] Don’t feel like you’re worthless just because you have the courage to face your pain.
[7] Believe me, one day when they can’t pretend anymore, when the shine is gone off of their rebound, when they can’t pretend anymore, they will have to face the same pain you are facing.
[8] You’re doing a good job.
[9] You’re doing it the right way.
[10] Keep going.
[11] I’m proud of you.",pos,11,redemptive,5,
54bdca906d,18,314,75,"[1] My husband is reluctant to be intimate with me after I was in a major accident….
[2] An Update.
[3] A link to the original post: 

Hi everyone.
[4] First of all, I want to say I was absolutely blown away by the outpouring of love and support I received on my first post.
[5] I never could have imagined it would blow up like that and I received so many thoughtful and kind comments and messages from strangers.
[6] That being said, when I wrote that, I was in a weird place.
[7] Physically I had mostly healed but I was determined to shove down any emotional trauma because I was so exhausted from the previous months of work trying to heal my body.
[8] I wanted to be alright, and I wanted my marriage to be the same as it was before the accident.
[9] My husband and I just attended our third marriage counseling appointment and I’m very happy to report the exercises and worksheets we’ve been given are helping rebuild the husband/wife relationship instead of the caregiver/patient relationship which has been present for the last 5 months.
[10] My husband just had his first individual therapy appointment a few days ago and I have mine next week.
[11] In short, we’re putting in the work.
[12] We’re also having sex again!
[13] Like, a lot of sex!
[14] I feel silly bragging about that to the internet at large, but it makes me so happy that we’ve figured out that part of all this.
[15] Prior to the accident and really throughout our whole relationship we’ve been so ridiculously into each other, it was rare we even skipped a day.
[16] I missed having that connection to him and he was clearly hurting too.
[17] Anyway.
[18] I just thought everyone deserved an update ♥️♥️♥️♥️

TL:Dr- we’re getting better!",pos,18,flat,4,
5681c59a28,14,255,61,"[1] My bf broke up with me with a looney tunes GIF.
[2] My boyfriend got drunk and broke up with me with two texted words and a looney tunes GIF.
[3] I have never felt this much disrespect and boiling rage.
[4] We had a really good conversation last weekend about our relationship and how neither of us felt we were where we should be at this point in a relationship.
[5] He’s been pushing me away a lot lately and been making virtually no effort in our relationship.
[6] He explained his trauma and trust issues and said he never wants to hurt me because he cares so much about me.
[7] That he was going to work on himself because he didn’t want to lose me and what we have.
[8] We discussed how we can work through our setbacks and work towards a stronger bond.
[9] Part of that was him giving up drugs/alcohol so he can focus on his mental and physical health.
[10] Less than a week later he winds up drunk at a bar and sends me that text.
[11] I had a wonderful trip planned for us the next day that was the perfect opportunity for us to connect and communicate; possibly grow closer.
[12] He robbed me of any emotional closure and left me confused, hurt, and absolutely furious.
[13] What can lead someone to be so deeply disrespectful of another human being?
[14] Especially one they claim they care for and “don’t want to lose”?",neu,12,flat,3,
9ea0cc3ad7,43,425,102,"[1] 10 things to NEVER do after your break up.
[2] 1.
[3] Begging Them to Come Back

Nothing kills your self respect faster than begging for someone who already chose to leave.
[4] If they wanted to stay, they would have.
[5] Don’t give them the satisfaction of knowing you’re desperate.
[6] 2.
[7] Stalking Their Social Media

Checking their Instagram, Snapchat, or TikTok won’t give you closure.
[8] it’ll just make you feel worse.
[9] If they seem happy, it’ll hurt.
[10] If they seem sad, you’ll overthink it.
[11] Either way, it’s a lose-lose situation.
[12] 3.
[13] Trying to Be “Just Friends” Immediately

You’re not fooling anyone, you’re holding onto hope.
[14] Staying friends right away usually just drags out the pain and gives false hope.
[15] You need space to truly let go.
[16] 4.
[17] Jumping Into a Rebound

Sleeping with someone else or rushing into a new relationship won’t make the pain go away.
[18] You’re just distracting yourself.
[19] Eventually, those feelings will catch up to you.
[20] 5.
[21] Drowning Your Pain in Alcohol, Drugs, or Partying

Getting high or drunk every night won’t fix your heartbreak.
[22] It might numb you for a while, but it won’t heal you.
[23] You’ll just end up feeling worse in the long run.
[24] 6.
[25] Isolating Yourself Completely

It’s okay to take time alone, but shutting out the people who care about you will only make things harder.
[26] You need support, even if you don’t feel like talking.
[27] 7.
[28] Replaying Every Moment, Trying to Find What Went Wrong

Overanalyzing won’t change the outcome of absolutely anything.
[29] No amount of “what ifs” will bring them back.
[30] Let go of the need to understand everything.
[31] Sometimes, people just leave.
[32] 8.
[33] Pretending You’re Okay When You’re Not

Faking a smile and acting like you’re over it won’t actually help you move on.
[34] Let yourself feel the pain.
[35] it’s the only way to truly heal.
[36] 9.
[37] Rushing the Healing Process

There’s no deadline for moving on.
[38] Don’t compare your healing to theirs or anyone else’s.
[39] Take as long as you need.
[40] 10.
[41] Losing Yourself Over Someone Who Walked Away

They are not worth your self respect, your future, or your happiness.
[42] Focus on becoming the best version of yourself, not on someone who didn’t see your worth.
[43] In 5-10 years, you will look back and be so proud of how far you’ve come.",neu,10,redemptive,3,
c936f38176,26,544,131,"[1] UPDATE: my ex boyfriend uploaded videos of me to pornhub without my consent and I found out two months later.
[2] Hi everyone!!
[3] It’s been quite a while since my post that kind of blew up which I was surprised but super thankful for.
[4] I don’t know how to add links to the previous post but if you look at my profile you’ll be able to see the previous one.
[5] If you don’t want to read all of that, the most you need to know is that my ex put videos of me on pornhub without my consent after we broke up and I found out two months later.
[6] Some good stuff has happened, and I was so thankful for all the comments that I wanted to update in case anyone really wanted to know.
[7] So before I called the police, I gathered all evidence I could.
[8] I was too scared to even open the videos that I don’t have a screen recording of them up, just a screenshot of the title and thumbnail of the videos + his account name.
[9] As soon as I saw the acc name I knew it was him.
[10] I’m out text conversations I was able to find some stuff that would point back to the fact that it was probably him, I have text evidence of him saying the video was just for us and him saying he already deleted the videos after we broke up.
[11] When I called the police after recording a statement they assigned a detective to my case who was really nice and told me I had a good chance of things!!
[12] Because he has no previous record, he probably won’t end up in jail, which I’m fine with.
[13] As much as I completely despise him now, I would’ve always felt guilty if I sent him to jail.
[14] Things have been moving pretty smoothly since then, he has his first court hearing in a couple of weeks, and I’ll see more about what direction the case is going in after that.
[15] For now I just wanted to let everyone know that on that side of everything, it all went super smoothly.
[16] There’s no saying what’s gonna happen in the future, but for now everything is good.
[17] In terms of my mental health, it was really shit when I found out and after that.
[18] I was having a difficult time getting over it and realizing that he didn’t care for me to do something like that and that was hard.
[19] Because even after we broke up I still held him in a good light, not always, but there were a lot of times where I missed him and considered getting back together.
[20] But I’m so much better now.
[21] I started seeing someone else who has been really good to me and supportive.
[22] Im doing a lot better.
[23] Thank you to everyone who messaged me directly for support and sending me information and links.
[24] You guys are truly amazing fucking people.
[25] To take time out of your day to send that just like, it meant so much so thank you.
[26] <3",pos,19,redemptive,4,
b90fc04087,81,1099,264,"[1] My (20F) sister's (28F) behaviour towards my boyfriend (21M) is horrendous..
[2] This is going to be long.
[3] I'm warning you.
[4] I'm angry.
[5] I'm frustrated and I'm shaking.
[6] I need to write it down and hear some advice.
[7] My sis is just so creepy towards my bf.
[8] I can't take it anymore.
[9] She was really spoiled by my parents when she was young because she was their first child.
[10] She always WANTS everything and when we were little, she always used to steal my toys/books/clothes etc.
[11] I was never allowed to touch any of her things but she constantly stole my stuff and was always rude to me.
[12] My mom for some reason has always preferred her over me and thus, most of the time, I was told to let it go.
[13] Due to this, I have lots of resentment towards her and I don't really like her.
[14] I'm honestly sick of her behaviour, and I just want some peace and quiet in my house.
[15] My mom called me two weeks ago, pleading to let my sis stay with me because she doesn't have a job right now and she can't stay alone during quarantine.
[16] Both my parents are high risk.
[17] My mom has heart problems and my dad is asthmatic.
[18] So I thought I should let her stay with me and my bf instead of letting her go to my parents in case she infects them.
[19] There's been a few cases where she is so I didn't want to risk it.
[20] Now I'm honestly starting to regret it.
[21] Her behaviour is creepy and strange and downright disgusting.
[22] First of all, she doesn't respect me at all.
[23] She's constantly ignoring me while having long talks with my boyfriend.
[24] She doesn't leave my boyfriend alone!
[25] She flirts with him and constantly tries to touch him by using cheap tricks.
[26] When we watch movies, she pushes me away and tries to snuggle with my boyfriend.
[27] She slaps his butt when he walks by and loudly tells him how he has a ""perky little butt"" She also runs her fingers through his hair everyday saying ""Whoaaa your hair is so soft"" or some shit like that.
[28] WHAT THE FUCK.
[29] These are all just excuses to touch him.
[30] She just needs a chance.
[31] Another thing she does is ask him if he has abs so she can touch his torso.
[32] Or say ""did you see this thing I lost, maybe it's in your pocket let me see"" and proceed to pat his thighs.
[33] One time she wanted help with hooking her bra and she just fucking walks out in her underwear.
[34] She came to our room and my boyfriend was in the bathroom.
[35] The logical thing to do is just fucking ask ME I'm her sister!
[36] But what does she do?
[37] She just waits for my boyfriend and asks him instead even though I'm sitting right there!
[38] I think I looked VERY upset because my boyfriend just told her no and she went back to her room.
[39] She didn't try that again.
[40] This is not even all.
[41] My boyfriend and I can't even talk to each other without her interrupting us.
[42] She barges into our room with no warning.
[43] A few days ago, we were trying to have sex and I don't know how the fuck she realized it and starting banging on the door claiming to have a headache.
[44] I opened the door and asked her what was wrong.
[45] I told her I had pills for it but she just said she doesn't trust me and she wanted to talk to my boyfriend instead.
[46] After disturbing us, she was suddenly completely fine and her headache disappeared miraculously.
[47] She just came into our bedroom and started talking to my boyfriend.
[48] We were literally half naked and there was no way she didn't know!
[49] This is driving me crazy.
[50] What does she want?
[51] Why is she like this?
[52] It's not like I didn't talk to her.
[53] I was so angry she interrupted us because she has been doing this since she came here.
[54] I was feeling horny and angry.
[55] I just told her to get out and that we needed some alone time.
[56] I don't want to go into details but we had a small argument and she started crying.
[57] The thing is she never accepts it!
[58] She's completely blind to what she's doing.
[59] She denies doing it and sheds tears which ends up making me feel bad instead.
[60] My boyfriend is so uncomfortable by all of this.
[61] He just looks exhausted all the time.
[62] He's trying his best to be nice but she's all over him all the time.
[63] He's usually very introverted/shy/quiet.
[64] He's not very confrontational and I know this is bothering him.
[65] When I talked to him about it, he just commented that it was a bad idea to invite her to stay here.
[66] He also said not to invite her ever again.
[67] I want to know why she is like this.
[68] How can I make her see what she's doing?
[69] I'm done dealing with her.
[70] I don't want to see her ever again, but she's my parents' favourite child and no matter how hard I try, I can never escape her.
[71] Whenever I try to cut contacts with her, my mom calls me and begs me to forgive her.
[72] My mom doesn't want to see her daughters fighting with each other and she always says how she wants us to be together forever.
[73] But I can't do this.
[74] How am I supposed to deal with this?
[75] Can someone please tell me.
[76] My mom is always taking my sister's side in everything and it's always me who has to be ""understanding"" and ""smart"" and ""older"" when I'M THE YOUNGER ONE HERE!
[77] Please tell me I'm not overreacting.
[78] How do I make my mom and sister realize that I'm sick of dealing with this?
[79] TL;DR : my sis tries to flirt with bf and keeps touching him all over the place.
[80] she doesn't accept that what she's doing is wrong and i'm sick of her behaviour.
[81] how do I deal with this?",neu,6,flat,5,
86fd7b0338,29,427,102,"[1] They always come back..
[2] When you pour yourself into a relationship, into someone, when you shower them with love and respect and support, when you give give give and receive only 1% back and don’t even mind, when you don’t listen to what anyone says because you KNOW what you feel and you don’t want to lose it, when you ignore all the red flags excusing them and finding reasons behind them…..
[3] You lose the one you love.
[4] They’ll take you for granted, they’ll lazily adjust to the presence of the love you give, they’ll slowly but surely stop working for it.
[5] And then they’ll leave.
[6] Because at some point you’ll notice that they’re not involved anymore, they don’t give anymore, they just don’t SEE you anymore.
[7] And you’ll ask them why.
[8] And they won’t know why, they won’t even know why you’re asking all of a sudden, why are you so needy, so clingy, why?
[9] And you’ll blindly give more and more, naively hoping that some of it will come back.
[10] But it never does.
[11] And so they’ll leave.
[12] And you’ll find yourself broken, like the ground shattered underneath your feet and you’re just falling and falling, wondering what you did wrong, what you could have done different.
[13] You’ll hurt, and you’ll be in pain.
[14] But after some time, one day you’ll find, without realizing, that the bleeding wound they left you with has disappeared, leaving nothing more than a dull ache.
[15] And then, you’ll feel nothing at all.
[16] You will be numb.
[17] And you’ll start to breathe again.
[18] That’s the moment when they’ll come back.
[19] They’ll come back promising all you’ve ever hoped for, all they never gave, never did, all you ever wanted.
[20] Because in the time it took you to heal, they’ve realized they miss what you gave them.
[21] And so they’ll come back.
[22] And you’ll feel nothing at all.
[23] You’ll look them in the eye and realize they don’t affect you anymore.
[24] On the contrary, you’ll see them and ask yourself “how could you treat someone who loved you like that?
[25] How can you look at them, see only love and affection in their eyes, and treat them like shit?”.
[26] And you’ll despise them.
[27] You’ll finally see them for the person they are, and you won’t like it.
[28] And you’ll have only one answer to their will to start over.
[29] &x200B;

“Fuck you.”",neu,5,flat,3,
006d24ac62,3,81,19,"[1] please help me,, i.kept this secret for months.
[2] i failed in my exam, i keep it a secret from my mom.it is a core subject.my sibling told me to tell my mom~results, what should i do i dont want to lie to her but i dont want to make her more sad,but at the same time i dont want to make her disappointed...
[3] what should i do please help me, i dont want to avoid this thing anymore.",neg,3,redemptive,2,
651199f1f2,30,548,132,"[1] How can I (29F) get over the fact that I'm not my best friend's (30F) best friend?.
[2] In 2013 after an exceptionally bad breakup and graduating from college, I moved to a New City and basically started my life over.
[3] After a few weeks of subletting, I found a roommate on Craigslist named Kasie (30F) who I hit it off with immediately.
[4] I've always been more of a 'boyfriend girl' in that I was with my ex from tenth grade until college graduation and he was basically my 'best friend' so Kasie was my first real girl BFF.
[5] We lived together for four years until Kasie moved in with her boyfriend Jason (32M) and we had the best time.
[6] We almost never fought and spent all of our time at home together.
[7] We are both incidentally from the same home state, have a lot of similar interests and personalities and complement each other in lots of ways.
[8] I get along super well with Jason too and they never made me feel like a third wheel.
[9] I have a larger friend group now in New City and (thankfully) lots of girl friends but Kasie is still my bff and we talk/text constantly, hang out weekly, etc.
[10] The problem: Annie (30F).
[11] Annie is Kasie's best friend.
[12] They've been best friends since their early 20s and are kind of a package deal.
[13] Annie is very cool and smart and funny and she and I are  good friends too and there's no competition between us or anything.
[14] She and I even hang out without Kasie sometimes.
[15] I can't stress enough that we all get along and that this isn't like the movie 'Bridesmaids' or anything!
[16] But...
[17] sometimes I feel really sad that Kasie is MY best friend, but Annie is hers.
[18] Kasie will refer to me as 'one of her best friends' but we all know that Annie is 1.
[19] If Kasie ever says something like, 'You're my favorite!' to Jason he laughs and says, ""No, that's Annie.' If Kasie and Jason get married, Annie will be maid of honor, no question.
[20] Everyone kind of says 'Kasie-and-Annie' like they're one entity.
[21] They have very big and beautiful matching tattoos (though Kasie and I have matching tattoos too, but imagine it being something like a 1 inch potato because we're both from Idaho, whereas Kasie and Annie have gorgeous tattoos that cover most of their upper arm).
[22] I don't know how to get over this sadness.
[23] It feels really childish.
[24] Kasie doesn't ever make me feel left out and neither does Annie.
[25] I love them both.
[26] But I guess I'm just jealous that I'm not anyone's 'favorite' in the same way.
[27] It feels extra childish of me because I have a boyfriend and I know I'm his favorite, but I guess I just never got to experience having a girl BFF who also considered me her BFF like that.
[28] How can I be satisfied with being almost-the-best and not the best?
[29] ---
TL;DR: My best friend, Kasie, has her own best friend, Annie.
[30] How can I get over feeling like I'm second best?",pos,2,redemptive,5,
2012129547,12,207,50,"[1] Stop worrying about if they miss you.
[2] Focus on the fact that they objectively couldn’t give you the quality relationship you deserved..
[3] It doesn’t matter what the reason is.
[4] They ended it and the best way you can respect that is by making the conscious decision to make your life happy, independent of what happens in theirs.
[5] Every second you waste wondering if they still love you or miss you is a minute that you can spend pouring love into yourself and building a future that  you’re excited about.
[6] Hopefully, with time and effort, it can be with someone who actually gives you love, safety, and never makes you doubt yourself.
[7] By worrying about whether or not your ex misses you, you are still subconsciously telling yourself: “They need to choose me in order for me to feel validated.” Stop it.
[8] They do not define your value.
[9] Only you can make yourself complete.
[10] EDIT: Thank you guys!
[11] I went through a breakup from a very emotionally toxic situation about 3 months ago and this has been the main thought that keeps me chugging.
[12] To know that it’s helping y’all out too means the world ❤️",neu,4,flat,3,
fc18911542,52,1080,259,"[1] School basically ruined my life and I'm still not completely over it.
[2] I'm only making this so that I can tell someone about my trumma without being told: ""This isn't the time."" Or ""I don't care."" Or ""that's not a very nice thing to say.""

When I first started middle school I knew it wasn't going to fun, but holy shit I was not prepared for the absolute hell on earth that I was in for.
[3] Some relevant information is that I have autism and ADHD, now normally that wouldn't be an issue, I just think differently than everyone else.
[4] Because of this, I had an IEP.
[5] From day 1 of middle school I was fucking miserable.
[6] I have incredibly sensitive hearing, as in I can hear a phone charger from several feet away.
[7] So just imagine what a school bell is like for me, thankfully I've gotten used to the sound of the bell and the crowded halls, but back then, I was completely overwhelmed whenever I had to move between classes.
[8] It took a week for the school system to add to my IEP that I am not allowed to be in the halls while classes are changing, I was to wait until the halls cleared.
[9] This was great, I was able to avoid having a panic attack 6 times a day!
[10] At least that's what was supposed to happen.
[11] But the hall monitors/principal/half the staff of the entire fucking school, chose to be dicks about it.
[12] I was late to class!
[13] It doesn't matter that my document from the federal government said I was allowed to be late.
[14] The teachers never actually punished me for being late, but many did give me weird looks.
[15] But the real trouble came when I started getting bullied.
[16] Now I looked like the stereotypical geek, had no visible muscle, talked about video games a lot, and at the time, was noticeably shorter than many of my peers.
[17] A perfect target.
[18] This is about where the true colors of the school system are shown.
[19] You see I may have looked like an easy pick for bullies, but I also had pretty bad anger issues.
[20] So when someone tried to bully me, I simply fought back.
[21] Every.
[22] Single.
[23] Fucking.
[24] Time.
[25] The bullies got off scott free and I was punished.
[26] Even when the bullies actually hit me, I was the one in trouble.
[27] I know this because the school only had 1 time and place for detention and not once did I see any of my bullies there.
[28] Most of the time it didn't even get physical.
[29] They would insult me, I would tell them off, I'd get detention.
[30] It was infuriating.
[31] This bullshit made me have a shorter and shorter fuse, until eventually, I'd snap at anyone who even glaced at me wrong.
[32] The continuous harassment from my bullies, the massive double standard the school seemed to have, and the fact that I knew exactly what the problem was and continued to tell people about it, yet everyone always tried the same fucking thing over, and over, and over, yet still expected things to get better, eventually drove me over the edge.
[33] I fell into severe depression, closed myself off, had a near perpetual bitch face, and a large amount of suicidal thoughts.
[34] The only things I found that could at least distract me from my own misery and self loathing, were video games, and the book series Wings of Fire.
[35] Video games were the biggest help, for the small periods of time that I could play, I was actually happy.
[36] And no I'm not exaggerating when I say: the only times I was genuinely happy was when I was doing something involving video games, or Wings of Fire.
[37] Of course my parents only believed the school's side of things and would punish me when I had violent outburst, which at this point was a weekly thing, by grounding me from video games.
[38] This made my depression worse and my suicidal thoughts more common.
[39] I also never at any point tried to hide my suicidal thoughts, nor did I hide how I felt about the situation.
[40] I eventually learned that the only times people actually seemed to listen to me was when I was yelling and swearing.
[41] So I yelled and swore constantly, trying desperately to convey that I need help.
[42] Everything came to a head when the principal called my mom because, during a violent freakout, I had punched a member of staff, however it was the time of the attack that caught my mom's ear.
[43] You see, at this point my parents had begun to actually listen to me and actually trying to help me through this.
[44] And when my mom heard that I had an outburst in the halls, during the class change, in direct violation of my IEP, she was extremely pissed.
[45] Also, plot twist: my mom's a lawyer, specifically a child attorney.
[46] Needless to say, my mom was very interested in why I was in the halls during class change, I don't really know what happened between my mom and the school but I'd wager to say: it was glorious.
[47] Not long after, I was transferred to a different school.
[48] One that actually began to fix the problems that my old middle school caused.
[49] I met friends who had similar problems as I did(most of which I still regularly talk to years later), I got therapy, and the teachers in my new school actually listened to me when I had problems.
[50] While I have PTSD from my time at the first school that I don't believe I'll ever be able to get over, and it also gave me a major fear of being ignored, I am very glad to have not only amazing parents, but also now friends who have helped me through numerus PTSD attacks.
[51] I want my story to be shared with as many people as possible as a reminder that: no matter how shitty your life is right now there will always, always, be better days ahead.
[52] Just keep going, it will all be okay, even if it takes a little while.",neu,37,redemptive,4,
c324df1305,19,338,81,"[1] [UPDATE] I [25ftm] am about to come out to my parents [46m&amp;49f] as transgender and I'm kinda freaking out..
[2] Link to original post and my mom was feeling impatient I guess, because she was just like ""let's talk about it now"" and put me on speaker phone with my dad right next to her.
[3] So, I told them.
[4] And it went great.
[5] The first thing anyone said was when my dad immediately asked ""is that why you've been so damn weird the last three weeks?!"" Lol.
[6] Followed up immediately by a dad joke.
[7] We are all going to talk to my little brother about it (probably today my sister, partner, and I are all still going for dinner.) And I asked my parents to pick out a new middle name for me (I've decided to stick with my given first name, it's androgynous).
[8] My dad's immediate response was ""Alwayswantedabeard Man Lastname""

So I decided to let my mom have the final say in my middle name lol.
[9] I also set up an appointment to start hormone therapy in two weeks (and my insurance covers it!) So I'm pretty stoked about that.
[10] I hope you guys all have a great week!
[11] Tl;Dr parents give no fucks, I feel like I just had 600 pounds lifted from my shoulders, I'm starting testosterone in a couple weeks!
[12] Edit: to everyone PMing or leaving comments calling me a ""sick fuck"" or any other derogatory term, I hope you realize one day how hurtful and wrong you have been.
[13] Especially if you ever have kids that end up struggling the way I did.
[14] And to those of you (the vast majority in this post) who have been supportive and excited for me, I appreciate every single one of you, as well as your comments.
[15] Thank you.
[16] Edit 2: my first gold ever, thanks guys.
[17] You've been overwhelmingly supportive.
[18] Thank you all.
[19] You're wonderful humans.",pos,19,redemptive,5,
202f8cd227,12,242,58,"[1] What's Up with Cheaters Trying to get their Partners (Unknowingly) to become Friends with Their Affair Partners.
[2] That's a whole nother level .......some machiavellian elite level type cheating.
[3] I'm not talking about a mutual friend or someone both people know independently.
[4] I'm talking about an unknown affair partner that is brought into the orbit of an unsuspecting spouse and is introduced as a platonic contact.
[5] Why do they need to make their partners feel even more like boo boo the fool when it all comes out?
[6] In the past week alone I've seen a couple of posts like this.
[7] EDIT: The number of people replying to this post sharing their personal stories of being tricked into friendship with an AP is crazy to me.
[8] How are people capable of doing such an evil thing to someone they supposedly love???
[9] There are really some sociopathic people out there.
[10] EDIT 2: People are also confirming that they have been a trusted friend who has been tricked into a friendship with an AP and used as part of their cover story.
[11] Sometimes the AP is brought into a friend group so the cheater can legitimize the friendship with the AP.
[12] That way the cheater has the cover of the friend group when he wants to spend time with the AP and he has friends (unwittingly) who can vouch/normalize the cheater and AP interactions.",neu,6,redemptive,3,
7e07e9306a,63,810,194,"[1] A year ago I said I was separating amicably and y’all ripped me a new one.
[2] 😅 A happy update..
[3] I wasn’t in a position where I could leave at that moment and came here asking for advice on how to survive the limbo in the meantime.
[4] People were so hostile that I (32F) ended up deleting the post but the highlights were my partner (37M; never married) of 12 years cheated and was in a 3 year relationship.
[5] Many people were very helpful… until I said I wanted to separate with as little issue as possible.
[6] Apparently that meant I wanted to stay and some people absolutely destroyed me.
[7] 😅 Lol.
[8] I took the good advice and made it work though and I am so thankful for it.
[9] I quietly got my stuff in order.
[10] I got a job, put money to the side and got some stability after being a SAHP for nearly a decade.
[11] Then I told him that I was giving him two months to move out.
[12] It went relatively well.
[13] We weren’t talking much, so he didn’t have a chance to twist my words around or anything.
[14] We weren’t having sex but he was back and forth between her place and ours.
[15] I worked the opposite shift to his so I saw him very few hours during the day.
[16] I arranged childcare for the kiddo (12 yo) so she was taken care of.
[17] He couldn’t get to me through words so he completely stopped helping around the house and went out of his way to make things hard but I was prepared for everything he threw at me.
[18] He told the kid that mommy was kicking him out.
[19] I beat him to it and talked to her about the changes she’s been seeing in the relationship and how mommy and daddy needed to be apart to give her a healthier life.
[20] He would “forget” what days I worked and kept the car.
[21] Took care of that and started catching a Lyft to work.
[22] He stopped cleaning, which triggers my anxiety badly and wouldn’t even make the kid food.
[23] I expected that.
[24] I let the house go for two months.
[25] I kept only the kitchen and bathrooms clean, bought the kid food every night before I left to work and stocked the house with foods she could cook.
[26] The hardest thing to deal with was him taking his anger out on the kiddo when he couldn’t get through to me.
[27] Unknown to me, she recorded several of the yelling incidents on her IPad and keep notes of everything else.
[28] I’ll be using it in court to prove emotional abuse.
[29] She’s also asked to speak to the judge herself.
[30] He stopped paying rent when I told him he had to leave but I was prepared for that as well.
[31] The only thing left to do is finish the custody and child support stuff.
[32] Right now we have a schedule but I want something court ordered because he “forgets” or tries to change things up last minute.
[33] I’ve iced him out of my life so his tactics of “forgetting” to ruin what I have going on is no longer effective.
[34] We rarely talk and when we do it’s text only and solely about the kiddo.
[35] I’m cordial to him but cold.
[36] He tries to be friendly and make conversation but I ignore all attempts.
[37] I did my healing while inside the relationship and had been in therapy for years.
[38] When he left, life took off in the best ways.
[39] I’m able to reopen my business.
[40] My health has improved.
[41] I’m sleeping well now.
[42] My panic attacks have stopped.
[43] I’m financially stable even though I make half of what he was bringing in.
[44] I met and am dating the most wonderful guy.
[45] Him and the kiddo adore each other.
[46] I’m back involved in the church and am able to practice my faith.
[47] I’m gaining weight in alllll the right places.
[48] My skin cleared up.
[49] The kiddo is excelling in school.
[50] Her confidence is coming back.
[51] The house is happy, peaceful and safe.
[52] The house stays clean.
[53] We are living life.
[54] I don’t think about him.
[55] I don’t wonder about him.
[56] I’m not triggered by things.
[57] I don’t hate him.
[58] I genuinely don’t care about him at all.
[59] He has absolutely no control over my emotions.
[60] I’m neutral towards him and I love it!
[61] I made it!!
[62] Life has been so amazing!!
[63] Thank you all so much!!",pos,58,flat,5,
5aa0563524,63,704,169,"[1] My (f59) son (m34) is the one responsible for my granddaughters (f1) death.
[2] I have no idea how to deal with this and move on with my family..
[3] Edit: thanks for all the comments.
[4] To clarify: my granddaughter was compromised.
[5] She had already a condition that rendered it impossible for her to get her shots.
[6] Which I'd why my daughter was so carefull and didn't expose her baby to more than park air and took heavy precautions of they had to go to closed spaces with her.
[7] This is not about his daughter but his niece.
[8] I have 2 kids.
[9] My daughters daughter passed due to my sons stupidity.
[10] My son Andrew marries Alexis 8 years ago.
[11] I am by no mean a Monster in law.
[12] Never have been.
[13] But Alexis is a nightmare.
[14] She is anti science pro Facebook science,  she is awefully entiteled and is sinking all their savings in some MLM scheme.
[15] And as such...
[16] they decided not to vaccinate their kids.
[17] They have a son (m10) and a daughter (f6).
[18] A month ago my daughter, Jenny, came over with her baby to pick up some of her old things.
[19] She decided to stay for coffee and cake.
[20] Andrew and Alexis moved right across from us after the lock down lifted.
[21] My husband and I assume, it's because they were planing on using us a free childcare.
[22] Anyway, as Jenny was over Alexis rung the doorbell.
[23] Before I could even say hello, her kids came spilling in.
[24] They are nice kids.
[25] Somewhat bratty but they do have a heart of gold.
[26] I love them so much.
[27] But because od them not being vaccinated, I don't like having them around the same time as babies.
[28] I tried to keep things calm but the kids had run upstairs to where Jenny's baby was sleeping and were cuddling with her.
[29] I managed to get them to come down.
[30] But they had bee with the baby for a few minutes.
[31] Fast forward a few days.
[32] Jenny calls me in tears telling me her and her fiance are in the hospital because their baby had a high fever ans couldn't breathe properly.
[33] My husband and I hurried there.
[34] Then we spent the most excruciating 17 hours in the hospital that sadly ended with my granddaughter passing away.
[35] She had apparently caught whooping cough and her little lungs couldn't handle it.
[36] My daughter is absolutely destroyed.
[37] I had a stinging suspicion and called my son.
[38] I asked him if his kids had been sick.
[39] He said that they had a nasty cough and a little fever but that they had managed.
[40] I don't know what happened.
[41] I lost it.
[42] I just started breathing heavy and crying hard and couldn't say much more but to say that his niece died because of him.
[43] He had been calling me and his sister.
[44] And we haven't picked up.
[45] He has come over multiple times and I have not opened.
[46] I tried to calm down and tell myself, that it's probabe that she caught it from someone else.
[47] Only that my daughter hadn't taken out granddaughter to places with kids for almost a month.
[48] Maybe at a super marked or in a walk.
[49] But my husband pointed out that it was likelier she caught it trough close contact.
[50] And it is possible to catch it outside.
[51] But not as likley.
[52] I feel so mad...
[53] so angry.
[54] I don't know what to do.
[55] I live my other grand kids.
[56] And I feel like they are gonna suffer with them as parents.
[57] How to we go forward?
[58] Jennybis never gonna forgive Andrew.
[59] And I don't know if I can.
[60] Tldr: my son didn't vaccinate his kids.
[61] They gave my daughters daughter whooping cough.
[62] My granddaughter died as a direct result of this.
[63] I don't know how to proceed in life.",neu,54,tragic,5,
b7f9cb0d82,20,386,93,"[1] My wife tried to hide my daughter from me.
[2] Am I wrong to feel this angry?.
[3] My wife and I are married together and have three kids (11, 8, 3).
[4] When I was in my 20s I donated sperm as there is a massive shortage in my country (I literally donated after reading about this shortage in the newspaper).
[5] I've always been upfront about this fact with me wife.
[6] Always.
[7] And she has always said she's okay with it.
[8] Fast forward to yesterday I answer the phone to a girl that immediately starts nervously apologising for calling me, but that she ""had to speak with me personally."" Obviously I have no idea what the fuck is going on, so I ask her to explain what she's talking about.
[9] Turns out this girl is my daughter (I understand it's wrong to call her my daughter when I didn't raise her, but for lack of a better word...) and just turned 18.
[10] After turning 18 she got access to my contact details as required under my country's law regarding sperm donors.
[11] She called my house last week to talk to me and my wife picked up.
[12] Apparently my wife told her that I wanted ""nothing to do with her"" and that she should ""never call this number again"" before hanging up.
[13] Honestly broke my heart to hear that the woman I loved could be so fucking heartless.
[14] So for the last week this poor girl has been crying her eyes out trying to work up the courage to call again, and thankfully she did so when I was home.
[15] I tried to keep my calm while on the phone and reassure her that I did not say any of that.
[16] We organised a place/time to meet, and as soon as my wife got home later that night I blew up at her.
[17] Honestly, I've NEVER yelled at anyone as long as I can remember, but I couldn't hold it in.
[18] Am I wrong to think that's so severely fucked up of my wife to do?
[19] I honestly can't comprehend how she could say that.
[20] I'm not thinking straight and need some advice on how to deal with this.",neu,19,redemptive,4,
dc18e06307,43,939,225,"[1] My (31m) wife (34f) is ghosting our marriage.
[2] My wife left me on April 9.
[3] She came home from work early for the first time in months, said we needed to talk then said we love each other, we care for each other and we’ve never had a lack of affection, but that she’s unhappy and she’s leaving me.
[4] She packed a bag while I was trying to talk to her and she left.
[5] We’ve been together for nearly 10 years.
[6] Nothing happened.
[7] We weren’t fighting, no skeletons in closets, she didn’t meet somebody else.
[8] We’ve both been digging in and trying to get through the grind lately but she did this completely out of the blue.
[9] She’s barely talked to me since.
[10] She never replies to me, only comes with prepared statements, says them (writes them) and ghosts again without actually talking to me.
[11] All I can think is that last October her dad died and they were extremely close and it has been really hard on her.
[12] I’ve been trying to help as much as I can, I encouraged her to go to a therapist and tried to make her feel loved and comforted at home but instead she’s been throwing herself into work nonstop for probably 6 months at this point.
[13] I’m talking 6 am until 9 pm every day.
[14] She’s not only pushing me out but she’s pushed anyone who asks about us away too.
[15] From what I’ve been able to gather from mutual friends she’s working even harder now, and destroying her reputation at work while she’s at it because she’s micromanaging everyone.
[16] Since she left I’ve been asking her to go to couples therapy with me but she won’t.
[17] She refuses to even try and save the relationship.
[18] She said it’ll just hurt like this again when it happens next time, but I can’t convince her that there doesn’t have to be a next time.
[19] That no matter what we aren’t the same people we were before she left me and that if we try and work together we can grow from this and be stronger.
[20] She can’t see any of it and I’m afraid she’s completely ignoring what she’s doing by working so much she can’t think about anything else.
[21] I hoped her mom could talk her down but she threw me under the bus the second she realized if she pushed back my wife would cut her out, despite the fact I took a lot of time off of work last year to help her after the funeral and after she had some surgeries.
[22] My wife’s best friend from work and another of her close friends messaged me separately and both said she’s not acting like herself but they can’t say anything to her or she’ll push them out too.
[23] It’s like everyone is just giving her room to self destruct.
[24] I keep telling myself it’s going to be ok, she’s going to realize she doesn’t have to do this, but it’s been 20 days and I’m starting to lose hope.
[25] I don’t know what to do.
[26] I have my finances in order I know what I can and can’t do on my own, but I can’t leave because I’m not giving up on her but every day I wake up surrounded by the cold remains of “us” and it hurts so bad I can hardly breathe.
[27] Tl;dr my wife is having a depressive episode (I think) and left me.
[28] Edit -
I think I might have misrepresented what I'm doing.
[29] I've cut contact.
[30] I'm not spamming her or trying to make her talk to me anymore.
[31] The first few days I tried everything I could think of, but I do respect that she needs space and I've since cut all contact unless I absolutely have to talk to her and even then it's only about logistics.
[32] I've examined my financial situation and I've made plans on how to move forward and I plan on doing it.
[33] I'm going to the gym to help with the anxiety and stress, I'm eating healthier, and I'm trying to find a therapist for myself.
[34] I'm doing everything I can to actually move on and get through this.
[35] The problem is just that I feel a lot of guilt about, what if she's actually in crisis and I leave.
[36] Everyone else is ready to just let her self destruct so they can pick up the pieces later and I feel like that's not what she needs.
[37] The other side is she won't let me help so I don't have a choice but to go and that hurts too.
[38] I also know I'm being unfair to her mother and friends in this post.
[39] I have told them all during our separate conversations that I understand why they're doing what they're doing but it still hurts all the same.
[40] I do want them to be there for her if she'll let them.
[41] Also -- I 1000% agree that this is very one sided.
[42] I'm literally just saying what I understand to be happening and I fully accept that I don't know her reasons for doing this and that's part of what makes this so hard.
[43] I thought we were good at communicating to one another but apparently I thought wrong or something changed and took that communication with it and I didn't see it.",neu,12,flat,4,
ea0328f1ab,10,187,45,"[1] ""A simpe ""Hug"" changed more than I have imagined..
[2] “For the past month, I’ve been picking up my 11-year-old son from the bus stop after school.
[3] Every day, as he jumps off the bus, I greet him with a smile and a hug.
[4] It became our little routine—simple but our kind of way to reconnect.
[5] Today, while I was coming from the market, a  woman approached me and said she’d been noticing this for a while and started doing the same to  her teen daughter, who’d been struggling with academic stress.
[6] "" I started to hug my teen daughter every fay before and after school daily.""

 ‘I don’t know if it’s the hug that’s doing the magic, but my daughter has been so much happier and more active this past week.
[7] Thank you for inspiring me.’

This simple moment reminded me of how small gestures of love can have a ripple effect.
[8] Sometimes, it’s the little things that matter most.
[9] If you’re reading this, hug someone you love today.
[10] You never know the difference it might make.”",pos,10,redemptive,3,
9a685fafe0,35,292,70,"[1] It happened.
[2] He reached out..
[3] My ex dumped me two days before Christmas.
[4] It was a complete blindside.
[5] I had to move, transfer jobs, and start a whole new life out of thin air.
[6] I spiraled.
[7] First, I went on a bender.
[8] Not my proudest moment.
[9] Ran away to the city and got inebriated for two weeks.
[10] Then I got sober and dealt with the trauma.
[11] I had the most debilitating panic attacks of my life.
[12] I couldn’t eat, I couldn’t sleep, I felt like I was choking on air.
[13] Words cannot describe this phase in the break up.
[14] I reached out to him begging to remain in each other’s lives only to be iced out.
[15] My heart was so, so broken.
[16] I will never forget what this time in my life was like.
[17] Never.
[18] Slowly I began to get my life back.
[19] I hung out with friends and I adjusted.
[20] My appetite came back.
[21] I went no contact.
[22] I blocked him on social media.
[23] I was hit by waves of sadness and would still cry every day, but I could function.
[24] I was getting better.
[25] This was a profound sort of sadness.
[26] I would get depressed when I realized I was enjoying myself because it meant I was forgetting.
[27] Very weird feeling.
[28] Yesterday, he reached out.
[29] Sent me paragraph after paragraph about how much he missed me.
[30] Asked me to come over.
[31] It was everything I wished for.
[32] It was so random, I couldn’t believe it.
[33] I was elated!
[34] Finally, it happened.
[35] And I said no.",neu,26,flat,4,
f3a0800b7f,20,442,106,"[1] UPDATE: my son and his ""friend"" are a couple.
[2] How do I let them know it's okay?.
[3] I tried yo post this before but it got removed as I hadn't waited 48 hours.
[4] Hopefully this time it works!
[5] Hello, lovely people.
[6] As promised I am back with an update for you on all what happened the other day.
[7] Here it is, if you missed it 

Okay you all want me to shut up and tell you what happened haha.
[8] My son was busy with some assignments both for his freelancing job and his uni work most of the day and I didn't want to disturb him so I waited until after dinner to chat.
[9] ""Friend"" went to have a bath while my son and I watched telly.
[10] I tod him face to face ""Son, I love you very much.
[11] You don't have to tell me anything you don't want to, but I want you and [friend] to feel comfortable being yourselves in my house and you don't ever need to hide anything from me, alright?"" 

Well, it turns out a hell of a lot of you were right.
[12] Son burst out laughing and said ""oh thank God, I reckoned you'd clicked on but didn't say anything because I didn't want to make you feel weird"".
[13] Basically we've each been pussyfooting around the topic because neither one of us wanted to make the other uncomfortable talking about it.
[14] We had a bit of a chat and he confirmed that I'm right in thinking they've been together since their first year of uni and that's why they moved in together in second year.
[15] However, apparently I'm not as brilliant and intuitive as I thought because apparently one of his friends in secondary school was his boyfriend for a year and I had absolutely no idea haha.
[16] He went and talked to the boyfriend after his bath, and then we all had a bit of a further chat.
[17] Sadly a lot of you were right that the reason boyfriend doesn't have a good relationship with his parents is because he came out to them a few years ago and they effectively disowned him, so I made sure he knows that he's a part of our family now.
[18] Sorry if that isn't all as exciting and groundbreaking as some of you had hoped haha!
[19] I'm glad this is something my boy no longer feels he has to keep from me and I'm very glad he's happy with his partner.
[20] Thank you all again for the help!",pos,12,redemptive,4,
f151e24b01,64,950,228,"[1] UPDATE2: I (22M) just walked in on my girlfriend (21F) of 7 years having sex with my roommate (22M)..
[2] Hope this isn't against the rules or anything...
[3] But since I've gotten many requests asking for pictures of my new kitty, I've posted him where all the other cute pictures of animals go!
[4] If this is against the rules, let me know and I'll remove it!
[5] Original Post.
[6] After she gave the cup to the doctor, the doctor left and then she tried to talk to me.
[7] I sat there and ignored her and texted my friends until the doctor came back and confirmed that she was pregnant.
[8] I started shaking and tried to control my breathing, but my ex was so excited, and the doctor was excited with her.
[9] Then came the ultrasound, and my ex was roughly 11 weeks pregnant.
[10] After a couple of minutes, I excused myself and left.
[11] I texted her as I was leaving that before anything else happens, we're having a paternity test.
[12] First off, Noninvasive Prenatal Testing is super expensive.
[13] I told her that I would pay for half, but that if the child wasn't mine, then she would have to pay me back for that.
[14] She told me that her parents were willing to pay for it.
[15] Her parents have more money than I would know what to do with.
[16] Like...
[17] millionaries money.
[18] I told her that my ex-roommate was taking the test as well.
[19] She said that he didn't need to and I snapped saying that, ""I guess I can wait another 6 months.
[20] Because they won't put my name on the birth certificate until they prove I'm the father."" She finally agreed with me and made him take the test as well.
[21] There's a place around here that actually specializes in DNA testing, so we were able to get in just a couple days later.
[22] SHE BROUGHT HER MOM WITH HER!
[23] They told us that they would have the results in 10 days and that we could come pick them up or they could mail them to us, we said we would pick them up in person.
[24] I was too nervous to go to the results.
[25] Emily and Trevor both went in place for me.
[26] According to them, my ex wasn't happy that I wasn't there and almost refused to let them see the results, but her mom told her that she could understand why I didn't want to be there.
[27] I'll never forget that phone call from Emily

E (Emily): Hey!
[28] M (Me): Well...?
[29] E: You're not the dad!
[30] You should have seen the look on your ex-roommate's face though!
[31] He's the dad, I didn't make this clear.
[32] Sorry!
[33] At this point I squealed like a little girl.
[34] My ex attempted to text me later and I just ignored all of them.
[35] Both of her parents did text me though saying that they wish me well with teaching.
[36] That really meant a lot to me.
[37] As for other things in my personal life...
[38] I've gotten a new apartment over by Trevor and Emily.
[39] My ex doesn't know where I live at the moment, her number is blocked, she's blocked on facebook, and everything else that I could think of to block her on.
[40] I've joined a summer baseball league and I play for that 2 times a week.
[41] I'm volunteering in the preschool classrooms on campus in the mornings.
[42] My job is giving me more hours (requested).
[43] I'm taking 3 summer classes, and I'm the ASL tutor for the summer classes now that they have started.
[44] I also bought a bike, and now I ride that daily as well.
[45] I also got a kitty.
[46] His name is Jasper.
[47] And I read a lot more now.
[48] I realize that I wasn't reading as much as I normally did while I was with my ex, but I've gotten back to reading!
[49] My friends are saying that I'm too busy now and that I have even less time than I did when I was with my ex.
[50] I like that.
[51] The busier I stay, the less I think about her, and the happier I am.
[52] There's a week between the summer classes that I'm tutoring this summer, and Emily, Trevor, Emily's best friend and I are going on a 5 day hiking/camping trip.
[53] I want to say thank you for everybody that helped me through this.
[54] The support that you've all given me has really helped me.
[55] There are still the people that are saying ""This isn't true"", but I'm receiving a lot more positive support than negative.
[56] No, Emily and I are not going to date.
[57] For the many people that have asked, I'm sorry to disappoint you and say that we're not.
[58] I don't see her in a romantic way, and I plan on staying single for a while.
[59] I'll be finishing up my BS in Elementary Education this upcoming school year, and then I still need to decide whether to continue schooling and pursue my MS in Deaf Education and Deaf Studies, or whether I should start teaching.
[60] I'm sorry, I had to take the link down of Jasper.
[61] I was reminded that you are not allowed to post links.
[62] tl;dr: She is pregnant!
[63] But I'm NOT THE DAD!
[64] Now to move on with my life",neu,52,flat,3,
c5cf97786f,14,238,57,"[1] I stay up late at night to watch movies specifically so nobody joins me..
[2] Let me preface this with, I love my wife, I love my daughter.
[3] However, I do not love watching a movie with them.
[4] Movies should be watched in the dark, with a big bowl of popcorn, and minimal to 0 talking.
[5] My wife INSISTES on having the lights on full blast, not even dimmed, but bright as noon.
[6] Then she enjoys chatting, and then asking 15 minutes later what's going on in the movie.
[7] Or when I'm doing my annual Vincent Price marathon in October, call them stupid old movies.
[8] The biggest cardinal sin are the distractions, ""hey can you get me some milk?"" ""run to the kitchen and get me a snack"" etc.
[9] When i watch a movie that's what I'm doing, I'm watching a movie.
[10] No phones, no laptops, no tablets.
[11] All the while paying attention to the movie and not 15 other things.
[12] So if there's a movie I want to see and I know she won't be interested I wait for her to go to bed then make some popcorn and watch a good movie, by myself with no distractions.
[13] After I type this and hit post I'm making some popcorn and watching the new Knives Out movie.
[14] I'll see your replies in a couple hours.",pos,2,flat,3,
011b5af1d0,63,1261,303,"[1] As I suspected, my WS has contacted her AP.
[2] She will now face the consequences..
[3] I posted my story a couple of weeks ago.
[4] I received lots of helpful advice and also some vitriol in the chat function.
[5] I read all the replies but could not respond to all of them due to time.
[6] I ignored the abuse, there are some strange people out there, no idea what your agenda is but it's water off a ducks back to me.
[7] To recap (the timeline is not exact but the story is).
[8] We have been together for over 30 years, we started dating at high school.
[9] 2 years ago my wife and I were going through a rough patch and she had an affair.
[10] D-Day was 12 months ago at the start of lockdown.
[11] Unbeknown to my wife, I read some of their messages.
[12] It appeared as though the physical affair was over but they were still in contact.
[13] I later discovered that he had finished the physical affair 7 months prior to D-Day, probably because my WS had 'fallen in love' with him and he was never going to leave his wife.
[14] She was upset and hurt that he had dumped her especially as he had told my wife that he loved her.
[15] They remained friends and continued to message each other, my wife told him that she could not get him out of her head.
[16] This time last year I had never heard of Reddit,  I did not know who to ask for help or advice, I know my methods are a bit messed up but my cunning plan was to try and get the whole truth about the affair and determine if our marriage could be saved.
[17] Not an easy thing to do when you cannot believe a word a cheater says.
[18] My wife could not see the AP so I assumed she would contact him using her phone to tell him that I knew about their affair.
[19] For the next 6 months (whilst we were supposedly trying to fix things) I could without my wife's knowledge see their messages.
[20] Some brief highlights are as follows:-

They both lied to each other and they both blamed each other for the affair.
[21] He said their friendship crossed the line and he regretted what they did.
[22] My wife never said she regretted the affair.
[23] He cherished their moments together but also wanted to try and forget it ever happened (an oxymoron?).
[24] My wife told him that she hated him and that he had used her (he denied this) but other times she said that she missed him (also contradictory) .
[25] She said that she was broken and she could not live with the hurt she had caused me (so at times she did display some signs of remorse).
[26] On a number of occasions she said that she would not be able to see him again and she was not going to contact him ever again (a few days later she would message him).
[27] During these 6 months, I got myself into great physical shape, I had IC, there was hysterical bonding.
[28] My wife told me that she had made a huge mistake, she wanted a future with me, I meant the world to her, she had fallen back in love with me.
[29] I asked her if she could go back in time and change things what would she do differently.
[30] Her reply was to not let a good friendship turn into an affair and fix things between us before the affair started.
[31] She told me that she would accept any consequences but begged me not to tell our children what she had done.
[32] Our children 'do not deserve to be hurt' The truth was she did not want them to hate her.
[33] On the plus side, my WS did not say anything derogatory about me to the AP, at least not from the messages I have read but she must have said stuff about our marriage to him previously.
[34] He said things like, I hope you can correct the things that were wrong between you, I hope you can move forward, etc.
[35] On the negative side, my WS told him that I loved her and she was going to be ok (presumably because she thought I was not going to leave her) but she never said to the AP that she loved me.
[36] At one point she got angry with the AP and said 'all I need is my children'.
[37] She never said that she needed me or loved me.
[38] 6 months ago, I thought reconciliation was going to be impossible.
[39] I rang a lawyer to discuss my options, my wife eavesdropped on some of the conversation,  I don't know how much she heard but this was the wake up call she obviously needed.
[40] At this point her attitude changed and she finally broke off contact with the AP.
[41] I set some boundaries and consequences.
[42] The main one being, no contact under any circumstances otherwise I will divorce her, she agreed to all my conditions.
[43] Given all the messages I had read between them I was doubtful that she would not contact him again but for 5 months she maintained NC and things seemed to be going in the right direction between us.
[44] A few weeks ago, my wife discovered from a mutual friend of theirs that the AP has an incurable disease.
[45] I thought she would contact him and sure enough she has done.
[46] She has betrayed my trust yet again.
[47] The messages were innocent enough to begin with, she sent him positive thoughts, she hoped the treatment would be a success but then she said  'Get better soon and look forward to seeing you soon'

And the final dagger into my broken heart:-

WS:  'One last thing.
[48] Do you regret meeting me?'

AP: 'No'

WS: 'Good, me neither'

That's all Folks!' I am done with her.
[49] There is nothing left worth fighting for.
[50] I know divorce is going to cause me and our children hurt and financial hardship.
[51] I know she has mental issues but she is not willing to get help and I cannot force her.
[52] I know there is no point wasting any additional time trying to understand her actions but I still wonder how she could do this to me and our children.
[53] I am going to speak to a lawyer again, this time without her knowing and get her served.
[54] I hope to get joint custody of our children.
[55] The starting point for the split of our financial assets will be 50/50  but I want to try and get more than this by hook or by crook.
[56] I will be receiving some inheritance once the house of my deceased relative is sold.
[57] I also have bitcoin that I purchased a few years ago and the value of this has increased to a nice amount of money.
[58] I also have a large pension pot.
[59] Is it possible to prevent my STBXW getting her hands on the proceeds?
[60] EDIT:  Thanks everyone for your replies.
[61] Some really helpful info.
[62] I am in the UK.
[63] I will try and answer as many questions as I can.",neu,32,redemptive,4,
31003985cc,21,512,123,"[1] [UPDATE] Girlfriend [21 F] is furious at me [21 M] after my grandmother spoke badly and derogatorily about her in Spanish right in front of her.
[2] Original Post: 

(tl:dr- grandmother said racist and derogatory things about my girlfriend in spanish right in front of her not knowing she could understand some spanish.) 

People gave me a really hard time in my original post and it really made me realize how much of a dumbass I was being.
[3] I apologized profusely to Olivia and called out my extremely stupid behavior and basically begged for forgiveness.
[4] After a couple more days of being mad at me she was willing to talk to my parents and my brother who apologized and told her that they really loved her and that they didn’t mean to hurt her.
[5] They tried to explain the situation with my grandmother and why she behaved the way she did and they were just trying to minimize drama but that what she was saying was wrong and they should have stood up to her.
[6] My mother got her a gift set from bath and body works, costume jewelry and chocolate to go along with the apology.
[7] So Olivia did forgive me and my family which I am so relieved about because I really am crazy about this girl.
[8] I’m definitely not going to take this for granted.
[9] A week ago my brother, Olivia and I went to an amusement park and my brother and her actually got along really well and she’s definitely convinced he doesn’t secretly hate black people.
[10] (I never thought my brother was racist - when he was in middle school he “dated” a black girl.) He's only 15 so I definitely don't blame him for what happened.
[11] It was my dad's fault for laughing.
[12] But yeah he really likes her and is glad she doesn't hate him.
[13] My mom invited Olivia to a beach with our family on Saturday (My abuela stayed at home) and although she mostly stayed by me and my brother she seemed to get along reasonably with my parents and seems to believe their apology (she was a bit hesitant to go).
[14] I have told my grandmother that if she wants me to be actively part of her life she must apologize to Olivia.
[15] My grandmother actually agreed to apologize but my gf doesn’t want to talk to her and I told her I will not force her to be around her but I did tell her that my grandmother is sorry for the way she behaved.
[16] So yeah that's my update.
[17] I appreciate all the replies no matter how harsh.
[18] It really made my realize my stupidity.
[19] Still have a lot of growing up to do but I am really happy she took me back.
[20] ---   
  tl;dr: Olivia forgave me after my parents and I apologized and we are still together.
[21] She still  understandably doesn't want to talk to my grandmother though.",neu,19,redemptive,3,
3effb8d5d1,116,2089,501,"[1] [UPDATE] I [24m] gained 70 pounds and ruined my relationship.
[2] Is it okay to ask my girlfriend [23f] to stop making mean comments about it?.
[3] Original post:

Sorry this is kind of long, but it did get quite eventful.
[4] Thank you so much to everyone who commented.
[5] It helped me see my relationship in a different light, so thank you all, even the ones who said I deserved it.
[6] The general consensus was that she was abusive which honestly shocked me at first, I really expected every comment to support how she treated me and say she was just trying to help etc.
[7] I thought I deserved to be abused for gaining weight, I still kind of believe that, but I think most people treat their partners with kindness.
[8] I never want anyone to feel the way i did due to their partner.
[9] Also, the high stress/anxiety levels I felt constantly are pretty terrible for losing weight.
[10] I had convinced myself that i was disgusting and undeserving of love and she was just trying to help, but I now realise she probably wasn't even trying to help me at all.
[11] It's hard to think that of her, because I love her a lot still despite her faults.
[12] I realised there were a lot of things in our relationship that I was  uncomfortable with that I felt like I could never bring up because she would get upset and start crying so I would end up comforting her, or she would just turn it on me and get angry and blame me.
[13] Things always had to go her way or she would start crying.
[14] My girlfriend was entirely dependent on me for money and I paid for literally 95% of things.
[15] She never wanted to get a job because I paid for her.
[16] I was okay with this because i loved her and felt like i had to prove myself to be worthy of her.
[17] I paid all the rent and bills.
[18] 2 days ago (NYE) I was in our bedroom on my phone when I got a text.
[19] It was from an unknown number calling me a ""fat fuck"" and something about how I didn't deserve my girlfriend.
[20] This wasn't too unusual, I have been receiving abusive texts from several different random numbers for months.
[21] Mostly about my weight but also about all sorts of things.
[22] I had several ideas of who it could be, and it was honestly eating me up inside.
[23] It was giving me extreme anxiety because they seemed to know so much about me.
[24] A few hours later, on a whim I decided to call the number.
[25] I have done this before but it never got answered.
[26] I even spoofed my phone number and still nothing.
[27] You can probably see where this is going.
[28] Vibration came from my girlfriends bag in the cupboard.
[29] I guess she forgot to put it on silent.
[30] It was like the biggest sinking feeling I have ever felt.
[31] She had purchased a burner phone specifically for texting me abuse.
[32] She took time out of her day just to put me down anonymously and wear me down further.
[33] She wanted me to be hurt and not trust anyone around me.
[34] I truly never thought she was responsible for them.
[35] The thought had come into my head a couple times, but I immediately pushed it out.
[36] I didn't believe she was capable of something like that.
[37] She was always sympathetic when I got the texts and was ""trying to help me found out who sent them"".
[38] It hurt so badly.
[39] I could almost forgive everything else but everyone has a breaking point..
[40] I just feel completely worthless.
[41] How disgusting must i be if my own girlfriend wants to say these things to me..
[42] why would she do this?
[43] I don't understand.
[44] I guess she wanted me to be under her control and even more dependent on her emotionally.
[45] I'm trying to get out of the mindset that I deserve this.
[46] I knew I had to end it and I had to do it before she would make me change my mind.
[47] I gathered all her stuff up and put it into bags.
[48] I was getting extremely upset while doing it and almost stopped, but I was also angry.
[49] I don't really get angry, and I previously just accepted her treatment, but something in me just snapped.
[50] I was actually mad at her for once.
[51] She was at her friend's house preparing to go out for NYE.
[52] I did feel guilty for ruining her night, but she had already ruined mine.
[53] I wanted to try and leave her in 2019 and start the new year without her.
[54] I had to do it right then before I thought about it too much and forgave her like I did for everything else she has done.
[55] I called a locksmith to come and change the locks.
[56] I knew she would have an extreme reaction to being broken up with (by her obese boyfriend who doesn't deserve her) no matter the circumstances anyway, so I just had to do it.
[57] I texted her, ""I found your other phone.
[58] I love you (her name) but I can't put up with this shit any more.
[59] All your stuff is in bags in the hall.
[60] Please come by and collect it tomorrow.
[61] I changed the locks so you will have to let me know when you're coming beforehand.
[62] Happy new year.""

Yes...saying happy new year was a bit petty.
[63] To say she didn't respond well to this would be an understatement.
[64] She called me crying, telling me she was sorry and would stop.
[65] She told me she was just trying to help me and that she was doing it out of love, she told me she loved me more than anything and she was so sorry...
[66] I almost believed her, but I didn't give in.
[67] I apologised to her and hung up.
[68] She called me back 2 minutes later angry and screaming how could i dare do this to her, called me a fat disgusting piece of shit and said she never loved me.
[69] She screamed that she never wanted me and that no one ever will.
[70] She screamed that even my own family didn't care about me (this hurt because my mum was an abusive drug addict and my dad left when i was 10 and i haven't seen him since).
[71] She said that whenever we had sex she was thinking about her ex and praying for it to be over.
[72] I guess she was just trying to say anything that would hurt me.
[73] I blocked her number.
[74] She called me back again on her friends phone screaming how dare could I block her and how dare i could leave her with no place to stay on NYE.
[75] I didn't do that, I would never leave her without a place to sleep.
[76] She could go to her parents and she has plenty money (that i gave her) so she could get a taxi and stay in a hotel if she preferred.
[77] She also said beforehand that she was staying at her friend's that night anyway.
[78] She posted on her Instagram story that she was ""heartbroken"" and that her ""boyfriend had left her homeless on NYE due to a little misunderstanding.
[79] After everything he put me through, he still does this.
[80] I loved him and thought he loved me, but I guess I was wrong"" 

I then received messages from her friends telling me I'm a horrible person and she deserves so much better than me.
[81] Her mother (unpleasant person) called me saying she was calling the police on me (??) and that i was abusive.
[82] She also brought up my weight and said that it was ""laughable that i would break up with her looking the way i do"" and I ""would never get anyone better"".
[83] All of this was stressing me out to the extreme.
[84] I hate confrontation in any form and I think i was just constantly shaking the whole evening.
[85] My girlfriend's friend ended up calling me on a different number and said that she and her boyfriend weren't comfortable letting my girlfriend stay over at their house anymore.
[86] They were freaked out due to my gf screaming abuse at me on the phone, and she was apparently screaming at them as well and saying she was going to kill me.
[87] All her other friends at the house were freaked out too and she was effectively uninvited from their NYE night and they were trying to find a way to get her to leave.
[88] She was telling them that she had no money and no way of getting to her parents.
[89] This was just a straight up lie, I had given her £500 several days ago.
[90] I sent her an extra £100 out of guilt anyway.
[91] I don't know where she went for a few hours but she came back to my house around 2am and started trying to kick the door in and picked up a rock and tried to smash the window (it broke the window but didn't smash all the way through).
[92] She was screaming and crying through the letter box.
[93] I ended up caving and letting her in once she calmed down somewhat, as my brother was there with me to back me up.
[94] She was drunk and tried to attack me but I  held her back.
[95] Eventually she just started crying.
[96] I felt really bad for her at this point and was almost ready to let her stay just for the night, but thankfully my brother ended up getting a taxi with her to take her to a hotel for the night.
[97] I felt really terrible the next day.
[98] I loved her and we spent two years together.
[99] I keep wondering if she's right, that I will never find anyone again.
[100] I can't see why anyone would want me.
[101] I also feel really guilty for what I did and I was probably too harsh on her to just kick her out like that.
[102] Her mother came to collect her stuff yesterday and started screaming at me, saying that I ruined her daughter's life etc etc.
[103] I feel really bad.
[104] I hope she's okay and I want her to get help and realise why she treats people the way she does.
[105] I know I wasn't the first, I brushed off so many stories about her and just ignored all the signs.
[106] With the weight loss, I am currently continuing my diet instead of water fasting like i planned.
[107] I want to try and do a sustainable diet instead of just starving myself for a month and probably gaining it back.
[108] I want to try a 7 day water fast to detox though.
[109] I also need to stop relying on alcohol to relax in the evening, it was a big reason I gained the weight.
[110] I realised I have been consuming at least 600 calories a day in alcohol alone (3 pints of beer).
[111] I definitely used it to cope with stress and I need to develop better coping mechanisms.
[112] I'm going to lose all the weight in 2020 and I'm also going to get into therapy so I can sort my head out, there are so many unhealthy thoughts i have and i don't think hating yourself as much as I do is normal.
[113] I feel sad but strangely relieved and like I can actually make changes in my life without her.
[114] TLDR; found out my gf was behind abusive anonymous texts i have been receiving for months, dumped her by text on nye, caused a bit of chaos and she tried to break into my house and smash my windows.
[115] She has moved back in with her parents.
[116] I'm continuing my diet and losing weight.",neu,38,flat,5,
8afb8b7018,29,532,128,"[1] [UPDATE] My [28/F] friend [41/F] announced she is getting married next week.
[2] I have reason to believe she is lying..
[3] Link to original post: [

So after reading all the responses here, I became increasingly more concerned.
[4] A background piece not included in my original post is that all the players in this scenario are connected by a recovery community.
[5] Because of this connection, I knew the ""ex"", Ashley, some years ago and we were still on one another's social media.
[6] I decided to reach out and ask about James.
[7] That evening Ashley called me and we then conferenced in James.
[8] As it turns out, he is married to another woman and they have a child.
[9] He and Ashley never dated and aren't even really friends, they simply used to chat at a large meeting that was also attended by my friend, Wendy.
[10] They believe that she saw them speaking there and created a delusion that they had dated and Ashley was now poisoning James against Wendy, all the while he was married to another woman.
[11] Over the course of the last two years, Wendy has approached James at multiple meetings with declarations of love.
[12] He reiterated to her each time that he was married and stopped attending that meeting to avoid her.
[13] But oddly, she ended up at his meetings again and again.
[14] She approached his sponsor and friends telling them they were in love.
[15] She also approached Ashley threatening her with a restraining order because she believed Ashley was conspiring against James and her, as a couple, because they were ""together"" now.
[16] The second time she approached her, six months ago, Ashley called the police and made a report.
[17] Until our conference call, Ashley and James didn't realize how they were connected and they didn't know the extent of the delusions.
[18] When I told them about the marriage date, they were very concerned.
[19] James called the police.
[20] I called the emergency mental health line looking for help, but their only suggestion was to call the police and ask for a welfare check on Wendy, which I did.
[21] Knowing that she has no connection to James and is living in a complete delusion made me so concerned for her.
[22] Once the wedding date came and she didn't get married, what would happen?
[23] How would she mentally process that?
[24] I was given a reference number and when I called back, was told they made contact but did not intake her since she didn't appear dangerous.
[25] Since the check, she has ignored my calls.
[26] The wedding date came and passed and I heard nothing.
[27] At this time I feel like I lost a friend, but she was already gone in these delusions and I did what I could to help.
[28] Going forward, I hope to get updates from other people in the community that she is doing better, and hopefully abandons these delusions.
[29] TL;DR: There was no wedding or relationship, James is a real person with no connection to Wendy, she was fully delusional.",neu,28,flat,4,
6e7aad3617,42,691,166,"[1] (Update) My [22f] boyfriend’s [24m] new tattoo makes me feel like a pedophile.
[2] Link to original post and started calling me a number of names.
[3] He then started to get extremely personal saying I never cared about his little brother and that I'm probably happy he's out of the picture.
[4] That is hand down the most hurtful thng he has ever said to me.
[5] I still cant bellieve it and I don't think I'm ever going to forgive hm for that.
[6] Like seriously what the fuck?
[7] just thinking about it is makng me fucking shake.
[8] He knows exactly how I feel about his brother and how hard his death was for both of us and for him to stil say something like that?
[9] He can seriously go fuck himself because I'm definitely not gonna be doing it anymore.
[10] He then started shoutng that if it was seriously that big of a deal for me that he would get the whole thing layered off but he hopes I know I'm basically killing his brother all over again???
[11] I was crying so much at this point I didn't get a chance to respond before he stormed out of the house and just took off.
[12] I have no idea where he's gone or where he is and I honestly don't even know if I care at this point.
[13] he's not answering his phone or responding to any messages.
[14] I still can't believe he reacted the way he did.
[15] He was like a completely different person.
[16] Not once in the four years I've know him out of all the arguments we've had has he ever spoken to me like that before.
[17] I was up all night on the phone to my sister and she was just as shocked as I was.
[18] THEN this fucking morning I get a lovely fucking call from my boyfriend's sister who called me disgusting and heartless and evil for FORCING HIM TO REMOVE THE TATTOO.
[19] Apparently he's been going around to his family and alllour friends telling them I've given him an ultimatum of me or his tattoo.
[20] WHAT THE FUCK?!?!
[21] I EXPLICITLY TOLD HIM I WOULD NEVER ASK HIM TO DO THAT.
[22] When I told his sister this she just called me a lying fucking bitch, wished all my siblings dead and then hung up.
[23] Feckin lovely.
[24] I seruiously don't know why he's reacted the way he has or why he's going around lying about me making him get rid of it.
[25] I'm still in total shock and just so confused.
[26] I hoped typing all this out would help me figure things out a little but reading this over has just made me angrier.
[27] I don't see what I could have done differently?
[28] I shouldn't have made the jack off comment, that's clearly what set him off but that doesn't explain why he's lying now to everyone.
[29] I'm just at a complete loss right now.
[30] A day ago I thought of this guy as my future husband and now I just don't know.
[31] I wish I never said anything.
[32] I've spent four years of my life with this guy but this is a side of him I've never seen before.
[33] Im so upset right now my imeddiate thought is to just cut things off completely.
[34] How the fuk would we even move froward from this?
[35] Am I the one in the wrong here for the comment I made?
[36] I know I shouldn't have said it but I personally think he completely overreacted to it.
[37] and how am I supposed to convince our friends he's the one lying here?
[38] Anything I sy is just going to sound like I'm lying in response to their negative reactions.
[39] I seriously have no idea what Im supposed to do here.
[40] I feel like this is going to ruin my life.
[41] I just don't fucking know.
[42] [Final update for anyone wanting closure](",neu,6,tragic,3,
02a1f84d3d,9,190,46,"[1] I wear a burqa/ niqab as a disguise on the regular.
[2] As the title reads basically.
[3] I’m a 19 year old non religious woman who just really dislikes being around other people.
[4] I also have a lot of friends/ colleagues who lives in the same area as me that I often see at bus stops, shops etc.
[5] To avoid being recognised by people, I usually wear a niqab, (face and body covering veil) whenever I go out to run errands.
[6] I usually wait until no one is at the same street as my house before I leave, as it would seem weird that a random woman in a niqab would regularly leave or go into my home.
[7] Though I do get stares since I live in a non- muslim country, it is still very common for women to wear hijabs in my city, and you do see a woman in a full coverage veil sometimes.
[8] Even though I get stares, I feel so much more comfortable knowing that no one can actually see or recognise me.
[9] Edit: I live in Sweden",neu,7,redemptive,3,
f6f5767f1e,48,548,132,"[1] I (34m) conducted a paternity test behind my wife’s back on our 12 year old son..
[2] Typing this out in Mobile.
[3] Apologies for grammar or formatting 

A little back story before I get to the meat.
[4] My wife and I met when I was 20.
[5] We had a drunk hookup the first night we met.
[6] We continued seeing each other after that night.
[7] A few weeks later she found out she was pregnant.
[8] We stayed together and I proposed a few months later.
[9] I had doubts about her pregnancy lining up with our timeline but I never brought it up or discussed it.
[10] Not to mention I was in the military and deployed a few months later.
[11] My proposal weighed a lot on her carrying my child.
[12] I grew up in a home without a dad and never wanted that.
[13] Fast forward 12 years we are still married.
[14] Though it has been extremely volatile and rocky I’ve stayed together honestly because I could never part from my son.
[15] I can’t let him grow up with an absent father.
[16] So I’ve made it work.
[17] Our marriage is dead outside of our child.
[18] I ran into an old friend who I knew around the time I met my wife.
[19] He asked if I was still with her and I said yes.
[20] He mentioned how “it was crazy I dated her and then you stole her from me!” I wasn’t sure what he meant and asked him to elaborate.
[21] He said “it’s no big deal but I was seeing her up until that weekend you met her.” I dropped it but inside my doubt and insecurities ran wild.
[22] I couldn’t get it out of head.
[23] I broke down and bought a home DNA test kit and used it on my son and I without telling my wife.
[24] The results came back today.
[25] He is not my son.
[26] 0% chance I am his biological son.
[27] I’m destroyed.
[28] My whole world is upside down.
[29] I’m just on autopilot at the moment.
[30] I don’t know how to act or feel.
[31] I’m just a zombie right now.
[32] One thing I know is no matter what he is my son.
[33] I’ve been by his side the moment he was born and will absolutely never abandon him.
[34] Absolutely nothing will change that.
[35] What I haven’t decided is how if at all I bring it up to my wife.
[36] I feel like my whole marriage was a lie.
[37] I can’t help but wonder if she knew.
[38] How do I confront her.
[39] Regardless that I’m not in love with her I still love her.
[40] This will crush her.
[41] This will absolutely devastate her.
[42] I don’t know what to do.
[43] I plan on seeing a counselor/therapist ASAP.
[44] So many emotions and thoughts flooding my mind.
[45] Just need some help to bring me back down.
[46] EDIT: I appreciate all the support and words of advice.
[47] Both good, bad and the assholes.
[48] I’m going to sit on this until I get my head right.",neu,39,redemptive,3,
5c76dfadbf,78,1383,332,"[1] (UPDATE):My MIL exposed my (28f) past group-assault to my husband (34m).
[2] Who had no idea.
[3] Wants him to divorce me.
[4] Please help me..
[5] Tldr: MIL told my Husband and their family about my assault after stealing my journal where I wrote about it in detail and how it caused my infertility.
[6] Hubby and I are solid.
[7] She then texted everyone pictures of the things written in my journal and said she was doing the Christian thing.
[8] Hi guys, I just wanted to give you a quick update about a post I made 5 days ago on here.
[9] You were very kind to me.
[10] Thank you.
[11] It got locked and deleted because I had the wrong username so I've just made another account and added the ""throwRA"" to my normal username LullabelleAnabelle, so I can make a quick update for this subreddit.
[12] I'm not sure if I'm allowed to link to my post because I posted it on another subreddit too.
[13] A lot of you suggested I go to the mother in law subreddit which was also a big help.
[14] Thank you everyone.
[15] You're wonderful.
[16] To clear a few things you enquired about and to just speak about my wonderful partner a little more (if I may).
[17] I'm not American, European born and raised, but my husband is and we live here.
[18] We met at his friend's wedding where I did the bride's makeup (I'm a wedding mua), and he drunkenly told me during the reception that she looked a bit like a chucky doll (she didn't, and he still doesn't know or care what blusher is).
[19] We had some serious words, mostly where I told him to stfu, and then he invited me to dinner as a way of apologising for being an ass and I fell hard.
[20] And you guys are so right, he is the best person I have ever met.
[21] He's a serious, stoic, super focused and quiet kind of guy, doesn't really speak or smile until he needs to but he's so sarcastic and funny and charming and just so sweet and kind.
[22] And he says that he really enjoys my giddy chatterbox.
[23] So I think I'll need to hold onto him because that type of patience is rare.
[24] He's just my world.
[25] It hasn't been easy.
[26] A few things have happened and I can't honestly say that I'm better off for it.
[27] But I'm trying.
[28] Again, really not a troll post.
[29] I'm not creative enough to write something that fantastical.
[30] This is all true and a little bit long so im sorry for that.
[31] I didn't know how to tell him.
[32] Or what I wanted to tell him.
[33] A bunch of you said to show him this page or my diary but those were my private thoughts, I didn't want to show him ever.
[34] So, I told him I could show him the details of the court transcripts and my medical records.
[35] They aren't particularly easy to read.
[36] Those men weren't very nice to me.
[37] They had found me walking through a park near my house in the evening and grabbed me and pulled me behind one of the paths where a lot of trees and bushes were.
[38] And they had gone to jail.
[39] He got really upset and told me that he didn't care what any of those pieces of paper said, he knew instantly that his mother was lying and just spewing bullshit.
[40] That I didn't have to work up the courage to tell him anything about my past if I didn't want to, he'd never thought for a second I was ever hiding anything from him that would ruin our relationship.
[41] He'd always known there was something because of the way my anxiety would come out and my nightmares and struggles during intimacy at times, but he would never have pushed the issue.
[42] He wanted me to feel safe with him and he trusted me completely.
[43] He said he was so scared that I would leave, especially after offering him a divorce.
[44] And he was keeping his family away from me because he didn't want them to stress me out any further.
[45] They were just confused and concerned and trying to reach out to us.
[46] Nothing malicious or accusing.
[47] I thought it was going to all be okay eventually but unfortunately, 3 nights ago, she sent him a text with some pictures of some parts of my journal.
[48] She'd taken pictures of the parts where I described things that had happened almost too vividly and then I had pointed out ways I could have defended myself and questioned why I hadn't fought back, before explaining it away as being my fault, blaming it on the way my body had developed and the way I looked and wanting them to do those things to me.
[49] Its a disgusting, jumbled piece of my mental state at the time.
[50] It was stupid but it was just a way back then to pull all my negative thoughts out of my head and get rid of them so I didn't have to think about the ways I could have stopped it.
[51] Maybe it was the wrong way to do it but it's all I had, I never went to therapy.
[52] She put in her message that I had spread my legs and got her son to believe my sob story but she had proof I was a willing whore and she would never let her children and grandchildren be alienated from her.
[53] His sister rang him crying and told him that their mom had sent her the same text.
[54] And to the other siblings and some others in the family.
[55] Fil was apparently furious and the family have reached out multiple times to my poor husband to apologise and ask after me.
[56] Things haven't been going well.
[57] My husband is so broken over his mother's actions and is just lashing out.
[58] He's broken all ties with her and is just so furious at anyone in the family who even reaches out to ask if we're doing okay.
[59] He won't let them get in contact with me and is just so angry.
[60] He owns the house my in-laws live in and financially supports them 100% and has told them that they'll need to get out immediately and he's done financing their shit.
[61] But I'm trying to get him to not do that.
[62] It's just a house and some money, it doesn't matter.
[63] I don't know how to comfort him or what to say or do to reassure him that he is not to blame for what she's done.
[64] As for me, I'm just in a fog.
[65] I don't know how to process what she did, so I'm not going to until I'm ready.
[66] My husband isn't leaving me alone and it helps to just cuddle up and pretend nothing has happened for a little bit.
[67] I think we might start some couples therapy, just to be able to learn ways to help each other through this and become closer and communicate better.
[68] I'm not ready for any therapy regarding my own stuff yet.
[69] It sickens me that they know this about me, that they know a chunk of what my feelings and thoughts were back then.
[70] I hate it so much that my husband read those parts and he knows I thought like that about myself.
[71] I never wanted to be some damaged victim in front of him.
[72] Its just shit.
[73] I won't be posting on here again.
[74] Thank you all for your lovely words.
[75] I hope you take care.
[76] Edit: thank you all so much for being so kind and wonderful.
[77] And thank you to the commenters who privately messaged me telling me how much I must have enjoyed and asked for it and offering to reenact it with me again.
[78] No.",pos,17,flat,5,
8aa8ecb851,18,706,169,"[1] Daughter's drunk confession turned my world upside down and current circumstances make it even worse : UPDATE ; I messed up ..
[2] Wow had no idea so many people were  willing to help both on the post and in the inbox   , it really helps to know we not alone.
[3] I did something I am not proud of , my wife has always been on my case to experience my true feelings and thoughts about her no matter how ugly or cruel they maybe.
[4] Not long my first post in the afternoon as  I prepared lunch for her like I always do and just when I was about to leave her to her meal she suddenly grabbed my hand  and  once again begged me to say something to her , anything  because it was killing her the way I've been treating her since our DDay.
[5] At those words i just exploded  , alot came out of me .
[6] I told her that to me she was perfection but since this happened she has become "" used"" in my eyes , I told her that the very sound of her voice used to make me want to give her the world but now simply being around her makes me want to run and never look  back.
[7] I told her that  now she is like a dead weight around my neck that will never leave because it needs me to survive  , I explained that  through all this she is still somehow the first thing I think about when I wake up in the morning and the last thing I think about when I go to sleep but those thoughts are accompanied by a pain I never knew existed and it makes absolutely miserable because somehow I still need her .
[8] I still want to hold her in my arms but each time I touch her I have have mental movies of her with another man but what eats at me the most is the fact that she dragged our daughter into this .
[9] She put our baby  girl in an impossible position and expected life to go on like nothing happened  , I pointed out the even despite her current circumstances her relationship with our daughter has hardly changed and that is the fruit of her actions.
[10] My wife just sobbed softly through it all and at the end she simply said she deserved  all that was coming her way .
[11] She said she tried her hardest to atone the disgusting decision she made  during that time and has never stopped seeking forgiveness from our daughter  , she explains  that seeing me in this state makes her feel like a murderer and she will do absolutely anything to help me heal  and recover from this.
[12] She also added that she wanted me to know that even if I never forgive her and end up divorcing her she has and always will love only me , that she doesn't regret our life and marriage because it is more than she could of ever asked for .
[13] Apparently she can hardly look herself in the mirror because of who was looking back at her and she never wanted to be that person.
[14] I can see she clearly hates herself for what she did but I am torn about all this  , I never knew it was possible to absolutely love someone and hate them at the same time.
[15] I have decided to book therapy for me and my wife because I have  alot I want to say to her but am afraid I'll go too far   so speaking in a controlled environment will be best .
[16] I also have this overwhelming urge to speak with the man she was involved with , it maybe useless after many years but I feel like I need to for my own sanity sake.
[17] I want to know who was the man that had the audacity to actually come between a husband and his wife , I believe I will ask for his information during the therapy session.
[18] Once again thank you all so much.",neu,15,redemptive,3,
af129ac4d4,37,907,218,"[1] [UPDATE] I[24M] caught my sister[26F] trying to steal a watch of mine, and now my mother[51F] wants me to apologize to her..
[2] Update to my earlier posts here 

After going through all the comments(thanks for the advice!) I decided to send my mother an email letting her know that I will absolutely not be paying for the new place she made plans to move to, and that I will stop paying her rent all together.
[3] I told her that she clearly does not respect me or the work I put in in order for me to be in a position to give her the money that I do.
[4] I also told her that I would not be financially supporting her in any way.
[5] A few hours after I sent the email my phone starts blowing up.
[6] Calls over and over again.
[7] I still really didn't want to talk to her so I ignored them all.
[8] A little while later I get a call from my friend Dave, except when I answer the phone it's my mom.
[9] I found out later from Dave that she showed up at the bike shop he works at and made up some story about story about her locking her purse with her phone and keys in the car and needing to call me for a ride.
[10] She immediately goes off on me about how ungrateful I am and that she is disgusted by the email I sent etc.
[11] She told me that it's my ""duty"" to make sure she is well cared for and comfortable, as she is the reason I'm here in the first place.
[12] The worst part was when she told me that if she knew I was going to end up this way that she wouldn't have put her life on hold for the last 2 decades in order to have me, and that I cost her her job and my dad and a bunch her her life plans.
[13] I couldn't even get a word in with all her yelling.
[14] The last thing she said was something along the lines of ""you need to have a come to jesus moment and realize how much you are hurting your mother.
[15] I have already packed up most of my stuff and have spent a ton of time setting this move up.
[16] I expect the $8500 before the weekend is over in a cashiers check so let me know when you have it."" and then she hung up.
[17] I don't think I have even been so mad in my entire life.
[18] She pretty much just told me that I need to make up for everything she missed out on in order to have me by giving her money and making sure she's taken care of.
[19] I called her back and she tried to start talking and I don't remember exactly what I said because I was so angry but I basically told her to shut the fuck up and let me talk(but with more swearing and yelling) I'm usually pretty calm and would never swear at my mom(I would never even swear near her) and I know I shouldn't have said that but I wasn't thinking straight.
[20] I told her she better find another place to live or pay her rent herself because she wasn't getting another dime from me.
[21] I turned my phone off after that because I didn't want to deal with anymore calls or texts.
[22] I eventually needed to use my phone so I turned it back on and just blocked her number.
[23] I saw that I had some calls/messages from her but I didn't want to look at them.
[24] This morning I got a call from the front desk at my building telling me that my mom had tried get up to my room, but I had already told the elevator staff/security to take her off my guest list.
[25] Apparently she caused quite the fuss when they wouldn't let her up.
[26] She is blocked on my phone now so I haven't heard from her today yet, but I expect her to blow up on me again for what happened this morning.
[27] I think she's probably in denial and thinks that I will cave and pay for her new place.
[28] I'm worried about what she's going to do when the deadline for her to pay for her new place comes up and I refuse to give her any money.
[29] The move in date is pretty soon and I'm sure she has to pay it pretty soon, I'm actually surprised she hasn't had to pay already.
[30] So that's going to cause a massive shitstorm.
[31] I'm really really worried about what she's going to do.
[32] Thanks again for all the advice!
[33] TLDR: 
Mom showed up at friends work and used his phone to call me because I wasn't answering her.
[34] Yells at me about not doing my duty and how I owe it her to take care of her because I basically ruined her life.
[35] Says I have to give her rent check by the end of the weekend.
[36] Tell her she isn't getting a dime from me and hang up
She tries to get in my building but isn't allowed.
[37] tl;dr: Mandatory summary/question!",neu,11,flat,3,
59909b1b1c,25,430,103,"[1] UPDATE:My girlfriends father discouraged me from proposing because their family isn’t thrilled about us having “Dark Babies”.
[2] original post.
[3] I told her what her dad said about us having dark babies and asked if she had any similar feelings about our kids popping out half black.
[4] She looked at me like I was out of my mind.
[5] She told me she didn’t give a fuck about the color of her kids as long as I was the dad, which was reassuring.
[6] She was not so happy with her dad.
[7] She wanted us to take a drive over there and talk with her parents about it.
[8] That evening we dropped by unannounced and when her mom opened the door to see us she immediately asked Naomi to show her the ring.
[9] Naomi was confused and I about shit myself.
[10] I, like a dumbass, didn’t call ahead to her parents that I hadn’t proposed.
[11] I guess her mom thought we were going to surprise her with the engagement and assumed I had already proposed.
[12] I was speechless.
[13] They began speaking in Korean, but from context I assume her mom was asking if I was too cheap to buy her an engagement ring.
[14] And Naomi looked at me and started hugging and kissing me.
[15] My secret was out and I told her I had already asked her parent for their blessing.
[16] She was a few seconds from crying but sucked it up so we could speak to her dad.
[17] Like I said in my og post my future father in law isn’t great at English so he and Naomi spoke in Korean.
[18] According to Naomi, she asked him why he told me that, and he said that he was worried about their extended family not viewing our babies as Korean and being rude to them or me for being black.
[19] I guess this did not come across well in English, because he was just concerned for me and our kids.
[20] He didn’t care that our babies would have dark skin.
[21] This was a huge relief.
[22] Her father isn’t the racist their extended families are (but like, fuck them who cares what they think).
[23] I am just so glad that our future kids are going to have grandparents that are going to love them.
[24] Only downside is now Naomi is expecting my proposal so I really got to knock her socks off.
[25] Thanks so much for all the help.🤟🏿",pos,8,redemptive,4,
c485612aa5,20,303,73,"[1] My [25/F] MIL [50s/F] walked in on my husband [28/M] and I having sex, and now she keeps directing these weird remarks at me..
[2] We've been together three years, married three months.
[3] His family invited us to join them on a trip.
[4] Our first day there, SO and I decided to have a quickie before dinner.
[5] We gave his mother a spare key card to our room just in case, but we did not expect her to use it.
[6] I guess we were running late for dinner.
[7] She came up to see what was taking so long, tried to open the door, unlocked it on her own (even though we put the do not disturb thing up) and caught us.
[8] She stared for a second and then ran out embarrassed.
[9] My husband and I burst out laughing.
[10] He closed the door, we finished ~~because we're monsters~~ and went down to dinner expecting some awkward laughter and a joke or two.
[11] MIL usually makes the innocent sex joke here and there so we didn't expect her to be traumatized or anything.
[12] But she has really made a point to direct weird, shameful remarks at me.
[13] Implying I'm a hussy for fucking my husband, while conveniently ignoring the fact that she ignored all the signs and unlocked the door on her own.
[14] SO has tried to talk to her but she ""can't look at him"".
[15] The rest of the family has no idea what happened.
[16] TL;DR: on family trip.
[17] SO were having sex in our hotel room.
[18] MIL has spare key.
[19] She unlocked the door and walked in on us.
[20] Now she keeps trying to make me feel bad for having sex with my husband.",neu,20,tragic,4,
2b82a953fe,10,114,27,"[1] Never accept someone back, who was ok with losing you..
[2] There are others who will come after, and to them you will be too important to lose.
[3] When your ex left, they knew they may never have you in their life again.
[4] They still left.
[5] That’s how little they valued you.
[6] Let them lose you.
[7] Let them feel the weight of it.
[8] And when they come back knocking on your door, and they always do - Don’t open it.
[9] Wait for the one who would never, ever, risk losing you.
[10] It is better to be alone, than with someone who sees you as disposable",pos,10,flat,3,
7dd5e106c6,30,813,195,"[1] I (26f) confessed to my best friend (26m) and was rejected, a week later he says he was wrong and has actually loved me all along, what do I do?.
[2] Update at the end!!
[3] (I originally posted this under a throwaway account, but that account didn’t start with ThrowRA as per subreddit rules)

I finally built up the courage to confess to my best friend that I had feelings for him for the past two years.
[4] He was really nice about it and let me down gently but in no uncertain terms.
[5] It was a hard pill to swallow, but I accepted this and I told him I’d need some time to just get back to the right head space.
[6] I took a week to separate myself from him and let myself recover and rebuild my self esteem, but I made sure to tell him there’s no hard feelings, I just need the space.
[7] Fast forward to today, I ran into him and decided to talk to him and apologize for putting him in an uncomfortable position but that I accept his feelings and I’m ready to keep continue our relationship as friends.
[8] Except...
[9] he tells me that he took that week to think too, and he thinks he’s actually loved me for a long time but that he was too dense to recognize his own feelings until now.
[10] I feel like I should be elated, but for some reason my heart just really hurts.
[11] I feel confused and unsure of what to believe.
[12] For all the time I’ve known him, he’s never been the type to play with someone else’s feelings and has never given me any reason to think he’s lying to me now about how he feels towards me, but I don’t understand how someone can just go from having no romantic feelings towards someone to saying they’ve loved them all along in such a short time.
[13] I feel like I’ve been asked to tear out a piece of my heart, sew it shut, and now suddenly open that same wound to put everything back the way it was!
[14] Should I just accept his feelings now?
[15] Should I be wary of this?
[16] I feel like this should be such an easy decision and yet, I just feel so confused!
[17] UPDATE: Thank you all for all of your advice and kind comments!
[18] We met in person to talk things through and I asked him what changed.
[19] He told me that the truth was that he’d never really felt romantically interested in anyone else before, so he genuinely didn’t really know how to distinguish a best friend from something more.
[20] I know he’s never had a relationship before, he’s never expressed a romantic interest in anyone else, and never seemed to express a sexual attraction to someone else, so this seems to line up from what I know of him.
[21] I asked him then how he knew for sure that he liked me as more than a friend.
[22] He said he’d never felt this way towards anyone else: never felt nervous butterflies just wanting to see them, never felt a strange jealousy when another guy was trying to hit on them, and never felt his heart race when he accidentally brushed hands with them.
[23] I told him that I wanted to make sure he wasn’t confusing any guilt he may feel for turning me down for love.
[24] He said that if he wanted to pity me he would have just said yes the first time.
[25] He apologized again for confusing and hurting me and said that if I still needed time he’d be willing to wait, take things slow, and keep talking more until I could figure my feelings out.
[26] I told him I didn’t need more time to know how I felt, because I never really stopped loving him even if I had pushed those feelings down as far as I could.
[27] I told him that I wanted to take things slow, but I wanted to do so as more than just friends.
[28] We talked for a while, he even told me how he actually had come to the park planning to confess and ask me out, but when he heard me apologize to him and say that I was ready to just be friends he realized it might be better to take things slow.
[29] Of course, at the end of all this I just sort of happy/relief cried like a dork and he just pulled me close and hugged me (though he had some happy tears himself)!
[30] We’re planning to order some food from one of our favorite restaurants and have a picnic date at the same park next week!",pos,17,flat,4,
bfff3c52b1,5,67,16,"[1] I kept the display tablets at Target instead of destroying them.
[2] I was in charge of fixtures and displays.
[3] When we changed over the display tablets I had orders to destroy them.
[4] I took all 3 nice Samsung tablets home, wiped the demo software, and used them for myself/family.
[5] I also signed paperwork assuring that I disposed of them in the trash.",neu,4,redemptive,3,
d945cbbe6c,21,281,67,"[1] You want Karma?
[2] Here's some Karma....
[3] 3.5 years ago I caught my wife in a PA and EA less than 10 months after getting married.
[4] She begged to try and reconcile, I was devastated and weary, but agreed.
[5] I pushed to have her sign a separation agreement in case things got worse .
[6] When we married, I bought about $15k of her credit card debt (paid it off), and I had about $10k of debt on my credit card from our wedding.
[7] As part of the agreement, if we divorced, she'd owe me that money.
[8] I also protected other assets I had from before we got married.
[9] A few months later, I ended up catching her with the AP, they never stopped seeing each other.
[10] Then I learned that she had slept with several men during the 6 years we dated.
[11] It was probably the darkest, lowest point of my life.
[12] My divorce attorney suggested I put an addendum in place with some kind of payment plan to ensure I get my money.
[13] My ex agreed to transfer me $500/mo until the debt was paid, so for the past 3 years she has been paying me.
[14] Most of this money I have saved.
[15] Fast forward to today.
[16] I have been dating the most wonderful woman for 2 years.
[17] 6 months ago she moved in with me, and 2 weeks ago I decided to propose.
[18] Guess how I financed the engagement ring?
[19] Yep Karma.
[20] Yea and my ex will be paying for a portion of my wedding as well.
[21] Karma bi*ch.",neu,17,flat,4,
0c6dcffcc6,41,674,162,"[1] UPDATE: My husband cheated on me (with his therapist) and then committed suicide.
[2] Hi everyone.
[3] I posted two months ago about the death of my husband after he cheated with his therapist.
[4] You can find that post [here.](

It didn’t have a lot of details as I was just venting.
[5] I really appreciated the outpouring of support.
[6] Sometimes it helps to talk about it and just have people say, “Wow.
[7] That’s fucking crazy.” Yes, it was.
[8] I didn’t respond to every comment but it was very helpful to me.
[9] I just wanted to give a few updates: I did officially report her to the state licensing board.
[10] I had over 100 pages of evidence - emails, texts, receipts, the police report.
[11] Then two months of silence.
[12] Yesterday they finally reached out to me.
[13] They were BEWILDERED.
[14] They said it was a high priority case with many violations and they would be working on it immediately.
[15] It goes to their prosecutions department, after which she is notified and has 60 days to respond and will probably lawyer up.
[16] It’s all civil, it goes before their judge.
[17] He said it is unlikely she gets anything less than public discipline, meaning whatever repercussions she receives can be shared by them, must be posted on her website, etc.
[18] This is rare except for in egregious cases.
[19] This brought me some peace.
[20] I also did contact some civil attorneys as many mentioned - unfortunately, many did not want the case.
[21] It falls under medical malpractice but will be impossible to prove she directly caused his suicide - he was suicidal for a long time.
[22] She did have a duty of care which she breached but they said it was a long shot to say that caused his suicide.
[23] One lawyer said they would take it, however he said there was maybe not much money it.
[24] I guess therapy practices’ insurance often doesn’t cover sleeping with patients and she would likely have to settle out of pocket, and if she doesn’t have a large net worth it would be useless.
[25] He did offer to draft a letter to “put the fear of god into her” and see if she would settle personally.
[26] This is something I might do after the complaint is finished, but the money isn’t important to me and I don’t want her to have any warning.
[27] I wish I could share the full story, every email and crazy twist because honestly the way this woman conducted herself before and after my husband’s death is insane.
[28] I just don’t want to doxx myself or give her any warning - she has continued to dig for info, via contacting me, the police, the coroner, FIOA requests, etc.
[29] I was told once she is notified of the complaint, if she contacts me it is automatic suspension of her license.
[30] I am thinking once this is all wrapped up, sending the results and a copy of my complaint to every local and state news outlet.
[31] She is currently still married and practicing but sounds like it’s all about to hit the fan.
[32] I wouldn’t mind sharing this afterwards as well, but again may be easy to identify me.
[33] She is well known in the community and so was my husband - his death was reported on outside of the obituary.
[34] As far as grieving goes it comes and goes.
[35] Thanksgiving was the first time that I truly missed just his presence.
[36] Not romantically, but just him being alive.
[37] I’m still angry.
[38] The good times started to come back to me, unfortunately this week I’ve been reading back through all of our texts the last three years… seeing the same fights.
[39] We used to talk all day every day but there were so many problems.
[40] I don’t know.
[41] Thanks for listening.",neu,39,flat,5,
b080dc407f,9,186,45,"[1] Found out my wife of almost 6 years was planning on cheating.
[2] As the title says, I woke up this morning around 11am.
[3] My wife said she was going to make breakfast so I was in charge of our son while she was cooking.
[4] My wife normally gives my son her phone to watch super simple songs YouTube channel.
[5] My son is 15 months and sometimes will exit out of the videos onto another app so we have to put it back when he hands us the phone.
[6] So when he did this he handed me the phone and it was on my wife’s messages with someone under her best friends phone name with messages that they were planning on meeting up on a date she told me she had to go for a convention at work.
[7] I love her to death but I can’t get past this.
[8] When I tried to talk she wouldn’t give a straight answer and we practically got nowhere on the subject.
[9] Sorry for it seeming rushed, currently I’m an emotional wreck",neu,7,flat,3,
2b16b049f2,45,1166,280,"[1] [UPDATE] My (28F) colleague (30F) didn't invite me to her wedding, and it's completely unravelled our friendship.
[2] Original post, said I was looking forward to seeing the photos so I could see how everything looked (she didn't correct me that I would see it on the day) and then I was completely sure that my lack of invitation wasn't an accident.
[3] She looked so relieved when I switched subject and asked if she's excited about her honeymoon and having a rest from all the wedding stress.
[4] So I'm definitely not invited.
[5] I thought it over carefully and I have decided not to ask why, for three reasons:

1) The reason is already fairly obvious.
[6] She clearly doesn't think we're anything more than colleagues and I've misread the situation.
[7] (There were some other theories suggested e.g.
[8] jealous husband-to-be, associating me with her past grief, but considering everything I know about her and our history I'm sure it's not that.) I'm not sure why she didn't cool it on the wedding talk with someone she had no intention of inviting, or even just bring it up with me and explain why I'm not invited, but never mind.
[9] 2) Having an awkward relationship at work is the last thing I want.
[10] I'm worried that if I push this and turn it into an ""issue"" that I'll look pathetic and needy, or it will just be unprofessional.
[11] I also run the risk of her badmouthing me to colleagues and mutual friends, and I will find it much easier and less messy to handle my own feelings quietly.
[12] 3) This is a once in a lifetime experience for her, and I don't want to be the source of drama that dampens her spirits at all.
[13] I'd rather just let her enjoy her wedding, make good memories and not bring her down.
[14] And you know, I'm fine with not going.
[15] It was never really about getting invited to a wedding, it was more having to face the fact that I'd been naive and taken for granted, and I felt silly that I'd invested way too much in this relationship.
[16] That's not all on her, because she was never obligated to be my friend.
[17] Talking it through on my previous post actually really helped me work through my feelings.
[18] When I went back to work on Monday I felt much calmer and more detached from it emotionally.
[19] I have looked back on our whole relationship and honestly she's always been self involved, entitled and narcissistic.
[20] Being a bride has just made it more obvious, but it's always been there.
[21] She's also never given back to me (besides helping me get my job, which of course I'm grateful for), in that she's never been willing to talk me through any problems I've had, and although I help her happily with her work, she says no if I ask her for help in return.
[22] She has a few office enemies and even though I saw her negative traits that caused her to be disliked by some people, I overlooked them and defended her anyway.
[23] Now I have put a little distance there it's quite apparent that she's not a very nice person, and I'm genuinely OK with just moving on.
[24] She hasn't really noticed the distance between us so far (or she has noticed and doesn't care/is relieved that I'm giving her space), so I intend to just continue with doing that.
[25] If she eventually asks why, or I get the sense that she's trying to rekindle our friendship, then it will be time to clear the air with how I've been feeling.
[26] If she doesn't and we just continue drifting, then that's probably for the best.
[27] It's sad to lose a friend, and it will probably take me some time to get over it and to become comfortable with the change in our relationship, but I have other genuine friendships, and plenty of colleagues who are lovely people who I can get to know better now.
[28] The main thing I really took from my original post, and I'm so glad I did post because I needed some tough love on this, is that my fear of confrontation really needs dealing with.
[29] If I can learn how to better speak my mind as things are happening, that will stop things from building and building until I have to have a Serious Conversation and it makes what should have been a molehill into a mountain.
[30] I also need to figure out how to have difficult conversations without having an anxiety attack, which not only weakens my message but is extremely distressing and puts me off dealing with things and being honest with people.
[31] I had a couple of books on assertiveness recommended to me, so I've bought them to start me off.
[32] I'm also looking into going to a coach, or maybe a couple of therapy sessions at least, to try and better myself.
[33] I don't want to hurt other people by doing this, so this has become top priority for me.
[34] Thank you so much everyone who pointed that out to me.
[35] I was aware of it but I didn't think it was a problem and figured I'd just be that way all my life.
[36] Now I know better.
[37] Thank you for being so honest with me.
[38] Also thank you to those who talked me through the one-sided friendship issue.
[39] I'm a good listener and have always attracted people who need to vent, but I only ever noticed the one-off conversations, and didn't think I was being taken advantage of as a long term listening ear.
[40] I have been examining my other friendships in the last few days, to see if anyone else is using me in the same way, or if I've even been doing this to others and not had the self awareness to realise.
[41] There are a couple of changes I need to make, including a friendship that I need to set some boundaries in, and another one where I've not been giving back to the other person as much I should have.
[42] I have learned a really valuable lesson from this about maintaining healthy relationships, and I'm very grateful for that.
[43] &x200B;

TL;DR So I'm definitely not invited, our friendship is likely over (but that's actually OK) and I'm going to work on my assertiveness so I can handle things like this better next time.
[44] I'm also going to move forward having learned a good lesson about friendships being two-way.
[45] Edit: A few people have been asking about the books I was recommended:
Nonviolent Communication by Marshall Rosenberg
When I Say No I Feel Guilty by Manuel J Smith
Why Men Love Bitches by Sherry Argov",pos,11,redemptive,4,
e43bedcfa0,21,390,94,"[1] My (26F) fiancé (27M) left me for his “one that got away” four years ago.
[2] They’ve divorced and he wants to get back together..
[3] My fiancé broke our engagement off when his high school girlfriend moved to our city.
[4] They quickly got engaged, married and had a baby before it had even been a year.
[5] I was so blindsided and hurt, I don’t think I ever really got over my ex which is why I’m making this post to get some outside insight.
[6] My ex reached out a few days ago to “catch up”.
[7] He claimed he regretted breaking up with me two months after he did but because his ex-wife was pregnant at the time, he felt he owed it to his son to try and make it work.
[8] He said their relationship quickly fell apart when he realized his ex wasn’t looking for a life partner but someone to financially support her.
[9] He said the financial issues is what finally led to their divorce.
[10] They’ve been divorced for 6 months and have two children together.
[11] According to him, his ex regularly tries to get back together with him, but he doesn’t want her.
[12] He ended up asking me if I was willing to give him a second chance.
[13] In some ways, my ex has become my “one who got away” and I probably would’ve jumped at the chance to get back with him a few months ago.
[14] However, I’ve recently been talking to this guy and whilst we aren’t official or anything, we did go on a date two weeks ago which went really well.
[15] I feel like it could progress into something good and I don’t know if my ex is worth losing it over.
[16] I’d appreciate any advice on what to do in this situation.
[17] TL;DR – My ex left me for his “one that got away”.
[18] Four years and two kids later, they’re now divorced.
[19] My ex claims he regretted leaving me two months after he did but felt like he had to stay for the sake of his unborn child.
[20] He now wants a second chance, but I’ve met someone knew who seems like a great person.
[21] I don’t know what to do.",neu,9,flat,4,
516d3527bf,41,637,153,"[1] I [30F] just found out my husband [32M] might be the father of my best friend’s [34F] child [4F].
[2] What the hell do I do now?.
[3] Yesterday I received a call from my best friend’s (Amy) husband (Paul) claiming my husband was the father of her four-year-old daughter (Kim).
[4] He said they got into an argument and she blurted out that Kim isn’t his daughter and that Kim regularly spends time with her real dad (my husband).
[5] He snooped and found out her dad was my husband.
[6] I’m so shocked and angry, I don’t know what to do.
[7] Paul claims he has evidence of their ongoing long-term affair and he would like to meet up with me to show me it.
[8] I don’t know if I should go.
[9] (edit: he wants me to meet him alone at his house) A part of me wishes he’d never told me.
[10] I asked him to send me something over text first because I honestly didn’t believe him and he sent me a blurry video of Amy having sex with someone.
[11] She was moaning my husband’s name, but you couldn’t really tell if it was him in it because it was so dark.
[12] He sent me a few texts between them too, I wish I could unread them.
[13] I feel numb and sick.
[14] I haven’t confronted my husband yet, I don’t even have the energy to do that.
[15] He noticed something was off when he got home and asked me if I was okay, but I just shrugged it off and told him I was going to sleep.
[16] He decided to work from home today because he was worried I wasn’t feeling well.
[17] I wish he hadn’t.
[18] To make things worse me and Amy are both pregnant.
[19] I’m 5 months and she’s 7 months.
[20] Paul claims that baby is also my husband’s.
[21] He said he was planning to sue my husband for all of the money he spent raising his child and Amy was planning to put him on child support.
[22] He said he was warning me in advance so I could apply before her.
[23] They’re going to get a divorce.
[24] I just can’t believe he would do this.
[25] I just keep hoping Paul will text me saying it was all a joke.
[26] Amy keeps texting me telling me she’s sorry, I’ve ignored her so far but I want to rage at her.
[27] I don’t know what I’m going to do if we get a divorce.
[28] I don’t think I can raise my baby alone.
[29] I feel dumb for posting this but I have no idea what I should do… Shall I just pretend I don’t know?
[30] TL;DR – My best friend’s husband claims heir four-year is my husband’s and that the baby she is currently pregnant with is also his.
[31] I’m also pregnant.
[32] I haven’t confronted him.
[33] What do I do now?
[34] UPDATE:

I spoke to Amy.
[35] Turns out my husband isn’t the person she’s been having an affair with.
[36] When she told Paul he just assumed it had to be my husband because of the name.
[37] She said he went berserk, and she was too scared to correct him.
[38] Her and Kim are safe at her mother’s house.
[39] I told her about him wanting me to come to their house and she warned me not to so.
[40] EDIT:

No, she never showed me proof and no I haven't spoken to my husband yet (I will soon).
[41] I don't know if I believe her, I just added the info because I was getting a lot of messages to update.",neu,5,flat,4,
04cec9d6aa,10,199,48,"[1] Leaving this subreddit.
[2] Half a year ago a boyfriend of 1,5 years cheated on me which broke me mentally in such a horrible way that when I found out about it, I had a breakdown so bad I did not eat for a week straight.
[3] Took me a month to get back on my feet altogether.
[4] And now I moved back out of my family's house (thanks Corona), have a job, working on my bachelor thesis, and my mental health is back to being acceptable.
[5] Yes, I have gained weight and lost some friends so I have some work to do still, but I just realised seeing some of the posts here that thinking about what happened does not hurt that much anymore and seeing this sub is rather just reminding me what happened than helping me cope anymore.
[6] I know getting over a hearthbreak this severe takes a lot more timr and there are ups and downs still on my way, but I have gotten better and it doesn't really feel so hopeless anymore.
[7] So, good luck to everyone.
[8] And to myself haha.
[9] And happy new year!
[10] H.",pos,5,redemptive,4,
0d74b5fa52,42,395,95,"[1] A letter to my wife.
[2] A letter better posted here than sent.
[3] I’m not hurt that you had sex with someone else.
[4] For shit sake we’ve had our fair share of flings & threesomes.
[5] I knew you were no virgin.
[6] I never expected monogamy.
[7] People could argue the philosophy of marriage and monogamy until they’re blue in the face- and it won’t change anything.
[8] I’m not remotely interested in that discussion.
[9] To each their own.
[10] I can understand all the reasonings as to why an affair is fun.
[11] I understand why and how it’s fun to be naughty.
[12] How it’s fun to be with some you shouldn’t be.
[13] I understand how it’s fun to fuck others.
[14] I really do.
[15] I get it.
[16] What you don’t seem to understand babe: the lying is the deal breaker.
[17] When you were confronted you denied.
[18] When you felt there were problems in our relationship YOU failed to address those issues like an adult.
[19] I can’t trust you to have an adult conversation about your marriage.
[20] Plain and simple: I can’t have a partner, who is unwilling to be themselves with me.
[21] It was a fun 18 years.
[22] There’s lots I’ll miss about you, about us, about our family.
[23] I’ll miss the idea of us growing old together.
[24] I’ll miss that sultry look in your eye when we’re out and about.
[25] I’m sad when you say “it’s all ending because of one mistake.”

That’s an over simplification.
[26] It wasn’t just a mistake.
[27] You knew the consequences of lying.
[28] Let alone lying repeatedly.
[29] Sex is sex.
[30] Your word defines you.
[31] Your word is no good.
[32] I’m sorry.
[33] I am.
[34] I’m sorry to lose you.
[35] I’m sorry we wasted 20 years of our lives to come to this.
[36] It sucks to wake up to an empty bed now.
[37] But this bed still isn’t as empty as my heart is for you.
[38] I hope you find what you’re looking for.
[39] I hope through the tears of our divorce you’ll find someone that makes you happy.
[40] I know I will.
[41] It’s lonely now- but it’s temporary.
[42] Good luck soon to be ex.",neu,42,flat,5,
4fa38beb65,26,514,123,"[1] My [26F] sister in law [31F] always goes into my bedroom for no reason.
[2] How can I get her to stop?.
[3] Before anyone says anything, I know how stupid this sounds.
[4] But hear me out.
[5] I have my own home with her brother, and all three of our bedrooms and our only bathroom is upstairs.
[6] The only reason anyone has to be upstairs is to go to the toilet, or possibly to my daughter's room if their kid is playing there too.
[7] I've noticed whenever my SIL comes over, she just walks on through to our room, which I kinda feel like is an invasion of privacy.
[8] All the clean laundry comes to our room, and if we have visitors we tuck away a few things in our room so it's invariably the messiest room in the house and the one we least want people in.
[9] But no matter what she's always in there, and seemingly for no reason at all.
[10] It's usually to 'see my paint colour' (it hasn't been painted in over a year) or 'see the cat' or 'look out the front window'.
[11] The worst was today - I came home from work early as I'm feeling ill.
[12] I knew she was coming over with her kids and my partner kindly said I could stay in bed and not worry about coming down to be sociable etc, especially with the kids over it's a lot when you have a headache.
[13] He said he just wasn't gonna mention I was home at all because the kids would come try and chat and play if they knew I was here.
[14] So I'm listening to them play in the next room and SIL comes up to check on them and sees they are all fine.
[15] THEN SHE OPENS MY BEDROOM DOOR.
[16] I've stuck my head under the covers and she hovers then closes it again.
[17] Wtf??
[18] Why is she always opening my bedroom door like what is she expecting to see?
[19] I just feel like because we're all adults it's an unspoken boundary, you don't just hit up someone's bedroom without having an invite to come see or a legit reason.
[20] Am I weird for thinking this is irritating and not being able to make any sense out of it?
[21] Also I know that everyone is going to suggest I just talk to her about it but how awkward is that?
[22] 'Yo I know you're in you're 30s now but please stay out of my room?'.
[23] I have tried in the past to hint that I hate having folk in there because that's where all my laundry goes for ironing and all the spare toys get stored to create extra play room.
[24] She don't give a shit.
[25] TL;DR: SIL always enters my bedroom unasked and this is where I hide all my messy shit when people are over.
[26] How can I ask her without sounding weird and accusatory?",neg,12,tragic,3,
05adb7b91d,43,425,102,"[1] 10 things to NEVER do after your break up.
[2] 1.
[3] Begging Them to Come Back

Nothing kills your self respect faster than begging for someone who already chose to leave.
[4] If they wanted to stay, they would have.
[5] Don’t give them the satisfaction of knowing you’re desperate.
[6] 2.
[7] Stalking Their Social Media

Checking their Instagram, Snapchat, or TikTok won’t give you closure.
[8] it’ll just make you feel worse.
[9] If they seem happy, it’ll hurt.
[10] If they seem sad, you’ll overthink it.
[11] Either way, it’s a lose-lose situation.
[12] 3.
[13] Trying to Be “Just Friends” Immediately

You’re not fooling anyone, you’re holding onto hope.
[14] Staying friends right away usually just drags out the pain and gives false hope.
[15] You need space to truly let go.
[16] 4.
[17] Jumping Into a Rebound

Sleeping with someone else or rushing into a new relationship won’t make the pain go away.
[18] You’re just distracting yourself.
[19] Eventually, those feelings will catch up to you.
[20] 5.
[21] Drowning Your Pain in Alcohol, Drugs, or Partying

Getting high or drunk every night won’t fix your heartbreak.
[22] It might numb you for a while, but it won’t heal you.
[23] You’ll just end up feeling worse in the long run.
[24] 6.
[25] Isolating Yourself Completely

It’s okay to take time alone, but shutting out the people who care about you will only make things harder.
[26] You need support, even if you don’t feel like talking.
[27] 7.
[28] Replaying Every Moment, Trying to Find What Went Wrong

Overanalyzing won’t change the outcome of absolutely anything.
[29] No amount of “what ifs” will bring them back.
[30] Let go of the need to understand everything.
[31] Sometimes, people just leave.
[32] 8.
[33] Pretending You’re Okay When You’re Not

Faking a smile and acting like you’re over it won’t actually help you move on.
[34] Let yourself feel the pain.
[35] it’s the only way to truly heal.
[36] 9.
[37] Rushing the Healing Process

There’s no deadline for moving on.
[38] Don’t compare your healing to theirs or anyone else’s.
[39] Take as long as you need.
[40] 10.
[41] Losing Yourself Over Someone Who Walked Away

They are not worth your self respect, your future, or your happiness.
[42] Focus on becoming the best version of yourself, not on someone who didn’t see your worth.
[43] In 5-10 years, you will look back and be so proud of how far you’ve come.",neu,10,redemptive,3,
8163803b90,18,289,69,"[1] [UPDATE] My girlfriend has been sleeping with my roommate..
[2] Don’t know how to post a link to my original post.
[3] You can find it on my profile.
[4] First of all, thanks to everyone.
[5] While there were some rather unpleasant responses (like the guy who called me a pussy for being upset or the woman who messaged me to say that if I couldn’t satisfy my girlfriend I should let better men do so because she deserved it) the overwhelming majority were kind and sympathetic.
[6] I couldn’t respond to most because there were so many but I assure you, you are appreciated.
[7] I talked to my landlord who was sympathetic and offered me another apartment if I continued paying my lease.
[8] It’s an informal arrangement where I’m still legally residing and paying for my old apartment but staying in another.
[9] As expected, my now former friends took my old roommates side and I’ve cut them out of my life.
[10] I’m not doing the best I could be mentally.
[11] I’m all alone and dealing with personal insecurities, loneliness and heartbreak.
[12] Still, at least I’m out of my earlier situation.
[13] I’ve taken a week off work and arranged to see a therapist.
[14] All in all, my situation isn’t great but it’s unlikely to get worse and I’m working on improving it.
[15] EDIT: I have been completely overwhelmed by the response to this.
[16] I have literally hundreds of messages of support and lots of comments urging me to stay strong.
[17] There is no possible way I can respond to all of them so I just wanted to say thank you to everyone.
[18] You’re all amazing!",pos,18,redemptive,5,
aad9cfb159,15,280,67,"[1] My(24m) mother(56f) is really pushing me to have a friendship with her boyfriend(30 something m) .
[2] UPDATE.
[3] &x200B;

[previous post](

&x200B;

Well i don't think anyone cares about it but im a verry private person irl and i needed to get this out of my chest.
[4] I visited my parents five days ago sense the lockdown got louser and basically i just let it all out.
[5] I was afraid how my dad would take finding out my mother was cheating, but it actually was much better than i expected.
[6] he got really sad and angry at her but he didin't get angry at me, actually we had a really good talk about our family before i left.
[7] My mom was just as bad as i thought, she cried, she yelled, things even got physical.
[8] Long story sort i told her i hated her and she is dead to me then my dad send her to stay in our vacation house.
[9] All these were 4 days ago.
[10] Im back to my apparment now.
[11] My dad isn't sure if he will stay with her or not, we have been talking every day cause i want him to feel supported.
[12] My mother has been calling and texting but im done with her hope she gets the message soon.
[13] Honestly these past few days i have been feeling great like im 50 kilos lighter.
[14] &x200B;

tl;dr I told my dad my mother wascheating on him and told her she is dead to me.
[15] &x200B;

EDIT: Dad decided to take her back, im still not on speaking terms with her.",neu,9,flat,4,
99aafcf116,76,1471,353,"[1] UPDATE :My (26M) girlfriend (25F) has grown distant after I got beat up defending a group of girls being harassed.
[2] First of all I want to thank every single one of you who commented on my last post.
[3] The love and support I received was immense and it actually made me feel a little better in the mess of it all.
[4] Thank you from the bottom of my heart.
[5] All of the following happened yesterday so excuse me if I ramble a bit , it's all fresh in
 my mind.
[6] ORIGINAL POST
--------------------------
Mandatory:  I have been with my gf Sarah for 3 years and been living together for 1.5.
[7] She is honestly everything I have ever wanted and I planning on proposing somewhere next year.
[8] So 3 weeks ago I was out with Sarah at a local bar drinking and having a great time with her as it was just after quarantine had ended where I live.
[9] At around 3 am we decided to head home.
[10] As we headed to the parking lot where we had parked we noticed a group of 2 girls and a guy who was clearly drunk trying to hit on them and get them to go to his house.
[11] The girls were clearly very uncomfortable and trying to find a way out.
[12] Sarah told me that we had to do something and I told her go call the cops and get someone as well because the very leat I wanted was her to get hurt during this.
[13] So I approached the group and try to pretend I was the boyfriend of the one of the two girls and long story short I got my ass kicked.
[14] The guy was at least 6ft4 and 220 lbs where as I'm 5ft11 167lbs .
[15] I'm fairly mascular myself but there was no way I could have taken someone that big, I knew it from the start.
[16] At least from all the noise we had made a lot of people rushed the scene and the girls got away safe.
[17] I was rushed to the ER because the motherfucker had broken my ribs which had punctured my right lung.
[18] Yay.
[19] After that incident Sarah has grown a distant from me.
[20] Even though she visited and stayed with me at the hospital she hasn't been the same since.
[21] And I thought she just needed time to move past this.
[22] However 5 days ago she told me that she is not the same person after what happened and she doesn't know if she feels safe with me after I got beat up like that.
[23] Honestly hearing that hurt me more than when I got my ribs broke.
[24] She has  moved to her parents for the time being and she told me she needs time.
[25] Meanwhile I had no one here to help me so my brother left his 2 boys and wife to move in with me.
[26] I know I'm just venting at this point but I don't want this to be over like that.
[27] Reddit is there anything I can do to salvage the situation?
[28] UPDATE:
_______________

Until yesterday it had been 14 days since my last contact with Sarah.
[29] My brother had left 4 days prior because I felt bad keeping him away from his family for so long, plus I could take care of myself to some extent.
[30] So around 2 pm while I was making lunch I hear the doorbell ring.
[31] I go to open the door and there she is.
[32] Sarah.
[33] With tears in her eyes, eye bags, frizzy hair,looking like a total mess.
[34] During the time we've been together I've seen her in her ups downs but I'd never seen her in such horrible  state before.
[35] So I let her in she sits on the couch , we haven't still said a word as we were both dumbfounded.
[36] I was so overwhelmed by emotions, I wanted to hug her, I wanted to full on blast on her, I didn't even know what I wanted to do.
[37] So I did nothing and waited for her to talk.
[38] After 5 or 10 minutes of silence she starts sobbing and saying she's sorry and, then full on crying.
[39] At this point I can barely hold myself together.
[40] So I hold her hand and  try to calm her down so I can figure out what is going on.
[41] After a while she finally somewhat calms down and starts talking.
[42] And that's where it got bad.
[43] Something that I didn't include in the original post, because it wouldn't make sense to anyway is that Sarah's mother has been divorced and remarried once.
[44] From what Sarah has told me, her biological father cheated on her mother while she was still a kid and that's why they broke up.
[45] And that's also why she doesn't have any kind of relationship with her father.
[46] It seemed odd when I first learned about it, but I didn't question it.
[47] That is not the whole story though.
[48] Sarah's biological father didn't only cheat on her mother.
[49] He was a drug addict pos, that also used to beat her up frequently.
[50] Without getting into a lot of graphic detail  in one instance when Sarah's brother tried to intervene and protect her mother he ended up getting beat up too.
[51] So when she saw me intervening and getting my ass kicked in the bar incident it triggered some kind of PTSD in her head that she could not control .
[52] That's why she had grown distant and eventually left.
[53] It all spiraled out of control and she could not handle it.
[54] In those two weeks we'd been apart she'd barely eaten or slept and even made some really dark thoughts which I'd rather not go into.
[55] She told me is a horrible girlfriend for  leaving me alone in my condition and that she doesn't  expect us to be together again after that,which I told her  isn't the case.
[56] So we have a very long road ahead of us.
[57] My number one  priority right is getting her to see a therapist, which I suggested we can do together if she's scared to do alone.
[58] So yeah that's where we are at.
[59] Some of you were right, that there was some deeper issue behind what happened but I could not have possibly known.
[60] I also wanted to take this opportunity to say something that I got messaged about a lot.
[61] I got a lot of comments and messages saying that I was a moron for what I did at that parking lot and that I should mind my own buisness next time and not play the hero, etc .
[62] First of all I did not initiate the fight with the dude.
[63] As I said when I got there  I tried to pretend I was the boyfriend of the one of the girls in case.
[64] When that didn't work I got between the girls and the dude trying to create some space between them and that's when he started to push me and eventually  started throwing punches.
[65] Secondly no matter how hard I hit the gym I would never be able to take that guy one on one.
[66] As I said I'm pretty fit, and  I've been working out for several years but the fella was a lot bigger than me.
[67] Unless I had a gun or something, which isn't legal in my country I was doomed.
[68] Finally  for the people telling me to mind my own business, well let me you that what exactly what I was doing.
[69] It is mine and everyone else's responsibility to look after the ones who can't protect themselves is this shitty world.
[70] No, I do not consider myself a hero, nor did I do it for the show.
[71] I did it because in some other instance one of those girls could have been my girlfriend, sister, mother needing help.
[72] And these girls  were somebody else's girlfriend, sister or mother .
[73] If I was put in that situation a hundred more times I would  act the same.
[74] Edit:I also talked to her about the proposal I wanted to make this year.
[75] I was planning on doing it as a surprise but in the way the things have turned out I figured it would be better if she knows it first.
[76] We both agreed it should be delayed for now.",neu,9,flat,4,
48e7e99b1a,35,563,135,"[1] My (47M) son's (24M) wife (23F) says he raped her.
[2] He has a different story..
[3] The two of them have been together for 4 years and have been married for 1 with three kids (3F & 3F & 3M).
[4] In the very early hours of this morning, I hear someone calling me name from the gate.
[5] Get up, look outside and see my daughter in law standing outside with a bag and a pram holding my grandchildren.
[6] I obviously let her in and ask what's wrong.
[7] She didn't want to talk so I gave her space and took the kids to sleep in my room.
[8] I woke up at around 6 and she was still up.
[9] She couldn't get a hold of her parents so she finally decided to tell me what was going on.
[10] She says she was feeling sick and didn't want to have sex with my son but he pushed her and ended up just raping her against her protests.
[11] She thinking of opening a case which I support.
[12] I couldn't believe what I was hearing.
[13] Shortly afterwards I check my phone I notice I got a call from my son last night and again this morning so I called him.
[14] He was also crying and I could barely hear him but eventually he calmed down and told me he almost hit her.
[15] He says all day yesterday she was giggling and chatting on her phone with a guy she says is a friend.
[16] They argued and then left it.
[17] At night curiosity got to him and he went throught he phone and found out that she was sending nudes to some guy.
[18] He got angry, grabbed her and shook her to wake her up and got into an argument again.
[19] He threw her phone on the floor and almost hit her.
[20] She then packed up and left with the kids.
[21] I haven't told him that she's with me because I don't know what to do.
[22] I don't want to be involved but I already am.
[23] My daughter doesn't believe her at all and says I should kick her out.
[24] I don't know.
[25] Either way he was wrong.
[26] What now?
[27] 1st Update: 

I asked her about the infidelity and she says it's all nonsense.
[28] She's now at the hospital to see what she can do and then she's going to the police station.
[29] I've told my son that they are here and that she's opening a case.
[30] I'm not good at reading people but he did seem surprised at her story and so was she at his story.
[31] I've warned him about an upcoming trial and suggested he calls a lawyer which he says he will.
[32] 2nd Update: they're both going with their stories and are both very firm in it and are gathering evidence on both sides.
[33] I have asked my DIL if I could take her to a friend or to her family and she understood.
[34] I'm still keeping the kids with me (on her request).
[35] And as much as I'd love to update more specifically on what's happening, I can't but I do appreciate all the comments and have/will read them all",neu,35,flat,4,
b754d96fc8,33,509,122,"[1] UPDATE: I (30F) caught my husband (31M) in an affair and I don’t know how to move forward..
[2] Original Post: 

First of all, I just want to thank everyone here for the support I received following my first post back in August.
[3] At the time, it truly felt like my world was ending.
[4] It was important to me to make this update because I need to tell anyone who’s currently going through the same thing—IT GETS BETTER.
[5] You will get so much better.
[6] I had one conversation with my husband since everything happened—by his choice.
[7] It lasted maybe five minutes and was like talking to a robot.
[8] I know from others that he cries to people about how he ruined his life, but I have never once gotten an apology or the same show of regret.
[9] At this point, I don’t care.
[10] I know him and the other woman are still seeing each other and frankly, they deserve each other.
[11] Good for them.
[12] While I still feel angry occasionally, I no longer mourn what I once had.
[13] Instead, I’m so excited for the life I now get to live.
[14] I moved to a small walkable city and gave myself my dream apartment.
[15] It makes me so happy to see how I’ve decorated it and to just live in a cozy place instead of our old dreary house.
[16] I was the breadwinner in our marriage, and he would make me feel awful about wanting to pay for nice meals or do fun things.
[17] Since moving here, I’ve done a ton of foodie fun stuff and don’t feel guilty.
[18] It’s so refreshing.
[19] I have dipped my toe into the dating pool again and had plenty of mediocre dates from dating apps.
[20] Recently, I found someone who I’ve really clicked with and am enjoying how appreciated and desired he’s made me feel.
[21] It’s definitely early and we’re moving slow, but overall, dating has made me realize that I’m a catch who doesn’t have to settle.
[22] Therapy has done wonders and I’m so happy I immediately dove into it.
[23] My therapist is proud of me.
[24] I’m proud of me.
[25] I’ve stopped looking at being divorced as a failure.
[26] He failed—not me.
[27] I’m genuinely happy and excited to wake up each morning and no longer feel like this terrible weight is sitting on my chest.
[28] The holidays were surprisingly easy and I found myself so happy to spend time with my family without having to compromise anything.
[29] So all in all, life is good and there’s so much of it ahead.
[30] Looking back, I can’t believe I wasted so much time thinking about how I could get him to come home.
[31] I’ve made my own home and my own happiness and that is worth so so much more.
[32] TLDR; Husband left me for another woman.
[33] He sucks, but things get better.",pos,25,redemptive,5,
114b7b4583,34,810,194,"[1] I (F45) think my daughter (F17) is ashamed of her race and me as well.
[2] I'm not sure how to approach her about it..
[3] Hello.
[4] Thank you for all of your kind responses and your heartfelt stories.
[5] I am still reading through all of them and I am planning to sit my daughter down tonight to sincerely talk about my past and my feelings.
[6] I emailed her school counselor last night and will also bring up finding a family counselor that she likes.
[7] Your advice has been greatly helpful and I would like to thank everyone again for your kindness.
[8] For background context, we are both fully Chinese.
[9] I immigrated to the United States by myself when I was 26.
[10] I had to learn English on my own and after living for so many years in the United States, I think my reading, listening, and writing skills have become good.
[11] However, I have a heavy Chinese accent when I speak and I am still mixing up words that I normally wouldn't when I am writing.
[12] I also grew up poor when I was a child, having grown up in a village that still doesn't have plumbing to this day.
[13] Due to this, I have a habit of saving takeout containers, using food past its expiration date so long as it still looks good, amongst other things.
[14] &x200B;

My daughter has always been a bit self-conscious and I think she's embarrassed by me.
[15] Whenever we go out to eat, she always asks me what I will order and then order for me or she'll begin to speak for me whenever I have trouble with words.
[16] I don't think my English is horrible to the point where I need someone to speak for me and I have told me that I dislike it when she does that but she feels that it is easier if she is the one speaking.
[17] I will sometimes shop at the local thrift store for clothes or yarn, but my daughter never wants to come with me and disapproves of me going as well.
[18] We are not in need of money, but I don't feel the need to spend more money than I have to on myself and the items I find are perfectly fine.
[19] However, I don't mind spending more money on my daughter and I will buy her the clothes and makeup that she wants even if they are expensive.
[20] There are times where her tennis team has asked for parents to bring food for cookouts and she gets upset whenever I suggest bringing something like homemade scallion pancakes or spring rolls because they're not traditional cookout foods.
[21] &x200B;

I think she's also conscious of stereotypes about Chinese people.
[22] She always insists on tipping at least 20% even if the service wasn't good.
[23] When she was younger, we went on vacation and decided to eat out.
[24] Out of the two restaurants we went to that night, none of them served us.
[25] We were sat down and forgotten about and she kept coming up with excuses that it was because Chinese people don't tip well so restaurants aren't as friendly and so it's not their fault because they've most likely had bad experiences with Chinese people.
[26] When we go on trips, she'll always read this rules and then make sure that I understand as well.
[27] For example, when the rule is to stay on the path, she will constantly be looking over at me to make sure I'm not moving too close to the edge.
[28] If she thinks I am, she will pull me back to the middle of the path and I'm uncomfortable because I also try to be conscious of my behavior because I know the reputation Chinese tourists have.
[29] I feel that she doesn't trust me because I am Chinese.
[30] &x200B;

With the Coronavirus pandemic, her mood has gotten worse.
[31] I heard from other parents that some of her classmates insisted on calling it the ""Chinese virus."" Ever since the pandemic broke out, she's been really down and I've been trying my best to support her, but she just ends up upset at me to the point where I'm not sure what to do.
[32] There have been times where I hear her crying in her room, but she's never willing to tell me about anything.
[33] I'm wondering what I can do to support her and make her feel better.
[34] I also want her to respect me more as a person and not be so ashamed of me because it really does hurt but I'm not sure how to talk to her about it because she always brushes me off.",neu,33,flat,4,
c66728c105,4,132,32,"[1] When should I tell my brother and his Fiancé that I'm pregnant?.
[2] My brother is gay and together with his fiancé for now 7 years.In November 2019 he and his fiancé were looking into adoption or surrogacy.I offered to be their surrogate with his fiancé's sperm, that way the child would be as close as possible to being their biological child.
[3] Now in 2020 after 2 failed IVF cycles I have just learned that the embryo took and I am pregnant.Their wedding is next week.Should I tell them that the IVF worked and their child is on the way right now before their wedding, or should I wait until after?
[4] Edit: Ok I will tell them in a few hours that way they are at both at home.",pos,2,tragic,2,
1fdf5daafa,26,315,76,"[1] UPDATE: I've [M26] decided to break up with my fiancé [F26] of 8 years.
[2] Need advice on how to proceed..
[3] Link to original post 

I appreciate all of the advice on my last post.
[4] i didn't expect to get so much attention on it.
[5] But things went about as expected.
[6] She cried, I cried, she begged.
[7] It wasn't pretty.
[8] But for two weeks we've been broken up and she moved out today.
[9] The first few days were aweful.
[10] But afterwards we were able to talk to each other like normal people.
[11] And I helped her with everything I could.
[12] I let her take the room while I slept on the couch so she could have space and I tried to make myself as scarce as possible.
[13] It's been a sad time and a sigh of relief.
[14] She also admitted to me that the reason she never tried to fix anything was because she didn't believe I would ever actually break up with her.
[15] She apologized and promised to work on herself.
[16] Which I appreciate.
[17] I told her there wasn't a chance we could get back together.
[18] We just aren't right.
[19] And she even said she is willing to try being friends after a while and I told her she is free to talk to me anytime but I won't bother her while she is getting over things.
[20] I'm going to have to work things out properly with my financial status.
[21] But this is all for the best and I'm glad It happened.
[22] I only wish I could have done it earlier.
[23] Thanks again for the advice.
[24] It helped a ton.
[25] TL:DR I went through with the breakup and we are both doing fine now.
[26] Thank you for your help.",neu,6,redemptive,3,
88f5b6480e,37,777,186,"[1] [UPDATE] My best friend (20M) asked me (20M) out.
[2] I said yes.
[3] I didn't know it was a date..
[4] The original post: 

First of all, I wanted to thank people for responding.
[5] I was majorly panicking when I wrote the post, and the comments I got helped a ton to get me to relax before talking to Noah.
[6] I wasn't expecting such a huge response at the time and I was amazed, but looking back now I can see why it got so much attention.
[7] It was a pretty weird situation.
[8] Next, I want to say we are both men (apparently this makes a big difference for some people in terms of advice).
[9] Some of the people who assumed I was a woman also made some weird comments and sent me some pretty gross messages.
[10] If you did this, please stop.
[11] That's not cool.
[12] I gave a bit of an update as an edit to the original post, but now since it's been 3 months I thought I'd give you all an update about how things have been going since then, since it seems like there's been a bit of interest, and I'm still really thankful to all of you for helping me out.
[13] Noah is doing really well.
[14] I could tell he was still a bit embarrassed for the first couple weeks, but after that he told me again that he was still happy he asked me because now he knew how I felt and he could get over it.
[15] He also thanked me for taking it so well, which is definitely thanks to what a lot of you said, so I guess I'm sort of passing his thanks on to you :P

One of the commenters said I should be careful not to do anything that seemed like flirting with him, so I tried keep that in check (we used to hug a lot, sit really close together, and tell each other flirty jokes, you get the idea, but I toned those all down a lot to give him space and not mess with his feelings).
[16] I honestly think I see now why he thought I might be into him, because my relationship with him was very affectionate.
[17] It's been a lesson for me on how to be more aware of how other people are interpreting my signals.
[18] About a month after he asked me out, he asked me if I wanted to go to a gay bar with him.
[19] He made it super clear that it wasn't a date, but he did it in a really sarcastic way, which was a little embarrassing for me but also I think it was good that he could joke about it.
[20] So we went to a local gay bar together and we had a really good time.
[21] He's a bit introverted, so I played the wingman, and he ended up flirting with this really cute guy and he just seemed really happy.
[22] That was like two months ago and we've gone to the same bar a couple more times since then.
[23] He's been getting a bit more comfortable putting himself out there which is really cool to see, and he's just been more open and happy for the last two months, always smiling and eager to go do stuff.
[24] Not sure how it's related but it's a noticeable change from before he asked me out.
[25] I'm doing great too.
[26] I'm just really happy that I didn't hurt our relationship and that he's so happy.
[27] I also learned some important things from this whole situation about communication and being aware of how I present myself.
[28] Important lessons.
[29] I actually think I feel more confident now too, since he asked me out.
[30] Getting asked out feels good man.
[31] It sounds kind of weird, but I think it made us closer.
[32] We've started talking about relationships more, which isn't something we really talked about before.
[33] He's gone on a few dates and he tells me about them, and the most recent guy he went out with he was really excited about, and I think he might be headed for his first serious relationship, which is amazing!
[34] That's actually what made me think of this post and decide to give you all an update.
[35] TL;DR: So yeah, our relationship wasn't ruined and I still have my best friend.
[36] He's doing really well and I love seeing him so happy.
[37] Thanks again for the help!",pos,27,redemptive,5,
9c8f3c82f1,9,127,30,"[1] When I was in high school, I attached clear packing tape to a dollar and put it into a vending machine.
[2] Right before the dollar went all the way in, I would pull it out, which allowed me to get a soda and 50 cents change..
[3] A kid told me how to do it , so I tried it myself.
[4] It only worked on one machine at school, but it did work.
[5] Kids did this so many times, they used to stack the unopened sodas in the storage room.
[6] There were just too many to drink.
[7] I knew it was wrong, but I did it anyway.
[8] I feel terrible about it.
[9] I deeply regret having ever done it.",neg,7,tragic,5,
ca290536ee,26,544,131,"[1] UPDATE: my ex boyfriend uploaded videos of me to pornhub without my consent and I found out two months later.
[2] Hi everyone!!
[3] It’s been quite a while since my post that kind of blew up which I was surprised but super thankful for.
[4] I don’t know how to add links to the previous post but if you look at my profile you’ll be able to see the previous one.
[5] If you don’t want to read all of that, the most you need to know is that my ex put videos of me on pornhub without my consent after we broke up and I found out two months later.
[6] Some good stuff has happened, and I was so thankful for all the comments that I wanted to update in case anyone really wanted to know.
[7] So before I called the police, I gathered all evidence I could.
[8] I was too scared to even open the videos that I don’t have a screen recording of them up, just a screenshot of the title and thumbnail of the videos + his account name.
[9] As soon as I saw the acc name I knew it was him.
[10] I’m out text conversations I was able to find some stuff that would point back to the fact that it was probably him, I have text evidence of him saying the video was just for us and him saying he already deleted the videos after we broke up.
[11] When I called the police after recording a statement they assigned a detective to my case who was really nice and told me I had a good chance of things!!
[12] Because he has no previous record, he probably won’t end up in jail, which I’m fine with.
[13] As much as I completely despise him now, I would’ve always felt guilty if I sent him to jail.
[14] Things have been moving pretty smoothly since then, he has his first court hearing in a couple of weeks, and I’ll see more about what direction the case is going in after that.
[15] For now I just wanted to let everyone know that on that side of everything, it all went super smoothly.
[16] There’s no saying what’s gonna happen in the future, but for now everything is good.
[17] In terms of my mental health, it was really shit when I found out and after that.
[18] I was having a difficult time getting over it and realizing that he didn’t care for me to do something like that and that was hard.
[19] Because even after we broke up I still held him in a good light, not always, but there were a lot of times where I missed him and considered getting back together.
[20] But I’m so much better now.
[21] I started seeing someone else who has been really good to me and supportive.
[22] Im doing a lot better.
[23] Thank you to everyone who messaged me directly for support and sending me information and links.
[24] You guys are truly amazing fucking people.
[25] To take time out of your day to send that just like, it meant so much so thank you.
[26] <3",pos,19,redemptive,4,
72f6c5fe6f,59,944,227,"[1] UPDATE: My fiancee (24F) has no bridesmaids and it's making her so upset she wants to call off the wedding.
[2] How can I (25m) help?.
[3] OP: 

Did not expect to update this fast.
[4] Did not expect to update at all, unless something miraculous happened.
[5] And it did.
[6] In short, I have the best friends in the world.
[7] I read through a ton of these comments, but not all (over 1000?!)  and decided to look for my fiance's box of wedding planning stuff, because I had a suspicion.
[8] Inside the box was all these magazine clippings of a big church wedding, flower ideas and stuff.
[9] And then I saw pictures of the dresses.
[10] They were all big, poofy ornate things that don't seem akin to my fiancee's style at all.
[11] But...they're similar to the dresses my sisters wore at their weddings.
[12] It all sort of clicked for me.
[13] My fiancee probably doesn't want a church wedding or any of these fancy trimmings, she's trying to win my family's favor.
[14] The hell.
[15] I really should've noticed this earlier and gotten more involved, I know.
[16] My fiancee flew home on Thursday to spend a few days with her dad (Father's Day weekend and all).
[17] I couldn't go because of work, so I was alone until this morning.
[18] So, real late at night, I called up my buddy Ravi (26M).
[19] Ravi's my best man, we've known each other since we were kids, split up when we went off to college, and reconnected three years ago.
[20] We moved to SC so I could join the company he works for.
[21] I just opened up to Ravi.
[22] It was really late but he listened to me anyway, about my worries about my fiancee.
[23] He said that it was very likely that she was trying to curry favor with my family, but she probably wasn't going to admit to it easily.
[24] He said he'd talk to her.
[25] I told him that he barely knows her.
[26] He said not to worry, and that he'd be around tomorrow evening.
[27] My fiancee came home happy (she always is after seeing her dad) this morning.
[28] I went off to work without asking about the wedding, and she set to work on her writing (she's off for the summer).
[29] I got home early and at like 5 PM Ravi came to my house with my other good friends: Carson, Andrew, and Tim (23-30M).
[30] I know all these guys from various places and we're all a solid group.
[31] Still, this was unexpected.
[32] Ravi came up to my fiancee and said that the guys were taking her wedding dress shopping.
[33] We were both freaked out as hell.
[34] I had no idea this was coming, and my fiancee looked like she wanted to crawl into a hole and die.
[35] She whispered to me ""they won't like me"", and I urged her to just go for it.
[36] Ravi reminded her that he has sisters, Carson's been divorced, and Andrew's had his fair share of girlfriends, so they know dresses.
[37] Plus, he has a lady friend that works at a small boutique, where they'd try first.
[38] She still didn't want to go, and then he said something like ""hey, you're marrying our best friend, don't you think we should get to know you and make sure you're not a ghost or something?""  (He's not great with tact).
[39] But she chuckled a little at that and gave in.
[40] They were gone for a while and came back an hour ago.
[41] They didn't find a dress, but they looked around the stores for a while and fiancee found a style she liked (not the poofy ball gown style).
[42] They also went out for ice cream and when they walked in the door, she was joking and laughing with them all.
[43] I hadn't seen her so happy in a long time.
[44] It was amazing.
[45] Then we all sat down together and Ravi asked her to talk to me about what's on her mind.
[46] I still don't know how they got her to open up.
[47] She whispered that she didn't really want the big church wedding, that she wanted to wait a little while and plan a small ceremony for just the people we really care about.
[48] I was all for it, I told her not to worry about bridesmaids or anything, it could just be us.
[49] She said no, she wants her dad, the guys, and my family to be there.
[50] Andrew, a kickass guitar player, said he'd put together a band for us.
[51] He asked my fiancee what her favorite song is, he'd figure out an arrangement.
[52] This is the kind of question she usually dodges, but she blushed a little and actually told the truth.
[53] (Panama by Van Halen if anyone cares; girl knows how to rock out).
[54] This was the real sign that she's starting to trust them.
[55] I don't think anyone knows her favorite song except me and her dad (who bought her Van Halen CD's growing up)

I told her I'd call my family and tell them the church wedding's off.
[56] If they make a big stink about it, I don't fucking care.
[57] I have my bros and my beautiful future bride.
[58] That's all the family I need.
[59] tl;dr: Church wedding's off, my friends are awesome, future looks bright so far.",pos,45,flat,5,
7d0adbca6f,46,680,163,"[1] My twin sister (18F) and I (18F) took a genetic test, and we did not share any DNA.
[2] What should my next step be, when no one in the family is telling me why?.
[3] My twin and I are fraternal twins.
[4] Recently, we took a genetic test for fun, because we wanted to see what we shared and the differences between us.
[5] Since we still share genes, fraternal twins are like siblings genetically.
[6] My grandparents had suggested the tests and got them for us, so our parents didn’t know about it.
[7] But our results made no sense.
[8] My twin’s was coming up almost completely as Eastern European and Western European.
[9] Which makes sense, as most of my family are Croatian, German, or Austrian.
[10] So all of that would be accurate.
[11] But mine wasn’t anything like that.
[12] It was almost completely Scandinavian, with some Russian and a couple of other places.
[13] Neither of which were on my twin’s result, she had a very small percentage of Scandinavian but that was it.
[14] And we had no matched DNA.
[15] Which clearly seemed impossible.
[16] We were literally twins, we have to share DNA.
[17] My twin said they must have mixed my sample up with someone else.
[18] We ended up contacting the company, and my twin and I took a test again.
[19] It was the same result.
[20] Both my twin and I were really confused.
[21] We told our grandparents, and they just said that was interesting, and said nothing else.
[22] My twin said we should tell our parents, and see if they had ever done a genetic test, or if any of our siblings had, and then we could see if somehow ours were still right.
[23] I mean, it kind of made sense I'd have Scandinavian, because I'm much taller than my mother, and quite a bit taller than my twin and I'm way better at football and handball than she is.
[24] And I'm very blonde compared to the rest of my family, but I had thought it was the German.
[25] When we told our mother, they reacted almost the same way as my grandparents, but she seemed annoyed.
[26] And said that they're inaccurate anyway, and our grandparents shouldn't have told us to take one.
[27] And when we asked our father, he basically said nothing.
[28] I'm confused.
[29] I know my twin thinks it's just a mistake, but I don't think so.
[30] We have to share DNA, about 50%.
[31] That's how twins and siblings work.
[32] Even though we're fraternal, we should still share quite a bit of DNA.
[33] But other explanations don't make sense.
[34] My mother can't have cheated on my father, because my twin and I would still share DNA.
[35] Just less, because we would have different fathers.
[36] The results mean we can't share a parent, or even be related.
[37] But I don't see why my parents would adopt me if I'm not their child, when I don't think they've ever been to Scandinavia and why they'd adopt a baby that's almost exactly the same age as their baby.
[38] I'm panicking.
[39] The person I'm closest with in the whole world, who I thought I even shared the womb with, might not even be related to me.
[40] My birthday might not even be real.
[41] None of this makes any sense, and no one is telling me the truth.
[42] I'm also scared my twin might tell her boyfriend about it, and then people might end up knowing that I'm some kind of fraud and my family isn't my family at all.
[43] Edit: I called the clinic where my mother gave birth to all of my siblings.
[44] The day of my birthday, my mother is in the records but only for one birth.
[45] Not two, not twins.
[46] I don't know if it's an error, or my mother didn't give birth to me.",neu,21,flat,4,
5df29a46d1,9,158,38,"[1] Soon to be ex-husband tried to file missing persons report.
[2] I went no contact, I scrubbed my existence from his life, moved away, deleted all social media, changed phone numbers and blocked him and his entire family.
[3] He is now sending me emails from new accounts and went as far as trying to file a missing persons report.
[4] My family was contacted by our local police department due to his insistence and they put me on the line to verify that I’m safe, I then told the officer I want absolutely nothing to do with him… which she relayed to him.
[5] There is now a paper trail of his harassment against my family.
[6] Even though it hasn’t been long, I’m healthier than I ever was in the relationship.
[7] You all deserve so much better, these cheaters should not waste your time any further.
[8] No contact really works.
[9] Edit: Grammar",neu,9,redemptive,2,
efe3d806ce,67,1251,300,"[1] I asked my bf for alone time and he told me to pack my stuff and leave for good..
[2] Okay, the title does seem a little one sided.
[3] Context: My boyfriend (29m) and I (30f) have been dating since last summer.
[4] I live alone in an apartment in downtown DC and he lives alone in a house in Annapolis about 40 mins away.
[5] Pre-quarantine, we did well will splitting weekends between the two places.
[6] Once states closed for COVID, we decided it made most sense for me to temporarily move in/stay with him in the bigger space with a yard for the dogs.
[7] As you might imagine, it’s had its ups and downs.
[8] We were getting a crash course in living together in a space that wasn’t really mine at all, having lots of important conversations, enjoying evenings cooking together and having wine while watching shows together.
[9] We’ve also been irritable due to drastic changes in our daily routines.
[10] I have continued to work full time from home (+ overtime due to an even busier schedule) while he is only working a half day once a week.
[11] He is bored.
[12] I am stressed with work and finding it difficult to decompress.
[13] I am used to/need quiet time to myself to recharge and he likes a noisy household (TVs always on, music on top of that, chattering constantly about sports or draft statistics or things only of interest to him).
[14] I’ve tried saying “I’m going upstairs to read” or “I’d just like some quiet time to myself” and it bugs him that I don’t want to do things that he wants.
[15] I find myself becoming more snappy and short-tempered from feeling constantly drained, which isn’t fair to him.
[16] Last night he wanted to watch the NFL draft so I made plans to FaceTime my girlfriends upstairs while he did that.
[17] I am used to weekly girls nights and miss them as they’re also my primary support network.
[18] I heard him downstairs complaining to his dog that I never want to hang out with him.
[19] After FaceTiming I went down and sat on the sofa with him and said “hey I heard you talking to the dog, I came to hang out, how are your team’s picks doing?”.
[20] He was irritable and replied “ugh it was quiet until you came down”.
[21] I’m feeling like I can’t win.
[22] Alright; getting to the point now.
[23] I hadn’t been to my apartment in over 3 weeks and needed to go check on it (it’s not in a building, it’s in a row house) and pick up prescriptions I couldn’t have transferred.
[24] We were originally going to go together but seeing this irritation with each other I suggested I’d just go alone and take a night or so to myself to recharge and come back.
[25] COVID NOTE: I do not have to interact with anyone to access my apartment.
[26] My car already had ample gas.
[27] I literally drive from his house to my street, am alone in my apartment.
[28] Any exposure to no-contact takeout I would have gotten is the same as if I were there with him.
[29] This morning, when I grabbed some necessities for a night to myself (my laptop because I have to work over the weekend, some underwear, face moisturizer) he got upset and said I might as well take all my stuff and not bother coming back.
[30] I tried to talk through why it was so all-or-nothing for him.
[31] He said I clearly didn’t want to spend time with him or be around him so I can just go home for good and we can resume dating when the states open back up.
[32] He actually bagged up the remainder of my stuff and took it out to my car for me.
[33] Reddit, I just wanted to read in silence, get my medications (anxiety pills), water my plants, sleep in my own bed alone for a night, watch my own trashy TV shows without interruption.
[34] And now I think my relationship is over?
[35] I’m feeling frustrated that I attempted to handle this in a productive and proactive way and somehow screwed up.
[36] TLDR; boyfriend said if I wanted a night alone I should just take all my stuff from his house and continue to stay alone through the rest of quarantine (no added exposure risk).
[37] I’m confused with his all-or-nothing approach.
[38] So, what do I do from here?
[39] EDIT: wow, this post blew up.
[40] THANK YOU for such thoughtful and thought-provoking commentary.
[41] I’ve felt really supported and “seen” by a lot of these replies.
[42] I’m still reading through and responding to comments but wanted to provide a quick update re: some things I keep seeing pop up.
[43] I am home in my own apartment, alone.
[44] He has not contacted me.
[45] I spent yesterday drinking wine, cooking, listening to music softly, FaceTiming girlfriends, caring for my plants, and reading a good book.
[46] (And checking reddit of course).
[47] I am not crying or sad.
[48] I feel comfortable and at ease in my space again.
[49] While bf is not working, he is still being paid his full salary.
[50] While I am currently working a lot, I normally have a much healthier work-life balance.
[51] Some big deadlines happened to coincide with and be exacerbated by the pandemic.
[52] it’s only temporary (a few weeks of hellish hustle).
[53] I was very clear with my boyfriend before this upswing started, and let him know I was going to be a lot busier and would appreciate his support extra for a couple of weeks until things settled down again.
[54] Many of you have brought up quality time.
[55] I have attempted to express my desire for quality time to him.
[56] Things as blunt as “let’s hang out together tonight, what should we do?” Or “We’ve been sort of coexisting, let’s plan to do something together more like quality time.” Perhaps I wasn’t resonating with his communication style.
[57] Sometimes it would work and we’d have a nice dinner and watch a show together etc.
[58] and other times it would end in frustration and not go anywhere.
[59] In regards to the mattress thing, I am hearing all your replies about how it just wasn’t important to him so he didn’t want to compromise.
[60] It took my having a very dramatic hysterical emotional breakdown after nights of no sleep for him to realize how important it was we find a solution.
[61] That breakdown was loud and ugly on my part and not a moment I am proud of.
[62] It came after numerous “I’m really not sleeping well, I need more sleep than you do, can we work something out so I’m more comfortable” conversations.
[63] I am in therapy and understand I am a highly flawed human with dramatic emotional tendencies as well.
[64] I do not always communicate well.
[65] I consider myself very self-aware and make concerted efforts to require my default actions to create a better life for myself and my loved ones.
[66] And, finally, you are all not wrong that I have a low bar for thoughtfulness.
[67] It’s not really something I’ve ever experienced in a relationship.",neu,48,redemptive,4,
2f41f5ed7e,85,2123,510,"[1] UPDATE TO: I [21/M] have been looking for my sister [18/F] since 2014.
[2] I found a way to contact her last night, but I'm not sure how to do it..
[3] This is an update to this post I made in January last year: Sister has been involuntarily no contact with me since my parent's divorce.
[4] She lives with my narcissistic mother who would do anything to make sure I never see her again.
[5] I've found a way to contact her and I want to do it, but I don't want to step in her life and fuck it up for her.
[6] What's the best way to proceed?
[7] ---

Update: Well, I'm 23 now.
[8] Finished university, starting a real job, Dad and I no longer have depression, life is pretty good.
[9] As for my sister, a few interesting things happened to say the least.
[10] Firstly - I took the overall consensus from the original post and didn't make any attempt to contact her.
[11] I did drunkenly check her the page from time to time to see if anything had changed, and I found that I'd be unblocked on my main facebook account.
[12] Probably around August that same year, my sister rang my aunt and said she wanted to arrange a meeting with her and her son (our cousin, obviously).
[13] My aunt immediately rang my Dad and I and told us the good news, we were both uncertain about how we should take it but overall we were pretty happy.
[14] They all meet up and apparently my sister has also been kicked out of our mother's house for some reason or another and is staying with a friend, and she hasn't spoken to my mother for over a year (at this point in November).
[15] The story goes that my mother and her new victim managed to ostracise themselves from all their friends down there and my mother took out her aggression on my sister, so she stormed out and turned up teary-eyed at this friends house and has been living with them ever since.
[16] She asked about me and my father, if we were doing well, and if we 'hate her'.
[17] Obviously my aunt assured her that we definitely don't.
[18] My sister says that she wants to get in contact with the both of us but she wants to take it slow and she didn't know how we would react.
[19] In my view that's completely understandable\.
[20] That's interesting point 1.
[21] ^\Just ^(as a side note, my mother once smacked my sister in the face for wasting a tampon when she was 12.
[22] I obviously am not completely familiar with that uniquely female experience but I did get the joy of hearing that moment unfold - just for an idea of the type of person my mother is and what she did to us both as kids.)

Interesting point 2 happens when my sister goes, with her new boyfriend, up to visit our Nan\.
[23] Another cousin of ours (big family) is also present for this meeting.
[24] My cousin tells me that my sister told our Nan that it had been 'a few months' since she had last spoken to our mother, which is quite a bit different to 'over a year ago'.
[25] Whatever, maybe my Aunt misremembered the meeting.
[26] However, my cousin did say that she got a very 'off' vibe from my sister, and to paraphrase her own words heavily, 'you would think [Sister] had last seen us all last weekend - not 5 years ago.
[27] She walked in to [Nan's] house like she owned the fucking place.
[28] She didn't really say why she was getting in contact with us and not [you or her father] other than she ""wasn't ready"", and she didn't really say why she hadn't spoken to her mother either.
[29] I don't know, I wasn't happy with it at all, and we were all thinking that you two [my father and I] should be in that room, not us.
[30] But maybe [your mother] has made me too paranoid.'

^\My ^(Nan is my maternal grandparent.
[31] I phone her as often as I can which isn't as often as I would like it to be admittedly and I know I'll kick myself for it.
[32] I digress - every time I do phone her, she always asks about my Dad and his new partner, and sends them both Birthday cards, Christmas cards, so on.
[33] To me it just speaks volumes about the type of person my Mother is when her mother is more concerned about the wellbeing of her ex-husband and his new partner.
[34] Just tryna get this point home to any doubters.)

3 occurs when I find out that my sister asked my Nan for some money to help her out with University and not living with her Mother anymore.
[35] My Nan, being the lovely little 86 year old Welsh sweetheart that she is, gave her around £2,000.
[36] Now, I'm happy to be proven wrong here, but asking for £2,000 within a few hours of reconnecting with family that you haven't seen or made contact with for five years is very strange.
[37] I find out about this, because around November my Nan called me - because she had promised me an update on the situation - to tell me that for about a week after my Sister met up with them all, they had been in regular contact via phone and Facebook.
[38] Since that week - nothing.
[39] Unreturned voicemails, Facebook messages left on read, my sister had taken the money and fucked off.
[40] I spent the day reassuring my Nan that she hadn't done anything wrong, and she definitely wasn't the idiot she thought she was for giving my sister the money.
[41] 4 is the least interesting, but you'll be pleased to know that my ramblings end here at least.
[42] It should go without saying that since the first meeting in August with my aunt and her son, neither my Dad nor I have had any direct contact with my sister.
[43] On Boxing day, my sister finally calls my Nan and wishes her a merry Christmas.
[44] My Nan says thanks and hangs up.
[45] In January, on my Nan's 87th birthday, my sister calls up and wishes her a happy birthday, and also mentions that she's having some money problems.
[46] My Nan rolls her eyes and hands the phone to my Aunt who buys my Sister's sob story hook, line, and sinker, and rings me to tell me the, quote unquote, ""good news"" and that ""it's different this time, she really wants to see you"".
[47] Around May (which is my Birthday month btw), my sisters sends a text to my Aunt to see if she has any old pictures of her.
[48] My aunt says she doesn't, but that me and my Dad might (which we do).
[49] My sister sends a text back saying that she will get in touch with us.
[50] I know this is gonna come as a complete shock, but it's been radio silence since and in all honesty I'm fine with that.
[51] To me, it's crystal clear who my sister has grown up to be like.
[52] Toying with family members emotions, treating her own presence as a gift and using it to manipulate money out of people, inconsistent stories about her relationship with the one person she knows would be a deal-breaker if the rest of the family knew was still involved, and terrible at hiding her true intentions.
[53] Will she ask me for the photos?
[54] Probably not.
[55] Unless she gets really desperate and exhausts all other avenues for exploiting money out of people with pity stories, but even she knows that I know exactly who that money is going to.
[56] My mother knows that she's not in my Nan's will at this point.
[57] If she does want to meet up, I will bring the photos with me.
[58] Part of me wants to bring two envelopes - half of the photos in one envelope, the other half shredded up in another, and depending on how well the meeting goes depends on which envelope she gets.
[59] I won't do that but it the thought of being that petty is very tempting.
[60] I'm not holding my breath.
[61] She was 14 and I was 17 the last time I saw her; she's turning 21 this year and I was 23 in May.
[62] I've had my years of anger and grief and done my time with depression, I've hurt many people and many relationships along the way.
[63] I'm still learning what's normal and what isn't, but on the whole my life is split up into before and after, and for the most part my sister lives and will remain in the before.
[64] Somewhat because I want to maintain the memory I have of her and not taint it by knowing what she has become, somewhat because I'm not ready to go through what I overcame again.
[65] I've accepted my role in the universe as the recipient of bad karma to make up for all the good karma that randomly happens to other people.
[66] I'm okay with that; for the first time in my life, I've been the one in control.
[67] As for my attitude to her and my mother, the best word I could adequately use to describe it is ""ambivalent"".
[68] They could win the lottery and be on the news tomorrow or they could get hit by a bus - my reaction would probably be the same.
[69] To everyone else out there with estranged parents or other family members - the one thing I learned is that estrangement is the best thing they'll ever do for you.
[70] tl;dr: I didn't contact her, and it turned out to be a good thing, but not for the reasons I thought.
[71] ---

Edit: Thank you all for your comments, I did my best to reply to everybody but given the response to the original post I had no idea this would get so much attention.
[72] To the people that shared their similar stories, I hope you're all keeping well and staying positive and making the most out of what you've been dealt in life.
[73] Hard times make strong people.
[74] In reference to my idea of ripping up the photos, that was always only ever half-serious.
[75] I wouldn't do something like that; it's petty, wouldn't be fair to my sister, and would only give me short term satisfaction in the form of a pathetic 1-up.
[76] I realised that before writing this post 

* In reference to the 'bad karma' line, I actually think I'm a very lucky man all things considered.
[77] I'm where I want to be in life, I have a fun and happy and stable family around me, and I'm confident in the person I've become.
[78] That line is a glimpse into my personality - some people got that, some people were genuinely concerned for me which I do sincerely appreciate.
[79] The black dog never really stops chasing you, but I get a much warmer feeling from being able to laugh at a universe that is seemingly constantly shitting on you than I do from pretending that everything is okay; that's what I meant by that line.
[80] Thanks again to everyone for taking the time to read, it felt good to get this off my chest and know that a lot of people think I'm making the right moves.
[81] A good amount of people made the fair comment that my sister is still young and still possibly under my Mother's influence.
[82] I appreciate those people taking the time to give feedback and advice, but ultimately my life had already moved on.
[83] I made peace with the fact that I may never see my sister again long before the events I've detailed out here, and when this all kicked off the closure and acceptance I had moved on from began to unravel.
[84] I'm not ready to go back into dark days off of a risk that everything might be okay.
[85] Yes, in the future we may reconnect, but for now I am focused on my own life and am content with taking some of the rare happy memories I had of my family in my childhood with me, untouched by these developments.",pos,76,redemptive,4,
e30c0124ae,114,1379,331,"[1] people keep telling me I healed fast.
[2] this is what I did..
[3] My breakup happened in late March.
[4] We (I'm M30, she's F28) were together for 15 months.
[5] We moved in after 6 months.
[6] We were madly in love.
[7] Soul mate vibes.
[8] But it fell apart.
[9] Our separation was, by far, the worst pain I've ever experienced.
[10] I've broken bones before.
[11] I've had people close to me die.
[12] None of that came close to this.
[13] There seemed to be a neverending well of grief.
[14] Fast-forward to today, and I feel like a new person.
[15] It hasn't been that long, 106 days, but people keep commenting on how good I look, how different I am, and how ""healed"" I seem.
[16] Today, I'd like to share some things that helped expedite my healing.
[17] Of course, as we all say, healing is not linear.
[18] This will be different for everyone.
[19] Either way, I have come to this board for solace quite a bit during my breakup, and I'm hoping to pay it forward with this post.
[20] CRY - My 1 rule throughout the entire breakup: whenever I feel the need to cry, I WILL cry.
[21] I never held it in.
[22] Ever.
[23] Even if I was in public or with a friend.
[24] Oh, and when I was alone, I really let it flow.
[25] Ugly, ugly crying.
[26] I've never been a big cryer, but this breakup literally broke something inside of me.
[27] I have never cried so much in my entire life.
[28] It feels really good.
[29] EXERCISE - Ok, we've all heard this right?
[30] But here's the thing.
[31] Don't just exercise.
[32] Perform an exorcism.
[33] Every workout should feel like you're expunging demons from your body.
[34] Go hard at the gym.
[35] Go hard on your runs.
[36] Everything.
[37] I understand the benefit of being gentle and compassionate with yourself post-breakup, but the more you push yourself, the more you sweat, the better.
[38] COMMUNITY - Lean into communities you're already a part of or join new ones.
[39] This could be a local meditation center or a jiu-jitsu gym or a volunteer network.
[40] This could also be your preexisting friend group.
[41] Maybe it's your family.
[42] Maybe it's your book club for God's sake.
[43] Whatever it is, you need to find your people and be around them.
[44] The only case where this is not advisable is when your current communities are toxic (find new ones).
[45] DO SOMETHING NEW - Speaking of finding new communities, I made it a priority to liven up my life in new spaces with new people.
[46] I referenced a few in the aforementioned point.
[47] I got back into jiu-jitsu, I joined a new meditation community, and I got involved with Big Brothers Big Sisters.
[48] Hell, I even dabbled with a few new hobbies (film photography became the main one).
[49] My life became so utterly full that even if my ex wanted me back, I wouldn't have time for her.
[50] I'm too busy doing cool and fulfilling shit.
[51] SPIRITUALITY - This may not be for everyone, but I'll go into it anyway.
[52] I lost my spiritual identity when dating my ex.
[53] My spiritual journey began in 2016 (dipped my toes into Buddhism) but things got a bit more serious in 2020 (started to go a bit further).
[54] When I was with my ex, this entire part of my identity was kept hidden, as if I was ashamed about it (she was very secular).
[55] When we separated, I leaned into my spirituality more than ever and it has been a Godsend (lol).
[56] If you are uncomfortable with spirituality, or it just doesn't appeal to you, please remember that just about anything can be spiritual.
[57] All it takes is for you to give yourself up to something greater than yourself or to lose yourself in an activity where you're thrown into some sort of flow state.
[58] Hell, just meditate.
[59] That's a good place to start, right?
[60] No matter what you do, the key is to disconnect from the ego for just a little bit.
[61] SOBRIETY - This is just my personal opinion, but you should be avoiding alcohol, cannabis, and all other drugs/addictive substances.
[62] Be wary of addictive activities too.
[63] I essentially quit gaming after we broke up.
[64] Gave my Steam Deck and my Switch to my sister.
[65] Said she could hold on to them indefinitely.
[66] I also believe you should be abstinent for as long as you can.
[67] No porn, no hooking up.
[68] Feel the fucking pain.
[69] Don't obfuscate your suffering with another person's body.
[70] The essence of this point is to be wary of all distractions and attempts to numb yourself.
[71] THERAPY - I found a really great therapist a month before we separated and I've been with her ever since.
[72] I'm going roughly 2-3 times a month.
[73] Find yourself someone who does sliding scale rates (google it).
[74] This pricing method makes therapy much more affordable.
[75] Try to have it in person.
[76] JOURNAL - Or just write in general.
[77] Write as often as you can.
[78] I mix it up between my Notes app and a physical journal.
[79] The physical journal is for the more intentional stuff.
[80] The Notes app is when I just need to ""word vomit"" at precipitous speeds.
[81] Whatever you choose, this will help.
[82] COMPASSION - Forgive both yourself and your former partner.
[83] No matter what they did, and no matter what you did, every day should be an effort to create an environment of compassion for the both of you.
[84] No one is perfect.
[85] You did what you could with the tools you had.
[86] You each tried your best (sometimes our ""best"" looks like shit, but it's still our best).
[87] GRATITUDE - I sincerely believe our breakups happened for a reason.
[88] Looking back on mine, I'm starting to understand why.
[89] And so be grateful that you shared that time together and now be grateful that you have the opportunity to reinvent yourself.
[90] Seriously.
[91] There is so much wonder and beauty in the world.
[92] Embrace it all.
[93] Start finding value and joy in the small things.
[94] For example, film photography has taught me how fucking beautiful the world is.
[95] Sometimes I look at the facade of an office building downtown and think ""Wow, that is some beautiful architecture"" or ""Wow, that is a beautiful parking garage."" No joke.
[96] I'm out here feeling inspired by the dumbest shit.
[97] Honestly, I could keep going, but I want to end this post by giving you a reality check.
[98] DESPITE all of this shit, despite my ""expedited"" healing, even though I have done every single thing that all the books/articles/Reddit threads say...
[99] despite all this...
[100] I am still so sad.
[101] Yes, I am happy.
[102] I am happy because my life is full.
[103] I am happy because I have great friends, great opportunities, and great hobbies.
[104] But I am also sad.
[105] I am sad because I wanted to be with her for the rest of my life.
[106] I wanted to keep sharing inside jokes and laughter.
[107] I wanted to travel together, get married, get a house, and maybe even have kids.
[108] I'm sad because all the potential we had has been sucked into the void.
[109] And so the key, folks, is this:

You have to learn how to be both happy and sad at the same time.
[110] You can't outrun the pain.
[111] You can try and keep busy like I'm doing – sure, it's good to be busy with positive things – but you need to learn to embrace the pain and hold it alongside your happiness.
[112] Thanks for reading.
[113] If you needed someone to say this to you today, I love you.
[114] Take care.",neu,101,redemptive,5,
c97cf2ad93,41,679,163,"[1] My girlfriend told me she was with a friend, but that friend was with me picking out an engagement ring.
[2] How do I confront my girlfriend about her lie?.
[3] Update: 

God this is a doozy.
[4] I swear my life feels like a movie right now.
[5] Sorry for the weird formatting, I'm on mobile and this is my first time posting on a sub like this.
[6] I (28M) am planning on proposing to my girlfriend of 3 years (26F).
[7] Now, I suck at picking out jewelry.
[8] Im the type of guy that doesn't see a problem with heart shaped jewelry (seriously why is it considered so ugly?) so every time I want to buy something for my girl, I usually consult one of our mutual friends.
[9] My girl's best friends are all friends with me as well and we all get along well, so asking them for help picking out jewelry is something I'm used to.
[10] When it came time to pick out a ring, I consulted my girlfriends best friend Justine (fake name).
[11] Justine and I are quite close and she knows my girlfriend better than anyone, including me.
[12] So, when my girlfriend when out to visit her sister and baby nephew, I invited Justine over to the house to help pick out a ring.
[13] Justine and I looked through a few catalogues, but decided it was a dead end and it would be better to go to professionals at a jewelry store.
[14] However, I didn't know when my girlfriend would be coming home, so Justine and I thought of a clever text to gauge how much time we had.
[15] I asked her when she'd be coming home, as I was ordering takeout and wanted to know when to tell them to have the food ready by.
[16] She responded by saying it would be a few hours, she met up with Justine to go shopping.
[17] Now, obviously this took me by surprise since Justine was standing inside my house.
[18] I showed Justine the text, and she looked as confused as I was.
[19] It isn't out of the ordinary for my girlfriend to meet up with people out of the blue like that for shopping, lunch, etc.
[20] She's a very spontaneous person and loves making plans on the fly.
[21] So ordinarily, I would have believed this text in a heartbeat.
[22] However, obviously this had to be a lie.
[23] When she came home she acted completely normal, and I played along but it's been really hard to act like everything's fine.
[24] We got takeout, ate together, and cuddled on the couch after.
[25] So far she's caught on a little that somethings upsetting me, but I just can't tell her what.
[26] Looking at her kills me.
[27] I don't know what to do.
[28] My girlfriend and I have zero trust issues and we tell each other everything, so this lie is killing me.
[29] I want to ask her about it so bad, but if I tell her I knew she was lying, I'd have to explain why, and I really don't want to do that.
[30] What do I do?
[31] I know she lied to me but I don't know how to confront her about it.
[32] Should I just forget it?
[33] This won't stop gnawing at me.
[34] Please help!
[35] Edit: I'm sorry for the lack of responses, it's been a hectic day and there's a lot of comments.
[36] Thank you to everyone who has commented so far, I appreciate them all!!
[37] Edit 2: sorry again for the lack of responses, guys.
[38] It's really been a crazy day.
[39] My parents are moving and I've been helping them.
[40] Also, I've never experienced this many comments on a post in my life!!
[41] I am going to talk to her tonight once we're both finally settled in after such a busy day, and I will update tomorrow.",neu,9,flat,4,
7b4addbc89,10,227,54,"[1] My mom is mad at me for refusing to have a pelvic exam from a male doctor.
[2] I(17f) recently went to have an exam done because I was having some issues.
[3] My mom who made my appointment requested a male doctor since she isn’t supportive of me liking girls and doesn’t want me being touched down there by one.
[4] I begged her to get me a female doctor as I was uncomfortable with a guy touching me.
[5] She told me that if I told the guy to stop and switch to a female to examine me I’d be in big trouble.
[6] During the exam the female nurse that was in the room was trying to comfort me since I was crying uncontrollably since the male doctor touching me and it gave me flashbacks of something that happened a few years ago.
[7] A few minutes after the exam started I told them that I needed a female doctor since I didn’t feel safe with my current doctor.
[8] He was very understanding and a female doctor ended up finishing my exam.
[9] My mom was yelling at me for the entire car ride home and took most of my stuff away(writing this on my junk tablet that she didn’t find).
[10] She is very mad at me what should I do",neg,10,flat,4,
26e14c759b,8,98,24,"[1] F*ck you.
[2] Fuck you.
[3] Fuck you so much for making me believe we would have a future together and then ripping that away out of nowhere.
[4] I didn’t even believe we would last forever until you started talking about it.
[5] Why would you say those things and then leave like that?
[6] What the fuck is wrong with you?
[7] I can accept that the relationship was going to end, but why would you ignore me for the whole week, knowing damn well that I have trauma regarding silent treatments?
[8] Fuck you!",neg,8,flat,3,
61fc33049f,4,60,14,"[1] Does anyone else wish to be a baby again?.
[2] Does anyone else just have, like, this profound longing to be a baby again?
[3] I have felt this way all my life, and at times the feeling is so intense it makes me cry.
[4] I would love to know if there are others who feel this way.",pos,4,redemptive,4,
2e4a146e7a,17,157,38,"[1] The current state of this country has me panicking.
[2] I’m having panic attacks left and right..
[3] Somebody please tell me you that relate.
[4] It’s becoming super hard to function in society.
[5] It’s hard to go to work.
[6] I’ve called out like 4 times in the past month.
[7] I can’t just ignore everything that is going on.
[8] I have NO IDEA how some people can just act like everything is ok.
[9] Nothing is ok.
[10] Are you guys worried at all?
[11] Is it interfering with your life at all?
[12] Please help.
[13] I can’t live like this anymore.
[14] EDIT: Thank you so much for all the helpful comments.
[15] Some of you are right I should probably see a therapist.
[16] I find peace and knowing that there are others that feel like me.
[17] It helps to know I’m not alone in feeling this way.",neu,10,redemptive,4,
b126598894,58,1019,245,"[1] Discovered I am not my daughters biological father.
[2] &x200B;

I just found out my 15 years old daughter is not my biological child.
[3] My daughter was preparing for a family tree project for an online class and wanted an ancestry test.
[4] My father is half Native American but he died several years ago and I don’t know precisely what Native American blood is in the family.
[5] My daughter came to me because it was my father and we didn’t mention it to her mother at the time.
[6] Well it turned out my daughter doesn’t have any Native American blood.
[7] The obvious conclusion didn’t occur to me at first because the truth of the situation didn’t seem possible.
[8] I assumed there was a mistake, my first thought was that my father hadn’t been part Native American.
[9] So I took the test and everything became apparent.
[10] It was a very emotional situation for me and my daughter.
[11] What I will remember the most was after she started crying she hugged so tightly and just kept saying over and over “I love you daddy.”

At home I confronted my wife and she looked like she’d had a stroke.
[12] She started crying and apologizing, you can probably imagine it.
[13] My wife and I got married BECAUSE she was pregnant.
[14] We had been together for more than a year when it happened.
[15] It turns out she was sleeping with multiple guys at the time.
[16] She says it didn’t mean anything and she doesn’t even remember some of their names.
[17] When she realized she was pregnant she said she she wasn’t sure who he father was.
[18] Since I was unaware of her extracurricular activities, she let me believe I was the father because I was the most financially stable.
[19] In terms of that she may have chose correctly, I have been very successful in my career and building passive income streams has been a hobby of mine for a long time.
[20] My daughter got my wife to admit to this on tape as my daughter records the whole thing.
[21] I asked my wife several times, and she keeps insisting that she has been faithful for the entire time we have been married.
[22] I’ve never suspected anything but I also didn’t realize she was sleeping around before we got married so I’ve said I don’t believe her.
[23] I’ve come across a lot of the ‘red flags’ of cheaters and I can’t think of any of them during our marriage.
[24] She doesn’t use social media and she has never been guarded about her phone.
[25] She only drinks on special occasions and doesn’t go out for girls night or anything.
[26] Also she is a stay at home wife/mom so here aren’t any coworkers to worry about.
[27] She exercises at home as we have a very nice home gym.
[28] I don’t believe her when she says she hasn’t cheated after getting married but I can’t think of anything suspicious.
[29] We have a pre nup so I’m not worried about divorce if It comes to that

My daughter is another story.
[30] She is absolutely livid about the whole situation.
[31] I know teenagers can be emotional, I certainly remember how I was at her age.
[32] But she has never been very expressive, something I thought she or from me (nature vs nurture?) my daughter can’t stand to be around her mother.
[33] She has said some truly awful things to her mother.
[34] Basically variations of calling her a dirty sl@t who ruined our family.
[35] Whenever my wife tries to talk to her, my daughter yells and swears and cries like I have never seen.
[36] Christmas is coming up and my daughter is demanding my wife leave the house until after New Years  so she can spend time with her real family (meaning me).
[37] My daughter has even come o me privately saying that in the event of divorce she wants to stay with me.
[38] She has even asked if it is possible to disown her mother and be adopted by me.
[39] I haven’t told this to my wife.
[40] My wife is preparing to leave for her parents house for the holidays.
[41] My wife and I had talked about the situation but have decided to wait until after New Years to make any decisions.
[42] I admit I’m grateful she agreed to leave because honestly I need some time to process this.
[43] I think I’m writing this as a way to just come to terms with everything that has happened.
[44] EDIT: after writing this post I fell asleep for a few hours.
[45] I came back to he post after about ten hours and realized there were more than 200 messages.
[46] Thanks to everyone who took the time to comment it means a lot.
[47] Additionally thanks for all of the compassion and kind comments.
[48] I was touched by the displays of support and I’m not ashamed to say I shed a few tears.
[49] I still haven’t read every message but know I intend to whether or not I respond to yours specifically.
[50] I want to address two consistent things mentioned in the comments.
[51] I’ve had a DNA test.
[52] After our ancestry tests were different due to her lack of Native American blood we got proper DNA tests.
[53] That was when I confronted my wife.
[54] Looking back at the original post I’m sorry for not making that clear.
[55] I have made it clear in no uncertain terms that she is my daughter and I am her father regardless of the situation.
[56] I’ve reiterated to her repeatedly that she can stay with me and I will never leave her.
[57] Several comments suggested she might be scared I will leave her or want nothing more to with her.
[58] Nothing could be farther from the truth and I tell her everyday.",neu,33,flat,5,
30dc42bcc9,13,193,46,"[1] They went public.
[2] Happy Valentine’s Day!.
[3] My stbx-husband (divorce isn’t final) and his mistress and girlfriend of 6 months went public on social media today.
[4] When he has my son I sometimes snoop to see if he or she shares pictures of him (yeah my bad but I’m not there yet) but I got the extra surprise of a smooching pic of the two of them this morning.
[5] A year ago he was lovingly calling me his wifey and surprising me with a card from him and one from our son.
[6] It’s just...
[7] weird, isn’t it?
[8] This is one of my favorite days of the year.
[9] My whole body went cold actually seeing their picture.
[10] It’s just always been an “idea” of them that ruined our marriage, but now they’re loud and proud about their love.
[11] I want her to experience the man I experienced, but she looks genuinely happy.
[12] I’m going to get some tacos and watch some Dateline today to make it through my first Valentine’s Day alone until I get to pick up my baby.
[13] I’m sad.",pos,13,tragic,5,
c2762032a4,7,131,31,"[1] UPDATE : I (46F) have hurt my daughter (16F) by giving her friend(16F) a few books.
[2] Original post Her girlfriend wanted to come out but she didn't and it had strained their relationship.
[3] It seems, they had a fight before we gave her the books to her (ex?) girlfriend and that had hurt her.
[4] Their relationship is in the limbo and she doesn't want to come out to the world right now.
[5] My husband ordered a small pride flag to keep in her room.
[6] The world is a bit crazy right now and we want her to have a space where she can be herself.
[7] TL;DR : My daughter came out to me, her friend was actually her girlfriend and they had a fight.",neu,2,redemptive,4,
adfd93c286,16,258,62,"[1] I Got Married This Weekend.
[2] Twice I had families destroyed by spousal infidelity.
[3] Kids involved, messes galore.
[4] Hundreds of thousands of dollars lost in legal fees and estate settlements, thousands invested in therapy for all damaged by it.
[5] Nevertheless, this Saturday my beloved girlfriend of five years and I had an intimate wedding service before family, in the front yard and promised faithfulness, loyalty and patience for the rest of our lives.
[6] It was a beautiful service.
[7] My three grandsons were the flower boys.
[8] They were diligent, but the two year old wandered off to play with the toys he knew were in grandpa's house, instead of scattering flower petals.
[9] The minister was a friend of my new wife's, the photographer, a friend of mine for 40 years, and a childhood friend of my new wife's helped organized.
[10] It was a beautiful, low humidity, sunny but hot day in North Carolina.
[11] I love my FiL .
[12] My new MiL is in the intermediate stages of Alzheimers, but at least she knew her daughter was getting married to me, so that's good.
[13] My new step-daughter is great - a 30 year old therapist who is moving with her adorable Mathematician boyfriend on a Post-Doc Fellowship.
[14] My three kids get a step mom and the grandkids get a new grandmother.
[15] Bottom Line:  For those so inclined, you  can find trust again.
[16] You can find love and there are truly warm hearted people out there.",pos,16,redemptive,4,
51fa1429e5,10,221,53,"[1] UPDATE: Me [26F] with my boyfriend [34M] of 2 years, I feel very guilty about possibly moving us for my career.
[2] Original post: [

&x200B;

Several months after I made this post, I made the final decision to apply to postdoc positions all across the US.
[3] I received many great offers and decided to move several states away to work with a well known PI in my field whom my advisors greatly respect.
[4] After enduring a couple months of long distance and uncertainty, we learned today that my (now) fiance got his dream job in the city I moved to.
[5] Not only does he get to remain a government employee, but his salary is also significantly higher than what he was making before.
[6] &x200B;

Thank you so much for all your encouragement and replies.
[7] It gave me the push I really needed to take that dive to move cross country for a new job.
[8] In the end, it really paid off and we finally get to move on with the rest of our lives together.
[9] &x200B;

TL;DR I decided to take Reddit's advice to take a job in another state.
[10] My now fiance found his dream job there and will be following me down to the city I currently live in.",neu,3,redemptive,4,
5ec1631538,20,329,79,"[1] UPDATE: I (27M) Have Unknowingly Been Using My GF's (27F) Ex's Molded Dildo to Get Her Off.
[2] Previous post:

[

So, we had the talk.
[3] My relationship is over.
[4] After some awkwardness, and a couple glasses of wine late Saturday, I brought it up.
[5] She again tried to deflect and change the subject, but I demanded we stay on topic.
[6] I told her outright how I felt, how I thought this was disrespectful and dishonest on her part, etc.
[7] She tried to play it off like I was being immature and this wasn't a big deal.
[8] Then she spun it into a penis size issue.
[9] I kept trying to tell her that the bigger problem is using a dildo molded from her Ex-BF and NOT the fact that it was bigger than me, but she kept going with the accusations.
[10] I told her I wouldn't have had an issue if she wanted a big toy and I was down for anything, but it feels she has a weird, emotional connection to this dildo.
[11] The conversation then took an uglier turn as she was outright say I have a small penis, premature ejaculation issues, etc.
[12] I knew there wasn't any way this was going to get settled in an adult manner, so I outright told her the relationship was over.
[13] Thanks for the overwhelmingly supportive comments in my original post.
[14] They were helpful and confirmed my feelings.
[15] Now I guess I will have to deal with the humiliation of my ex telling people why we broke up.
[16] I'm sure she will spin it as a size issue.
[17] &x200B;

EDIT: Thank you (again) for the overwhelming support.
[18] It would impossible to answer all of the messages I received.
[19] I believe I made the right decision and will become a stronger person because of this.
[20] Your kindness and support is truly appreciated.",neu,18,redemptive,4,
1b03b8eb4b,81,1222,293,"[1] (UPDATE 2) My Roommate's (21F) Parents keep Letting Themselves into My (21F) Apartment with the spare key she gave them..
[2] Okay guys, I'm sorry for updating you guys late and for the super long post, but I want to make sure I get important details in there.
[3] Original post: 

 Update 1: 

TLDR: My family helped and we're getting her evicted.
[4] I THINK RM IS CRAZY and needs a MH checkup.
[5] Seriously.
[6] I am very worried for her wellbeing.
[7] My mom was home, along with my brother, my brother's girlfriend, and her parents.
[8] I told them everything that happened, and no one liked what they heard.
[9] My mom called my dad to tell him what happened.
[10] When my dad came home, he hugged me immediately and started crying.
[11] Me being called a prostitute and a slut was too much for him to handle.
[12] I've never seen dad cry before, and it hurt me so so bad.
[13] My mom called RM and RD and R to come over to talk.
[14] They came over immediately (they probably knew something was up from the tone of my mom's voice, she was so close to growling).
[15] Mom was being petty though, when they came home, she didn't allow them inside.
[16] She made them stand on the doorstep the whole time, and I could tell this was pissing RM off.
[17] Some points of the confrontation:

1.
[18] Why are you calling my daughter these names?
[19] RM: I didn't say anything.
[20] She's making        up lies.
[21] 2.
[22] Why are you even in the apartment that much?
[23] You told us that you go there once a month to check on R.
[24] You also said she visits you every weekend?
[25] RM: The kids don't know how to cook, so I help.
[26] Also kids are busy studying so they need it.
[27] 3.
[28] Why is a 50 year old man in my daughter's apartment?
[29] -no answer-

4.
[30] Why are you going through my daughter's stuff?
[31] Why does she need a lock?
[32] Why are YOU limiting my daughter's times with her friends?
[33] -no answer-

I shall also mention that Roommate's dad was SITTING IN THEIR CAR ON THE DRIVEWAY DURING THIS WHOLE CONFRONTATION

But things got heated up really quickly.
[34] RM started insulting my parents:

- She said my mom is a bad mom because she never disciplined her children.
[35] - she said I am unruly and that the clothes I wear are despicable (she brought up clothes a shit ton, like this lady is really offended by my fashion sense).
[36] This annoyed my brother, and he showed RM IG pictures of R wearing more revealing clothing than me, and sitting on boys laps.
[37] RM shut her mouth about my clothes immediately.
[38] - She then proceeded to try to insult my parent's professions by saying they have ""God Complexes"".
[39] This pissed my brother off to the brink, and he replied with "" you own 3 subways and are almost broke, but we never say anything about it."" This pushed RM OFF THE EDGE, and she leaned in closer to my brother and attempted TO SLAP HIM.
[40] This lady tried to SLAP my 24 y/o brother IN FRONT OF MY PARENTS.
[41] They argued more, and my mom asked where the dress was again.
[42] This time, she walked away to their car, and pulled my dress out of her purse.
[43] She came back to where we were standing AND LITERALLY THREW THE DRESS IN MY FACE.
[44] My mom had no more patience left, and back Slapped RM across her face.
[45] I've never seen my mom raise her hand on anyone, and I burst out laughing.
[46] Even my dad had to walk back inside to keep himself from laughing in front of RM.
[47] RM started crying and said she was going to call the cops on us.
[48] When they left we had a big discussion:

My parents were angry that I never told them about this before.
[49] They said that they got me that apartment so I could do what I wanted.
[50] They wanted me to be able to have friends over, have a place to chill, and have a place without parental influence.
[51] However, they are very proud and happy with the way I dealt with the situation, and said calling the cops would unnecessarily escalate the situation that could be solved by talking.
[52] Thank you all for the advice.
[53] I appreciate it alot.
[54] ❤

They were mad at my brother cause they said he shouldn't have shown those pictures of R cause now she has to deal with that trouble at home.
[55] My parents agreed that letting R live in my apartment without consulting me first was wrong on their part.
[56] My parent's started the eviction process today.
[57] Anyways, it may be hard to believe, but I do stand up for myself a lot.
[58] It's just that in this situation, I didn't want to do anything that would offend my parents because I had respect for their friendship and I didn't want to ruin it or do something that would embarrass my parents.
[59] I learned from this, and I have growing up to do, but now that I know I have support, I won't worry about petty shit like this later.
[60] I also don't want to live alone so one of my best friends from high school is gonna be my new roommate(no, she isn't Indian).
[61] No one is living rent free in this situation.
[62] I would also like to say that even though I wasn't friends with R in high school, living with her for 2 years did help me make a bond with her.
[63] Idk if we can be friends after this, but it feels bad losing a friend.
[64] Also my parents are liberal ass Indians.
[65] They have lived here in America for over 40 years.
[66] They didn't want to spy on me at all.
[67] They don't mind me wearing skirts or tube tops or having guy friends over.
[68] Edit 1: I forgot to add, for those of you guys who think that my parents paying my rent and tuition doesn't make me an adult, I don't think it does.
[69] I'm so blessed to have parents who want to make sure that their kids graduate without debt.
[70] Also, it's my parent's money.
[71] They'll do what they want.
[72] This gives me no excuse to have a GPA less than a 4.0, Js.
[73] Edit 2: I took out the part where RM tried to threaten me with a wooden spoon to shorten the post.
[74] It was funny though.
[75] Edit 3: I added a TLDR.
[76] I included most of the important points.
[77] If something doesn't make sense I'll reply in the comments.
[78] The cops are yet to show up.
[79] Edit 4: GUYS WE FORGOT TO ASK FOR THE KEY BACK.
[80] FUCKING DAMN ITTTT
- nevermind, roommate's dad dropped them off at my parent's this morning.
[81] False alarm.",neu,10,flat,4,
3d44754601,28,377,90,"[1] I laughed and said “good luck!”.
[2] 3 weeks ago, my (30f) bf (31m) of 7 years and new fiancé were choosing our wedding venue.
[3] We had a tentative date selected (9/2/22) and wanted to see the venue before committing.
[4] Afterwards, we got lunch and reminisced about falling in love 7 years ago in the small beach town where our wedding was to be held.
[5] That night he told me he couldn’t wait to be my husband.
[6] What I didn’t know was that he had fucked his married coworker in the back of his truck the night before.
[7] That following week he was off.
[8] I thought it was wedding jitters but he was corresponding with the wedding planner about deposits for the venue.
[9] He even approved one of my wedding dress ideas.
[10] Intimacy and everything else seemed normal.
[11] Friday (1 week after he had cheated on me) I found him in the middle of the night in our bathroom crying.
[12] He dropped the bomb on me.
[13] I was stunned.
[14] Floored.
[15] Just in shock.
[16] We’ve been together for 7 years, lived together for 5.
[17] We have 2 dogs together.
[18] I told him to tell me everything and he sang like a canary.
[19] They were in love.
[20] They were soulmates (probably).
[21] He’s known her for 3 months and they’ve never interacted outside of work (according to him), but they have AMAZING chemistry.
[22] She’s been with her husband for 10 years and was officially married last summer.
[23] But he’s a bad man who doesn’t deserve her; he neglects her.
[24] Apparently, the plan was for him to leave me and then wait for her to divorce her husband so that they could be together.
[25] I asked him if she’d already started the separation process.
[26] He said he wasn’t sure, but she told her husband about them and he was “okay with it.”

The whole thing was so ridiculous that I laughed and wished him luck.
[27] This is not going to end well.
[28] At least the amusement from this mess will keep me distracted from the fact that my life is falling apart around me.",neu,2,tragic,5,
824191df5e,29,405,97,"[1] Update: My (22M) fiancé (21F) “caught up” with a friend and began to question our engagement.
[2] Edit: I can no longer comment on the post.
[3] To many replies I guess...
[4] I have read everyone’s comments thus far.
[5] Thank you all for the words of encouragement and support.
[6] To those that reached out in the DMs thank you as well.
[7] Original Story.
[8] She knew I’m 2019 that there was something there and was not sure how she felt then (we were still dating at that point and not engaged).
[9] I also found out she was wanting to break up with me 4 weeks ago.
[10] She also broke my boundary of social distancing &amp; saw a friend who has been in contact with someone with COVID (opinions aside she never told me &amp; my family had a few high risk people).
[11] We talked last night.
[12] I told her about my new findings and said it’s over.
[13] She needs to explore her feelings for the other guy (who looks half as good as me and is no where near financially stable).
[14] She agreed and I got the ring back.
[15] After lots of tears I started to discuss the lease and finances.
[16] She’s shitting bricks since 80% of our things are mine or my families.
[17] She had been using my car and relied on me to get our apartment.
[18] Even with a roommate, she will struggle.
[19] I wish nothing bad to happen to her, but she should’ve thought about all that before questioning our relationship.
[20] I have to quarantine until I can move back to my parents for now.
[21] It’s a weird limbo.
[22] It sucks, but I see the light at the end.
[23] I’m sad about the good memories but know if this didn’t happen shes explore feelings with other guys if we did get married.
[24] Have a great boss who told me to take the next few days off &amp; great friends who have been talking me through this.
[25] I’m thankful for covid, as it caused a delay in our wedding which would’ve been one week before D-day.
[26] Thank you for the support Reddit.
[27] We all know we deserve better and I know there’s someone out there who will love me unconditionally.
[28] Now time to heal.
[29] Peace and love.",pos,29,redemptive,5,
99ff8bafef,15,210,50,"[1] I survived my breakup and you will too..
[2] I remember being on Reddit for hours and reading the posts from people all over the world, telling their stories about how they all got their heart broken.
[3] It was the only time I didn’t feel so alone.
[4] There was always that one phrase that made me roll my eyes.
[5] It’s where someone would say, “time heals everything” but when you haven’t ate a proper meal in weeks or couldn’t sleep without sobbing uncontrollably — it didn’t really give me the answer I was looking for.
[6] Looking back now?
[7] Actually, that WAS the answer I was looking for.
[8] I allowed myself to feel every single emotion.
[9] Pain demands to be felt.
[10] One thing I had to remind myself was healing isn’t linear.
[11] You will have strong and weak moments, and that’s okay.
[12] It’s been a rough year for me, but I’m here and I’m smiling once again.
[13] Thank you to those who privately messaged me or ever gave me advice on my public posts.
[14] It means more to me than you’ll ever know.
[15] Once you discover your self-worth, you lose interest in anyone who doesn’t see it.",neu,10,redemptive,3,
63dd4b8b9a,42,737,177,"[1] UPDATE: My (40m) ex wife (40f) wants me to be with her in her last days.
[2] Link to my first post: 

Quick recap: My ex wife, who Ive known since I was 10, cheated on me but is now dying and wants me to be around before she dies.
[3] It's been almost 3 weeks since I've posted and a lot has happened since.
[4] I got some solid advice from a lot of you guys, especially some who messaged me their personal experiences.
[5] I'd like to thank you guys from the bottom of my heart.
[6] So here's what happened...
[7] As many of you guys suggested, I talked to my wife.
[8] We had a long discussion about the whole situation and I assured her that no matter what, she is and always will be my first priority.
[9] I also assured her that while I wanted to say my good-bye, I would never act like her husband.
[10] It would be more like me seeing a childhood friend or something like that.
[11] I also told her I would never spend the night nor would I be alone with her.
[12] She was more comfortable after our talk and was pretty ok with the idea of me seeing my ex again.
[13] As you guys guessed, she really felt like she was forced into being ok with it when my sister asked but this time, she really was ok.
[14] So I talked to my sister and after a long, long heated discussion about what my ""role"" would be in the visit, she agreed to the boundaries my wife and I set.
[15] A week later my sister and I came over to our old marital home.
[16] It was surreal cause while the emotions from years before came back to me, I didn't feel any sadness nor hatred or anything negative.
[17] I saw my ex, who was waiting for us in the living room and she cried when I walked in.
[18] Most of you suggested she was faking it but while she was still strong, you could tell almost immediately something was wrong with her.
[19] I indulged her with a hug and we talked for a few hours while my sister made lunch.
[20] I showed her pictures of my kids and told her stories about what they're like.
[21] Honestly, I didn't know how I would react after I saw her again but it just feels like seeing an old friend you haven't seen in a long time.
[22] There was no hate or anything like that.
[23] I walked around the house and it was pretty much the way it was when I left over a decade ago.
[24] Im not really sure how I feel about our wedding photos still framed and pictures of us still all over the house but it wasn't really my place to say anything.
[25] The three of us had lunch and played board games all afternoon.
[26] It honestly felt like we were back to when we were kids and the three of us would hang out together.
[27] It was nice.
[28] I left at around 6.
[29] She was sad but she understood.
[30] When I hugged her good-bye, she whispered ""I love you"" to me but then said how she's happy I was able to find the happiness she couldn't give me.
[31] That part got to me to be honest and I was fighting back tears.
[32] I told her I'd see her again soon and she asked if I could bring my kids next time.
[33] I told her I would and left to pick up dinner for my family.
[34] I told my wife everything that happened and she was quite happy about the outcome.
[35] I guess it helped that I brought home her favorite food but she also agreed to let me bring the kids next time.
[36] Overall, it was a great experience seeing her again.
[37] I feel like I needed that and would've regretted not doing so.
[38] Again, I'd like to thank everyone who gave me advice.
[39] Also, please don't roast my ex too much.
[40] She made a mistake and paid the price but it doesn't mean shes an evil person.
[41] This will be my last update.
[42] Thank you very much, reddit.",pos,30,flat,5,
236098be32,14,246,59,"[1] I got free coffee from Starbucks for about 6 months.
[2] About 15 years ago I was working in NYC and I would take advantage of the free refills that Starbucks had for drip coffee.
[3] The offer was really meant for people sitting in the store but I would buy coffee in the morning and then bring my cup back around 1 or 2p for another cup.
[4] Apparently in NYC, they weren’t allowed to actually refill the cup for health code reasons or something.
[5] So they’d throw out the cup and give you a new one.
[6] That’s when I realized there was a loophole here.
[7] I kept five cups and brought them home.
[8] Then I started bringing one in the morning to Starbucks and I’d get a free “refill”.
[9] I’d do this every day and I’d end up with 5 gross paper Starbucks cups at work and then I’d bring them home on Friday and repeat the next week.
[10] I did this for months, not paying for coffee at all, until one day I brought in my cup and handed it to the barista for a refill only to realize that all of the cups behind the counter were different.
[11] It was getting close to the holidays and they’d switched to their holiday logo cups.
[12] Well, color me embarrassed.
[13] I started paying for coffee again after that.
[14] It was a good run though.",pos,14,flat,4,
a641526a75,8,99,24,"[1] Closure isn’t real.
[2] Trust me..
[3] The only closure you need is the reality that this person no longer values you enough to make it work with you.
[4] That’s it.
[5] Don’t set yourself up to be punched in the face by having a “talk”, you are only going to hear things that will hurt you.
[6] They don’t want you, so be it.
[7] YOU deal with the pain, YOU find yourself, YOU move on because the writing is already on the wall.
[8] I wish you all the best of luck my friends, cheers.",pos,8,redemptive,5,
ba46ed35f9,43,702,168,"[1] Dumping her [26/F] for failing to believe me [25/M] about being sick?.
[2] My GF and I have been together for about a year.
[3] Most everything is great except one thing: If I tell her I'm sick/not feeling well/hurt she refuses to believe me.
[4] If I have a cold, she tells me I'm faking it until it goes away and then says ""see, you are fine!"" I'm rarely sick, so it's never been a major issue.
[5] But, she has zero sympathy when I'm sick.
[6] She grew up with hypochondriac parents who were always ""sick"" with something, often self-diagnosing themselves with fatal maladies.
[7] She has limited contact with them and the time I met them, I was told (by them) that ""they didn't have long left to live."" I get it, growing up in that household must have been awful.
[8] But, what happened on Sunday just sent me over the edge.
[9] GF and my sister [29/F] wanted to check-out this event and we were all supposed to go.
[10] I woke up with excruciating back pain and could barely breathe.
[11] GF got so mad at me for ""ruining this"" that she wouldn't speak to me.
[12] As she was about to leave I asked her not to leave because I thought something was wrong.
[13] She said no and left.
[14] I threw up in my bed and eventually called my parents (I was too embarrassed to call 9-1-1) and my mother and brother hauled me to the hospital.
[15] I was whisked back and after ~20 minutes I was diagnosed with kidney stones.
[16] Fentanyl and gravol and I had a CT scan and then went for a procedure to bust the kidney stones.
[17] (Anyone questioning whether or not to have the procedure: DO IT.
[18] The side effects are nothing).
[19] 5 hours later and I was laying on my parent's sofa in a haze.
[20] I have never, and hope to never, feel pain like that again in my life.
[21] I was sure I was going to die.
[22] The attending in the ER told me it's worse than child birth and that they've had it before, too.
[23] I didn't text my GF throughout because I really didn't have the strength or foresight.
[24] I was drugged up and uncomfortable.
[25] My sister found out that I had been in the emergency room and soon after my GF called me.
[26] She was pissed off I didn't call her.
[27] Then I reminded her that I begged her not to leave as I thought something was wrong.
[28] She got quiet and eked out an apology.
[29] I got furious and said something rather nasty things..
[30] among them ""f-off"" and some other unsavory things.
[31] In fairness, I was on dope, still sore, peeing blood and felt like someone had punched me in the gut.
[32] Standing was incredibly painful.
[33] I needed to take two days off of work & school, I rested in bed and the only thing you can think is ""the person who should have been there didn't even believe me."" 

She's texted me this week a formal apology and wants one in return for saying nasty things to her.
[34] I've been avoiding her texts/calls.
[35] I've felt like shit this week and picked something up in the ER so I laid low, took a few days off work and relaxed.
[36] She wants to meet tonight and talk about everything, but I'm still so mad I don't know if I should hold off seeing her.
[37] Is this as big a transgression as I feel like it is?
[38] Am I blowing this out of proportion because I felt so shitty?
[39] I just am so annoyed and angry.
[40] tl;dr GF didn't believe me something was wrong and I wound up in the ER with kidney stones and needed a procedure.
[41] She was mad that I didn't call her (I was too doped up) and then when I blew up at her she felt bad.
[42] I'm still mad at her.
[43] Am I blowing this out of proportion?",neg,4,flat,4,
924dfcacac,43,844,203,"[1] My fiancé (25M) spent our entire savings (which we both were saving for our wedding and honeymoon) to buy a gaming pc.
[2] What's worse is that ever since he got the pc, he has totally ignored me (27F) he has absolutely forgotten that I even exist in his life..
[3] My fiancé and I got engaged in December last year.
[4] In January this year, we both together decided to save money every month for our wedding and honeymoon.
[5] In 6 months, we saved around $8000.
[6] Last month, my fiancé's bestfriend bought a new gaming pc, so even my fiancé wanted to buy one, so he asked me, but I denied it because we both already had laptops.
[7] I told him that he can play games in the laptop that he already has.
[8] He repeatedly kept asking me if he could buy a pc and I finally agreed to it (now I regret it so badly).
[9] After a week, the pc finally came and with the pc, a new table and chair also was delivered.
[10] Apparently he had ordered a gaming chair and a table as well.
[11] That night, I asked him how much it all cost and he was a little hesitant to tell me.
[12] After a while he told me and I was distraught when I heard that he had spent our entire savings of $8000 to buy the pc.
[13] We had a very big argument that night and I scolded him for spending all our savings because that savings contained not only his money but my money as well.
[14] And we were saving it for our wedding.
[15] After everything I told him, his final reply was ""I will earn it all back soon"".
[16] I don't trust those words at all.
[17] I thought anything worse than this couldn't happen at this moment, but it has.
[18] It has been about 2 weeks since he got the pc and since then, my finacé hasn't gotten up from his new chair.
[19] Ever since he got the pc, he hasn't even seen my face.
[20] The only time he talks to me is when he is hungry, he calls to me and tells me to get him something to eat/drink.
[21] I call him to watch TV and he denies it saying that he's busy.
[22] I call him to sleep together and he denies it and says that he'll sleep later.
[23] His sleep schedule has been fucked.
[24] He plays games the whole night and sleeps as 5am and wakes up at 2pm.
[25] He's asleep when I'm awake and he's awake when I'm asleep.
[26] From the past 2 weeks I've been so lonely that it feels like I'm alone at home and nobody to even talk to.
[27] He is ignoring me so much that I think he has absolutely forgotten that I even exist in his life.
[28] I honestly feel like his waitress now a days because from the past 2 weeks, the only interaction we both have is him asking for food and water and me giving it to him.
[29] He has also 100% stopped doing all the house chores.
[30] From the past 2 weeks, I have been the one doing all the house chores and it's getting very hard for me to do it all alone.
[31] We used to share our responsibilities and do all the house chores together, but from the past 2 weeks, he isn't even taking care of himself.
[32] He is barely even brushing his teeth and taking a bath, let alone do the house chores.
[33] Also he is actually supposed to be working from home, but ever since the pc arrived, he hasn't even touched his laptop to work and he's isn't even seeing his phone to check if someone has called/text him anything regarding work.
[34] I'm now genuinely afraid that he might lose his job.
[35] Everything that is happening right now is so bad, I called my parents and told them about it last night and they almost had nothing to say.
[36] I'm thinking of calling his parents tonight and telling it to them, and maybe they can knock some sense into him.
[37] I honestly don't know what else to do now.
[38] I want to burn that pc.
[39] It would be very nice if someone suggested me something about this.
[40] Thank you very much for reading this and thank you very much in advance for your comments and suggestions.
[41] Tl;dr : My finacé spent all the money that we were saving for our wedding to buy a gaming pc and now all he does the whole day is play video games.
[42] He has totally ignored me and he has forgotten that I even exist in the house.
[43] He has also stopped doing all the house chores and has also totally ignored his work that he was supposed to do from home.",neu,36,redemptive,4,
c627b98240,18,465,112,"[1] I faked my resume and now I'm in the shit...........
[2] Throwaway account for obvious reasons.
[3] Since I started High School, my parents stopped checking in on my grades and their mentality was basically ""we don't care as long as you get into a good university"" and they've carried on this mentality to when I got into college and they didn't really checked on my grades and gave me free rein as long as I majored in the subjected they wanted and graduated on time with good grades.
[4] Well basically what happened was that I failed my first year and had to switch my major.
[5] I didn't tell them and they didn't ask so I thought as long as I got my shit together and not drop out I'll be fine.
[6] One day out of the blue last semester my dad asked me to write up a resume.
[7] I panicked and wrote up a resume but changed the GPA and major and made up some shit and thought I saved myself.
[8] Welp, this winter break my dad dropped it on me and told me he knows people in a big company, he gave them my resume and everything and wanted me to intern there.
[9] So I am fucked.
[10] They'll probably figure it out and let my dad know and I'll probably get disowned or something, and best case scenario they don't check and give me the job, and I have to live with the guilt that I got a job that I didn't deserve cause of nepotism, this shit is depressing as fuck and I'm typically an easy going guy but this whole ordeal is giving me anxiety like nothing else.
[11] I feel like an ass for failing and lying to my family about it and now I'm on the verge of being blown and I thought maybe making a post here will make me feel better but I honestly don't know.
[12] Edit: wow this has blown up.
[13] In all my years of Reddit, the post that gets blown up is a confession post with a throwaway account..
[14] talk about a wake up call.
[15] Anyways, I try to read all the comments I can.
[16] Some of you tell me to play it off and fake it till I make it, some of you tell me to come clean, some tell me to just disassociate from my family and do my own thing, it seems Reddit is just as conflicted as I am.
[17] I don't know what I'll do but I just want to say thank you to all that took the time to read and comment.
[18] I appreciate all the comments, even the harsh and brutally honest ones.",neu,11,flat,4,
65fd95399d,10,145,35,"[1] I overheard my dad talking to himself and now I can’t stop thinking about it.
[2] Yesterday, I was staying over at my parents’ house.
[3] I got up to grab some water and passed by my dad’s study.
[4] I heard him talking to himself, so I stopped for a second.
[5] He was saying things like “I’m such a failure… I should’ve done more with my life.”

I froze.
[6] I wasn’t supposed to hear that.
[7] He’s always been the strong one in the family joking, working hard, keeping everything together.
[8] I quietly walked back to my room, but now every time I see him, it’s like I’m looking at a different person.
[9] I feel guilty for eavesdropping, but also heartbroken knowing he carries this weight around.
[10] He still acts the same, but I can’t unhear those words.",neg,9,tragic,4,
a37ba9fd72,7,99,24,"[1] Lawyer called and I'm no longer divorced.
[2] 🤯.
[3] I'm kinda shocked at this, the judge reversed her desicion on a bunch of divorces due to the dates on the paperwork, and now I'm married to an adulterer again.
[4] Honestly, it hit me hard, it's been a crap week and I just turned 40 and all alone.
[5] But then I realized it's all about perspective.
[6] Instead of looking as though I'm married to her I see it as I get to divorce her twice.
[7] ""The divorce was so nice I did it twice""",neu,5,redemptive,4,
a3fc52afbf,44,498,120,"[1] To anyone that needs a peptalk.
[2] First of all, the memories that you have, they have them too.
[3] The fun you had with them, they had that with you too.
[4] The love you gave, they have felt it.
[5] I know it seems like you didn't mean anything to them, but that's not true.
[6] They loved you too.
[7] But..
[8] Not all love is the same.
[9] Your love was strong.
[10] You gave and gave and gave.
[11] You wanted them to be happy.
[12] You worked hard for the relationship to make it work.
[13] You put them first.
[14] You have grown a heart so big you kept loving them even though you didn't get the same kind of love in return.
[15] You would never give up on them.
[16] And that's beautiful.
[17] And again, they loved you too.
[18] But..
[19] Their love wasn't selfless like yours.
[20] It wasn't unconditional like yours.
[21] It wasn't powerfull enough to work through dificulties.
[22] They loved you in that moment, but they never grew a heart like yours.
[23] They put themself first.
[24] They thought of their own needs before yours.
[25] And most of all, they turned blind for all the love that you gave.
[26] Right now you feel like you didn't do enough.
[27] That you were not good enough.
[28] That if you would try hard enough working on yourself, then you could fix this.
[29] But please hear me out.
[30] YOU were strong, YOU were selfless, YOU were investing all you could, YOU saw through their flaws and loved them anyway.
[31] You weren't perfect, but your mindset was.
[32] And now you are hoping that they will come back, that they have realised they made a mistake.
[33] That if you decide to move on and not to wait for that to happpen, that you would then be the one giving up on the relationship.
[34] That you would give up on them.
[35] But you are not.
[36] THEY ARE THE ONES GIVING UP, not you.
[37] You will lose a person that wasn't selfless, that wasn't strong, that wasn't investing all they could (or maybe it was all they could and that's just as bad), that didn't know how to love you the way you deserve to be loved.
[38] Their love is the one with shortcomings, not yours.
[39] They are losing the person that would have sticked with them through everything, the person that was much more than what they deserved.
[40] You were good enough for them.
[41] They were not good enough for you.
[42] Ps.
[43] I posted this 10 months ago when i was just going through the breakup myself and as i know it helped a lot of people I decided to post it again for the new heartbroken people on here..
[44] you'll get through it, i'm living proof🧡",pos,32,tragic,5,
2bbe330f5a,63,1461,351,"[1] My (28F) Stepsister (29F) slept with my ex-fiancé (37M) and married him.
[2] It’s been 5 years and my family think I should be over it already..
[3] I changed some minor details for the sake of remaining anonymous.
[4] Also, sorry this is so long once I started writing I found it cathartic and couldn’t stop word vomiting all over the post.
[5] TL;DR at the bottom!
[6] When I was 23 (now 28), I was engaged to Ryan (was 32, now 37).
[7] Our engagement ended when my stepsister Kelly (was 24, now 29) begged me to leave him because they loved each other but Ryan was too afraid to break up with because he didn’t want to hurt me/my family.
[8] When I confronted Ryan about it, he denied it, said she had been trying to come on to him for some time and he never mentioned it because he didn’t want to ruin our relationship.
[9] He begged me not to believe her and so we continued how we were.
[10] Kelly grew resentful and made nasty comments about how I was forcing a man who didn’t even love me to marry me because I had low self-esteem constantly.
[11] A month later, she sent me a video of them having sex in my bed and multiple screenshots of him telling her he loved her, how he wished she was the girl he was marrying, how he hated that I wouldn’t let them be together.
[12] I was devastated and angry, but my best friend convinced me not to go nuclear on them and instead to quietly move out when Ryan was at work the next week.
[13] So that’s what I did.
[14] I contacted my dad and my stepmom and asked them if I could move in temporarily.
[15] I removed the money I had contributed into our joint account for wedding expenses and transferred the rest to him before closing the account.
[16] Once I got settled in, I sent all of the screenshots she sent me to all of our relatives and his.
[17] Ryan tried to get back together with me multiple times, but I ended up blocking him when I found out he had proposed to her with the same ring he gave me (I left it behind).
[18] Now Kelly is my stepsister from my mom’s side.
[19] I have another stepsister (36) and stepbrother (38) from my mom’s second marriage and a half-sister (26).
[20] They all went to the wedding.
[21] Whenever I tried to express I was hurt by the fact they were just supporting Kelly/Ryan as though what they did to me meant nothing they would shrug it off and say they couldn’t cut them out completely because they were family.
[22] I haven’t spent a single holiday with my mom’s side since, neither has my older biological brother or sister.
[23] I only see my mom and half-sister when I invite them over to my place as Kelly/Ryan moved in with my mom and my stepdad a year after they got married.
[24] Our relationship is very rocky, but I’ve grown closer to my dad/stepmom and their children (an older stepbrother and two younger half-siblings), who have all been very supportive since this all happened, so it’s not all been bad.
[25] On new years day my boyfriend (now husband) proposed to me.
[26] We had a small engagement party which I invited my mom and half-sister too.
[27] They never turned up because I was “excluding half of our family”.
[28] I never invited my stepdad or stepsiblings because they were pretty hurtful when it came out that Kelly/Ryan were sleeping together.
[29] They claimed it wasn’t their fault I got in the way of “true love” and made me out to be some sort of vindictive Disney villain for being angry with them.
[30] We were planning to have our wedding ceremony this summer, but in late February my husband suggested we postponed until next year because he was concerned COVID would get worse and we would have to cancel/reschedule anyway.
[31] I ended up finding out I was pregnant a month before our original wedding date, so we had a courthouse wedding on that date with the plan to hold the ceremony next year.
[32] Only my dad’s side of the family were aware of both the pregnancy and the wedding.
[33] My stepmom likes to knit so she’s been making some stuff for the baby.
[34] Recently, she posted about the things she had made on facebook with a caption talking about how excited she was to have another grandchild soon.
[35] I was tagged in the post.
[36] I have zero issues with the post.
[37] I never told my family I wasn’t going to inform my mom’s side, it wasn’t that I intentionally hid it from her she just never seemed very interested in my life/relationship so I never brought it up.
[38] My mom called me an hour later to demand to know if I was pregnant and how she couldn’t believe I hadn’t told her she was finally going to be a grandmother.
[39] She has since invited me and my husband over to her house multiple times, I’ve declined every single time for the obvious reason.
[40] My stepdad, who I’ve barely spoken to in 5 years has reached out to tell me how excited he is to meet the baby and my husband, same with my siblings.
[41] Even Kelly reached out to my husband to congratulate us.
[42] I was furious.
[43] The next time my mom and stepdad called me I finally laid into them.
[44] I told them I didn’t want them to keep inviting me over when they knew I would be forced to see Kelly/Ryan if I came, I told them how hurt and angry I still am over what they did to me and how my ‘family’ dismissed my feelings, I told them how they wouldn’t throw Kelly/Ryan away but they were so quick to leave me out to rot whilst I was going through the worst betrayal I’d ever experienced in my life, I told them I wasn’t even sure I wanted people like them in my child’s life.
[45] My mom was crying hysterically and kept saying I was being cruel, and I couldn’t deprive her of her first grandchild.
[46] The thing is, my baby ISN’T her first grandchild, my sister has two adopted daughters already who my mom doesn’t even try to bond with.
[47] She kept wailing about how I might be the only person in our family to even give her grandchildren (my stepsisters are both having a hard time getting/staying pregnant and my half-sister has proclaimed herself to be child free).
[48] My stepdad got angry and defensive.
[49] He claimed I was petty for holding onto something that happened 5 years ago.
[50] He pointed out how I had found someone else so I should understand how love works and sometimes two people just can’t help themselves.
[51] You love who you love, basically.
[52] He said Kelly/Ryan were happy together, so I should be happy for them the way they’re happy for me and my husband.
[53] The ironic thing is my sister told me Kelly/Ryan looked like they were on the verge of divorce and they argue constantly (my mom complains to her about them) and how my siblings all hate him but pretend they like him for Kelly’s sake.
[54] I ended up hanging up because I was so angry and when I get angry, I start crying, I didn’t want them to think they got to me.
[55] Since, I’ve been receiving texts and calls nonstop from my mom’s family.
[56] They’re all essentially telling me I should be over things already.
[57] It’s gotten to the point me and my husband have switched phones so he can screen my messages for me, and I don’t have to read them.
[58] TL;DR – My stepsister slept with my ex- fiancé and married him.
[59] I’m now happily married to someone else and we’re expecting our first child together.
[60] My family thinks I should be over it already since I’ve moved on, but the anger is still there, and I have no interest in forming a relationship with my ex or my stepsister again.
[61] They’re now putting pressure on me to try and get me to forget it ever happened.
[62] How do I make my family understand just how unforgiveable what Kelly/Ryan have done to me is?
[63] I would prefer not to go completely no contact but is that my only option here?",neu,53,flat,5,
d469191f63,17,556,133,"[1] My (24F) husband (31M) asked for a paternity test, it came back positive but our relationship was never the same..
[2] My (24F) husband (31M) and I have three children, our sons look exactly like him (dark skin and dark eyes and hair) but our daughter doesn't, she looks exactly like my great grandparents (really pale, blonde and green eyed) but apparently he didn't think it was possible that our daughter could look like my great grandparents, and from the moment he saw her he told me he wanted a paternity test.
[3] At first I refused because I felt it was humiliating and because I didn't think it was necessary because I never cheated on him and I hoped he would trust me but he didn't and for the first two months of our daughter's life he made my life hell.
[4] He didn't want to hold her even if she cried desperately while I was doing something else, he never woke up at night to help me with her, he never helped me with anything and that hurt me so much because with our boys he was completely different.
[5] He helped me all the time with absolutely everything and he was always there for me after giving birth, but this time he left me alone and it was the worst experience of my life.
[6] I have no family here and his entire family from the moment they saw my daughter turned their backs on me, I don't have any friends here either so it was just my daughter and me.
[7] She is a colicky baby so it was very difficult for me to do everything alone and on top of that help with our sons.
[8] I decided to do the paternity test because one day his entire family came to our house to celebrate my son's birthday and no one spoke to me and they didn't want to include my daughter in the photos that my in laws took of all the grandchildren.
[9] So I knew it was stupid to keep waiting for them to come to their senses.
[10] Well, the paternity test came back positive and everyone was shocked and of course they felt guilty for not having believed in me.
[11] Everyone apologized and my husband even cried when he held our daughter in his arms for the first time and I know that his apologies were genuine and that's why I forgave him but I don't know if I can forgive his family.
[12] They treated me really badly and said horrible things about me just a few days after giving birth and I can't forget their insults or violence.
[13] My husband knows that I don't want to see his family nor do I want them near any of our children and he told his family, so these last three months it has been just the five of us, but it doesn't feel as good as I expected.
[14] My husband is constantly apologizing and crying every time he holds our daughter and I am getting tired of this situation.
[15] I want us to be happy as we were before.
[16] So how can we move on?
[17] My husband suggested that we should start couples therapy, how much can therapy help?",neu,13,redemptive,4,
ec038b5e61,27,426,102,"[1] My [33M] fiancée [27F] chose to save my deceased father's stuff over her deceased mother's in a fire.
[2] How can I ever repay her?.
[3] Two nights ago, my fiancée accidentally set fire to our kitchen and the fire extinguisher in our apartment was defective.
[4] The fire spread quickly and burned through most of the building before they were able to contain it.
[5] I wasn't home, so I wasn't there to help my girlfriend gather anything up.
[6] If I was, I would have forced her outside and told her to leave it all.
[7] It's just stuff.
[8] She chose differently.
[9] First, she took out two dogs outside and handed them off to a neighbor on leashes.
[10] Then she went back in.
[11] At this point the kitchen was engulfed in flames and she couldn't make it into the living room, but she could get into the bedroom.
[12] She knew she wouldn't be able to make two trips and she had to act fast.
[13] Both of us have lost parents.
[14] I lost my dad 3 years ago.
[15] He was a friend of her father's so she knew him (though not very well), but he died before I actually met her.
[16] I have most of my dad's stuff in a storage unit, but in our bedroom I have his ashes, two guns, and a couple of other very personal things from my time with him.
[17] She lost her mom as a teenager, and because her father is an asshole, she only has a few small things of hers, and her wedding dress.
[18] Instead of choosing to save the few things that she has of her mom's, she gathered up my father's things, wrapped them in a sheet, and ran out of the room.
[19] I don't even know how to begin to say thank you.
[20] I'm so completely devastated by her losing her mom's things like that, and I can't imagine what she was thinking or how much she must really love me to make that decision.
[21] I don't know how to repay her.
[22] Or where to begin.
[23] Can anybody think of a nice gesture I can make it up to her?
[24] She must be devastated.
[25] I can't imagine losing the last bit of my dad.
[26] Tl;dr: my fiancée had an opportunity to save stuff from her dead mom when the apartment was burning, but chose to save mine instead.
[27] How do I repay her?",neu,24,tragic,4,
255523d2e2,26,407,98,"[1] [UPDATE]: Should I (33F) tell my ex’s (28M) girlfriend that he pathetically contacted me?.
[2] Link to original post: [

Original post TL;DR - Dumped ex for cheating.
[3] His other unsuspecting girl reached out to me to tell me the details and saved me from further heartache.
[4] They’re now together and he has contacted me in an attempt to get me back.
[5] I’m not interested, but should I tell her?
[6] &x200B;

Update: Sorry for the delayed update for anyone that was interested, but I moved and life has been hectic.
[7] I read every comment on the original post and considered every option.
[8] A couple weeks after my ex initially contacted me via email, he sent me a text message asking if I would ever talk to him again.
[9] Like before, I didn't respond.
[10] A couple days after I moved, I messaged his gf/the previous ""other woman"" on Facebook since that was my only form of contact with her.
[11] I first asked if they were together, to which she responded ""yes"" a couple days later.
[12] In a brief conversation I told her that I felt I owed her the courtesy since she once extended the same to me.
[13] I told her he had contacted me twice in the last month and gave her the gist of his email.
[14] She said she figured that's why I was contacting her, said she really appreciated me telling her, thanked me, and said she hoped I was doing well.
[15] I told her good luck and went on my merry way.
[16] No catfighting, no unnecessary chatting.
[17] In the end, I feel bad for her.
[18] Yeah, she made the horrible decision to get back with him but I'm sure she did hoping/thinking he had changed.
[19] He never will.
[20] Men like that don't.
[21] I was his unwitting fool for nearly 5 years, now she has that burden.
[22] I haven't heard from him since or heard anything from his family who still occasionally keep in touch as to whether she dumped him or not...my gut instinct is she didn't.
[23] Either way, my conscience is clear, a ""favor"" has been returned, and I'm still happily no longer with a cheater.
[24] Cheers folks!
[25] &x200B;

TL;DR - Contacted the gf, told her everything, she said thanks, we went our separate ways.
[26] No Jerry Springer.",neu,17,flat,4,
cb61176e8c,21,390,94,"[1] My (26F) fiancé (27M) left me for his “one that got away” four years ago.
[2] They’ve divorced and he wants to get back together..
[3] My fiancé broke our engagement off when his high school girlfriend moved to our city.
[4] They quickly got engaged, married and had a baby before it had even been a year.
[5] I was so blindsided and hurt, I don’t think I ever really got over my ex which is why I’m making this post to get some outside insight.
[6] My ex reached out a few days ago to “catch up”.
[7] He claimed he regretted breaking up with me two months after he did but because his ex-wife was pregnant at the time, he felt he owed it to his son to try and make it work.
[8] He said their relationship quickly fell apart when he realized his ex wasn’t looking for a life partner but someone to financially support her.
[9] He said the financial issues is what finally led to their divorce.
[10] They’ve been divorced for 6 months and have two children together.
[11] According to him, his ex regularly tries to get back together with him, but he doesn’t want her.
[12] He ended up asking me if I was willing to give him a second chance.
[13] In some ways, my ex has become my “one who got away” and I probably would’ve jumped at the chance to get back with him a few months ago.
[14] However, I’ve recently been talking to this guy and whilst we aren’t official or anything, we did go on a date two weeks ago which went really well.
[15] I feel like it could progress into something good and I don’t know if my ex is worth losing it over.
[16] I’d appreciate any advice on what to do in this situation.
[17] TL;DR – My ex left me for his “one that got away”.
[18] Four years and two kids later, they’re now divorced.
[19] My ex claims he regretted leaving me two months after he did but felt like he had to stay for the sake of his unborn child.
[20] He now wants a second chance, but I’ve met someone knew who seems like a great person.
[21] I don’t know what to do.",neu,9,flat,4,
fab3701bbf,17,312,75,"[1] Met a random woman at a large corporate function and she confessed.
[2] I was recently at a large corporate party with many people I didn't know from different offices around the country.
[3] I was making small talk with the wife of someone I didn't know and she started making humorous complaints about her husband.
[4] Nothing serious, typical middle age marriage jokes.
[5] We're laughing and says ""we've never before and we will probably never meet again,  so can I tell you something I need to get off my chest?"" I say sure and she confesses that she had a years-long affair that ended about 2 years ago.
[6] I smile and say that's not uncommon and not so bad.
[7] She then gets very serious and says that's not the bad part.
[8] He recently died of cancer and she so wanted to see him before he died but she couldn't (her husband actually knew about the affair, but his wife never did).
[9] She was on the verge of tears saying she couldn't even go to the funeral, but she did go to his grave afterwards.
[10] She couldn't talk to her husband about it, she couldn't talk to anyone.
[11] I wanted to ask her more questions,  but she stopped me.
[12] She got herself together and left to join her husband.
[13] Before the evening ended she talked to me again, with other people around.
[14] Big smile on her face saying what a great fun conversation we had.
[15] She asked to exchange numbers, which we did.
[16] She started texting me 2 days later, giving me a bit more details about the affair, explaining that she really loved the guy and missed him terribly.
[17] And then told me that her marriage was miserable and that she believes her husband is really gay.",neu,9,tragic,3,
a437043e41,176,2912,699,"[1] Update - My ex tried to cut my implant out while I was asleep.
[2] Essentially, my (now ex) fiancé did a complete 180 personality wise.
[3] Was so sweet and loving to both me and my son, until we fought about having another baby last night.
[4] He said horrible things and I was tired of fighting, so I took my Trazodone and went to bed.
[5] Woke up to him touching my arm implant birth control with a box cutter in his hand.
[6] Said he was doing me a favor, but I screamed at him to leave.
[7] I ended up leaving last night with my son to stay at my mom’s.
[8] I was confused, shocked, hurt, scared.
[9] I still am...
[10] At seven this morning, my phone started buzzing like crazy - texts, calls, voicemails.
[11] All were from him, asking me where I went and when I was coming home.
[12] I didn’t respond.
[13] I just don’t even want to look at him or talk to him again.
[14] He called my mom while we were both sitting in the kitchen discussing everything.
[15] She asked me if I wanted her to answer it.
[16] I said I just didn’t want to talk to him.
[17] My mom ended up answering and my ex was yelling, sounding panicky.
[18] He said I left with my son last night out of the blue and he’s worried, no mention of our fight.
[19] He asked when my mom last heard from me and she lied and said last night.
[20] He made a noise over the phone, like an angry sigh and said he was going to keep searching for me, that he’s worried something bad has or will happen to me and my son.
[21] When my mom hung up, she pulled me into a hug.
[22] I guess I had started crying and didn’t realize it.
[23] She was still hugging me when she asked how I wanted to proceed, if I was done with him for good.
[24] I said I was and she nodded and told me first thing was to go to the police (like a lot of you said).
[25] I didn’t have any proof about the box cutter situation - it would come down to my word versus his.
[26] If he had even knicked me a little, I’d have a case against him, but since he technically didn’t hurt me, the detective said he’s seen cases similar to mine thrown out.
[27] The officer did bring up ex partes and suggested I get one for both me and my son immediately.
[28] I went to the courthouse to get the paperwork filled out.
[29] I had to detail as much as I could remember from last night - every word and action.
[30] My mom helped me and we got them turned in and moved on to the next step - calling my landlord.
[31] I’ve been living in the same house for two years - the first year was a lease and now I pay month to month.
[32] Everything is in my name and most of the furniture is mine.
[33] I told my landlord what was briefly going on and that I was putting in my thirty day notice (my mom has a guest room that she’s insisting I stay in).
[34] After getting off the phone with him, I called the utilities and closed my accounts - water, electric, gas, internet.
[35] Next my mother asked me what I wanted to do about my belongings.
[36] I told her I don’t want to leave anything that’s mine — all important papers, knickknacks, clothes, furniture, all of it.
[37] I just didn’t know where to put it, so my mom suggested a storage unit.
[38] Once that was decided, we had to figure out when to start the move.
[39] Mom ended up calling my two brothers and they both agreed to help me move, just give them a date and time.
[40] I told them definitely sometime this week and my eldest brother suggested a police presence, just in case.
[41] Think it’s called a civil standby?
[42] Idk, but I agreed.
[43] By this point, it’s getting late in the day and I’m as drained as I can get.
[44] I just wanted to go curl up with my son and try to sort my thoughts out and calm down.
[45] The county clerk ended up calling me, telling me the judge granted my ex partes.
[46] She told me that I needed to come pick up paperwork, which had the court date on it.
[47] She also mentioned ex-fiance would soon be served and told me I don’t have to see him again until we go to court, to make the ex partes into permanent restraining orders.
[48] She suggested lawyering up, but I’m officially burnt out on today.
[49] I’ll look into lawyers tomorrow, but tonight, after this update?
[50] It’s a cuddle in bed with my son night.
[51] A couple things that I’ve seen repeated - why didn’t I leave right when ex started saying those awful things about my son.
[52] I honestly thought he didn’t mean them.
[53] He’s told my son he loves him before.
[54] Part of it was also shock, I guess.
[55] I couldn’t believe what I was hearing and that I was hearing it from someone who I wanted to spend the rest of my life with.
[56] I didn’t think he truly had hatred in his heart and it never crossed my mind that he would hurt me or my son.
[57] He’s never even spanked my son.
[58] I just thought we needed a cooling off period, so I removed myself from the situation to take my meds and sleep, naively thinking things would be better in the morning.
[59] People also questioned why I would even bother sticking around to try to talk things out and that’s a valid question that I don’t have a rational answer to.
[60] Part of me thought I was dreaming, I think, and the other part is the side of me that thinks everything equates to being my fault, like I was too mean during the fight, too stubborn to see things his way and try to understand his feelings.
[61] Idk.
[62] It’s late.
[63] Everything feels surreal and I have this pit in my stomach that feels like dread.
[64] What if ex shows up at my mom’s house?
[65] I still haven’t returned his messages or phone calls and now he legally can’t contact me anyways.
[66] I’ve had two of my best friends call, saying ex called them.
[67] My younger brother (who I guess has always hated ex but I didn’t know that until today) said even he got a call.
[68] So far everyone is saying they don’t know anything, but I’m scared.
[69] Idk.
[70] I’m sorry.
[71] Just thought I’d update.
[72] [UPDATE EDIT] Update to the update - so many people offered great advice that I’d never think of myself.
[73] I’ve been kind of heavily relying on my mom to guide me through this and keep me and my son afloat.
[74] I’ve also been given several things to read, which I am absolutely going to when I have some down time.
[75] I appreciate every comment, from extremely helpful to well wishes and even the ones questioning the validity of this.
[76] To be honest and it’s a horrible cliche, but if it wasn’t happening to me, I probably wouldn’t jump to believing either.
[77] Sometimes I let my emotions get the best of me and I end up sounding either very clinical in my typing, or very unnecessarily dramatic.
[78] So I get the mistrust.
[79] My update last night was written late, I was exhausted, but I wanted to let the people from my original post know — I took their advice and got out of there.
[80] My emotions have been so conflicting and chaotic, I’m surprised I was able to sound coherent, let alone like a “teenager writing fanfic”.
[81] I wish this was a fanfic.
[82] I could feel safe again.
[83] My mom has been an absolute angel and I’ve shown her some of your comments, complimenting her.
[84] And she definitely deserves it!
[85] Never once did she make me feel I couldn’t be completely honest with her, she’s reopened her house to me (even though I moved out years ago).
[86] She’s really kept the ball rolling on everything with her organization skills.
[87] She made a list and yesterday we followed that list to the letter.
[88] When I wanted to put stuff off, she’d gently remind me of what could happen if I paused.
[89] Ex could find me, hurt me, hurt my son, or anyone helping to protect me.
[90] You all are very right and I’m ashamed to say I didn’t realize just how much support I have and what a tremendous family I have.
[91] A couple people mentioned to be careful if Ex finds out where I am — and my mom and brothers already had a plan for me.
[92] They called it Round Robining - if Ex found me at mom’s, I’d flee to Eldest brother.
[93] If he finds me at Eldest brother, I’d temporarily stay with my younger brother.
[94] Really, I appreciate you all commenting that I’m doing things right and quick and how impressive it is, but that’s not my doing at all.
[95] That’s all on my family.
[96] They’re the extraordinary ones (there goes my fanfic cliches again) going above and beyond for me and my son.
[97] Some of the comments that questioned my validity remarked that it was odd that I immediately went to Reddit to see what to do/how to feel.
[98] You’re all right, that it unusual, but not for me.
[99] I grew up when LiveJournal was a big thing, writing helps me organize my thoughts and I figured this community would help me understand...
[100] and I was right!
[101] Another thing I want to address is Ex’s sudden change.
[102] I’m now wondering what to do for that.
[103] I don’t want him in my life still.
[104] But some of you mentioned a brain tumor or a psychotic break, so I’m worried.
[105] I sent Ex’s mother and father a message this morning saying I broke off the engagement and left, but both messages are still unread.
[106] I don’t know what to say to them, in regards to Ex’s health.
[107] Will they be mad for daring to say this might be a breakdown?
[108] Will they actually take him to get tests ran?
[109] And if they even tried, would he willingly go?
[110] I don’t know.
[111] I guess I need a little more advice about how to broach that.
[112] There’s more to address and I even had a consultation with a lawyer today, but I can go into that another time.
[113] I’m still processing everything.
[114] It still doesn’t feel real, it feels like a badly written teenage fanfic, to be honest.
[115] Idk.
[116] Sorry for rambling again, guys.
[117] I just wanted to let you know I’m taking notes from your helpful suggestions, that I’m not ignoring you guys.
[118] My mother took my son for ice cream and let me stay behind, which is why I decided to hop on Reddit and check on everything.
[119] One last thing, though.
[120] The AWARDS, I’m truly humbled and grateful for them.
[121] Some of them I had to click on to see what it meant and they’re all so sweet!
[122] I’m endlessly thankful for the awards, your comments, and your messages.
[123] Thank you!
[124] -
-
-
-
-
-
-
-
-
[UPDATE] When my ex was served his papers, he did not take it well.
[125] I had already blocked him on everything, but he took a picture of his paper and posted it on Facebook, with a message to me and my son.
[126] A mutually friend saw it (and that it contained my personal information) and screenshot it to let me know.
[127] After taking advice, I called the police to see if it was a break in the ex parte.
[128] They made an incident report and told me I could pick it up the next day at the police station.
[129] They didn’t arrest him.
[130] My mother had already procured me a great lawyer, “A shark, which is what we need” - in her own words.
[131] I told my lawyer about the screenshot and he immediately put in, both his appearance on my behalf, and a motion for contempt of court, for breaking the ex parte and threatening me and my son.
[132] Our original official court date isn’t until next week, but the Judge got us in early to deal with the screenshot.
[133] Ex showed up without a lawyer and I showed up with only my lawyer.
[134] Due to COVID, no extra people allowed in the court room.
[135] I really wanted my mom there with me, but my lawyer (instead of sitting on the bench at the sides, reserved for lawyers) sat by me, kept himself between me and my ex at all times.
[136] A bailiff was there as well, I guess it’s standard procedure to have one in court.
[137] My lawyer advised me to let him do all the talking, only answer questions when directed at me and answer them as succinctly as possible.
[138] Judge ended up giving Ex a warning, saying if he even mentions me or my son, he’d put him in jail 24 hours for every incident until the official court date.
[139] Ex was also ordered to pay my legal fees for the emergency session.
[140] Friday, we got mine and my son’s possessions out of the house with massive help from friends and family.
[141] I knew Ex had to work Friday and we arrived (with a police officer, just in case) an hour after Ex should’ve been at work.
[142] We left anything that he could claim as his or that we’d bought together and I didn’t care about.
[143] Most of the items went into two different storage units, from the same place.
[144] The reason we chose these storage units is they’re gated and locked at night.
[145] The items me or my son would need for everyday use went to my mom’s.
[146] Ex’s parents HAVE opened my messages now, but they still haven’t responded.
[147] Lawyer said we’re still on for official court date next week and nobody has entered their appearance yet on behalf of Ex, so we’re unsure if he has a lawyer or not.
[148] Lawyer told me it’d follow basically the same as the first hearing.
[149] It’d be a general hearing, with other people having filed their own ex partes for other people.
[150] No extras allowed in the room, face masks required.
[151] He’d keep ex away from me.
[152] No talking unless answering questions, give succinct answers unless asked to clarify.
[153] He’s confident that the ex partes will become permanent restraining orders, but he warned me its not like it is in movies.
[154] The restraining orders will go for one year, unless a box is marked saying to re-issue it every year (I marked the box).
[155] He also said for every year, Ex has the ability to appeal it and we’d have to go to court all over again.
[156] For now, I’m just...
[157] trying to keep my head above water.
[158] I’m kinda afraid because I’ve had people message me to tell me they’ve seen my post on Facebook, Twitter, Instagram.
[159] Some of you sleuths have even found the state I live in.
[160] I’m just hoping Ex doesn’t find any of the posts and puts two and two together.
[161] I’m sorry I haven’t responded to every comment or message and that this update is late.
[162] I’ve just been trying to keep my son’s life as normal as possible.
[163] It breaks my heart when he asks when we’re going home or where “Papa” is.
[164] He just knows we’re having a long sleepover with his Mimi.
[165] He’s loving having pets around, though.
[166] We weren’t allowed to have animals at my house, so the fact that my mom has a dog and a couple cats, he’s excited.
[167] I’ve warned his daycare about Ex.
[168] Most of my family and friends are aware there’s a serious situation, but not details.
[169] Idk.
[170] It’s been a long week.
[171] I’m exhausted.
[172] I keep looking over my shoulder and I’ve made my mom buy extra locks for the doors.
[173] Some have mentioned cameras for the outside and my mom has already started pricing some.
[174] She said her sister (my aunt) has been trying to get her to try RING for months, so this is the kick in the pants she needed.
[175] I’m sorry the update is late.
[176] Still feels surreal, but I have to just keep swimming (my son is obsessed with Finding Nemo).",neu,67,flat,4,
de1e997fc6,20,423,102,"[1] If you’re a dumper who regrets their decision but is too afraid of reaching out, read this..
[2] Time has passed, maybe 3, 6, 9 months… 1 year… and you realized breaking up was a mistake.
[3] You thought you didn’t love them anymore, you were overwhelmed, you were convinced it was the right decision and after some time realized it was not like that and regret what you did… You’ve worked on yourself and wish you could show them… So what now?
[4] I’ve seen so many comments and posts here of dumpers saying they regret breaking up but don’t want to reach out to their ex (despite them wishing they had them back) because they think their ex has moved on and they don’t want to bother them anymore because the ship has sailed… or because they’re scared… And it really pisses me off.
[5] Because you’re doing it AGAIN.
[6] You’re deciding for them, AGAIN.
[7] Look, I’m not going to judge you for whatever reason you had to break up in the first place.
[8] Everyone makes mistakes and we all do things we’re not proud of and you were probably going through things and thought at that time that it was the right thing to do, even if it wasn’t… That can happen, life isn’t easy and people make mistakes.
[9] But back then you made a decision, you decided to break up.
[10] And you (most likely) didn’t talk to your partner to explain how you’re feeling and talk about things and decide together what to do.
[11] No.
[12] YOU decided and informed them about your decision.
[13] And now you realized that it was a mistake and you wish you had them back but prefer not to reach out because of fear of rejection or because you think they’re happy now (which they might be!) or whatever.
[14] But reality is you’re making the decision again, alone.
[15] So please, talk to them.
[16] The least you could do is apologize for the things you did wrong.
[17] And then it’s up to them.
[18] Maybe they see how you’ve worked on yourself and want to try it out again.
[19] Or maybe not, maybe they’re happy without you and don’t want you back, in which case you’re not losing anything anyway but had the chance to apologize and take accountability for your mistakes.
[20] Either way, this time you didn’t decide for them and that’s a way to show that you respect them.",neu,2,redemptive,4,
92c1d95981,83,1295,311,"[1] Wife (33F) and I (38M) are pretty much at the end.
[2] She crossed a redline and I don’t know how or if to proceed..
[3] Throw away account for reasons.
[4] Sorry for the long post, there’s a lot to process and I don’t know where to start.
[5] A few nights back, we met up with some of my friends from work to blow off steam from social isolation, it was our first time in a social setting since March - the beginning of COVID stay at home orders and also when we welcomed a son.
[6] We met at a brewery, then went back to another couple’s house.
[7] Lots of beer over a 3 hr period at the brewery, then we stayed at the other couples house until about 10:00 pm, or about 4 hours.
[8] Way too late, but we both got wrapped up in the moment.
[9] I cut myself off at about 9 and had maybe two beers in a 3 hour period before that.
[10] My wife was obliterated though.
[11] Not the safest decision, but I felt good enough and decided to drive home.
[12] Wife has work the next day, we have two kids, and we are an hour from home, safety, and frozen breast milk.
[13] I felt sober but would not have driven in other situations.
[14] She passes out in the car.
[15] Around 11pm we arrive back to our place, she wakes drunk and disoriented and starts ordering me and our daughter around in our apartment garage.
[16] Blackout drinking episodes were a recurring issue with her earlier in our relationship but have not happened in about two years to this point.
[17] I ask her to just get in the house, it’s late and we need to get inside.
[18] She then brings out a laundry list of complaints she has about me and grabs our son.
[19] I remove our daughter from the situation, sending her back into the house.
[20] This angers her even more.
[21] Wife refuses to bring son back in the house; and then brings him back to the car and puts him in his car seat.
[22] There’s shouting on both sides, and afraid for my son- I threatened to call police (would have been disastrous for all involved but all I could think of doing).
[23] While she’s fiddling around on the driver side, I removed our son and brought him in the house.
[24] I proceed to feed him so he can go to sleep safely in his crib.
[25] She enters the house during his feeding and about 20 minutes after us and all hell breaks loose.
[26] She follows me throughout the house trying to take our son from me.
[27] Lots of shouting.
[28] Any distance I create is closed immediately.
[29] I again threaten to call police, but now my daughter is up and crying from a situation she doesn’t fully understand.
[30] Wife takes daughter into her room and slurs through speech I can’t understand while I am rocking our son in his room.
[31] When she leaves daughters room, I go in and apologize to daughter for everything that’s happening.
[32] This sets wife off even more.
[33] As I try to change son's diaper on our couch she’s physically trying to pull me away from him.
[34] Despite that, I finish changing him then again try to create space by going to our room (small apartment not many places to go).
[35] She follows me, stumbling and shouting.
[36] I move through the room trying to stay away from her while holding our son.
[37] I refuse to hand him over to her.
[38] She then slaps me in the face, twice.
[39] It’s now about 1 am.
[40] She’s threatening divorce and pushing every known verbal trigger.
[41] Completely frustrated at this point, I point out that I am his main care giver and these actions of hers would support me getting custody.
[42] She goes nuclear.
[43] After about 30 minutes she starts to calm enough that I at least let her touch her son.
[44] We continue to talk and I set him on the bed.
[45] She then snatched him up and walks around the apartment with him.
[46] In a ridiculous foot race around the apartment I’m begging her to put him back in his crib.
[47] Eventually she passes out in bed with him.
[48] It’s now 2 am.
[49] I wait ten minutes and pick up our son, put him in his crib, and lay down between it and the door in a blocking position.
[50] No sleep for me.
[51] 4 am, wife wakes up and tries to get him out of his crib.
[52] I talk her out.
[53] For the next two hours this will happen repeatedly.
[54] Wife alternates by demanding she and I talk and trying to pick up son.
[55] One of these are happening every 5-10 minutes.
[56] My repeated demands for her to give me space, stop talking, and let our son be are ignored.
[57] There’s nowhere I can go that she will not stop following and harassing me to talk to her, I can’t leave the apartment and the kids with her in this state but I don’t want to be near her at all.
[58] It’s now 6 am.
[59] She sobers up, admits to her behavior, and apologize.
[60] Son wakes up and needs to eat.
[61] I let her do this and finally pass out, getting a little less than two hours.
[62] There’s so much to process here that I don’t know how to proceed.
[63] She got physical with me, which is a very bright red line.
[64] I wasn't physically hurt, but it is emotionally damaging and that can't be put back in a bottle...
[65] I'm afraid it will only escalate on her end from here.
[66] There’s the threat she presented to our son while blackout drunk.
[67] The horror of my daughter seeing us shouting at each other.
[68] The complete disrespect for my need for time and distance.
[69] The litany of perceived slights and transgressions that she rolls out in every argument.
[70] The postpartum I’m very much sure she’s experiencing.
[71] The next day I demanded that she finally address her postpartum and that we needed extensive counseling for any chance that our relationship could survive.
[72] She sought a therapist for postpartum, joined a postpartum support group, found a separate marriage counselor for us both, and stated she would see a physician.
[73] She’s still angry at me and focused on the fact I said I would have called the police, and that when she divorced me I would try to get custody.
[74] We argued again last night and she woke me up to argue again this morning.
[75] I’ve been sleeping on the couch because I can barely stand to be in the same room with her.
[76] She thinks an apology should have been enough, but I am devastated.
[77] After this event I’m not sure that therapy will even work.
[78] I was mostly catatonic and didn’t even eat for two days.
[79] I can’t talk to her, look her in the eye.
[80] Events from the night keep flashing through my head.
[81] She stated I can’t bring up anything regarding a threat to our son or CPS will be involved and we will both lose him.
[82] I need advice, how can I even begin to cope with all this?
[83] Edited because initially put on mobile and a bot told me to change the wall of text.",neu,64,flat,4,
0598fded8b,17,349,84,"[1] Update: How do I [32F] protect my work relationships from a bad nepotistic hire?.
[2] [Original post](

Since my story got way more interest than I anticipated, I thought I'd give an update.
[3] The CEO didn't want to talk to me about Donna and I didn't bring it up in the meeting a few weeks ago.
[4] However, everything kind of came to a head last week when Gavin started telling other people on the team that a few of us, including me, were making his wife feel awkward.
[5] I think some of the original commenters predicted this would happen, albeit in a slightly different way.
[6] He didn't tell me directly and I found out from the other people who had been accused.
[7] I then decided to talk to the CEO about Gavin.
[8] \I didn't mention Donna or her work quality\ but I wanted his advice and input on whether I was making anyone uncomfortable.
[9] I also gave my side of the story, focusing on how the accusation dampened my morale and pointing out that I feel like outsider sometimes since most people in the company are old friends.
[10] Fortunately for me, he didn't see things the same way Gavin did and said he would speak to him.
[11] After the meeting, the CEO quietly took Donna off my projects and reassigned her something small and not really connected to the core business objectives to work on.
[12] He's also now interviewing someone from outside the friends and family circle to take on the lion's share of what Donna was originally assigned to do.
[13] Gavin has been told to provide more direct support for Donna, which he seems annoyed about but obviously isn't going to fight.
[14] TL;DR: I'm lucky my CEO is a wise dude.
[15] All in all I think this is a good and fair outcome for everyone, though things with Gavin and I will almost certainly get worse.
[16] Thanks for all the advice in the original post.
[17] OMG thanks for the gold kind stranger!",pos,2,redemptive,4,
e83a823462,17,267,64,"[1] My (36F) husband (38M) cheated on me with my best friend-- I've never been this broken in my life before..
[2] I don't know...
[3] I feel like an idiot.
[4] Like, I should've seen the signs.
[5] I keep just asking the questions ""Why would they both do this to me?"" And, ""Did they both ever care for me?""

My best friend told me that she and my husband had been sleeping together for two years.
[6] It was a mutual agreement.
[7] She sent in a text:

""You were never meant to find out.
[8] It was just supposed to be a friends with benefits situation.
[9] We both wanted it, but we knew what we were doing would catch up to us.
[10] I told him that it was time for you to know.
[11] We both love you and want you to do whatever you feel the need to do.
[12] If you wish to stop talking to me you don't have to reply to this message, but if you want to know more you can ask whatever you wish.
[13] If there's no response I will take that as a I'd like to be left alone.
[14] Whatever you'd like to do between you and your husband is up to you two, but I am no longer sleeping with him.""

I just...
[15] why?
[16] Edit: I've been tired all day and a lot has happened but I'll try to post an update tomorrow.
[17] Thank you so much for the support, it's just nice having the internet to hear me.",neu,17,redemptive,4,
5b206b4230,6,86,21,"[1] Deleted Fox News Channel on Relative's TV During Recent Visit.
[2] Every time I visit my relatives house, Fox News is blaring on the tv.
[3] I share my cable account with this person, so it annoys me that my money goes towards that poor excuse for a news channel.
[4] Today, I was asked to fix something.
[5] While doing this, I blocked fox news and fox business on the cable account.
[6] It may be petty, but I can't stand hearing that propaganda.",neu,6,flat,2,
a06dfe4470,57,821,197,"[1] UPDATE: I [22F] just found out my boyfriend [27M] has been having sex with me when I'm sleeping after I've taken sleeping pills..
[2] [Previous post can be found here]( but the TL;DR is in the title.
[3] I have really bad insomnia and often take pills that knock me out completely.
[4] I'm pretty much dead to the world when I take them.
[5] Recently, about 2 weeks ago, I found out that my boyfriend would have sex with me while I was knocked out despite me saying that I wasn't up for sex before I fell asleep.
[6] I woke up that day because I was feeling unwell for different reasons and hadn't taken my insomnia pills.
[7] He didn't see what was wrong with him doing what he did.
[8] &x200B;

Now for the update.
[9] after I found out what happened, I went to my older brother's house and have been staying with him since.
[10] I'm so incredibly lucky to have him.
[11] It was from his house that I made the last post.
[12] After that post, I was replying to the comments until I fell asleep.
[13] The majority of them told me that my boyfriend was raping me and that I need to break up with him and report him to the police.
[14] That was something I didn't wasn't to have to do.
[15] When I woke up in the morning, I had almost 600 more replies and I got really overwhelmed and had to step back and decide for myself what I was going to do.
[16] So that is exactly what I did.
[17] &x200B;

I had decided that everyone deserves a second chance.
[18] I wanted to talk to my boyfriend explain why I wasn't okay with what happened and why it was wrong.
[19] I went into that conversation with every intention of staying with him and giving him a second chance.
[20] &x200B;

So I called him over a little over a week ago so we could talk.
[21] I started to explain everything to him and why I had to go away for a while.
[22] The conversation was going okay at the beginning.
[23] But then it took a turn.
[24] As soon as I brought up the fact that I wold him no to sex before I feel asleep but he did it anyway, he kinda snapped.
[25] He started yelling.
[26] He started throwing things.
[27] He got scary violent.
[28] Telling me that he knew I was insinuating that he had raped me.
[29] Saying I was accusing him of something very serious.
[30] I hadn't said to him that he had raped me.
[31] I hadn't even gotten the chance to tell him that I was going to give him another chance.
[32] &x200B;

Then things took another turn.
[33] In my last post, people were accusing me of attention seeking.
[34] I don't want to come off that way so I am not going to disclose what happened.
[35] I'm still trying to process everything and wondering how I could be so wrong about a person.
[36] &x200B;

I just want to say thank you to everyone who commented and messaged me on my last post.
[37] You have no idea how much it meant to me to have your support, especially when my boyfriend was trying to convince me I was the one who was wrong.
[38] I'm sorry I didn't listen to you guys.
[39] I was wrong.
[40] But I think what happened would have happened regardless of what decision I had made.
[41] Maybe it was better that way because now I know for sure.
[42] I don't know what is going to happen in the future, but for now I'm living with my brother and trying to get my life back in order.
[43] &x200B;

Again, thank you.
[44] &x200B;

EDIT: Some people have asked of he is now my ex.
[45] I guess I didn't really directly say that he is.
[46] We are no longer together.
[47] And never will be again.
[48] Even if I decided to get back together with him for some crazy reason, my brother will never let that happened after what transpired that day.
[49] &x200B;

EDIT 2: It's come up a lot.
[50] People are asking to telling me to report him tit he police.
[51] My brother did report him.
[52] Another thing people keep asking is what happened.
[53] Call me an attention seeker if you want.
[54] I don't care anymore.
[55] What I left out was that when he got violent, he tried to rape me.
[56] If my brother hadn't heard him and pulled him off of me, he would have succeeded.
[57] It's so embarrassing, not just that I was almost taped but that my brother found me like that.",neu,40,flat,4,
ba55f24d6a,34,751,180,"[1] My (25F) cousin (26F) resents me for not having an arranged marriage and blames me for hers..
[2] Almost all the marriages in my family have been arranged marriages.
[3] My mum’s marriage to my bio dad was an arranged marriage but it ended up in a messy divorce and him completely abandoning us before I was even born.
[4] My mum had a love marriage the second time, despite the disapproval of her family, and has been much happier with my stepdad than she probably would have ever been with my bio dad.
[5] Because of this, my mum has always been very adamant that she would not try to force us (my siblings and I) into arranged marriages despite what the rest of our family thought.
[6] I’ve been with my fiancé (26M) for 3 years now, we got engaged 2 months ago.
[7] He’s met my parents and siblings but as far as the majority of my extended family were concerned, I was single until 2 months ago.
[8] Early last year, my fiancé dropped me off home after work one day and my uncle was there.
[9] My uncle is the oldest sibling my mum has so he’s seen as the ‘head’ of the family (i.e.
[10] he thinks he has a say in what the rest of us do).
[11] It was obvious my uncle was pissed, and he ended up grilling my fiancé and I assume he met his standards (a lot of arranged marriages are about what both families can gain from one another (e.g.
[12] wealth, influence, etc.)) so he told my mum to get us married quickly (he wanted to make it look like we had an arranged marriage before the rest of our family found out).
[13] My mum ignored him and told us to keep dating if it’s what we wanted.
[14] Over the past year, he’s mentioned me getting married to my mum every single time he’s spoken to her.
[15] Apparently, my uncle assumed just because he’d given the ‘order’ that we were going to get married soon.
[16] He told my cousin (his daughter) that I had agreed to an arranged marriage and because I had and she was older, she should agree to the match he’d found her.
[17] My cousin never mentioned this to me, but she did agree to marry the man my uncle found for her.
[18] They got married late last year.
[19] They haven’t had a good marriage and my cousin is very unhappy.
[20] Her husband is incredibly controlling and hardly ever lets her go anywhere without him or a member of his family.
[21] Last week, she was over at my house when my fiancé came over to drop some of the clothes I’d left at his place over.
[22] When I told my family about my engagement, they all assumed it was an arranged marriage and I didn’t bother clarifying because it really isn’t anyone’s business.
[23] You don’t tend to do sleepovers if you’re having an arranged marriage, so my cousin knew immediately it wasn’t what she assumed.
[24] She started asking me questions about my relationship and I answered honestly.
[25] She got really angry at me and kept demanding to know why I didn’t tell her about him.
[26] The thing is, I’m very close to this cousin but I also know how our family is about dating and I didn’t want my male cousins trying to strongarm my fiancé (they’ve jokingly threatened this before).
[27] She pretty much blamed me for her arranged marriage and said she only agreed because she thought I was going to have one too and if I had told her I had a boyfriend, she would have had the courage to stand up to her family.
[28] She hasn’t spoken to me since.
[29] I do feel bad for her.
[30] I know how unhappy she is but if she had mentioned what my uncle told her earlier, I would have clarified.
[31] I don’t want this to be the end of our relationship, but I don’t know what I can do to fix this.
[32] Please help.
[33] TL;DR – My cousin agreed to an arranged marriage because she thought I was also going to have one.
[34] She’s since realised I’m having a love marriage and is blaming me for letting her agree to an arranged marriage when I had no intentions of having one myself.",neu,34,flat,4,
4bb9e819f7,26,514,123,"[1] My [26F] sister in law [31F] always goes into my bedroom for no reason.
[2] How can I get her to stop?.
[3] Before anyone says anything, I know how stupid this sounds.
[4] But hear me out.
[5] I have my own home with her brother, and all three of our bedrooms and our only bathroom is upstairs.
[6] The only reason anyone has to be upstairs is to go to the toilet, or possibly to my daughter's room if their kid is playing there too.
[7] I've noticed whenever my SIL comes over, she just walks on through to our room, which I kinda feel like is an invasion of privacy.
[8] All the clean laundry comes to our room, and if we have visitors we tuck away a few things in our room so it's invariably the messiest room in the house and the one we least want people in.
[9] But no matter what she's always in there, and seemingly for no reason at all.
[10] It's usually to 'see my paint colour' (it hasn't been painted in over a year) or 'see the cat' or 'look out the front window'.
[11] The worst was today - I came home from work early as I'm feeling ill.
[12] I knew she was coming over with her kids and my partner kindly said I could stay in bed and not worry about coming down to be sociable etc, especially with the kids over it's a lot when you have a headache.
[13] He said he just wasn't gonna mention I was home at all because the kids would come try and chat and play if they knew I was here.
[14] So I'm listening to them play in the next room and SIL comes up to check on them and sees they are all fine.
[15] THEN SHE OPENS MY BEDROOM DOOR.
[16] I've stuck my head under the covers and she hovers then closes it again.
[17] Wtf??
[18] Why is she always opening my bedroom door like what is she expecting to see?
[19] I just feel like because we're all adults it's an unspoken boundary, you don't just hit up someone's bedroom without having an invite to come see or a legit reason.
[20] Am I weird for thinking this is irritating and not being able to make any sense out of it?
[21] Also I know that everyone is going to suggest I just talk to her about it but how awkward is that?
[22] 'Yo I know you're in you're 30s now but please stay out of my room?'.
[23] I have tried in the past to hint that I hate having folk in there because that's where all my laundry goes for ironing and all the spare toys get stored to create extra play room.
[24] She don't give a shit.
[25] TL;DR: SIL always enters my bedroom unasked and this is where I hide all my messy shit when people are over.
[26] How can I ask her without sounding weird and accusatory?",neg,12,tragic,3,
ca6c4f931f,15,280,67,"[1] My(24m) mother(56f) is really pushing me to have a friendship with her boyfriend(30 something m) .
[2] UPDATE.
[3] &x200B;

[previous post](

&x200B;

Well i don't think anyone cares about it but im a verry private person irl and i needed to get this out of my chest.
[4] I visited my parents five days ago sense the lockdown got louser and basically i just let it all out.
[5] I was afraid how my dad would take finding out my mother was cheating, but it actually was much better than i expected.
[6] he got really sad and angry at her but he didin't get angry at me, actually we had a really good talk about our family before i left.
[7] My mom was just as bad as i thought, she cried, she yelled, things even got physical.
[8] Long story sort i told her i hated her and she is dead to me then my dad send her to stay in our vacation house.
[9] All these were 4 days ago.
[10] Im back to my apparment now.
[11] My dad isn't sure if he will stay with her or not, we have been talking every day cause i want him to feel supported.
[12] My mother has been calling and texting but im done with her hope she gets the message soon.
[13] Honestly these past few days i have been feeling great like im 50 kilos lighter.
[14] &x200B;

tl;dr I told my dad my mother wascheating on him and told her she is dead to me.
[15] &x200B;

EDIT: Dad decided to take her back, im still not on speaking terms with her.",neu,9,flat,4,
6636fadbaf,12,207,50,"[1] Stop worrying about if they miss you.
[2] Focus on the fact that they objectively couldn’t give you the quality relationship you deserved..
[3] It doesn’t matter what the reason is.
[4] They ended it and the best way you can respect that is by making the conscious decision to make your life happy, independent of what happens in theirs.
[5] Every second you waste wondering if they still love you or miss you is a minute that you can spend pouring love into yourself and building a future that  you’re excited about.
[6] Hopefully, with time and effort, it can be with someone who actually gives you love, safety, and never makes you doubt yourself.
[7] By worrying about whether or not your ex misses you, you are still subconsciously telling yourself: “They need to choose me in order for me to feel validated.” Stop it.
[8] They do not define your value.
[9] Only you can make yourself complete.
[10] EDIT: Thank you guys!
[11] I went through a breakup from a very emotionally toxic situation about 3 months ago and this has been the main thought that keeps me chugging.
[12] To know that it’s helping y’all out too means the world ❤️",neu,4,flat,3,
0bd3592b34,15,379,91,"[1] I (20M) have been hiding tens of thousands from my parents for years.
[2] At the start of high school, I was pretty broke as many high school kids are.
[3] To gain more freedom I worked hard to start my career as a 3D artist, and I was making a couple hundred every few weeks at best during most of high school.
[4] Even with how little I made compared to how hard I worked; my mom and stepdad would pressure me to chip in for the groceries and mortgage payments.
[5] Keep in mind, we aren't poor or anything, we were middle class, and they just wanted more financial freedom for themselves so they can consistently go on luxury vacations.
[6] I also have a few siblings (now in the higher years of high school) who they also do the bare minimum for, not bad enough to where it's child neglect but definitely not great parenting considering none of us could focus on our studies while having to work.
[7] The creative industry is difficult and unforgiving, and I put blood sweat and tears into my work to get where I am at this age.
[8] I'm not going to let them pressure me into making any big contributions to their finances so that they can keep going on excessive vacationing sprees.
[9] Only me and my girlfriend know how much I really make.
[10] I have been saving tens of thousands of dollars without anyone else around me knowing.
[11] One day they'll find out how much I have, but for now I will bide my time and take advantage of as little financial burden as possible.
[12] Once they do, I'll simply move out and be done with them.
[13] EDIT: Thanks a lot for the advice and comments everyone!
[14] Just to clarify, I do of course take care of my own expenses and my siblings' (since I wouldn't want them to be overburdened like I was) - I am not pitching into the household bills because they don't deserve it.
[15] They are very very much fully capable of handling everything comfortably if they just tone down their luxurious lifestyle and I would just be reinforcing their irresponsible behavior by helping more.",pos,13,redemptive,3,
48aa8e1a50,86,1327,318,"[1] UPDATE: Wife(F33) and I (M34) decided to try for kids last year.
[2] Found out I'm completely infertile without surgery.
[3] 5 months later she got pregnant..
[4] Orginal: 

TL;DR: Wife and I tried having a baby.
[5] My balls are blocked, surgery is in July.
[6] Wife got pregnant anyways.
[7] It seems ridiculous to think she cheated, but I was told I shouldn't be able to be fertile until the surgery.
[8] Wife is celebrating, I can't stop thinking about small occurrences and what if she's cheating.
[9] Seeing Doctor on Monday to see if it could be mine.
[10] Update TL;DR at bottom

First I just want to thank everyone who reached out and offered their story about similar.
[11] I can't believe how many people are told they're completely sterile and end up being able to have kids anyways.
[12] I took a lot of what you guys said to heart.
[13] I had an ex of mine from years ago end up cheating on me, and it really left a scar for a while.
[14] It wasn't until I got more involved with sports and getting in better shape that I was able to try and move on.
[15] My wife and I actually met in a soccer league we were in together.
[16] We've had so much trust for so long that I thought those fears had gone away.
[17] It wasn't until now that I really started to feel shaken like that again.
[18] But I didn't want to let my past get in the way of what could be just a huge blessing.
[19] A few people really articulated the right way to communicate my feelings in a way that wasn't accusatory and respectful of my wife, who's never really given me a reason to doubt her.
[20] It's not uncommon for her to sometimes be home late, and she'll usually like to go straight to bed.
[21] I didn't want to dump this on her immediately and decided to give myself a night to sleep on it.
[22] I got up pretty early just being restless, went for a run, and cleared my mind.
[23] I couldn't wait any longer.
[24] I made our favorite omelets, and told her I needed to talk about something.
[25] ""You know I'm not Ashley, right?""

She knows me well.
[26] Ashley's my ex who cheated.
[27] So first I apologized.
[28] I apologized because I let this build up in my head for so long without talking with her about it sooner.
[29] What should be blessing has been nothing but insecurity and fear for me.
[30] We talked for a while.
[31] I told her how happy it made me to see her ecstatic and excited for the baby.
[32] I told her how much I loved the relationship that we've built together, and I felt like an asshole for questioning her loyalty.
[33] She had never given me a reason not to trust her and that I still couldn't emotionally get over the thoughts of infidelity because of my ex.
[34] She thanked me for telling her, and she knew how hard it was for me to get over that.
[35] She volunteered to have us get a paternity right when he/she's born, which made me feel a lot better at first.
[36] But something still felt off.
[37] I honestly don't know why, something about how she was so eager to get a paternity test, and almost not mad at me at all for having kept this from her.
[38] Normally she would have been upset that I didn't bring it up right away, but there was just a weird feeling I couldn't shake for the rest of the day.
[39] It seemed like she was saying all the right things, but I couldn't get rid of this clawing feeling inside my head.
[40] Maybe I'm just being paranoid.
[41] Maybe there's a gut feeling that I need to listen to.
[42] But I ended up going to the appointment alone, as we ""decided"" it would good to see if I still needed the surgery.
[43] Turns out it's obstructive azoospermia.
[44] I've read so many stories about people who were supposed to infertile end up getting pregnant.
[45] So I brought that up, and how my wife's pregnancy was affecting me.
[46] The urologist thought it would be pretty unlikely that I wouldn't need surgery to have a kid with how mine was presenting itself.
[47] He mainly tried to skirt around the topic, and mostly pushed me towards making sure she was actually pregnant.
[48] Being there didn't really help.
[49] I feel like I just got more uncertainty.
[50] She had another night being out to 8:30 last night.
[51] We talked about scheduling an appointment to verify the pregnancy when she got home.
[52] She seemed a little confused, but then quickly agreed.
[53] She promised to do it in the morning.
[54] I asked how work had gone, and she gave me a kind of non-commital answer about her boss pushing her too much and being stressed out.
[55] There's nothing huge there, but she just seemed off.
[56] I really couldn't put my finger on it.
[57] We were still acting all lovely-dovey, but something just felt wrong, and I couldn't talk about it without repeating the same conversation we had Sunday.
[58] I've been trying to throw myself into work to distract myself, but I haven't been able to focus.
[59] We have a joint checking account that we'll sometimes move money in and out of, but really only use it for groceries or household items unless we talk about it beforehand.
[60] This morning she moved half of it to hers, about $1700.
[61] We don't do that, she's never needed to before.
[62] And I checked our health care portal, and she made the appointment for the one time Thursday that I mentioned I was busy working on-site.
[63] We were supposed to go together.
[64] I'm starting to go crazy.
[65] How do I bring this up that isn't me just having the same conversation again?
[66] I'm looking into getting a second opinion for myself.
[67] But I need a litmus test from objective outsiders to know if I'm really losing it or if this seems weird to someone else.
[68] TL;DR Had good conversation about my ex-cheating before and those issues, something still felt off.
[69] Urologist said I had obstructive azoospermia, implied I should ""make sure my wife is pregnant"" and didn't think I could be fertile.
[70] Wife is taking money from joint account and booked her doctor appointment when I can't go.
[71] Getting a second Urology opinion, also slightly going crazy.
[72] UPDATE:  I've been trying to center myself.
[73] We talked calmly for a bit on the phone.
[74] She claimed she moved the money out in anticipation for the deductible payments she'll have with different visits.
[75] I didn't bring up anything else, but she seemed a little impatient with me, probably rightly so, and implied we'd have a longer talk when she gets home.
[76] I'm just trying to not overreact right now.
[77] I don't know what to think, this is either a misunderstanding on my side and Im a Father!
[78] Or...not.
[79] Thankfully she's not working late today.
[80] Thank you those who are trying to keep me grounded.
[81] UPDATE:  I went for a long run to clear my mind.
[82] Gotta shower, and then my wife should be home.
[83] I'm going to go into the conversation with no judgement, just objectively walk out the facts and why I've still been struggling personally with some of them.
[84] Regardless of what happens I'm done with any confusion left between us.
[85] Thanks to those who messaged me and gave advice.
[86] Happy Update",pos,86,flat,5,
fe44a8ac13,114,1379,331,"[1] people keep telling me I healed fast.
[2] this is what I did..
[3] My breakup happened in late March.
[4] We (I'm M30, she's F28) were together for 15 months.
[5] We moved in after 6 months.
[6] We were madly in love.
[7] Soul mate vibes.
[8] But it fell apart.
[9] Our separation was, by far, the worst pain I've ever experienced.
[10] I've broken bones before.
[11] I've had people close to me die.
[12] None of that came close to this.
[13] There seemed to be a neverending well of grief.
[14] Fast-forward to today, and I feel like a new person.
[15] It hasn't been that long, 106 days, but people keep commenting on how good I look, how different I am, and how ""healed"" I seem.
[16] Today, I'd like to share some things that helped expedite my healing.
[17] Of course, as we all say, healing is not linear.
[18] This will be different for everyone.
[19] Either way, I have come to this board for solace quite a bit during my breakup, and I'm hoping to pay it forward with this post.
[20] CRY - My 1 rule throughout the entire breakup: whenever I feel the need to cry, I WILL cry.
[21] I never held it in.
[22] Ever.
[23] Even if I was in public or with a friend.
[24] Oh, and when I was alone, I really let it flow.
[25] Ugly, ugly crying.
[26] I've never been a big cryer, but this breakup literally broke something inside of me.
[27] I have never cried so much in my entire life.
[28] It feels really good.
[29] EXERCISE - Ok, we've all heard this right?
[30] But here's the thing.
[31] Don't just exercise.
[32] Perform an exorcism.
[33] Every workout should feel like you're expunging demons from your body.
[34] Go hard at the gym.
[35] Go hard on your runs.
[36] Everything.
[37] I understand the benefit of being gentle and compassionate with yourself post-breakup, but the more you push yourself, the more you sweat, the better.
[38] COMMUNITY - Lean into communities you're already a part of or join new ones.
[39] This could be a local meditation center or a jiu-jitsu gym or a volunteer network.
[40] This could also be your preexisting friend group.
[41] Maybe it's your family.
[42] Maybe it's your book club for God's sake.
[43] Whatever it is, you need to find your people and be around them.
[44] The only case where this is not advisable is when your current communities are toxic (find new ones).
[45] DO SOMETHING NEW - Speaking of finding new communities, I made it a priority to liven up my life in new spaces with new people.
[46] I referenced a few in the aforementioned point.
[47] I got back into jiu-jitsu, I joined a new meditation community, and I got involved with Big Brothers Big Sisters.
[48] Hell, I even dabbled with a few new hobbies (film photography became the main one).
[49] My life became so utterly full that even if my ex wanted me back, I wouldn't have time for her.
[50] I'm too busy doing cool and fulfilling shit.
[51] SPIRITUALITY - This may not be for everyone, but I'll go into it anyway.
[52] I lost my spiritual identity when dating my ex.
[53] My spiritual journey began in 2016 (dipped my toes into Buddhism) but things got a bit more serious in 2020 (started to go a bit further).
[54] When I was with my ex, this entire part of my identity was kept hidden, as if I was ashamed about it (she was very secular).
[55] When we separated, I leaned into my spirituality more than ever and it has been a Godsend (lol).
[56] If you are uncomfortable with spirituality, or it just doesn't appeal to you, please remember that just about anything can be spiritual.
[57] All it takes is for you to give yourself up to something greater than yourself or to lose yourself in an activity where you're thrown into some sort of flow state.
[58] Hell, just meditate.
[59] That's a good place to start, right?
[60] No matter what you do, the key is to disconnect from the ego for just a little bit.
[61] SOBRIETY - This is just my personal opinion, but you should be avoiding alcohol, cannabis, and all other drugs/addictive substances.
[62] Be wary of addictive activities too.
[63] I essentially quit gaming after we broke up.
[64] Gave my Steam Deck and my Switch to my sister.
[65] Said she could hold on to them indefinitely.
[66] I also believe you should be abstinent for as long as you can.
[67] No porn, no hooking up.
[68] Feel the fucking pain.
[69] Don't obfuscate your suffering with another person's body.
[70] The essence of this point is to be wary of all distractions and attempts to numb yourself.
[71] THERAPY - I found a really great therapist a month before we separated and I've been with her ever since.
[72] I'm going roughly 2-3 times a month.
[73] Find yourself someone who does sliding scale rates (google it).
[74] This pricing method makes therapy much more affordable.
[75] Try to have it in person.
[76] JOURNAL - Or just write in general.
[77] Write as often as you can.
[78] I mix it up between my Notes app and a physical journal.
[79] The physical journal is for the more intentional stuff.
[80] The Notes app is when I just need to ""word vomit"" at precipitous speeds.
[81] Whatever you choose, this will help.
[82] COMPASSION - Forgive both yourself and your former partner.
[83] No matter what they did, and no matter what you did, every day should be an effort to create an environment of compassion for the both of you.
[84] No one is perfect.
[85] You did what you could with the tools you had.
[86] You each tried your best (sometimes our ""best"" looks like shit, but it's still our best).
[87] GRATITUDE - I sincerely believe our breakups happened for a reason.
[88] Looking back on mine, I'm starting to understand why.
[89] And so be grateful that you shared that time together and now be grateful that you have the opportunity to reinvent yourself.
[90] Seriously.
[91] There is so much wonder and beauty in the world.
[92] Embrace it all.
[93] Start finding value and joy in the small things.
[94] For example, film photography has taught me how fucking beautiful the world is.
[95] Sometimes I look at the facade of an office building downtown and think ""Wow, that is some beautiful architecture"" or ""Wow, that is a beautiful parking garage."" No joke.
[96] I'm out here feeling inspired by the dumbest shit.
[97] Honestly, I could keep going, but I want to end this post by giving you a reality check.
[98] DESPITE all of this shit, despite my ""expedited"" healing, even though I have done every single thing that all the books/articles/Reddit threads say...
[99] despite all this...
[100] I am still so sad.
[101] Yes, I am happy.
[102] I am happy because my life is full.
[103] I am happy because I have great friends, great opportunities, and great hobbies.
[104] But I am also sad.
[105] I am sad because I wanted to be with her for the rest of my life.
[106] I wanted to keep sharing inside jokes and laughter.
[107] I wanted to travel together, get married, get a house, and maybe even have kids.
[108] I'm sad because all the potential we had has been sucked into the void.
[109] And so the key, folks, is this:

You have to learn how to be both happy and sad at the same time.
[110] You can't outrun the pain.
[111] You can try and keep busy like I'm doing – sure, it's good to be busy with positive things – but you need to learn to embrace the pain and hold it alongside your happiness.
[112] Thanks for reading.
[113] If you needed someone to say this to you today, I love you.
[114] Take care.",neu,101,redemptive,5,
6310953079,16,216,52,"[1] Just outed a guy to his gf for attempting to cheat on her with me..
[2] Currently working at comic con and  this couple walks up to me, asking me about the event & shit, k cool.
[3] That’s what I’m here for.
[4] BUT it’s when the gf turns around to leave and her bf looks dead in my eyes… drops a piece of paper and leaves with his gf.
[5] Tell me why it was his NAME AND FUCKING PHONE NUMBER.
[6] Ohhh nooo, no, no, no wrong women, you fucking idiot.
[7] I ran as fast as I could to find them.
[8] Like running from the cops fast.
[9] I found them, and the look of PURE FEAR on his face will satisfy me for the rest of my life.
[10] I said “hey your bf dropped this” this dude tried SNATCHING it from my hand.
[11] Naah homie, gotta be quicker than that.
[12] Handed it to her, she looked at me with such appreciation and gratitude & it was ALMOST as satisfying as the fear in his eyes.
[13] And I just walked away.
[14] But the cliff hanger will haunt me for the rest of my life.
[15] So worth it though.
[16] Women need to support women.",neu,7,redemptive,3,
9a2eb852d4,18,270,65,"[1] No friends.
[2] Are they worth the effort?.
[3] Hey everyone, I'm new here.
[4] Been feeling kinda down lately.
[5] I recently deleted my Discord because being on there 24/7 was messing with my personal life (I've been homeschooling for about six years now) and it felt really unfulfilling.
[6] Basically something that's been happening a lot lately is I've been trying to make friends, but nobody wants to talk to me.
[7] I have a few friends on Steam, but only one of them actually talks to me on a regular basis.
[8] Everyone else is polite and all, when I manage to get a response, but it's like they just don't want anything to do with me.
[9] As far as ""real life,"" if you will, there aren't a lot of friendly people in my area (or people in general).
[10] I don't have many opportunities to go out and socialize,  but even when I do nobody wants to talk to me.
[11] I'm super nice, at least I like to think.
[12] I don't make fun of people or make offensive jokes or anything like that, and if I realize I've hurt anyone's feelings I do everything I can to make it up to them.
[13] I'm not needy or clingy, and I respect people's boundaries.
[14] Is this worth all the effort, or should I just stop trying, and be alone for a while?
[15] I feel so lonely, but maybe I should just get used to it?
[16] Thanks for reading.
[17] Any advice is appreciated.
[18] EDIT: forgot to add flair, mb",neu,16,flat,3,
5bca1e657b,122,2256,541,"[1] Confronted her today.
[2] I've never seen someone implode like this..
[3] Last post here[

A heads up, I began writing this the day it happened and I'm not rewriting it, so if some of my feelings don't reflect exactly what my comments were saying in the last couple of days that's why.
[4] I've got some work to do today so I might not respond to anything for quite some time.
[5] TLDR- I confronted her, she tried to lie, presented evidence, still tried to lie, she's currently staying at her parents and trying to lie.
[6] I never want to go through anything like this ever again.
[7] This was the single most difficult thing I've ever had to do and I'm twitching like a tweaker every so often now.
[8] She left for either work or Chris's today not really sure where she went but she was gone.
[9] Tried to check her location and either she turned off locations or my phone was giving me issues.
[10] I didn't have the means to serve her, that comes later this week, but I had to confront her before she realized what I was doing so she wouldn't have any more time to formulate some working lies.
[11] Heard my garage door opening and turned on the camera on.
[12] She comes in completely oblivious, I tell her she ought to sit down because we've got to talk.
[13] Deer in the headlights look but she sits down and asks me what's wrong.
[14] I ask ""Why don't you tell me."" She plays dumb but I see she knows she's been found out, she asks me again what's wrong.
[15] I ask her what's really up with Chris she says nothing she hasn't heard from him.
[16] I redirect and decide to not confront her as directly and tell her that I'm uncomfortable with her working with him and that it's not something I can get past.
[17] She's 100% instantly agreeable and asks me very nervously why I changed my mind so quick and why I'm acting the way I am.
[18] I just shake my head and say something like, I wanted to be understanding about it but I got weird vibes from him and I'd prefer they wouldn't talk.
[19] She insists that he doesn't mean anything to her anymore, that she was just happy to see the book get made.
[20] I told her that he basically stole from her and she's being way too understanding about that fact.
[21] That she ought to sue him over it, and she agrees with me.
[22] By now she's probably thinking she got out of this and is going to break it off with Chris the minute she gets a second to do so.
[23] But then I tell her the whole thing has really stressed me out and I'm gonna take next week out of work.
[24] I tell her that I talked with my ex and she agreed to keep my son that weekend so I could go to Vegas with her.
[25] That's why I was talking to my ex for so long the other day, working out the details of her taking my son, or at least that's what I'd have her think.
[26] Deadpan stare.
[27] I start talking about how Covid has shut down a lot of stuff and I'm not even sure what's open in Vegas.
[28] She cuts me off and tells me that it was actually cancelled today.
[29] The conversation from here on goes likes this.
[30] Paraphrased of course.
[31] Me- It got cancelled last month.
[32] Her- No, he told us today because he wasn't sure whether or not it was off until today.
[33] Me- I know it got cancelled last month.
[34] Her- What are you doing?
[35] Why are you telling me you want to go and then telling me it's cancelled?
[36] I don't get what you're doing.
[37] Me- It was cancelled last month.
[38] What were you gonna do if I didn't ask about it?
[39] Her- You're freaking me out.
[40] It was cancelled today.
[41] Me- What were you going to do in <Town name where her hotel is.>

Her- What are you accusing me of?
[42] Me- How long have you and Chris been back together?
[43] Her- We haven't done anything.
[44] Did he tell you we were?
[45] Me- Don't lie to me.
[46] I don't want read off everything he texted it almost made me throw up doing it the first time.
[47] I can't believe you'd do this.
[48] Her- I love you, I'm sorry, he's been texting me a lot lately and saying a lot of messed up stuff and I don't know how to deal with it.
[49] I wanted to tell you this but I was afraid you'd do what you're doing now.
[50] I was just hoping he'd stop on his own.
[51] Me- You didn't see him for 8 years and 20 minutes after he got off the plane you had sex with him.
[52] Her- What plane?
[53] What are you reading?
[54] Me- He lives on <Street name> You wanna stop this?
[55] Just admit what you did so we can move forward with this.
[56] Why did you tell me he lived in <east coast>

Her- Did he say something to you?
[57] He lies constantly, it's part of the reason why we broke up.
[58] I told you that.
[59] I knew I shouldn't have responded to his messages, it's always drama with him.
[60] All his messages were fine, but he started with the missing me stuff again like always.
[61] I was going to tell you.
[62] Me- He wanted you to come home and kiss me after you were going down on him.
[63] I read your messages, I saw them in your email and in your texts.
[64] You're cheating on me and I want you out of this house today.
[65] Her- What?
[66] I'm not cheating on you.
[67] If you don't want him around I'll tell him to get lost, but honey I'm not cheating on you.
[68] Is that what he told you?
[69] He's lying.
[70] Me- Stop it.
[71] I told you I went in your messages on your phone.
[72] You're going to get your stuff and you're going to go to your parents.
[73] I made copies of of your emails and screenshots from your texts.
[74] I don't want to show them what you two say to each other, but if you're going to keep lying to my face I will.
[75] We're done, go get your stuff.
[76] She tried even in the face of all that to play stupid and lie, but finally tired of it I broke out my copies of their texts and handed them to her.
[77] She looked at them for two seconds and then broke down crying hard.
[78] Like I've never seen her this devastated by anything.
[79] I even felt bad for her for a little while.
[80] She said she was sorry, that it got out of hand and she wanted to put the breaks on it, but he had gotten possessive and was threatening to expose her if she ended it with him.
[81] I told her that none of that was in their texts and that she's still lying to me.
[82] She was going to go off and spend the weekend with him.
[83] She then told me it's done between them and she'll make him go away, she won't ever talk to him again.
[84] I told her I don't care what she does but I've been talking to a lawyer and the divorce papers will be ready soon.
[85] At this point she explodes and repeats ""You've been talking to a lawyer?"" like 4 or five times and honestly I was ready to call the cops because she's closing in on me and really screaming now.
[86] I tell her to calm down, that I have a camera going.
[87] She then continues to break down and not resemble anyone I've ever met before.
[88] Kept saying stuff like ""You just planned all this out.
[89] Smiling to my face just planning this all out."" Which every time she did I responded with the same, well look at what you've been planning and Smiling to my face while you're out doing <sex acts>.
[90] I asked her why she'd do this to us and at first she couldn't give me a straight answer.
[91] She tried to tell me it was meaningless sex so I responded with Oh so you ruined us for no reason then that's great.
[92] After a bit she sort of got quieter and I don't know if she was being honest or just trying to hurt me, but apparently she really messed up with him in her eyes.
[93] She called him her soulmate and I nearly started breaking stuff.
[94] I asked her why she just didn't ditch me for him in the beginning, I would have understood then and she says she just needed to get away from him because she knew how bad she'd look to her family if she brought him back around, apparently they didn't like him either.
[95] She also said that she could never and can never actually be with him because her ex and daughter would fight her on this.
[96] So going back to him legitimately was never an option.
[97] She then said she was sorry and seemed to be in disbelief with how final I was with everything.
[98] She told me how much of a mistake it was, how much she would change and do whatever I wanted her to just to fix the situation, I told her no.
[99] She then told me weren't getting a divorce because she can make ammends for this.
[100] I told her there was nothing she could do to earn my forgiveness, I will not forgive this ever and somehow she had the gall to be shocked by this.
[101] I told her then I opened an account in another bank and moved half from the joint account into it this morning and that the rest is hers, she can either get it herself or I can get it for her but the account is getting closed.
[102] She just nodded along and said we'd probably both have to go to the bank together to close it.
[103] She went and started packing her clothes up, peacefully, crying a little and oddly enough making threats every so often that she had better not have anything missing.
[104] I let it roll off my shoulder and told her to take pics of how she left her things and daughters things so when she comes back she'll see I didn't touch anything.
[105] Her folks had been contacted and they're in disbelief.
[106] They're both surprised that Chris is even a factor in any of this and spent time apologizing to me, and soon after she was out of my house.
[107] The next day stbx hit my phone with so many I love you I'm sorry we can fix this texts that I contemplated flushing my phone.
[108] I wanted to just turn it off but my ex wife had my son, so I needed it on just in case of an emergency or a change in plans when he was coming home.
[109] So I just started responding to her texts by sending screenshots of the worst parts of their conversation and saying nothing of my own.
[110] Ex returned with my son and brought dinner from my favorite Chinese place.
[111] I didn't give my son the exact reason when I told him, but he asked flat out whether she cheated because it was so sudden and I told him he was right without elaborating.
[112] They stayed for a while before returning home and I've just been kind of floating around the house trying to keep it together.
[113] It's like 2 or 3 days since I began writing this and I'm off to the gym and then my lawyers.
[114] This thing is already way too long and things are updating so rapidly that I could be typing forever and never finish.
[115] My STBX's ex-husband is going to come by and collect his daughter's things and I'll explain to her the best I can that if she ever needs me I'm just a phone call away.
[116] I'm also contemplating telling her ex that she ran around with Chris on him as well because she said many times he doesn't know.
[117] But maybe I won't that accomplishes nothing really.
[118] Anyway, first fight has been fought and it looks like I'm winning as much as one can win given the circumstances.
[119] Part of me wants to confront Chris, but I'm smart enough that all that would be a waste of time and energy.
[120] Time better spent working or hitting the gym or finding some way to thank my ex-wife for being an absolute MVP in my corner through this.
[121] Anyway, that's all I got for now.
[122] Sorry if this is disjointed but it's taken me a couple days to write and of course developments keep happening.",neu,76,flat,4,
c13f7707aa,32,544,131,"[1] The physical injury analogy..
[2] I want to tell you a story about a friend of mine.
[3] He is a former redditor who was active in this sub for quite a while.
[4] He and I DMed each other regularly and became friends.
[5] He never really told his story in full, just snippets to illustrate his questions and need for support at various times.
[6] He has since deleted his account and is concentrating on rebuilding his life.
[7] As friends, we talk regularly, and he recently told me one aspect of his story that I had never heard him say before.
[8] I thought it was interesting and encouraged him to let this sub benefit from what he had to say.
[9] He declined but gave me permission to talk about this one specific thing on his behalf.
[10] So here goes.
[11] His wife cheated and after a six week affair got found out by her husband.
[12] She initially denied everything but after being presented with the evidence she admitted the truth.
[13] She insisted that she was remorseful and would do anything to fix the marriage and begged for another chance.
[14] They separated but my friend was bombarded by calls, texts and emails every day, all of which were expressions of remorse and pleading for another chance.
[15] Ideally, he would have gone NC but there were reasons why he didn't.
[16] Eventually, he decided that he wanted a divorce and told his estranged wife to come to the house to talk.
[17] She arrived and he gently told her that there was no going back for him.
[18] It was over.
[19] She was distraught, crying, screaming begging etc.
[20] She refused to accept it was over, and just couldn't understand how he could reach this decision.
[21] She asserted that it was all fixable, even if it's hard, she contested that they were strong enough to do it.
[22] He eventually, after several hours, calmed her down enough to say the following (and the reason for this post).
[23] ""Imagine that you knowingly and deliberately cut my leg off.
[24] I now have to live my life with one leg.
[25] As I heal I have to feel the phantom pain daily in a leg that  has gone.
[26] Even when that phase passes it's going to  itch from time to time, and I'll reach down to scratch and it won't be there, and I'll remember every time what happened and feel that pain all over again.
[27] Now imagine that the person that did this horrible thing says, we can fix it, we can get you a prosthetic leg, I'll help you, you will walk again"".
[28] He went on to tell her, ""I'll always walk with a limp, and I'll always be wondering when I'm going to lose the other one"".
[29] He said that when he told her that she just looked stunned for what seemed like several minutes, like she was processing for the first time what she had done.
[30] She quietly rose and grabbed her things and left with silent tears running down her face.
[31] No words, just left.
[32] She signed the papers the next day.",neu,16,tragic,4,
4ce85e598d,16,265,64,"[1] 28MJust found out my ex gf 23F has been leading me on.
[2] This girl is my life.
[3] And has had me pretty much by the balls for almost a year I was so in love with her.
[4] I’d do anything.
[5] I also have BPD.
[6] A week and a half ago after I spent the night with her she told me she didn’t know what she wanted anymore, and wanted time to think.
[7] I waited as long as I could but all of my things are still at her place including my cat, which led to me talking to her on occasion and of course I’d be upset about how things were.
[8] How could I not be?
[9] Yesterday she came by and someone named AJ❤️ popped up on her phone, I asked who it was and she made it seem like it was nothing.
[10] I’m pretty good at finding things, almost obsessively sometimes.
[11] I found out that she recently or for a while now has become friends with the guy and is now at his place fucking him and spending the night, because the place is 2 hrs away.
[12] How the fuck am I supposed to cope?
[13] She’s been playing me for I don’t know how long and now just rips my heart out, shits on it, pukes on it ,and throws it the fuck away after reassuring you that they are still in love with you.
[14] She ended it earlier today.
[15] And immediately jumps to new dick.
[16] Fuck this.",neu,11,tragic,3,
125e7d1ac0,10,140,34,"[1] It’s weird how you can miss someone and still know you’re better off without them.
[2] It’s been about two months since we split.
[3] We weren’t toxic, just incompatible but that’s almost harder.
[4] There’s no villain, just quiet distance.
[5] I still catch myself checking my phone out of habit, even though I know they’re not going to text.
[6] I’ve been trying to fill the space gym, work, friends, play a game or two on myprize.
[7] Sometimes I’ll restart old hobbies or put on some music playlists just to have background noise.
[8] It helps a bit but the silence still sneaks in.
[9] I don’t even want them back, I just miss what it felt like to have someone.
[10] Does that ever really go away or do you just get used to it?",neu,8,flat,2,
65fc854f0c,59,944,227,"[1] UPDATE: My fiancee (24F) has no bridesmaids and it's making her so upset she wants to call off the wedding.
[2] How can I (25m) help?.
[3] OP: 

Did not expect to update this fast.
[4] Did not expect to update at all, unless something miraculous happened.
[5] And it did.
[6] In short, I have the best friends in the world.
[7] I read through a ton of these comments, but not all (over 1000?!)  and decided to look for my fiance's box of wedding planning stuff, because I had a suspicion.
[8] Inside the box was all these magazine clippings of a big church wedding, flower ideas and stuff.
[9] And then I saw pictures of the dresses.
[10] They were all big, poofy ornate things that don't seem akin to my fiancee's style at all.
[11] But...they're similar to the dresses my sisters wore at their weddings.
[12] It all sort of clicked for me.
[13] My fiancee probably doesn't want a church wedding or any of these fancy trimmings, she's trying to win my family's favor.
[14] The hell.
[15] I really should've noticed this earlier and gotten more involved, I know.
[16] My fiancee flew home on Thursday to spend a few days with her dad (Father's Day weekend and all).
[17] I couldn't go because of work, so I was alone until this morning.
[18] So, real late at night, I called up my buddy Ravi (26M).
[19] Ravi's my best man, we've known each other since we were kids, split up when we went off to college, and reconnected three years ago.
[20] We moved to SC so I could join the company he works for.
[21] I just opened up to Ravi.
[22] It was really late but he listened to me anyway, about my worries about my fiancee.
[23] He said that it was very likely that she was trying to curry favor with my family, but she probably wasn't going to admit to it easily.
[24] He said he'd talk to her.
[25] I told him that he barely knows her.
[26] He said not to worry, and that he'd be around tomorrow evening.
[27] My fiancee came home happy (she always is after seeing her dad) this morning.
[28] I went off to work without asking about the wedding, and she set to work on her writing (she's off for the summer).
[29] I got home early and at like 5 PM Ravi came to my house with my other good friends: Carson, Andrew, and Tim (23-30M).
[30] I know all these guys from various places and we're all a solid group.
[31] Still, this was unexpected.
[32] Ravi came up to my fiancee and said that the guys were taking her wedding dress shopping.
[33] We were both freaked out as hell.
[34] I had no idea this was coming, and my fiancee looked like she wanted to crawl into a hole and die.
[35] She whispered to me ""they won't like me"", and I urged her to just go for it.
[36] Ravi reminded her that he has sisters, Carson's been divorced, and Andrew's had his fair share of girlfriends, so they know dresses.
[37] Plus, he has a lady friend that works at a small boutique, where they'd try first.
[38] She still didn't want to go, and then he said something like ""hey, you're marrying our best friend, don't you think we should get to know you and make sure you're not a ghost or something?""  (He's not great with tact).
[39] But she chuckled a little at that and gave in.
[40] They were gone for a while and came back an hour ago.
[41] They didn't find a dress, but they looked around the stores for a while and fiancee found a style she liked (not the poofy ball gown style).
[42] They also went out for ice cream and when they walked in the door, she was joking and laughing with them all.
[43] I hadn't seen her so happy in a long time.
[44] It was amazing.
[45] Then we all sat down together and Ravi asked her to talk to me about what's on her mind.
[46] I still don't know how they got her to open up.
[47] She whispered that she didn't really want the big church wedding, that she wanted to wait a little while and plan a small ceremony for just the people we really care about.
[48] I was all for it, I told her not to worry about bridesmaids or anything, it could just be us.
[49] She said no, she wants her dad, the guys, and my family to be there.
[50] Andrew, a kickass guitar player, said he'd put together a band for us.
[51] He asked my fiancee what her favorite song is, he'd figure out an arrangement.
[52] This is the kind of question she usually dodges, but she blushed a little and actually told the truth.
[53] (Panama by Van Halen if anyone cares; girl knows how to rock out).
[54] This was the real sign that she's starting to trust them.
[55] I don't think anyone knows her favorite song except me and her dad (who bought her Van Halen CD's growing up)

I told her I'd call my family and tell them the church wedding's off.
[56] If they make a big stink about it, I don't fucking care.
[57] I have my bros and my beautiful future bride.
[58] That's all the family I need.
[59] tl;dr: Church wedding's off, my friends are awesome, future looks bright so far.",pos,45,flat,5,
0bd843fafa,9,158,38,"[1] Soon to be ex-husband tried to file missing persons report.
[2] I went no contact, I scrubbed my existence from his life, moved away, deleted all social media, changed phone numbers and blocked him and his entire family.
[3] He is now sending me emails from new accounts and went as far as trying to file a missing persons report.
[4] My family was contacted by our local police department due to his insistence and they put me on the line to verify that I’m safe, I then told the officer I want absolutely nothing to do with him… which she relayed to him.
[5] There is now a paper trail of his harassment against my family.
[6] Even though it hasn’t been long, I’m healthier than I ever was in the relationship.
[7] You all deserve so much better, these cheaters should not waste your time any further.
[8] No contact really works.
[9] Edit: Grammar",neu,9,redemptive,2,
790bc731ca,6,75,18,"[1] My dog ive had all my life has passed away.
[2] So earlier today my 16 year old springer spaniel went to the vet to pass.
[3] He was my mothers last gift from my grandmother when she passed away and I really miss him.
[4] He was always there to try and comfort me and I miss him.
[5] I havent felt this empty before.
[6] Can someone please help me feel better?",pos,6,redemptive,5,
3ced38b932,37,907,218,"[1] [UPDATE] I[24M] caught my sister[26F] trying to steal a watch of mine, and now my mother[51F] wants me to apologize to her..
[2] Update to my earlier posts here 

After going through all the comments(thanks for the advice!) I decided to send my mother an email letting her know that I will absolutely not be paying for the new place she made plans to move to, and that I will stop paying her rent all together.
[3] I told her that she clearly does not respect me or the work I put in in order for me to be in a position to give her the money that I do.
[4] I also told her that I would not be financially supporting her in any way.
[5] A few hours after I sent the email my phone starts blowing up.
[6] Calls over and over again.
[7] I still really didn't want to talk to her so I ignored them all.
[8] A little while later I get a call from my friend Dave, except when I answer the phone it's my mom.
[9] I found out later from Dave that she showed up at the bike shop he works at and made up some story about story about her locking her purse with her phone and keys in the car and needing to call me for a ride.
[10] She immediately goes off on me about how ungrateful I am and that she is disgusted by the email I sent etc.
[11] She told me that it's my ""duty"" to make sure she is well cared for and comfortable, as she is the reason I'm here in the first place.
[12] The worst part was when she told me that if she knew I was going to end up this way that she wouldn't have put her life on hold for the last 2 decades in order to have me, and that I cost her her job and my dad and a bunch her her life plans.
[13] I couldn't even get a word in with all her yelling.
[14] The last thing she said was something along the lines of ""you need to have a come to jesus moment and realize how much you are hurting your mother.
[15] I have already packed up most of my stuff and have spent a ton of time setting this move up.
[16] I expect the $8500 before the weekend is over in a cashiers check so let me know when you have it."" and then she hung up.
[17] I don't think I have even been so mad in my entire life.
[18] She pretty much just told me that I need to make up for everything she missed out on in order to have me by giving her money and making sure she's taken care of.
[19] I called her back and she tried to start talking and I don't remember exactly what I said because I was so angry but I basically told her to shut the fuck up and let me talk(but with more swearing and yelling) I'm usually pretty calm and would never swear at my mom(I would never even swear near her) and I know I shouldn't have said that but I wasn't thinking straight.
[20] I told her she better find another place to live or pay her rent herself because she wasn't getting another dime from me.
[21] I turned my phone off after that because I didn't want to deal with anymore calls or texts.
[22] I eventually needed to use my phone so I turned it back on and just blocked her number.
[23] I saw that I had some calls/messages from her but I didn't want to look at them.
[24] This morning I got a call from the front desk at my building telling me that my mom had tried get up to my room, but I had already told the elevator staff/security to take her off my guest list.
[25] Apparently she caused quite the fuss when they wouldn't let her up.
[26] She is blocked on my phone now so I haven't heard from her today yet, but I expect her to blow up on me again for what happened this morning.
[27] I think she's probably in denial and thinks that I will cave and pay for her new place.
[28] I'm worried about what she's going to do when the deadline for her to pay for her new place comes up and I refuse to give her any money.
[29] The move in date is pretty soon and I'm sure she has to pay it pretty soon, I'm actually surprised she hasn't had to pay already.
[30] So that's going to cause a massive shitstorm.
[31] I'm really really worried about what she's going to do.
[32] Thanks again for all the advice!
[33] TLDR: 
Mom showed up at friends work and used his phone to call me because I wasn't answering her.
[34] Yells at me about not doing my duty and how I owe it her to take care of her because I basically ruined her life.
[35] Says I have to give her rent check by the end of the weekend.
[36] Tell her she isn't getting a dime from me and hang up
She tries to get in my building but isn't allowed.
[37] tl;dr: Mandatory summary/question!",neu,11,flat,3,
